{"type": "FeatureCollection", "features": [{"type": "Feature", "properties": {"company": "Atlantic and Great Western Railway", "line": "Atlantic and Great Western: Salamanca \u2013 Dayton", "id": "agw-salamanca-jamestown-dayton", "color": "#22223B", "mode": "intercity_rail", "avg_speed_kmh": 30, "speed_source": "estimated: 1860s-era steam service; unsourced", "segments": [{"start": 1860, "end": 1883, "headway_min": 480, "note": "Built from three merging railroads (based in Jamestown NY, Meadville PA, and Franklin Mills/Kent OH) planning a 'Great Broad Route' since an 1852 Cleveland meeting. Construction from Salamanca reached Jamestown Sept 11, 1860, Corry May 27, 1861, and Meadville Nov 10, 1862; the full 388-mile Salamanca-Dayton line was completed during the Civil War (by ~1864) - the only major railroad built during the war. Reorganized as the New York, Pennsylvania and Ohio Railroad in 1880, then leased in 1883 to the New York, Lake Erie and Western Railroad (renamed Erie Railroad in 1895). Frequency estimated, unsourced.", "sources": ["NOT SOURCED AT SEGMENT LEVEL: the references below cover this line, but nothing has been checked specifically against this segment's start year, end year or service. Treat the dates and the headway as unverified. Supporting references for the line:", "https://archive.org/stream/atlanticgreatwes00simm/atlanticgreatwes00simm_djvu.txt", "https://en.wikipedia.org/wiki/Atlantic_and_Great_Western_Railroad", "nyrails.org, trumbullcountyhistory.com, akronrrclub.wordpress.com (corridor and successor-line background retained from \u2026"]}], "geometry_repairs": [{"date": "2026-08-29", "from": [-83.18952, 40.58853], "to": [-83.29672, 40.42689], "chord_mi": 12.48, "traced_mi": 17.07, "snap_m": [300, 1], "bridged_mi": 0.3, "osm_lines": ["Erie [abandoned] (13.36 mi)", "CSX Mount Victory Subdivision (2.62 mi)", "(abandoned) [abandoned] (0.45 mi)", "(?) (0.3 mi)", "NS Sandusky District (0.21 mi)", "(disused) [disused] (0.12 mi)"], "method": "Overpass rail graph, 8.0 km corridor, Dijkstra, simplified to 3.0 m; 0.3 mi bridged across gaps in OSM"}], "geometry_quality": "Straight-line repair 2026-08-29: 1 ruled segment totalling 12 mi replaced with OpenStreetMap-traced rail geometry (see geometry_repairs for the OSM lines each one followed)."}, "geometry": {"type": "LineString", "coordinates": [[-78.71504, 42.16007], [-78.73172, 42.16471], [-78.76788, 42.16303], [-78.77286, 42.16174], [-78.78897, 42.14745], [-78.79166, 42.1396], [-78.79185, 42.13], [-78.7997, 42.11909], [-78.80474, 42.11543], [-78.82314, 42.11225], [-78.8479, 42.11285], [-78.87571, 42.10772], [-78.90384, 42.1112], [-78.92786, 42.11799], [-78.94835, 42.12754], [-78.96485, 42.14838], [-78.97568, 42.15298], [-78.9824, 42.15875], [-79.00748, 42.18031], [-79.01181, 42.18131], [-79.03726, 42.18132], [-79.04247, 42.18047], [-79.06168, 42.17206], [-79.08131, 42.16897], [-79.08505, 42.16638], [-79.08855, 42.16049], [-79.0995, 42.15772], [-79.10622, 42.15414], [-79.10762, 42.14302], [-79.11072, 42.1394], [-79.11521, 42.13708], [-79.18755, 42.1161], [-79.18794, 42.11436], [-79.18667, 42.11629], [-79.22137, 42.10613], [-79.23095, 42.09652], [-79.23692, 42.09489], [-79.25077, 42.09466], [-79.258, 42.10106], [-79.277, 42.1076], [-79.29551, 42.10017], [-79.32886, 42.10092], [-79.33796, 42.09985], [-79.35952, 42.09054], [-79.36488, 42.08696], [-79.37525, 42.09437], [-79.4831, 42.07506], [-79.50283, 41.99339], [-79.50296, 41.99254], [-79.50948, 41.99177], [-79.51315, 41.98932], [-79.51391, 41.98425], [-79.53208, 41.94771], [-79.56491, 41.93794], [-79.58535, 41.93806], [-79.63233, 41.92443], [-79.64043, 41.92055], [-79.63834, 41.92133], [-79.65688, 41.91731], [-79.67582, 41.91615], [-79.70213, 41.90756], [-79.81752, 41.89118], [-79.82158, 41.8915], [-79.84522, 41.89958], [-79.84033, 41.8966], [-79.8412, 41.89333], [-79.83904, 41.89417], [-79.83451, 41.89313], [-79.85176, 41.89585], [-79.86874, 41.89686], [-79.88281, 41.90037], [-79.89209, 41.89879], [-79.90974, 41.89829], [-79.91954, 41.89388], [-79.93097, 41.8967], [-79.94456, 41.89709], [-79.96121, 41.89038], [-79.9729, 41.87774], [-79.98119, 41.8707], [-79.9835, 41.85973], [-79.97669, 41.85126], [-79.97488, 41.83732], [-79.99324, 41.81259], [-80.00146, 41.80905], [-80.01758, 41.80871], [-80.04269, 41.8046], [-80.0568, 41.80362], [-80.07017, 41.80199], [-80.08474, 41.79477], [-80.09955, 41.78359], [-80.10866, 41.76987], [-80.11152, 41.75663], [-80.12089, 41.74453], [-80.124, 41.74225], [-80.13688, 41.73918], [-80.14213, 41.73504], [-80.14391, 41.73007], [-80.14418, 41.71898], [-80.14616, 41.6965], [-80.14846, 41.69357], [-80.15918, 41.69047], [-80.16551, 41.68609], [-80.16859, 41.68129], [-80.17091, 41.67127], [-80.1702, 41.6666], [-80.16017, 41.6556], [-80.15666, 41.64921], [-80.15765, 41.63815], [-80.1577, 41.63792], [-80.15771, 41.63785], [-80.15785, 41.6371], [-80.15804, 41.63614], [-80.15806, 41.63603], [-80.15824, 41.63513], [-80.15838, 41.63441], [-80.15849, 41.63368], [-80.15855, 41.63299], [-80.15856, 41.63268], [-80.15856, 41.63239], [-80.15856, 41.63174], [-80.15851, 41.63113], [-80.15841, 41.63045], [-80.15838, 41.63019], [-80.1583, 41.62983], [-80.15815, 41.62931], [-80.15784, 41.62833], [-80.15747, 41.62718], [-80.15689, 41.6255], [-80.15648, 41.62424], [-80.1559, 41.62253], [-80.15556, 41.62156], [-80.1534, 41.61515], [-80.15211, 41.61136], [-80.15118, 41.60863], [-80.15071, 41.60722], [-80.15061, 41.60692], [-80.15029, 41.60598], [-80.1501, 41.60543], [-80.1498, 41.60454], [-80.14933, 41.60316], [-80.14915, 41.60264], [-80.14886, 41.60175], [-80.14866, 41.60118], [-80.14842, 41.60048], [-80.14809, 41.5995], [-80.1478, 41.59864], [-80.14766, 41.59826], [-80.14757, 41.59794], [-80.14748, 41.59761], [-80.14742, 41.59733], [-80.14739, 41.59708], [-80.14738, 41.59661], [-80.14742, 41.59625], [-80.14751, 41.5958], [-80.14762, 41.5954], [-80.14789, 41.59459], [-80.14812, 41.59414], [-80.14848, 41.59364], [-80.14882, 41.59326], [-80.14931, 41.59284], [-80.14991, 41.59244], [-80.15031, 41.59219], [-80.151, 41.59187], [-80.15144, 41.59171], [-80.15183, 41.59159], [-80.15191, 41.59156], [-80.15244, 41.59143], [-80.15301, 41.59133], [-80.15371, 41.59122], [-80.15475, 41.59107], [-80.15547, 41.59097], [-80.15676, 41.59078], [-80.15813, 41.59058], [-80.15975, 41.59034], [-80.16106, 41.59016], [-80.16311, 41.58985], [-80.16493, 41.58959], [-80.16675, 41.58932], [-80.16856, 41.58907], [-80.1705, 41.58878], [-80.17147, 41.58864], [-80.17297, 41.58842], [-80.17449, 41.58819], [-80.17634, 41.58793], [-80.17788, 41.5877], [-80.17949, 41.58747], [-80.18076, 41.58729], [-80.18142, 41.58717], [-80.18203, 41.58703], [-80.18263, 41.58684], [-80.18334, 41.58655], [-80.18402, 41.58617], [-80.1844, 41.58592], [-80.18503, 41.58542], [-80.18556, 41.5849], [-80.18626, 41.58427], [-80.18698, 41.5836], [-80.18714, 41.58345], [-80.18859, 41.58203], [-80.18963, 41.58106], [-80.19065, 41.58012], [-80.19307, 41.57787], [-80.19392, 41.57711], [-80.19469, 41.57643], [-80.19517, 41.57605], [-80.19606, 41.57557], [-80.19659, 41.5753], [-80.19759, 41.57489], [-80.19845, 41.57462], [-80.19949, 41.57437], [-80.20031, 41.57424], [-80.20148, 41.57409], [-80.20303, 41.57394], [-80.20503, 41.57373], [-80.20739, 41.57347], [-80.20967, 41.57323], [-80.21165, 41.57302], [-80.21305, 41.57287], [-80.21567, 41.57259], [-80.21658, 41.5725], [-80.21689, 41.57246], [-80.21875, 41.57227], [-80.22116, 41.57201], [-80.22259, 41.57186], [-80.22333, 41.57178], [-80.2251, 41.57159], [-80.22696, 41.57139], [-80.22864, 41.57121], [-80.23121, 41.57094], [-80.23134, 41.57093], [-80.23223, 41.57083], [-80.23442, 41.5706], [-80.23646, 41.57038], [-80.23874, 41.57014], [-80.24133, 41.56986], [-80.24342, 41.56964], [-80.24662, 41.5693], [-80.25043, 41.56889], [-80.25356, 41.56856], [-80.25602, 41.5683], [-80.25859, 41.56803], [-80.26014, 41.56786], [-80.26221, 41.56763], [-80.26491, 41.56735], [-80.26728, 41.5671], [-80.27003, 41.56681], [-80.27383, 41.5664], [-80.27552, 41.56622], [-80.27748, 41.56601], [-80.27838, 41.56592], [-80.27852, 41.56591], [-80.27899, 41.56587], [-80.27955, 41.56585], [-80.27995, 41.56586], [-80.28053, 41.56589], [-80.28104, 41.56594], [-80.28185, 41.56607], [-80.28254, 41.56623], [-80.28412, 41.56677], [-80.28521, 41.56714], [-80.28609, 41.56746], [-80.28738, 41.56791], [-80.2887, 41.56839], [-80.28987, 41.5688], [-80.29205, 41.56958], [-80.29424, 41.57034], [-80.29641, 41.57112], [-80.29785, 41.57165], [-80.29985, 41.57233], [-80.30001, 41.57239], [-80.30135, 41.57286], [-80.30286, 41.57339], [-80.304, 41.57379], [-80.30532, 41.57426], [-80.30708, 41.57488], [-80.3086, 41.57542], [-80.31032, 41.57603], [-80.3122, 41.5766], [-80.3132, 41.57683], [-80.31425, 41.57699], [-80.31461, 41.57704], [-80.31557, 41.57711], [-80.31621, 41.57714], [-80.31701, 41.57714], [-80.31768, 41.57711], [-80.31837, 41.57706], [-80.31906, 41.57698], [-80.31958, 41.5769], [-80.32021, 41.57678], [-80.32081, 41.57665], [-80.32156, 41.57646], [-80.32234, 41.57621], [-80.32296, 41.57599], [-80.32377, 41.57565], [-80.32456, 41.57527], [-80.3254, 41.5748], [-80.32589, 41.57449], [-80.3262, 41.57426], [-80.32692, 41.5737], [-80.32721, 41.57345], [-80.32753, 41.57316], [-80.32783, 41.57286], [-80.32816, 41.57251], [-80.32853, 41.57207], [-80.32882, 41.57167], [-80.32903, 41.57139], [-80.32929, 41.57097], [-80.32959, 41.57043], [-80.32982, 41.56994], [-80.32995, 41.56963], [-80.3301, 41.56922], [-80.33022, 41.56882], [-80.33036, 41.56822], [-80.33045, 41.5677], [-80.33048, 41.56742], [-80.33051, 41.567], [-80.33052, 41.56661], [-80.33051, 41.56616], [-80.33049, 41.5652], [-80.33048, 41.5648], [-80.33048, 41.56446], [-80.33047, 41.5643], [-80.33045, 41.56316], [-80.33043, 41.56193], [-80.33042, 41.56124], [-80.3304, 41.56059], [-80.33039, 41.55983], [-80.33037, 41.55918], [-80.33035, 41.55819], [-80.33033, 41.55749], [-80.33032, 41.5567], [-80.3303, 41.55596], [-80.33028, 41.55513], [-80.33025, 41.55324], [-80.33021, 41.55118], [-80.33019, 41.54991], [-80.33018, 41.54958], [-80.33015, 41.54804], [-80.33013, 41.54708], [-80.33008, 41.5461], [-80.33006, 41.54395], [-80.33004, 41.54253], [-80.33002, 41.54177], [-80.32999, 41.5402], [-80.32995, 41.53806], [-80.32991, 41.53623], [-80.32986, 41.53373], [-80.32981, 41.53193], [-80.32978, 41.5298], [-80.32969, 41.52455], [-80.32963, 41.52171], [-80.32961, 41.52119], [-80.32959, 41.52054], [-80.3296, 41.52006], [-80.32969, 41.5195], [-80.32984, 41.51902], [-80.33025, 41.51828], [-80.33047, 41.51795], [-80.33075, 41.51759], [-80.33108, 41.51725], [-80.33146, 41.51691], [-80.33182, 41.51664], [-80.33224, 41.51637], [-80.33275, 41.5161], [-80.3332, 41.51589], [-80.33369, 41.5157], [-80.33425, 41.51553], [-80.33487, 41.51539], [-80.33545, 41.51531], [-80.33651, 41.51519], [-80.33697, 41.51513], [-80.33724, 41.51508], [-80.33752, 41.51501], [-80.33781, 41.51492], [-80.33827, 41.51476], [-80.33874, 41.51454], [-80.33924, 41.51425], [-80.33955, 41.51403], [-80.33984, 41.51379], [-80.34008, 41.51354], [-80.34023, 41.51337], [-80.34042, 41.51312], [-80.34056, 41.51291], [-80.34068, 41.5127], [-80.34081, 41.51241], [-80.34093, 41.51207], [-80.341, 41.51173], [-80.34104, 41.51141], [-80.34103, 41.51114], [-80.34099, 41.51054], [-80.34097, 41.51005], [-80.34092, 41.50929], [-80.34087, 41.5086], [-80.34083, 41.50803], [-80.34078, 41.50732], [-80.34072, 41.5062], [-80.34063, 41.50482], [-80.34057, 41.50392], [-80.34049, 41.50275], [-80.34039, 41.5011], [-80.34023, 41.49854], [-80.3401, 41.49651], [-80.34003, 41.49528], [-80.34, 41.49468], [-80.33992, 41.49351], [-80.33974, 41.49079], [-80.3397, 41.48995], [-80.33951, 41.48699], [-80.33942, 41.48541], [-80.33935, 41.48458], [-80.33929, 41.4834], [-80.33918, 41.48194], [-80.33911, 41.48053], [-80.33899, 41.47872], [-80.33895, 41.4777], [-80.33885, 41.47658], [-80.33875, 41.47566], [-80.3381, 41.47304], [-80.33784, 41.47239], [-80.33758, 41.4718], [-80.33724, 41.47105], [-80.33673, 41.46989], [-80.3364, 41.46915], [-80.33611, 41.4684], [-80.33595, 41.46766], [-80.33592, 41.46721], [-80.33597, 41.46658], [-80.3362, 41.46575], [-80.33631, 41.46547], [-80.33656, 41.465], [-80.33711, 41.46428], [-80.34336, 41.45777], [-80.34772, 41.45331], [-80.34988, 41.45101], [-80.35214, 41.44867], [-80.3538, 41.44695], [-80.35484, 41.44595], [-80.35534, 41.44547], [-80.35657, 41.44454], [-80.35767, 41.4438], [-80.35843, 41.44337], [-80.35921, 41.44295], [-80.36111, 41.44209], [-80.3635, 41.44102], [-80.3638, 41.44088], [-80.36571, 41.44003], [-80.36627, 41.43977], [-80.36716, 41.43926], [-80.36841, 41.43834], [-80.36922, 41.43757], [-80.36974, 41.43707], [-80.37018, 41.43642], [-80.37051, 41.43583], [-80.37077, 41.43495], [-80.37082, 41.43408], [-80.37054, 41.43274], [-80.36997, 41.42965], [-80.36997, 41.429], [-80.37015, 41.42831], [-80.37058, 41.42766], [-80.37118, 41.42695], [-80.37205, 41.42633], [-80.37307, 41.42564], [-80.37431, 41.4248], [-80.37513, 41.42395], [-80.37541, 41.4233], [-80.37557, 41.42245], [-80.37542, 41.42187], [-80.37468, 41.42061], [-80.37397, 41.41995], [-80.37315, 41.41923], [-80.37295, 41.41889], [-80.37275, 41.41853], [-80.37256, 41.41808], [-80.37246, 41.41768], [-80.3724, 41.41727], [-80.37242, 41.41717], [-80.37241, 41.41675], [-80.37249, 41.41627], [-80.3726, 41.41587], [-80.37381, 41.41215], [-80.37411, 41.41157], [-80.3745, 41.41117], [-80.37471, 41.41098], [-80.37494, 41.4108], [-80.37525, 41.41063], [-80.37548, 41.4105], [-80.37579, 41.41037], [-80.37615, 41.41025], [-80.37659, 41.41013], [-80.37795, 41.40977], [-80.37921, 41.40937], [-80.37953, 41.40925], [-80.37964, 41.40921], [-80.38015, 41.40897], [-80.38049, 41.40878], [-80.38119, 41.40833], [-80.38163, 41.40798], [-80.38179, 41.40783], [-80.38194, 41.40768], [-80.38209, 41.40753], [-80.38232, 41.40725], [-80.38253, 41.40696], [-80.38263, 41.40681], [-80.38274, 41.40661], [-80.38289, 41.40634], [-80.38302, 41.40606], [-80.3833, 41.40547], [-80.38414, 41.40366], [-80.38483, 41.40216], [-80.38496, 41.4019], [-80.3853, 41.40121], [-80.38599, 41.39974], [-80.38656, 41.39988], [-80.38656, 41.39988], [-80.38654, 41.39959], [-80.38657, 41.3993], [-80.38657, 41.39922], [-80.38662, 41.39898], [-80.38672, 41.39868], [-80.38691, 41.39819], [-80.38768, 41.39657], [-80.38812, 41.39565], [-80.38834, 41.39517], [-80.38852, 41.3948], [-80.38868, 41.39446], [-80.38887, 41.3941], [-80.3891, 41.39375], [-80.38942, 41.39334], [-80.38984, 41.39292], [-80.39022, 41.39259], [-80.39027, 41.39255], [-80.39106, 41.39181], [-80.3913, 41.39168], [-80.3915, 41.39151], [-80.392, 41.39098], [-80.3922, 41.39073], [-80.39242, 41.39046], [-80.39288, 41.38977], [-80.39318, 41.38932], [-80.39344, 41.38896], [-80.39368, 41.3886], [-80.3939, 41.38813], [-80.39397, 41.38796], [-80.39428, 41.38695], [-80.3948, 41.38519], [-80.39525, 41.38366], [-80.39559, 41.3825], [-80.39639, 41.3798], [-80.39647, 41.37948], [-80.39652, 41.37916], [-80.39653, 41.37896], [-80.39648, 41.37868], [-80.39647, 41.37845], [-80.39645, 41.37832], [-80.39643, 41.37808], [-80.39644, 41.37789], [-80.39648, 41.37765], [-80.39678, 41.37681], [-80.39719, 41.37586], [-80.39764, 41.37502], [-80.39965, 41.37057], [-80.40102, 41.36765], [-80.40123, 41.36722], [-80.40201, 41.36554], [-80.40278, 41.36394], [-80.40299, 41.36351], [-80.40303, 41.36344], [-80.40357, 41.36238], [-80.40385, 41.36192], [-80.40415, 41.36148], [-80.40452, 41.361], [-80.4049, 41.36055], [-80.40567, 41.35973], [-80.40621, 41.35923], [-80.40686, 41.35868], [-80.41017, 41.3563], [-80.41064, 41.35595], [-80.41267, 41.35451], [-80.41335, 41.35403], [-80.41467, 41.35307], [-80.41542, 41.35253], [-80.41645, 41.35179], [-80.41699, 41.35141], [-80.41925, 41.34978], [-80.42045, 41.34892], [-80.42273, 41.34726], [-80.42774, 41.34368], [-80.42885, 41.34247], [-80.42951, 41.34144], [-80.43005, 41.34005], [-80.43016, 41.34], [-80.43205, 41.33266], [-80.43794, 41.30791], [-80.43989, 41.30544], [-80.4441, 41.3044], [-80.44807, 41.3055], [-80.4866, 41.33127], [-80.50568, 41.33506], [-80.51942, 41.33898], [-80.56898, 41.35939], [-80.72524, 41.33014], [-80.81904, 41.2368], [-80.8199, 41.23323], [-80.82061, 41.23323], [-80.82148, 41.23321], [-80.82239, 41.23321], [-80.82322, 41.23322], [-80.82561, 41.23326], [-80.82654, 41.23328], [-80.82912, 41.23329], [-80.82997, 41.23331], [-80.83263, 41.23332], [-80.83272, 41.23332], [-80.83358, 41.23336], [-80.83375, 41.23337], [-80.83598, 41.23357], [-80.83715, 41.23368], [-80.83991, 41.23393], [-80.84044, 41.23398], [-80.84427, 41.23432], [-80.84707, 41.23457], [-80.84925, 41.23477], [-80.85307, 41.23512], [-80.85352, 41.23517], [-80.85953, 41.2357], [-80.86287, 41.23599], [-80.8673, 41.2364], [-80.86795, 41.23645], [-80.86877, 41.23651], [-80.87402, 41.23692], [-80.87577, 41.23708], [-80.87629, 41.23761], [-80.87806, 41.23776], [-80.88031, 41.23794], [-80.88055, 41.23749], [-80.88089, 41.23753], [-80.88168, 41.2376], [-80.88246, 41.23767], [-80.88506, 41.23789], [-80.88573, 41.23794], [-80.8862, 41.23794], [-80.88653, 41.23793], [-80.88714, 41.2379], [-80.88849, 41.23783], [-80.88873, 41.23783], [-80.88942, 41.23778], [-80.8897, 41.23775], [-80.89006, 41.23769], [-80.89034, 41.23764], [-80.8906, 41.23756], [-80.89105, 41.23743], [-80.89225, 41.23702], [-80.8932, 41.2367], [-80.89365, 41.23653], [-80.89402, 41.23636], [-80.89437, 41.23616], [-80.89502, 41.23576], [-80.89586, 41.23522], [-80.89684, 41.2346], [-80.8973, 41.2343], [-80.89914, 41.23313], [-80.89988, 41.23266], [-80.90062, 41.23219], [-80.90086, 41.23203], [-80.90154, 41.2316], [-80.90261, 41.23091], [-80.9054, 41.22913], [-80.90574, 41.22892], [-80.90848, 41.22715], [-80.91004, 41.22616], [-80.9107, 41.22577], [-80.91112, 41.22555], [-80.91155, 41.22535], [-80.91305, 41.2247], [-80.91369, 41.22439], [-80.91519, 41.22374], [-80.92166, 41.22086], [-80.92345, 41.22006], [-80.92413, 41.21975], [-80.92493, 41.21938], [-80.92577, 41.21891], [-80.92638, 41.2185], [-80.92723, 41.21774], [-80.92777, 41.21727], [-80.93052, 41.21482], [-80.93107, 41.21432], [-80.93464, 41.2111], [-80.93803, 41.20811], [-80.94026, 41.20613], [-80.941, 41.20548], [-80.94122, 41.20531], [-80.94201, 41.20478], [-80.94254, 41.20448], [-80.94311, 41.20421], [-80.94369, 41.20395], [-80.94447, 41.20367], [-80.94543, 41.2034], [-80.94697, 41.20302], [-80.94751, 41.20289], [-80.94903, 41.20249], [-80.95091, 41.20204], [-80.95288, 41.20153], [-80.95373, 41.20134], [-80.95414, 41.20123], [-80.95494, 41.20097], [-80.95697, 41.19998], [-80.9575, 41.19974], [-80.95789, 41.19952], [-80.95826, 41.19929], [-80.95881, 41.1989], [-80.95958, 41.19844], [-80.96055, 41.19783], [-80.96098, 41.19758], [-80.96152, 41.1973], [-80.96231, 41.19686], [-80.96349, 41.19618], [-80.96392, 41.19595], [-80.965, 41.19532], [-80.96522, 41.19517], [-80.96547, 41.195], [-80.96558, 41.1949], [-80.96571, 41.19476], [-80.96586, 41.19456], [-80.96598, 41.1944], [-80.96611, 41.19415], [-80.9663, 41.19372], [-80.9668, 41.19247], [-80.96709, 41.19181], [-80.96727, 41.19151], [-80.96747, 41.19125], [-80.96772, 41.19102], [-80.9679, 41.19091], [-80.96812, 41.1908], [-80.96827, 41.19073], [-80.96844, 41.19068], [-80.96877, 41.19061], [-80.96911, 41.19056], [-80.96966, 41.19058], [-80.96994, 41.19061], [-80.97058, 41.19064], [-80.97093, 41.19072], [-80.97107, 41.19074], [-80.97121, 41.19072], [-80.97129, 41.19073], [-80.97241, 41.19085], [-80.97264, 41.19088], [-80.97353, 41.19098], [-80.9742, 41.19106], [-80.97442, 41.19112], [-80.97551, 41.19125], [-80.97581, 41.19124], [-80.97635, 41.19131], [-80.97653, 41.1913], [-80.97635, 41.19131], [-80.97679, 41.19139], [-80.97912, 41.19166], [-80.97921, 41.19167], [-80.97943, 41.19169], [-80.98065, 41.19183], [-80.98604, 41.19249], [-80.98788, 41.1927], [-80.98857, 41.19274], [-80.98958, 41.19283], [-80.99035, 41.19293], [-80.99118, 41.19295], [-80.99187, 41.19302], [-80.99302, 41.19302], [-80.99386, 41.19303], [-80.99464, 41.19303], [-80.99541, 41.19302], [-80.99632, 41.19304], [-80.99709, 41.19293], [-80.99799, 41.19295], [-80.99881, 41.19285], [-80.99962, 41.19274], [-81.00051, 41.19265], [-81.00159, 41.19255], [-81.00252, 41.19241], [-81.00303, 41.19233], [-81.0036, 41.19223], [-81.00378, 41.19224], [-81.00398, 41.19213], [-81.00451, 41.19203], [-81.00494, 41.19203], [-81.00538, 41.19194], [-81.00561, 41.19185], [-81.006, 41.19172], [-81.0064, 41.19163], [-81.00694, 41.19154], [-81.00744, 41.19138], [-81.00785, 41.19128], [-81.00873, 41.19104], [-81.00976, 41.19074], [-81.01079, 41.19042], [-81.01165, 41.19019], [-81.01277, 41.18984], [-81.01381, 41.18955], [-81.01436, 41.18934], [-81.0147, 41.18923], [-81.01559, 41.18901], [-81.01624, 41.18874], [-81.01663, 41.18862], [-81.01698, 41.18851], [-81.0171, 41.18847], [-81.01905, 41.18786], [-81.02021, 41.18749], [-81.02167, 41.18704], [-81.02308, 41.18659], [-81.02486, 41.18603], [-81.0261, 41.18564], [-81.02732, 41.18526], [-81.0293, 41.18464], [-81.03125, 41.18403], [-81.03271, 41.18357], [-81.03481, 41.18291], [-81.0369, 41.18225], [-81.038, 41.18191], [-81.03915, 41.18155], [-81.04056, 41.1811], [-81.0414, 41.18084], [-81.04215, 41.18061], [-81.04337, 41.18022], [-81.0446, 41.17984], [-81.04582, 41.17945], [-81.048, 41.17877], [-81.04899, 41.17846], [-81.04954, 41.17829], [-81.05054, 41.17793], [-81.05194, 41.17753], [-81.05381, 41.17694], [-81.05749, 41.17579], [-81.06116, 41.17464], [-81.06297, 41.17407], [-81.06471, 41.17352], [-81.0662, 41.17305], [-81.06877, 41.17225], [-81.07133, 41.17144], [-81.07144, 41.17141], [-81.07307, 41.17089], [-81.07384, 41.17063], [-81.07473, 41.17033], [-81.07538, 41.1701], [-81.07612, 41.16982], [-81.07753, 41.16923], [-81.08005, 41.16822], [-81.08101, 41.16784], [-81.08273, 41.16715], [-81.08528, 41.16613], [-81.08851, 41.16484], [-81.08984, 41.16431], [-81.09118, 41.16381], [-81.09316, 41.16298], [-81.09327, 41.16294], [-81.09398, 41.1627], [-81.0944, 41.16253], [-81.09454, 41.16243], [-81.09492, 41.16232], [-81.09574, 41.16195], [-81.09655, 41.16163], [-81.09828, 41.16094], [-81.09913, 41.16064], [-81.10043, 41.16012], [-81.10171, 41.15962], [-81.10278, 41.15922], [-81.10384, 41.15886], [-81.10465, 41.1586], [-81.10573, 41.15828], [-81.10673, 41.15801], [-81.10769, 41.15776], [-81.10907, 41.15745], [-81.10971, 41.15731], [-81.11043, 41.15717], [-81.11114, 41.15705], [-81.11195, 41.15692], [-81.11299, 41.15676], [-81.11351, 41.15669], [-81.11405, 41.15662], [-81.11466, 41.15655], [-81.11696, 41.15628], [-81.11796, 41.15617], [-81.11904, 41.15604], [-81.11909, 41.15603], [-81.11976, 41.15595], [-81.12081, 41.15583], [-81.12192, 41.1557], [-81.12265, 41.15558], [-81.124, 41.15542], [-81.12408, 41.15545], [-81.12421, 41.15543], [-81.12555, 41.15524], [-81.12908, 41.15483], [-81.13348, 41.15435], [-81.13532, 41.15413], [-81.13685, 41.15399], [-81.13737, 41.15393], [-81.13867, 41.15374], [-81.13943, 41.15369], [-81.14155, 41.1534], [-81.14344, 41.15322], [-81.14441, 41.15307], [-81.14538, 41.15296], [-81.14707, 41.15276], [-81.14773, 41.15268], [-81.14884, 41.15255], [-81.1503, 41.15241], [-81.15192, 41.15227], [-81.15511, 41.15201], [-81.15698, 41.15185], [-81.15893, 41.15169], [-81.16099, 41.15153], [-81.16308, 41.15136], [-81.16488, 41.15121], [-81.16755, 41.15099], [-81.16804, 41.15095], [-81.16913, 41.15086], [-81.16998, 41.1508], [-81.17077, 41.15073], [-81.17228, 41.15061], [-81.17377, 41.15049], [-81.17433, 41.15045], [-81.17493, 41.15041], [-81.1772, 41.15028], [-81.17821, 41.15022], [-81.17899, 41.15017], [-81.18034, 41.15009], [-81.18313, 41.14993], [-81.18439, 41.14985], [-81.18466, 41.14984], [-81.18906, 41.14957], [-81.19321, 41.14933], [-81.19473, 41.14924], [-81.19488, 41.14923], [-81.19521, 41.14921], [-81.19594, 41.14917], [-81.19924, 41.14897], [-81.2104, 41.14831], [-81.21572, 41.148], [-81.21711, 41.14795], [-81.21844, 41.14794], [-81.21953, 41.14796], [-81.21968, 41.14796], [-81.22026, 41.14798], [-81.22097, 41.14798], [-81.22194, 41.14807], [-81.22233, 41.14807], [-81.22262, 41.14809], [-81.22362, 41.14818], [-81.22524, 41.14837], [-81.22685, 41.14861], [-81.22943, 41.1489], [-81.23084, 41.14909], [-81.23235, 41.14926], [-81.23404, 41.14948], [-81.23459, 41.14958], [-81.23527, 41.14967], [-81.23582, 41.1497], [-81.23635, 41.14979], [-81.23684, 41.14982], [-81.23727, 41.14985], [-81.23793, 41.14988], [-81.23851, 41.14989], [-81.23883, 41.14989], [-81.23919, 41.14988], [-81.23955, 41.14988], [-81.23999, 41.14986], [-81.24037, 41.1498], [-81.24073, 41.14978], [-81.2412, 41.14974], [-81.24164, 41.1497], [-81.24217, 41.14964], [-81.2425, 41.14959], [-81.24287, 41.14958], [-81.24329, 41.14947], [-81.24371, 41.1494], [-81.24402, 41.14934], [-81.24515, 41.1491], [-81.24562, 41.14934], [-81.24562, 41.14934], [-81.246, 41.14898], [-81.24658, 41.14886], [-81.24738, 41.14867], [-81.24781, 41.1486], [-81.24822, 41.14858], [-81.24862, 41.14851], [-81.24892, 41.14849], [-81.24941, 41.14847], [-81.24986, 41.14847], [-81.25035, 41.14852], [-81.25071, 41.14851], [-81.25101, 41.14857], [-81.25137, 41.14858], [-81.25171, 41.14866], [-81.25272, 41.14876], [-81.25373, 41.1489], [-81.25474, 41.14907], [-81.25572, 41.14917], [-81.25588, 41.1492], [-81.2587, 41.14962], [-81.25893, 41.14965], [-81.2596, 41.14974], [-81.26093, 41.14992], [-81.26422, 41.15037], [-81.26596, 41.15061], [-81.26784, 41.15086], [-81.2693, 41.15106], [-81.27098, 41.15129], [-81.27249, 41.15149], [-81.2742, 41.15173], [-81.27671, 41.15203], [-81.27894, 41.15234], [-81.28057, 41.15259], [-81.28131, 41.15264], [-81.28206, 41.15273], [-81.28306, 41.15275], [-81.28387, 41.15281], [-81.28514, 41.15279], [-81.30016, 41.15261], [-81.30124, 41.1526], [-81.30223, 41.1526], [-81.30305, 41.15262], [-81.30378, 41.15266], [-81.30435, 41.1527], [-81.30505, 41.15277], [-81.30589, 41.15288], [-81.30662, 41.153], [-81.30734, 41.15314], [-81.30809, 41.1533], [-81.30885, 41.15349], [-81.30983, 41.15377], [-81.31038, 41.15394], [-81.31102, 41.15417], [-81.31178, 41.15447], [-81.31258, 41.1548], [-81.31368, 41.15527], [-81.31466, 41.15568], [-81.31519, 41.1559], [-81.3158, 41.15616], [-81.3161, 41.15629], [-81.31785, 41.15702], [-81.31882, 41.15743], [-81.3201, 41.15798], [-81.32152, 41.15854], [-81.32275, 41.15906], [-81.32441, 41.1598], [-81.32558, 41.16029], [-81.32635, 41.16061], [-81.32676, 41.16079], [-81.3269, 41.16085], [-81.32715, 41.16091], [-81.32745, 41.16104], [-81.32806, 41.1613], [-81.32882, 41.16162], [-81.32935, 41.16188], [-81.33002, 41.16217], [-81.33061, 41.16237], [-81.33134, 41.16268], [-81.33195, 41.16294], [-81.3327, 41.16325], [-81.33332, 41.16355], [-81.33381, 41.16376], [-81.33433, 41.16398], [-81.33503, 41.16428], [-81.33564, 41.16449], [-81.33625, 41.16475], [-81.33676, 41.16501], [-81.33732, 41.16525], [-81.33783, 41.16547], [-81.33834, 41.16568], [-81.33878, 41.16587], [-81.33921, 41.166], [-81.33976, 41.1662], [-81.34026, 41.16636], [-81.3407, 41.16649], [-81.34116, 41.16659], [-81.3417, 41.1667], [-81.34227, 41.16678], [-81.34276, 41.16684], [-81.34326, 41.16688], [-81.34377, 41.1669], [-81.34428, 41.1669], [-81.34475, 41.16688], [-81.34522, 41.16685], [-81.34566, 41.1668], [-81.34612, 41.16678], [-81.34663, 41.16665], [-81.34726, 41.16652], [-81.34775, 41.16639], [-81.34824, 41.16623], [-81.34866, 41.16609], [-81.34904, 41.16598], [-81.34945, 41.1658], [-81.34975, 41.16567], [-81.35016, 41.16541], [-81.35083, 41.16505], [-81.35154, 41.16466], [-81.35225, 41.16426], [-81.35296, 41.16387], [-81.35351, 41.16356], [-81.35382, 41.16343], [-81.35417, 41.1632], [-81.35498, 41.16274], [-81.3554, 41.16252], [-81.35577, 41.16231], [-81.35617, 41.16209], [-81.35651, 41.16188], [-81.35678, 41.1617], [-81.35706, 41.16151], [-81.35736, 41.16125], [-81.35758, 41.16104], [-81.35782, 41.16076], [-81.35801, 41.16052], [-81.35813, 41.16034], [-81.35825, 41.16014], [-81.35834, 41.15996], [-81.35843, 41.15978], [-81.3585, 41.1596], [-81.35863, 41.15918], [-81.35867, 41.15899], [-81.35871, 41.15873], [-81.35875, 41.15843], [-81.35878, 41.15793], [-81.35881, 41.15742], [-81.35884, 41.15694], [-81.35887, 41.15645], [-81.3589, 41.15599], [-81.35893, 41.15551], [-81.35896, 41.15505], [-81.359, 41.1547], [-81.35904, 41.15441], [-81.35909, 41.15415], [-81.3592, 41.15388], [-81.35922, 41.15368], [-81.35934, 41.15345], [-81.35944, 41.15308], [-81.35956, 41.15284], [-81.35969, 41.15259], [-81.35985, 41.15242], [-81.36002, 41.15214], [-81.36033, 41.15173], [-81.36055, 41.15146], [-81.36077, 41.15122], [-81.36106, 41.15092], [-81.36131, 41.15063], [-81.36146, 41.1505], [-81.36183, 41.15023], [-81.36209, 41.15004], [-81.36231, 41.14986], [-81.36272, 41.14959], [-81.36316, 41.14931], [-81.36363, 41.14903], [-81.36422, 41.14871], [-81.36489, 41.14833], [-81.36536, 41.14806], [-81.36591, 41.14775], [-81.3663, 41.14751], [-81.36659, 41.14732], [-81.36698, 41.14702], [-81.36737, 41.1468], [-81.36772, 41.14649], [-81.36801, 41.14626], [-81.36839, 41.14596], [-81.36872, 41.14568], [-81.36907, 41.14538], [-81.36931, 41.14516], [-81.36976, 41.14473], [-81.37014, 41.14438], [-81.37045, 41.14408], [-81.37089, 41.14368], [-81.3712, 41.14341], [-81.37152, 41.14316], [-81.37187, 41.14287], [-81.37228, 41.14261], [-81.37267, 41.14232], [-81.37306, 41.14205], [-81.37337, 41.14179], [-81.37366, 41.14165], [-81.37395, 41.14142], [-81.37455, 41.14109], [-81.37497, 41.14082], [-81.37559, 41.14048], [-81.3761, 41.14026], [-81.37656, 41.14], [-81.37705, 41.13982], [-81.37762, 41.13957], [-81.37815, 41.13935], [-81.37876, 41.13912], [-81.37927, 41.1389], [-81.37986, 41.13871], [-81.38037, 41.13855], [-81.38096, 41.13838], [-81.38155, 41.13826], [-81.38208, 41.13809], [-81.38269, 41.13795], [-81.38331, 41.13783], [-81.38389, 41.13772], [-81.38452, 41.13762], [-81.38513, 41.13753], [-81.38577, 41.13746], [-81.38642, 41.13739], [-81.38716, 41.13733], [-81.38812, 41.13725], [-81.38906, 41.13718], [-81.38997, 41.13711], [-81.39084, 41.13704], [-81.39157, 41.13698], [-81.39218, 41.13694], [-81.3959, 41.13664], [-81.39746, 41.13651], [-81.39812, 41.13646], [-81.40071, 41.13629], [-81.40119, 41.13625], [-81.41003, 41.13556], [-81.41432, 41.13522], [-81.41751, 41.13493], [-81.41816, 41.1349], [-81.41882, 41.13488], [-81.41944, 41.13487], [-81.41975, 41.13491], [-81.41993, 41.13488], [-81.4204, 41.13493], [-81.42048, 41.13493], [-81.4213, 41.13498], [-81.42185, 41.13502], [-81.42252, 41.1351], [-81.42313, 41.13517], [-81.42375, 41.13527], [-81.42443, 41.13539], [-81.42509, 41.13553], [-81.42564, 41.13565], [-81.42623, 41.1358], [-81.42688, 41.13598], [-81.42746, 41.13612], [-81.42812, 41.13634], [-81.42934, 41.13677], [-81.43079, 41.13731], [-81.43304, 41.13809], [-81.4333, 41.13817], [-81.43409, 41.13845], [-81.43702, 41.13947], [-81.43899, 41.14015], [-81.43918, 41.14017], [-81.44162, 41.14102], [-81.44204, 41.14116], [-81.44259, 41.14134], [-81.4432, 41.14152], [-81.44388, 41.14171], [-81.44458, 41.14187], [-81.44478, 41.14192], [-81.44503, 41.14197], [-81.44554, 41.14211], [-81.44594, 41.14218], [-81.44637, 41.14225], [-81.44655, 41.14228], [-81.44688, 41.14233], [-81.44736, 41.14239], [-81.44791, 41.14244], [-81.44871, 41.14251], [-81.44939, 41.14255], [-81.45003, 41.14254], [-81.45249, 41.14262], [-81.45462, 41.14274], [-81.45545, 41.14273], [-81.45547, 41.14273], [-81.45555, 41.14273], [-81.45623, 41.14276], [-81.45837, 41.14287], [-81.45953, 41.14292], [-81.46337, 41.14306], [-81.46466, 41.14306], [-81.46493, 41.14311], [-81.46543, 41.14308], [-81.46621, 41.14307], [-81.46664, 41.14306], [-81.46734, 41.14302], [-81.46805, 41.14297], [-81.46876, 41.1429], [-81.46933, 41.14282], [-81.46975, 41.14276], [-81.46991, 41.14277], [-81.47002, 41.14276], [-81.47022, 41.14272], [-81.47086, 41.14261], [-81.47143, 41.14245], [-81.47152, 41.14247], [-81.47169, 41.14239], [-81.47218, 41.14231], [-81.47252, 41.14218], [-81.47286, 41.14209], [-81.47298, 41.14206], [-81.47339, 41.14197], [-81.47392, 41.14178], [-81.47429, 41.14159], [-81.47464, 41.14144], [-81.47504, 41.14125], [-81.47541, 41.14105], [-81.47578, 41.14083], [-81.47619, 41.14057], [-81.4765, 41.14035], [-81.47692, 41.14003], [-81.47721, 41.13978], [-81.47754, 41.13948], [-81.47776, 41.13927], [-81.47787, 41.13916], [-81.47816, 41.13885], [-81.47834, 41.13864], [-81.47851, 41.13844], [-81.47875, 41.13814], [-81.47896, 41.13779], [-81.47919, 41.13752], [-81.47934, 41.13728], [-81.47945, 41.13709], [-81.47963, 41.13676], [-81.47975, 41.1365], [-81.4799, 41.13619], [-81.48008, 41.13573], [-81.48018, 41.13543], [-81.48038, 41.13492], [-81.48048, 41.1345], [-81.48048, 41.13427], [-81.48054, 41.1342], [-81.48057, 41.13409], [-81.4806, 41.13391], [-81.48065, 41.13365], [-81.48068, 41.13353], [-81.48065, 41.13343], [-81.48089, 41.13251], [-81.48098, 41.13215], [-81.4811, 41.13151], [-81.48121, 41.13114], [-81.48137, 41.13063], [-81.4814, 41.13054], [-81.48156, 41.13023], [-81.48176, 41.12968], [-81.48193, 41.12916], [-81.48226, 41.12841], [-81.48232, 41.1283], [-81.48251, 41.12791], [-81.48284, 41.12731], [-81.48286, 41.12728], [-81.48291, 41.12718], [-81.48547, 41.12263], [-81.48558, 41.12245], [-81.48589, 41.12188], [-81.48602, 41.12165], [-81.48699, 41.11992], [-81.4872, 41.11956], [-81.48726, 41.11947], [-81.48737, 41.11929], [-81.48746, 41.11916], [-81.48763, 41.1189], [-81.48776, 41.11864], [-81.48792, 41.11842], [-81.48802, 41.11829], [-81.48843, 41.11774], [-81.48853, 41.11762], [-81.48858, 41.11746], [-81.48879, 41.11726], [-81.48892, 41.11709], [-81.489, 41.11699], [-81.48935, 41.11653], [-81.48973, 41.11603], [-81.4903, 41.11528], [-81.49077, 41.11471], [-81.491, 41.11426], [-81.4912, 41.11393], [-81.49138, 41.11359], [-81.49156, 41.11322], [-81.49172, 41.11284], [-81.49197, 41.11223], [-81.49225, 41.11153], [-81.49229, 41.11143], [-81.49265, 41.11051], [-81.4928, 41.1101], [-81.4929, 41.10979], [-81.49299, 41.10938], [-81.49304, 41.10908], [-81.49313, 41.10876], [-81.49312, 41.10848], [-81.4931, 41.10829], [-81.49304, 41.10801], [-81.49297, 41.10774], [-81.49288, 41.10749], [-81.49277, 41.10725], [-81.49264, 41.10701], [-81.49248, 41.10678], [-81.49237, 41.10663], [-81.4921, 41.10632], [-81.49181, 41.10603], [-81.49072, 41.10498], [-81.49028, 41.10459], [-81.48998, 41.10425], [-81.48976, 41.10399], [-81.48953, 41.1037], [-81.48927, 41.10333], [-81.48896, 41.10286], [-81.48882, 41.10255], [-81.48851, 41.10215], [-81.48809, 41.10151], [-81.4879, 41.10123], [-81.48769, 41.10095], [-81.48751, 41.10066], [-81.48736, 41.1005], [-81.48696, 41.10014], [-81.48614, 41.09944], [-81.48601, 41.09931], [-81.48584, 41.09915], [-81.48559, 41.0989], [-81.48526, 41.09851], [-81.48491, 41.09809], [-81.48462, 41.09774], [-81.48453, 41.09761], [-81.48445, 41.0975], [-81.48431, 41.09726], [-81.48425, 41.09714], [-81.4842, 41.09701], [-81.48416, 41.09688], [-81.48412, 41.09673], [-81.48409, 41.0966], [-81.48407, 41.09645], [-81.48403, 41.09585], [-81.48401, 41.09545], [-81.48399, 41.09518], [-81.48398, 41.09498], [-81.48396, 41.0945], [-81.48396, 41.09422], [-81.48398, 41.09396], [-81.484, 41.09385], [-81.48397, 41.09374], [-81.484, 41.09362], [-81.48408, 41.09338], [-81.48416, 41.09319], [-81.4843, 41.09294], [-81.48436, 41.09285], [-81.48448, 41.09269], [-81.48457, 41.09258], [-81.48465, 41.09248], [-81.48481, 41.09232], [-81.48519, 41.092], [-81.48565, 41.09161], [-81.4858, 41.09149], [-81.48601, 41.09129], [-81.48619, 41.09109], [-81.48627, 41.09099], [-81.4864, 41.09081], [-81.48657, 41.09052], [-81.48672, 41.09032], [-81.48772, 41.0879], [-81.48775, 41.08769], [-81.48794, 41.08741], [-81.48802, 41.08729], [-81.48817, 41.08708], [-81.48827, 41.08697], [-81.48835, 41.08689], [-81.48844, 41.08682], [-81.48853, 41.08667], [-81.48893, 41.08637], [-81.48921, 41.08613], [-81.48935, 41.08601], [-81.48946, 41.08589], [-81.48961, 41.0858], [-81.48965, 41.08576], [-81.48973, 41.08568], [-81.48981, 41.08561], [-81.49001, 41.08544], [-81.49019, 41.08529], [-81.49039, 41.08515], [-81.49056, 41.08499], [-81.49098, 41.08473], [-81.49122, 41.0846], [-81.49147, 41.08447], [-81.4917, 41.08437], [-81.49187, 41.0843], [-81.49209, 41.08421], [-81.49234, 41.08412], [-81.49248, 41.08408], [-81.49272, 41.08401], [-81.49295, 41.08395], [-81.49332, 41.08392], [-81.49355, 41.08388], [-81.49381, 41.08385], [-81.49409, 41.08382], [-81.49431, 41.0838], [-81.49455, 41.0838], [-81.49476, 41.0838], [-81.49501, 41.08381], [-81.49528, 41.08383], [-81.49546, 41.08385], [-81.4959, 41.08388], [-81.49606, 41.08391], [-81.49618, 41.08398], [-81.49651, 41.08403], [-81.49679, 41.08411], [-81.49695, 41.08422], [-81.49711, 41.08423], [-81.49735, 41.08434], [-81.49748, 41.08441], [-81.4978, 41.08464], [-81.49801, 41.08477], [-81.49841, 41.08506], [-81.49904, 41.08556], [-81.49953, 41.08596], [-81.49988, 41.08622], [-81.50007, 41.08634], [-81.50039, 41.08647], [-81.50063, 41.08658], [-81.50092, 41.08673], [-81.5011, 41.08679], [-81.50144, 41.08676], [-81.50176, 41.08692], [-81.50196, 41.087], [-81.50215, 41.08703], [-81.50229, 41.08704], [-81.50246, 41.08706], [-81.5028, 41.08707], [-81.50311, 41.08706], [-81.50326, 41.08758], [-81.50391, 41.08761], [-81.50423, 41.08763], [-81.50455, 41.08763], [-81.50481, 41.08762], [-81.50778, 41.08747], [-81.51097, 41.08728], [-81.51121, 41.08725], [-81.51143, 41.08723], [-81.51159, 41.08722], [-81.51172, 41.08721], [-81.51192, 41.08718], [-81.51276, 41.08699], [-81.513, 41.08696], [-81.5132, 41.08694], [-81.51335, 41.08694], [-81.51343, 41.08694], [-81.51357, 41.08696], [-81.51378, 41.08699], [-81.51403, 41.08704], [-81.51464, 41.08719], [-81.51578, 41.08748], [-81.51586, 41.0875], [-81.51636, 41.08765], [-81.51653, 41.0877], [-81.51671, 41.08775], [-81.51697, 41.08784], [-81.51718, 41.08791], [-81.51732, 41.08797], [-81.51754, 41.08807], [-81.51775, 41.08816], [-81.51807, 41.08831], [-81.51826, 41.08817], [-81.51827, 41.08789], [-81.51826, 41.0874], [-81.51825, 41.08716], [-81.52021, 41.07322], [-81.52765, 41.0564], [-81.53489, 41.05051], [-81.54307, 41.04625], [-81.55144, 41.03958], [-81.55772, 41.03777], [-81.5742, 41.03633], [-81.59713, 41.02226], [-81.62306, 41.0186], [-81.64244, 41.01919], [-81.65292, 41.01542], [-81.67745, 41.01311], [-81.69294, 41.01599], [-81.70311, 41.01117], [-81.70791, 41.01043], [-81.71317, 41.01168], [-81.71956, 41.01618], [-81.72337, 41.02657], [-81.71956, 41.01618], [-81.72482, 41.01772], [-81.73193, 41.01723], [-81.73486, 41.01574], [-81.7368, 41.00834], [-81.74494, 41.00281], [-81.75314, 40.98792], [-81.77267, 40.9744], [-81.77208, 40.97001], [-81.76867, 40.96937], [-81.79802, 40.96252], [-81.82863, 40.96363], [-81.84735, 40.96989], [-81.86291, 41.00431], [-81.86374, 41.01011], [-81.89656, 40.98292], [-81.9331, 40.98796], [-81.98331, 40.99132], [-82.01356, 40.98803], [-82.04201, 40.9894], [-82.05279, 40.98759], [-82.07468, 40.98049], [-82.08701, 40.98051], [-82.10961, 40.96961], [-82.12248, 40.96504], [-82.1684, 40.95888], [-82.18823, 40.947], [-82.19203, 40.9471], [-82.20068, 40.95107], [-82.20687, 40.95212], [-82.21253, 40.95125], [-82.21945, 40.94778], [-82.25557, 40.9272], [-82.27915, 40.90992], [-82.28311, 40.90546], [-82.28725, 40.89595], [-82.29917, 40.887], [-82.30754, 40.87409], [-82.31153, 40.87225], [-82.31527, 40.87259], [-82.32413, 40.87971], [-82.3355, 40.88455], [-82.34151, 40.88544], [-82.34687, 40.88382], [-82.38348, 40.83241], [-82.39554, 40.82226], [-82.40067, 40.81987], [-82.45325, 40.81606], [-82.47304, 40.82222], [-82.4852, 40.82976], [-82.48929, 40.83032], [-82.49352, 40.8292], [-82.49701, 40.82489], [-82.50135, 40.79057], [-82.51036, 40.77163], [-82.51381, 40.77153], [-82.51769, 40.77791], [-82.50804, 40.76133], [-82.51545, 40.75839], [-82.59017, 40.75954], [-82.6475, 40.75936], [-82.65611, 40.75958], [-82.66849, 40.76414], [-82.67474, 40.76427], [-82.7748, 40.73375], [-82.7851, 40.7325], [-82.78818, 40.72812], [-82.79454, 40.72659], [-82.81832, 40.71583], [-82.8395, 40.70817], [-82.95933, 40.6406], [-82.96881, 40.63708], [-83.11705, 40.59145], [-83.14845, 40.58921], [-83.15875, 40.5859], [-83.18913, 40.58585], [-83.18952, 40.58853], [-83.1891325, 40.5858508], [-83.1597056, 40.585864], [-83.1583673, 40.585926], [-83.1573364, 40.5860507], [-83.1565538, 40.5862024], [-83.1550842, 40.5866322], [-83.1542781, 40.5869555], [-83.1516504, 40.5882665], [-83.1509251, 40.588566], [-83.1498943, 40.5889033], [-83.1491873, 40.5890726], [-83.1476613, 40.5893033], [-83.1411519, 40.5896496], [-83.1411262, 40.5895961], [-83.140187, 40.5896295], [-83.1399827, 40.5885855], [-83.140254, 40.5865949], [-83.1398715, 40.5877828], [-83.1398432, 40.5882653], [-83.1455026, 40.5873442], [-83.1458214, 40.586623], [-83.1468597, 40.5832018], [-83.1473119, 40.5819808], [-83.147965, 40.5811159], [-83.1486567, 40.5804886], [-83.1846535, 40.5533154], [-83.2054528, 40.5377775], [-83.2138931, 40.531401], [-83.2152998, 40.5301409], [-83.2615742, 40.4740044], [-83.2952591, 40.4329559], [-83.2957593, 40.4321936], [-83.2968529, 40.4308557], [-83.2969823, 40.4306577], [-83.2970863, 40.4302922], [-83.2972086, 40.4294919], [-83.2972373, 40.4287222], [-83.2971959, 40.4284332], [-83.2967221, 40.4268854], [-83.29709, 40.43029], [-83.29526, 40.43296], [-83.30503, 40.42249], [-83.44071, 40.32073], [-83.53682, 40.23345], [-83.55668, 40.22401], [-83.57582, 40.21735], [-83.61862, 40.20875], [-83.65743, 40.20956], [-83.66766, 40.20584], [-83.72161, 40.15251], [-83.74035, 40.12469], [-83.75606, 40.11131], [-83.75002, 40.11633], [-83.76567, 40.10382], [-83.76521, 40.1013], [-83.77761, 40.09145], [-83.78452, 40.0791], [-83.80873, 39.9851], [-83.80795, 39.98006], [-83.79973, 39.96246], [-83.80069, 39.94903], [-83.79037, 39.93739], [-83.78894, 39.93129], [-83.79099, 39.92659], [-83.79402, 39.92398], [-83.80466, 39.92129], [-83.81032, 39.9222], [-83.83493, 39.92713], [-83.84147, 39.9267], [-83.88011, 39.91293], [-83.88529, 39.90916], [-83.91599, 39.89994], [-83.93838, 39.88768], [-83.93969, 39.88699], [-84.01357, 39.82191], [-84.01923, 39.81866], [-84.01394, 39.82162], [-84.04302, 39.7958], [-84.04917, 39.79236], [-84.05983, 39.79094], [-84.08249, 39.79581], [-84.09192, 39.7953], [-84.17396, 39.76584], [-84.18977, 39.75549], [-84.18859, 39.75606]]}}, {"type": "Feature", "properties": {"company": "Erie Railroad", "line": "Erie Railroad: Salamanca \u2013 Dayton (ex-A&GW)", "id": "erie-salamanca-jamestown-dayton", "color": "#22223B", "mode": "intercity_rail", "avg_speed_kmh": 60, "speed_source": "estimated: typical Erie mainline service of the era; unsourced", "segments": [{"start": 1883, "end": 1960, "headway_min": 180, "note": "Operated by the New York, Lake Erie and Western Railroad from 1883, renamed Erie Railroad in 1895. The Erie was always Jamestown's most important railroad, offering connections to New York City and Chicago; the city's grand final depot opened 1931. Frequency estimated, unsourced. The Erie ceased to exist October 17 1960, merging with the DL&W to form the Erie Lackawanna - the post-merger years are drawn as erie-salamanca-jamestown-dayton-el.", "sources": ["NOT SOURCED AT SEGMENT LEVEL: the references below cover this line, but nothing has been checked specifically against this segment's start year, end year or service. Treat the dates and the headway as unverified. Supporting references for the line:", "https://archive.org/stream/atlanticgreatwes00simm/atlanticgreatwes00simm_djvu.txt", "https://en.wikipedia.org/wiki/Atlantic_and_Great_Western_Railroad", "nyrails.org, trumbullcountyhistory.com, akronrrclub.wordpress.com (corridor and successor-line background retained from \u2026"]}], "geometry_repairs": [{"date": "2026-08-29", "from": [-83.18952, 40.58853], "to": [-83.29672, 40.42689], "chord_mi": 12.48, "traced_mi": 17.07, "snap_m": [300, 1], "bridged_mi": 0.3, "osm_lines": ["Erie [abandoned] (13.36 mi)", "CSX Mount Victory Subdivision (2.62 mi)", "(abandoned) [abandoned] (0.45 mi)", "(?) (0.3 mi)", "NS Sandusky District (0.21 mi)", "(disused) [disused] (0.12 mi)"], "method": "Overpass rail graph, 8.0 km corridor, Dijkstra, simplified to 3.0 m; 0.3 mi bridged across gaps in OSM"}], "geometry_quality": "Straight-line repair 2026-08-29: 1 ruled segment totalling 12 mi replaced with OpenStreetMap-traced rail geometry (see geometry_repairs for the OSM lines each one followed)."}, "geometry": {"type": "LineString", "coordinates": [[-78.71504, 42.16007], [-78.73172, 42.16471], [-78.76788, 42.16303], [-78.77286, 42.16174], [-78.78897, 42.14745], [-78.79166, 42.1396], [-78.79185, 42.13], [-78.7997, 42.11909], [-78.80474, 42.11543], [-78.82314, 42.11225], [-78.8479, 42.11285], [-78.87571, 42.10772], [-78.90384, 42.1112], [-78.92786, 42.11799], [-78.94835, 42.12754], [-78.96485, 42.14838], [-78.97568, 42.15298], [-78.9824, 42.15875], [-79.00748, 42.18031], [-79.01181, 42.18131], [-79.03726, 42.18132], [-79.04247, 42.18047], [-79.06168, 42.17206], [-79.08131, 42.16897], [-79.08505, 42.16638], [-79.08855, 42.16049], [-79.0995, 42.15772], [-79.10622, 42.15414], [-79.10762, 42.14302], [-79.11072, 42.1394], [-79.11521, 42.13708], [-79.18755, 42.1161], [-79.18794, 42.11436], [-79.18667, 42.11629], [-79.22137, 42.10613], [-79.23095, 42.09652], [-79.23692, 42.09489], [-79.25077, 42.09466], [-79.258, 42.10106], [-79.277, 42.1076], [-79.29551, 42.10017], [-79.32886, 42.10092], [-79.33796, 42.09985], [-79.35952, 42.09054], [-79.36488, 42.08696], [-79.37525, 42.09437], [-79.4831, 42.07506], [-79.50283, 41.99339], [-79.50296, 41.99254], [-79.50948, 41.99177], [-79.51315, 41.98932], [-79.51391, 41.98425], [-79.53208, 41.94771], [-79.56491, 41.93794], [-79.58535, 41.93806], [-79.63233, 41.92443], [-79.64043, 41.92055], [-79.63834, 41.92133], [-79.65688, 41.91731], [-79.67582, 41.91615], [-79.70213, 41.90756], [-79.81752, 41.89118], [-79.82158, 41.8915], [-79.84522, 41.89958], [-79.84033, 41.8966], [-79.8412, 41.89333], [-79.83904, 41.89417], [-79.83451, 41.89313], [-79.85176, 41.89585], [-79.86874, 41.89686], [-79.88281, 41.90037], [-79.89209, 41.89879], [-79.90974, 41.89829], [-79.91954, 41.89388], [-79.93097, 41.8967], [-79.94456, 41.89709], [-79.96121, 41.89038], [-79.9729, 41.87774], [-79.98119, 41.8707], [-79.9835, 41.85973], [-79.97669, 41.85126], [-79.97488, 41.83732], [-79.99324, 41.81259], [-80.00146, 41.80905], [-80.01758, 41.80871], [-80.04269, 41.8046], [-80.0568, 41.80362], [-80.07017, 41.80199], [-80.08474, 41.79477], [-80.09955, 41.78359], [-80.10866, 41.76987], [-80.11152, 41.75663], [-80.12089, 41.74453], [-80.124, 41.74225], [-80.13688, 41.73918], [-80.14213, 41.73504], [-80.14391, 41.73007], [-80.14418, 41.71898], [-80.14616, 41.6965], [-80.14846, 41.69357], [-80.15918, 41.69047], [-80.16551, 41.68609], [-80.16859, 41.68129], [-80.17091, 41.67127], [-80.1702, 41.6666], [-80.16017, 41.6556], [-80.15666, 41.64921], [-80.15765, 41.63815], [-80.1577, 41.63792], [-80.15771, 41.63785], [-80.15785, 41.6371], [-80.15804, 41.63614], [-80.15806, 41.63603], [-80.15824, 41.63513], [-80.15838, 41.63441], [-80.15849, 41.63368], [-80.15855, 41.63299], [-80.15856, 41.63268], [-80.15856, 41.63239], [-80.15856, 41.63174], [-80.15851, 41.63113], [-80.15841, 41.63045], [-80.15838, 41.63019], [-80.1583, 41.62983], [-80.15815, 41.62931], [-80.15784, 41.62833], [-80.15747, 41.62718], [-80.15689, 41.6255], [-80.15648, 41.62424], [-80.1559, 41.62253], [-80.15556, 41.62156], [-80.1534, 41.61515], [-80.15211, 41.61136], [-80.15118, 41.60863], [-80.15071, 41.60722], [-80.15061, 41.60692], [-80.15029, 41.60598], [-80.1501, 41.60543], [-80.1498, 41.60454], [-80.14933, 41.60316], [-80.14915, 41.60264], [-80.14886, 41.60175], [-80.14866, 41.60118], [-80.14842, 41.60048], [-80.14809, 41.5995], [-80.1478, 41.59864], [-80.14766, 41.59826], [-80.14757, 41.59794], [-80.14748, 41.59761], [-80.14742, 41.59733], [-80.14739, 41.59708], [-80.14738, 41.59661], [-80.14742, 41.59625], [-80.14751, 41.5958], [-80.14762, 41.5954], [-80.14789, 41.59459], [-80.14812, 41.59414], [-80.14848, 41.59364], [-80.14882, 41.59326], [-80.14931, 41.59284], [-80.14991, 41.59244], [-80.15031, 41.59219], [-80.151, 41.59187], [-80.15144, 41.59171], [-80.15183, 41.59159], [-80.15191, 41.59156], [-80.15244, 41.59143], [-80.15301, 41.59133], [-80.15371, 41.59122], [-80.15475, 41.59107], [-80.15547, 41.59097], [-80.15676, 41.59078], [-80.15813, 41.59058], [-80.15975, 41.59034], [-80.16106, 41.59016], [-80.16311, 41.58985], [-80.16493, 41.58959], [-80.16675, 41.58932], [-80.16856, 41.58907], [-80.1705, 41.58878], [-80.17147, 41.58864], [-80.17297, 41.58842], [-80.17449, 41.58819], [-80.17634, 41.58793], [-80.17788, 41.5877], [-80.17949, 41.58747], [-80.18076, 41.58729], [-80.18142, 41.58717], [-80.18203, 41.58703], [-80.18263, 41.58684], [-80.18334, 41.58655], [-80.18402, 41.58617], [-80.1844, 41.58592], [-80.18503, 41.58542], [-80.18556, 41.5849], [-80.18626, 41.58427], [-80.18698, 41.5836], [-80.18714, 41.58345], [-80.18859, 41.58203], [-80.18963, 41.58106], [-80.19065, 41.58012], [-80.19307, 41.57787], [-80.19392, 41.57711], [-80.19469, 41.57643], [-80.19517, 41.57605], [-80.19606, 41.57557], [-80.19659, 41.5753], [-80.19759, 41.57489], [-80.19845, 41.57462], [-80.19949, 41.57437], [-80.20031, 41.57424], [-80.20148, 41.57409], [-80.20303, 41.57394], [-80.20503, 41.57373], [-80.20739, 41.57347], [-80.20967, 41.57323], [-80.21165, 41.57302], [-80.21305, 41.57287], [-80.21567, 41.57259], [-80.21658, 41.5725], [-80.21689, 41.57246], [-80.21875, 41.57227], [-80.22116, 41.57201], [-80.22259, 41.57186], [-80.22333, 41.57178], [-80.2251, 41.57159], [-80.22696, 41.57139], [-80.22864, 41.57121], [-80.23121, 41.57094], [-80.23134, 41.57093], [-80.23223, 41.57083], [-80.23442, 41.5706], [-80.23646, 41.57038], [-80.23874, 41.57014], [-80.24133, 41.56986], [-80.24342, 41.56964], [-80.24662, 41.5693], [-80.25043, 41.56889], [-80.25356, 41.56856], [-80.25602, 41.5683], [-80.25859, 41.56803], [-80.26014, 41.56786], [-80.26221, 41.56763], [-80.26491, 41.56735], [-80.26728, 41.5671], [-80.27003, 41.56681], [-80.27383, 41.5664], [-80.27552, 41.56622], [-80.27748, 41.56601], [-80.27838, 41.56592], [-80.27852, 41.56591], [-80.27899, 41.56587], [-80.27955, 41.56585], [-80.27995, 41.56586], [-80.28053, 41.56589], [-80.28104, 41.56594], [-80.28185, 41.56607], [-80.28254, 41.56623], [-80.28412, 41.56677], [-80.28521, 41.56714], [-80.28609, 41.56746], [-80.28738, 41.56791], [-80.2887, 41.56839], [-80.28987, 41.5688], [-80.29205, 41.56958], [-80.29424, 41.57034], [-80.29641, 41.57112], [-80.29785, 41.57165], [-80.29985, 41.57233], [-80.30001, 41.57239], [-80.30135, 41.57286], [-80.30286, 41.57339], [-80.304, 41.57379], [-80.30532, 41.57426], [-80.30708, 41.57488], [-80.3086, 41.57542], [-80.31032, 41.57603], [-80.3122, 41.5766], [-80.3132, 41.57683], [-80.31425, 41.57699], [-80.31461, 41.57704], [-80.31557, 41.57711], [-80.31621, 41.57714], [-80.31701, 41.57714], [-80.31768, 41.57711], [-80.31837, 41.57706], [-80.31906, 41.57698], [-80.31958, 41.5769], [-80.32021, 41.57678], [-80.32081, 41.57665], [-80.32156, 41.57646], [-80.32234, 41.57621], [-80.32296, 41.57599], [-80.32377, 41.57565], [-80.32456, 41.57527], [-80.3254, 41.5748], [-80.32589, 41.57449], [-80.3262, 41.57426], [-80.32692, 41.5737], [-80.32721, 41.57345], [-80.32753, 41.57316], [-80.32783, 41.57286], [-80.32816, 41.57251], [-80.32853, 41.57207], [-80.32882, 41.57167], [-80.32903, 41.57139], [-80.32929, 41.57097], [-80.32959, 41.57043], [-80.32982, 41.56994], [-80.32995, 41.56963], [-80.3301, 41.56922], [-80.33022, 41.56882], [-80.33036, 41.56822], [-80.33045, 41.5677], [-80.33048, 41.56742], [-80.33051, 41.567], [-80.33052, 41.56661], [-80.33051, 41.56616], [-80.33049, 41.5652], [-80.33048, 41.5648], [-80.33048, 41.56446], [-80.33047, 41.5643], [-80.33045, 41.56316], [-80.33043, 41.56193], [-80.33042, 41.56124], [-80.3304, 41.56059], [-80.33039, 41.55983], [-80.33037, 41.55918], [-80.33035, 41.55819], [-80.33033, 41.55749], [-80.33032, 41.5567], [-80.3303, 41.55596], [-80.33028, 41.55513], [-80.33025, 41.55324], [-80.33021, 41.55118], [-80.33019, 41.54991], [-80.33018, 41.54958], [-80.33015, 41.54804], [-80.33013, 41.54708], [-80.33008, 41.5461], [-80.33006, 41.54395], [-80.33004, 41.54253], [-80.33002, 41.54177], [-80.32999, 41.5402], [-80.32995, 41.53806], [-80.32991, 41.53623], [-80.32986, 41.53373], [-80.32981, 41.53193], [-80.32978, 41.5298], [-80.32969, 41.52455], [-80.32963, 41.52171], [-80.32961, 41.52119], [-80.32959, 41.52054], [-80.3296, 41.52006], [-80.32969, 41.5195], [-80.32984, 41.51902], [-80.33025, 41.51828], [-80.33047, 41.51795], [-80.33075, 41.51759], [-80.33108, 41.51725], [-80.33146, 41.51691], [-80.33182, 41.51664], [-80.33224, 41.51637], [-80.33275, 41.5161], [-80.3332, 41.51589], [-80.33369, 41.5157], [-80.33425, 41.51553], [-80.33487, 41.51539], [-80.33545, 41.51531], [-80.33651, 41.51519], [-80.33697, 41.51513], [-80.33724, 41.51508], [-80.33752, 41.51501], [-80.33781, 41.51492], [-80.33827, 41.51476], [-80.33874, 41.51454], [-80.33924, 41.51425], [-80.33955, 41.51403], [-80.33984, 41.51379], [-80.34008, 41.51354], [-80.34023, 41.51337], [-80.34042, 41.51312], [-80.34056, 41.51291], [-80.34068, 41.5127], [-80.34081, 41.51241], [-80.34093, 41.51207], [-80.341, 41.51173], [-80.34104, 41.51141], [-80.34103, 41.51114], [-80.34099, 41.51054], [-80.34097, 41.51005], [-80.34092, 41.50929], [-80.34087, 41.5086], [-80.34083, 41.50803], [-80.34078, 41.50732], [-80.34072, 41.5062], [-80.34063, 41.50482], [-80.34057, 41.50392], [-80.34049, 41.50275], [-80.34039, 41.5011], [-80.34023, 41.49854], [-80.3401, 41.49651], [-80.34003, 41.49528], [-80.34, 41.49468], [-80.33992, 41.49351], [-80.33974, 41.49079], [-80.3397, 41.48995], [-80.33951, 41.48699], [-80.33942, 41.48541], [-80.33935, 41.48458], [-80.33929, 41.4834], [-80.33918, 41.48194], [-80.33911, 41.48053], [-80.33899, 41.47872], [-80.33895, 41.4777], [-80.33885, 41.47658], [-80.33875, 41.47566], [-80.3381, 41.47304], [-80.33784, 41.47239], [-80.33758, 41.4718], [-80.33724, 41.47105], [-80.33673, 41.46989], [-80.3364, 41.46915], [-80.33611, 41.4684], [-80.33595, 41.46766], [-80.33592, 41.46721], [-80.33597, 41.46658], [-80.3362, 41.46575], [-80.33631, 41.46547], [-80.33656, 41.465], [-80.33711, 41.46428], [-80.34336, 41.45777], [-80.34772, 41.45331], [-80.34988, 41.45101], [-80.35214, 41.44867], [-80.3538, 41.44695], [-80.35484, 41.44595], [-80.35534, 41.44547], [-80.35657, 41.44454], [-80.35767, 41.4438], [-80.35843, 41.44337], [-80.35921, 41.44295], [-80.36111, 41.44209], [-80.3635, 41.44102], [-80.3638, 41.44088], [-80.36571, 41.44003], [-80.36627, 41.43977], [-80.36716, 41.43926], [-80.36841, 41.43834], [-80.36922, 41.43757], [-80.36974, 41.43707], [-80.37018, 41.43642], [-80.37051, 41.43583], [-80.37077, 41.43495], [-80.37082, 41.43408], [-80.37054, 41.43274], [-80.36997, 41.42965], [-80.36997, 41.429], [-80.37015, 41.42831], [-80.37058, 41.42766], [-80.37118, 41.42695], [-80.37205, 41.42633], [-80.37307, 41.42564], [-80.37431, 41.4248], [-80.37513, 41.42395], [-80.37541, 41.4233], [-80.37557, 41.42245], [-80.37542, 41.42187], [-80.37468, 41.42061], [-80.37397, 41.41995], [-80.37315, 41.41923], [-80.37295, 41.41889], [-80.37275, 41.41853], [-80.37256, 41.41808], [-80.37246, 41.41768], [-80.3724, 41.41727], [-80.37242, 41.41717], [-80.37241, 41.41675], [-80.37249, 41.41627], [-80.3726, 41.41587], [-80.37381, 41.41215], [-80.37411, 41.41157], [-80.3745, 41.41117], [-80.37471, 41.41098], [-80.37494, 41.4108], [-80.37525, 41.41063], [-80.37548, 41.4105], [-80.37579, 41.41037], [-80.37615, 41.41025], [-80.37659, 41.41013], [-80.37795, 41.40977], [-80.37921, 41.40937], [-80.37953, 41.40925], [-80.37964, 41.40921], [-80.38015, 41.40897], [-80.38049, 41.40878], [-80.38119, 41.40833], [-80.38163, 41.40798], [-80.38179, 41.40783], [-80.38194, 41.40768], [-80.38209, 41.40753], [-80.38232, 41.40725], [-80.38253, 41.40696], [-80.38263, 41.40681], [-80.38274, 41.40661], [-80.38289, 41.40634], [-80.38302, 41.40606], [-80.3833, 41.40547], [-80.38414, 41.40366], [-80.38483, 41.40216], [-80.38496, 41.4019], [-80.3853, 41.40121], [-80.38599, 41.39974], [-80.38656, 41.39988], [-80.38656, 41.39988], [-80.38654, 41.39959], [-80.38657, 41.3993], [-80.38657, 41.39922], [-80.38662, 41.39898], [-80.38672, 41.39868], [-80.38691, 41.39819], [-80.38768, 41.39657], [-80.38812, 41.39565], [-80.38834, 41.39517], [-80.38852, 41.3948], [-80.38868, 41.39446], [-80.38887, 41.3941], [-80.3891, 41.39375], [-80.38942, 41.39334], [-80.38984, 41.39292], [-80.39022, 41.39259], [-80.39027, 41.39255], [-80.39106, 41.39181], [-80.3913, 41.39168], [-80.3915, 41.39151], [-80.392, 41.39098], [-80.3922, 41.39073], [-80.39242, 41.39046], [-80.39288, 41.38977], [-80.39318, 41.38932], [-80.39344, 41.38896], [-80.39368, 41.3886], [-80.3939, 41.38813], [-80.39397, 41.38796], [-80.39428, 41.38695], [-80.3948, 41.38519], [-80.39525, 41.38366], [-80.39559, 41.3825], [-80.39639, 41.3798], [-80.39647, 41.37948], [-80.39652, 41.37916], [-80.39653, 41.37896], [-80.39648, 41.37868], [-80.39647, 41.37845], [-80.39645, 41.37832], [-80.39643, 41.37808], [-80.39644, 41.37789], [-80.39648, 41.37765], [-80.39678, 41.37681], [-80.39719, 41.37586], [-80.39764, 41.37502], [-80.39965, 41.37057], [-80.40102, 41.36765], [-80.40123, 41.36722], [-80.40201, 41.36554], [-80.40278, 41.36394], [-80.40299, 41.36351], [-80.40303, 41.36344], [-80.40357, 41.36238], [-80.40385, 41.36192], [-80.40415, 41.36148], [-80.40452, 41.361], [-80.4049, 41.36055], [-80.40567, 41.35973], [-80.40621, 41.35923], [-80.40686, 41.35868], [-80.41017, 41.3563], [-80.41064, 41.35595], [-80.41267, 41.35451], [-80.41335, 41.35403], [-80.41467, 41.35307], [-80.41542, 41.35253], [-80.41645, 41.35179], [-80.41699, 41.35141], [-80.41925, 41.34978], [-80.42045, 41.34892], [-80.42273, 41.34726], [-80.42774, 41.34368], [-80.42885, 41.34247], [-80.42951, 41.34144], [-80.43005, 41.34005], [-80.43016, 41.34], [-80.43205, 41.33266], [-80.43794, 41.30791], [-80.43989, 41.30544], [-80.4441, 41.3044], [-80.44807, 41.3055], [-80.4866, 41.33127], [-80.50568, 41.33506], [-80.51942, 41.33898], [-80.56898, 41.35939], [-80.72524, 41.33014], [-80.81904, 41.2368], [-80.8199, 41.23323], [-80.82061, 41.23323], [-80.82148, 41.23321], [-80.82239, 41.23321], [-80.82322, 41.23322], [-80.82561, 41.23326], [-80.82654, 41.23328], [-80.82912, 41.23329], [-80.82997, 41.23331], [-80.83263, 41.23332], [-80.83272, 41.23332], [-80.83358, 41.23336], [-80.83375, 41.23337], [-80.83598, 41.23357], [-80.83715, 41.23368], [-80.83991, 41.23393], [-80.84044, 41.23398], [-80.84427, 41.23432], [-80.84707, 41.23457], [-80.84925, 41.23477], [-80.85307, 41.23512], [-80.85352, 41.23517], [-80.85953, 41.2357], [-80.86287, 41.23599], [-80.8673, 41.2364], [-80.86795, 41.23645], [-80.86877, 41.23651], [-80.87402, 41.23692], [-80.87577, 41.23708], [-80.87629, 41.23761], [-80.87806, 41.23776], [-80.88031, 41.23794], [-80.88055, 41.23749], [-80.88089, 41.23753], [-80.88168, 41.2376], [-80.88246, 41.23767], [-80.88506, 41.23789], [-80.88573, 41.23794], [-80.8862, 41.23794], [-80.88653, 41.23793], [-80.88714, 41.2379], [-80.88849, 41.23783], [-80.88873, 41.23783], [-80.88942, 41.23778], [-80.8897, 41.23775], [-80.89006, 41.23769], [-80.89034, 41.23764], [-80.8906, 41.23756], [-80.89105, 41.23743], [-80.89225, 41.23702], [-80.8932, 41.2367], [-80.89365, 41.23653], [-80.89402, 41.23636], [-80.89437, 41.23616], [-80.89502, 41.23576], [-80.89586, 41.23522], [-80.89684, 41.2346], [-80.8973, 41.2343], [-80.89914, 41.23313], [-80.89988, 41.23266], [-80.90062, 41.23219], [-80.90086, 41.23203], [-80.90154, 41.2316], [-80.90261, 41.23091], [-80.9054, 41.22913], [-80.90574, 41.22892], [-80.90848, 41.22715], [-80.91004, 41.22616], [-80.9107, 41.22577], [-80.91112, 41.22555], [-80.91155, 41.22535], [-80.91305, 41.2247], [-80.91369, 41.22439], [-80.91519, 41.22374], [-80.92166, 41.22086], [-80.92345, 41.22006], [-80.92413, 41.21975], [-80.92493, 41.21938], [-80.92577, 41.21891], [-80.92638, 41.2185], [-80.92723, 41.21774], [-80.92777, 41.21727], [-80.93052, 41.21482], [-80.93107, 41.21432], [-80.93464, 41.2111], [-80.93803, 41.20811], [-80.94026, 41.20613], [-80.941, 41.20548], [-80.94122, 41.20531], [-80.94201, 41.20478], [-80.94254, 41.20448], [-80.94311, 41.20421], [-80.94369, 41.20395], [-80.94447, 41.20367], [-80.94543, 41.2034], [-80.94697, 41.20302], [-80.94751, 41.20289], [-80.94903, 41.20249], [-80.95091, 41.20204], [-80.95288, 41.20153], [-80.95373, 41.20134], [-80.95414, 41.20123], [-80.95494, 41.20097], [-80.95697, 41.19998], [-80.9575, 41.19974], [-80.95789, 41.19952], [-80.95826, 41.19929], [-80.95881, 41.1989], [-80.95958, 41.19844], [-80.96055, 41.19783], [-80.96098, 41.19758], [-80.96152, 41.1973], [-80.96231, 41.19686], [-80.96349, 41.19618], [-80.96392, 41.19595], [-80.965, 41.19532], [-80.96522, 41.19517], [-80.96547, 41.195], [-80.96558, 41.1949], [-80.96571, 41.19476], [-80.96586, 41.19456], [-80.96598, 41.1944], [-80.96611, 41.19415], [-80.9663, 41.19372], [-80.9668, 41.19247], [-80.96709, 41.19181], [-80.96727, 41.19151], [-80.96747, 41.19125], [-80.96772, 41.19102], [-80.9679, 41.19091], [-80.96812, 41.1908], [-80.96827, 41.19073], [-80.96844, 41.19068], [-80.96877, 41.19061], [-80.96911, 41.19056], [-80.96966, 41.19058], [-80.96994, 41.19061], [-80.97058, 41.19064], [-80.97093, 41.19072], [-80.97107, 41.19074], [-80.97121, 41.19072], [-80.97129, 41.19073], [-80.97241, 41.19085], [-80.97264, 41.19088], [-80.97353, 41.19098], [-80.9742, 41.19106], [-80.97442, 41.19112], [-80.97551, 41.19125], [-80.97581, 41.19124], [-80.97635, 41.19131], [-80.97653, 41.1913], [-80.97635, 41.19131], [-80.97679, 41.19139], [-80.97912, 41.19166], [-80.97921, 41.19167], [-80.97943, 41.19169], [-80.98065, 41.19183], [-80.98604, 41.19249], [-80.98788, 41.1927], [-80.98857, 41.19274], [-80.98958, 41.19283], [-80.99035, 41.19293], [-80.99118, 41.19295], [-80.99187, 41.19302], [-80.99302, 41.19302], [-80.99386, 41.19303], [-80.99464, 41.19303], [-80.99541, 41.19302], [-80.99632, 41.19304], [-80.99709, 41.19293], [-80.99799, 41.19295], [-80.99881, 41.19285], [-80.99962, 41.19274], [-81.00051, 41.19265], [-81.00159, 41.19255], [-81.00252, 41.19241], [-81.00303, 41.19233], [-81.0036, 41.19223], [-81.00378, 41.19224], [-81.00398, 41.19213], [-81.00451, 41.19203], [-81.00494, 41.19203], [-81.00538, 41.19194], [-81.00561, 41.19185], [-81.006, 41.19172], [-81.0064, 41.19163], [-81.00694, 41.19154], [-81.00744, 41.19138], [-81.00785, 41.19128], [-81.00873, 41.19104], [-81.00976, 41.19074], [-81.01079, 41.19042], [-81.01165, 41.19019], [-81.01277, 41.18984], [-81.01381, 41.18955], [-81.01436, 41.18934], [-81.0147, 41.18923], [-81.01559, 41.18901], [-81.01624, 41.18874], [-81.01663, 41.18862], [-81.01698, 41.18851], [-81.0171, 41.18847], [-81.01905, 41.18786], [-81.02021, 41.18749], [-81.02167, 41.18704], [-81.02308, 41.18659], [-81.02486, 41.18603], [-81.0261, 41.18564], [-81.02732, 41.18526], [-81.0293, 41.18464], [-81.03125, 41.18403], [-81.03271, 41.18357], [-81.03481, 41.18291], [-81.0369, 41.18225], [-81.038, 41.18191], [-81.03915, 41.18155], [-81.04056, 41.1811], [-81.0414, 41.18084], [-81.04215, 41.18061], [-81.04337, 41.18022], [-81.0446, 41.17984], [-81.04582, 41.17945], [-81.048, 41.17877], [-81.04899, 41.17846], [-81.04954, 41.17829], [-81.05054, 41.17793], [-81.05194, 41.17753], [-81.05381, 41.17694], [-81.05749, 41.17579], [-81.06116, 41.17464], [-81.06297, 41.17407], [-81.06471, 41.17352], [-81.0662, 41.17305], [-81.06877, 41.17225], [-81.07133, 41.17144], [-81.07144, 41.17141], [-81.07307, 41.17089], [-81.07384, 41.17063], [-81.07473, 41.17033], [-81.07538, 41.1701], [-81.07612, 41.16982], [-81.07753, 41.16923], [-81.08005, 41.16822], [-81.08101, 41.16784], [-81.08273, 41.16715], [-81.08528, 41.16613], [-81.08851, 41.16484], [-81.08984, 41.16431], [-81.09118, 41.16381], [-81.09316, 41.16298], [-81.09327, 41.16294], [-81.09398, 41.1627], [-81.0944, 41.16253], [-81.09454, 41.16243], [-81.09492, 41.16232], [-81.09574, 41.16195], [-81.09655, 41.16163], [-81.09828, 41.16094], [-81.09913, 41.16064], [-81.10043, 41.16012], [-81.10171, 41.15962], [-81.10278, 41.15922], [-81.10384, 41.15886], [-81.10465, 41.1586], [-81.10573, 41.15828], [-81.10673, 41.15801], [-81.10769, 41.15776], [-81.10907, 41.15745], [-81.10971, 41.15731], [-81.11043, 41.15717], [-81.11114, 41.15705], [-81.11195, 41.15692], [-81.11299, 41.15676], [-81.11351, 41.15669], [-81.11405, 41.15662], [-81.11466, 41.15655], [-81.11696, 41.15628], [-81.11796, 41.15617], [-81.11904, 41.15604], [-81.11909, 41.15603], [-81.11976, 41.15595], [-81.12081, 41.15583], [-81.12192, 41.1557], [-81.12265, 41.15558], [-81.124, 41.15542], [-81.12408, 41.15545], [-81.12421, 41.15543], [-81.12555, 41.15524], [-81.12908, 41.15483], [-81.13348, 41.15435], [-81.13532, 41.15413], [-81.13685, 41.15399], [-81.13737, 41.15393], [-81.13867, 41.15374], [-81.13943, 41.15369], [-81.14155, 41.1534], [-81.14344, 41.15322], [-81.14441, 41.15307], [-81.14538, 41.15296], [-81.14707, 41.15276], [-81.14773, 41.15268], [-81.14884, 41.15255], [-81.1503, 41.15241], [-81.15192, 41.15227], [-81.15511, 41.15201], [-81.15698, 41.15185], [-81.15893, 41.15169], [-81.16099, 41.15153], [-81.16308, 41.15136], [-81.16488, 41.15121], [-81.16755, 41.15099], [-81.16804, 41.15095], [-81.16913, 41.15086], [-81.16998, 41.1508], [-81.17077, 41.15073], [-81.17228, 41.15061], [-81.17377, 41.15049], [-81.17433, 41.15045], [-81.17493, 41.15041], [-81.1772, 41.15028], [-81.17821, 41.15022], [-81.17899, 41.15017], [-81.18034, 41.15009], [-81.18313, 41.14993], [-81.18439, 41.14985], [-81.18466, 41.14984], [-81.18906, 41.14957], [-81.19321, 41.14933], [-81.19473, 41.14924], [-81.19488, 41.14923], [-81.19521, 41.14921], [-81.19594, 41.14917], [-81.19924, 41.14897], [-81.2104, 41.14831], [-81.21572, 41.148], [-81.21711, 41.14795], [-81.21844, 41.14794], [-81.21953, 41.14796], [-81.21968, 41.14796], [-81.22026, 41.14798], [-81.22097, 41.14798], [-81.22194, 41.14807], [-81.22233, 41.14807], [-81.22262, 41.14809], [-81.22362, 41.14818], [-81.22524, 41.14837], [-81.22685, 41.14861], [-81.22943, 41.1489], [-81.23084, 41.14909], [-81.23235, 41.14926], [-81.23404, 41.14948], [-81.23459, 41.14958], [-81.23527, 41.14967], [-81.23582, 41.1497], [-81.23635, 41.14979], [-81.23684, 41.14982], [-81.23727, 41.14985], [-81.23793, 41.14988], [-81.23851, 41.14989], [-81.23883, 41.14989], [-81.23919, 41.14988], [-81.23955, 41.14988], [-81.23999, 41.14986], [-81.24037, 41.1498], [-81.24073, 41.14978], [-81.2412, 41.14974], [-81.24164, 41.1497], [-81.24217, 41.14964], [-81.2425, 41.14959], [-81.24287, 41.14958], [-81.24329, 41.14947], [-81.24371, 41.1494], [-81.24402, 41.14934], [-81.24515, 41.1491], [-81.24562, 41.14934], [-81.24562, 41.14934], [-81.246, 41.14898], [-81.24658, 41.14886], [-81.24738, 41.14867], [-81.24781, 41.1486], [-81.24822, 41.14858], [-81.24862, 41.14851], [-81.24892, 41.14849], [-81.24941, 41.14847], [-81.24986, 41.14847], [-81.25035, 41.14852], [-81.25071, 41.14851], [-81.25101, 41.14857], [-81.25137, 41.14858], [-81.25171, 41.14866], [-81.25272, 41.14876], [-81.25373, 41.1489], [-81.25474, 41.14907], [-81.25572, 41.14917], [-81.25588, 41.1492], [-81.2587, 41.14962], [-81.25893, 41.14965], [-81.2596, 41.14974], [-81.26093, 41.14992], [-81.26422, 41.15037], [-81.26596, 41.15061], [-81.26784, 41.15086], [-81.2693, 41.15106], [-81.27098, 41.15129], [-81.27249, 41.15149], [-81.2742, 41.15173], [-81.27671, 41.15203], [-81.27894, 41.15234], [-81.28057, 41.15259], [-81.28131, 41.15264], [-81.28206, 41.15273], [-81.28306, 41.15275], [-81.28387, 41.15281], [-81.28514, 41.15279], [-81.30016, 41.15261], [-81.30124, 41.1526], [-81.30223, 41.1526], [-81.30305, 41.15262], [-81.30378, 41.15266], [-81.30435, 41.1527], [-81.30505, 41.15277], [-81.30589, 41.15288], [-81.30662, 41.153], [-81.30734, 41.15314], [-81.30809, 41.1533], [-81.30885, 41.15349], [-81.30983, 41.15377], [-81.31038, 41.15394], [-81.31102, 41.15417], [-81.31178, 41.15447], [-81.31258, 41.1548], [-81.31368, 41.15527], [-81.31466, 41.15568], [-81.31519, 41.1559], [-81.3158, 41.15616], [-81.3161, 41.15629], [-81.31785, 41.15702], [-81.31882, 41.15743], [-81.3201, 41.15798], [-81.32152, 41.15854], [-81.32275, 41.15906], [-81.32441, 41.1598], [-81.32558, 41.16029], [-81.32635, 41.16061], [-81.32676, 41.16079], [-81.3269, 41.16085], [-81.32715, 41.16091], [-81.32745, 41.16104], [-81.32806, 41.1613], [-81.32882, 41.16162], [-81.32935, 41.16188], [-81.33002, 41.16217], [-81.33061, 41.16237], [-81.33134, 41.16268], [-81.33195, 41.16294], [-81.3327, 41.16325], [-81.33332, 41.16355], [-81.33381, 41.16376], [-81.33433, 41.16398], [-81.33503, 41.16428], [-81.33564, 41.16449], [-81.33625, 41.16475], [-81.33676, 41.16501], [-81.33732, 41.16525], [-81.33783, 41.16547], [-81.33834, 41.16568], [-81.33878, 41.16587], [-81.33921, 41.166], [-81.33976, 41.1662], [-81.34026, 41.16636], [-81.3407, 41.16649], [-81.34116, 41.16659], [-81.3417, 41.1667], [-81.34227, 41.16678], [-81.34276, 41.16684], [-81.34326, 41.16688], [-81.34377, 41.1669], [-81.34428, 41.1669], [-81.34475, 41.16688], [-81.34522, 41.16685], [-81.34566, 41.1668], [-81.34612, 41.16678], [-81.34663, 41.16665], [-81.34726, 41.16652], [-81.34775, 41.16639], [-81.34824, 41.16623], [-81.34866, 41.16609], [-81.34904, 41.16598], [-81.34945, 41.1658], [-81.34975, 41.16567], [-81.35016, 41.16541], [-81.35083, 41.16505], [-81.35154, 41.16466], [-81.35225, 41.16426], [-81.35296, 41.16387], [-81.35351, 41.16356], [-81.35382, 41.16343], [-81.35417, 41.1632], [-81.35498, 41.16274], [-81.3554, 41.16252], [-81.35577, 41.16231], [-81.35617, 41.16209], [-81.35651, 41.16188], [-81.35678, 41.1617], [-81.35706, 41.16151], [-81.35736, 41.16125], [-81.35758, 41.16104], [-81.35782, 41.16076], [-81.35801, 41.16052], [-81.35813, 41.16034], [-81.35825, 41.16014], [-81.35834, 41.15996], [-81.35843, 41.15978], [-81.3585, 41.1596], [-81.35863, 41.15918], [-81.35867, 41.15899], [-81.35871, 41.15873], [-81.35875, 41.15843], [-81.35878, 41.15793], [-81.35881, 41.15742], [-81.35884, 41.15694], [-81.35887, 41.15645], [-81.3589, 41.15599], [-81.35893, 41.15551], [-81.35896, 41.15505], [-81.359, 41.1547], [-81.35904, 41.15441], [-81.35909, 41.15415], [-81.3592, 41.15388], [-81.35922, 41.15368], [-81.35934, 41.15345], [-81.35944, 41.15308], [-81.35956, 41.15284], [-81.35969, 41.15259], [-81.35985, 41.15242], [-81.36002, 41.15214], [-81.36033, 41.15173], [-81.36055, 41.15146], [-81.36077, 41.15122], [-81.36106, 41.15092], [-81.36131, 41.15063], [-81.36146, 41.1505], [-81.36183, 41.15023], [-81.36209, 41.15004], [-81.36231, 41.14986], [-81.36272, 41.14959], [-81.36316, 41.14931], [-81.36363, 41.14903], [-81.36422, 41.14871], [-81.36489, 41.14833], [-81.36536, 41.14806], [-81.36591, 41.14775], [-81.3663, 41.14751], [-81.36659, 41.14732], [-81.36698, 41.14702], [-81.36737, 41.1468], [-81.36772, 41.14649], [-81.36801, 41.14626], [-81.36839, 41.14596], [-81.36872, 41.14568], [-81.36907, 41.14538], [-81.36931, 41.14516], [-81.36976, 41.14473], [-81.37014, 41.14438], [-81.37045, 41.14408], [-81.37089, 41.14368], [-81.3712, 41.14341], [-81.37152, 41.14316], [-81.37187, 41.14287], [-81.37228, 41.14261], [-81.37267, 41.14232], [-81.37306, 41.14205], [-81.37337, 41.14179], [-81.37366, 41.14165], [-81.37395, 41.14142], [-81.37455, 41.14109], [-81.37497, 41.14082], [-81.37559, 41.14048], [-81.3761, 41.14026], [-81.37656, 41.14], [-81.37705, 41.13982], [-81.37762, 41.13957], [-81.37815, 41.13935], [-81.37876, 41.13912], [-81.37927, 41.1389], [-81.37986, 41.13871], [-81.38037, 41.13855], [-81.38096, 41.13838], [-81.38155, 41.13826], [-81.38208, 41.13809], [-81.38269, 41.13795], [-81.38331, 41.13783], [-81.38389, 41.13772], [-81.38452, 41.13762], [-81.38513, 41.13753], [-81.38577, 41.13746], [-81.38642, 41.13739], [-81.38716, 41.13733], [-81.38812, 41.13725], [-81.38906, 41.13718], [-81.38997, 41.13711], [-81.39084, 41.13704], [-81.39157, 41.13698], [-81.39218, 41.13694], [-81.3959, 41.13664], [-81.39746, 41.13651], [-81.39812, 41.13646], [-81.40071, 41.13629], [-81.40119, 41.13625], [-81.41003, 41.13556], [-81.41432, 41.13522], [-81.41751, 41.13493], [-81.41816, 41.1349], [-81.41882, 41.13488], [-81.41944, 41.13487], [-81.41975, 41.13491], [-81.41993, 41.13488], [-81.4204, 41.13493], [-81.42048, 41.13493], [-81.4213, 41.13498], [-81.42185, 41.13502], [-81.42252, 41.1351], [-81.42313, 41.13517], [-81.42375, 41.13527], [-81.42443, 41.13539], [-81.42509, 41.13553], [-81.42564, 41.13565], [-81.42623, 41.1358], [-81.42688, 41.13598], [-81.42746, 41.13612], [-81.42812, 41.13634], [-81.42934, 41.13677], [-81.43079, 41.13731], [-81.43304, 41.13809], [-81.4333, 41.13817], [-81.43409, 41.13845], [-81.43702, 41.13947], [-81.43899, 41.14015], [-81.43918, 41.14017], [-81.44162, 41.14102], [-81.44204, 41.14116], [-81.44259, 41.14134], [-81.4432, 41.14152], [-81.44388, 41.14171], [-81.44458, 41.14187], [-81.44478, 41.14192], [-81.44503, 41.14197], [-81.44554, 41.14211], [-81.44594, 41.14218], [-81.44637, 41.14225], [-81.44655, 41.14228], [-81.44688, 41.14233], [-81.44736, 41.14239], [-81.44791, 41.14244], [-81.44871, 41.14251], [-81.44939, 41.14255], [-81.45003, 41.14254], [-81.45249, 41.14262], [-81.45462, 41.14274], [-81.45545, 41.14273], [-81.45547, 41.14273], [-81.45555, 41.14273], [-81.45623, 41.14276], [-81.45837, 41.14287], [-81.45953, 41.14292], [-81.46337, 41.14306], [-81.46466, 41.14306], [-81.46493, 41.14311], [-81.46543, 41.14308], [-81.46621, 41.14307], [-81.46664, 41.14306], [-81.46734, 41.14302], [-81.46805, 41.14297], [-81.46876, 41.1429], [-81.46933, 41.14282], [-81.46975, 41.14276], [-81.46991, 41.14277], [-81.47002, 41.14276], [-81.47022, 41.14272], [-81.47086, 41.14261], [-81.47143, 41.14245], [-81.47152, 41.14247], [-81.47169, 41.14239], [-81.47218, 41.14231], [-81.47252, 41.14218], [-81.47286, 41.14209], [-81.47298, 41.14206], [-81.47339, 41.14197], [-81.47392, 41.14178], [-81.47429, 41.14159], [-81.47464, 41.14144], [-81.47504, 41.14125], [-81.47541, 41.14105], [-81.47578, 41.14083], [-81.47619, 41.14057], [-81.4765, 41.14035], [-81.47692, 41.14003], [-81.47721, 41.13978], [-81.47754, 41.13948], [-81.47776, 41.13927], [-81.47787, 41.13916], [-81.47816, 41.13885], [-81.47834, 41.13864], [-81.47851, 41.13844], [-81.47875, 41.13814], [-81.47896, 41.13779], [-81.47919, 41.13752], [-81.47934, 41.13728], [-81.47945, 41.13709], [-81.47963, 41.13676], [-81.47975, 41.1365], [-81.4799, 41.13619], [-81.48008, 41.13573], [-81.48018, 41.13543], [-81.48038, 41.13492], [-81.48048, 41.1345], [-81.48048, 41.13427], [-81.48054, 41.1342], [-81.48057, 41.13409], [-81.4806, 41.13391], [-81.48065, 41.13365], [-81.48068, 41.13353], [-81.48065, 41.13343], [-81.48089, 41.13251], [-81.48098, 41.13215], [-81.4811, 41.13151], [-81.48121, 41.13114], [-81.48137, 41.13063], [-81.4814, 41.13054], [-81.48156, 41.13023], [-81.48176, 41.12968], [-81.48193, 41.12916], [-81.48226, 41.12841], [-81.48232, 41.1283], [-81.48251, 41.12791], [-81.48284, 41.12731], [-81.48286, 41.12728], [-81.48291, 41.12718], [-81.48547, 41.12263], [-81.48558, 41.12245], [-81.48589, 41.12188], [-81.48602, 41.12165], [-81.48699, 41.11992], [-81.4872, 41.11956], [-81.48726, 41.11947], [-81.48737, 41.11929], [-81.48746, 41.11916], [-81.48763, 41.1189], [-81.48776, 41.11864], [-81.48792, 41.11842], [-81.48802, 41.11829], [-81.48843, 41.11774], [-81.48853, 41.11762], [-81.48858, 41.11746], [-81.48879, 41.11726], [-81.48892, 41.11709], [-81.489, 41.11699], [-81.48935, 41.11653], [-81.48973, 41.11603], [-81.4903, 41.11528], [-81.49077, 41.11471], [-81.491, 41.11426], [-81.4912, 41.11393], [-81.49138, 41.11359], [-81.49156, 41.11322], [-81.49172, 41.11284], [-81.49197, 41.11223], [-81.49225, 41.11153], [-81.49229, 41.11143], [-81.49265, 41.11051], [-81.4928, 41.1101], [-81.4929, 41.10979], [-81.49299, 41.10938], [-81.49304, 41.10908], [-81.49313, 41.10876], [-81.49312, 41.10848], [-81.4931, 41.10829], [-81.49304, 41.10801], [-81.49297, 41.10774], [-81.49288, 41.10749], [-81.49277, 41.10725], [-81.49264, 41.10701], [-81.49248, 41.10678], [-81.49237, 41.10663], [-81.4921, 41.10632], [-81.49181, 41.10603], [-81.49072, 41.10498], [-81.49028, 41.10459], [-81.48998, 41.10425], [-81.48976, 41.10399], [-81.48953, 41.1037], [-81.48927, 41.10333], [-81.48896, 41.10286], [-81.48882, 41.10255], [-81.48851, 41.10215], [-81.48809, 41.10151], [-81.4879, 41.10123], [-81.48769, 41.10095], [-81.48751, 41.10066], [-81.48736, 41.1005], [-81.48696, 41.10014], [-81.48614, 41.09944], [-81.48601, 41.09931], [-81.48584, 41.09915], [-81.48559, 41.0989], [-81.48526, 41.09851], [-81.48491, 41.09809], [-81.48462, 41.09774], [-81.48453, 41.09761], [-81.48445, 41.0975], [-81.48431, 41.09726], [-81.48425, 41.09714], [-81.4842, 41.09701], [-81.48416, 41.09688], [-81.48412, 41.09673], [-81.48409, 41.0966], [-81.48407, 41.09645], [-81.48403, 41.09585], [-81.48401, 41.09545], [-81.48399, 41.09518], [-81.48398, 41.09498], [-81.48396, 41.0945], [-81.48396, 41.09422], [-81.48398, 41.09396], [-81.484, 41.09385], [-81.48397, 41.09374], [-81.484, 41.09362], [-81.48408, 41.09338], [-81.48416, 41.09319], [-81.4843, 41.09294], [-81.48436, 41.09285], [-81.48448, 41.09269], [-81.48457, 41.09258], [-81.48465, 41.09248], [-81.48481, 41.09232], [-81.48519, 41.092], [-81.48565, 41.09161], [-81.4858, 41.09149], [-81.48601, 41.09129], [-81.48619, 41.09109], [-81.48627, 41.09099], [-81.4864, 41.09081], [-81.48657, 41.09052], [-81.48672, 41.09032], [-81.48772, 41.0879], [-81.48775, 41.08769], [-81.48794, 41.08741], [-81.48802, 41.08729], [-81.48817, 41.08708], [-81.48827, 41.08697], [-81.48835, 41.08689], [-81.48844, 41.08682], [-81.48853, 41.08667], [-81.48893, 41.08637], [-81.48921, 41.08613], [-81.48935, 41.08601], [-81.48946, 41.08589], [-81.48961, 41.0858], [-81.48965, 41.08576], [-81.48973, 41.08568], [-81.48981, 41.08561], [-81.49001, 41.08544], [-81.49019, 41.08529], [-81.49039, 41.08515], [-81.49056, 41.08499], [-81.49098, 41.08473], [-81.49122, 41.0846], [-81.49147, 41.08447], [-81.4917, 41.08437], [-81.49187, 41.0843], [-81.49209, 41.08421], [-81.49234, 41.08412], [-81.49248, 41.08408], [-81.49272, 41.08401], [-81.49295, 41.08395], [-81.49332, 41.08392], [-81.49355, 41.08388], [-81.49381, 41.08385], [-81.49409, 41.08382], [-81.49431, 41.0838], [-81.49455, 41.0838], [-81.49476, 41.0838], [-81.49501, 41.08381], [-81.49528, 41.08383], [-81.49546, 41.08385], [-81.4959, 41.08388], [-81.49606, 41.08391], [-81.49618, 41.08398], [-81.49651, 41.08403], [-81.49679, 41.08411], [-81.49695, 41.08422], [-81.49711, 41.08423], [-81.49735, 41.08434], [-81.49748, 41.08441], [-81.4978, 41.08464], [-81.49801, 41.08477], [-81.49841, 41.08506], [-81.49904, 41.08556], [-81.49953, 41.08596], [-81.49988, 41.08622], [-81.50007, 41.08634], [-81.50039, 41.08647], [-81.50063, 41.08658], [-81.50092, 41.08673], [-81.5011, 41.08679], [-81.50144, 41.08676], [-81.50176, 41.08692], [-81.50196, 41.087], [-81.50215, 41.08703], [-81.50229, 41.08704], [-81.50246, 41.08706], [-81.5028, 41.08707], [-81.50311, 41.08706], [-81.50326, 41.08758], [-81.50391, 41.08761], [-81.50423, 41.08763], [-81.50455, 41.08763], [-81.50481, 41.08762], [-81.50778, 41.08747], [-81.51097, 41.08728], [-81.51121, 41.08725], [-81.51143, 41.08723], [-81.51159, 41.08722], [-81.51172, 41.08721], [-81.51192, 41.08718], [-81.51276, 41.08699], [-81.513, 41.08696], [-81.5132, 41.08694], [-81.51335, 41.08694], [-81.51343, 41.08694], [-81.51357, 41.08696], [-81.51378, 41.08699], [-81.51403, 41.08704], [-81.51464, 41.08719], [-81.51578, 41.08748], [-81.51586, 41.0875], [-81.51636, 41.08765], [-81.51653, 41.0877], [-81.51671, 41.08775], [-81.51697, 41.08784], [-81.51718, 41.08791], [-81.51732, 41.08797], [-81.51754, 41.08807], [-81.51775, 41.08816], [-81.51807, 41.08831], [-81.51826, 41.08817], [-81.51827, 41.08789], [-81.51826, 41.0874], [-81.51825, 41.08716], [-81.52021, 41.07322], [-81.52765, 41.0564], [-81.53489, 41.05051], [-81.54307, 41.04625], [-81.55144, 41.03958], [-81.55772, 41.03777], [-81.5742, 41.03633], [-81.59713, 41.02226], [-81.62306, 41.0186], [-81.64244, 41.01919], [-81.65292, 41.01542], [-81.67745, 41.01311], [-81.69294, 41.01599], [-81.70311, 41.01117], [-81.70791, 41.01043], [-81.71317, 41.01168], [-81.71956, 41.01618], [-81.72337, 41.02657], [-81.71956, 41.01618], [-81.72482, 41.01772], [-81.73193, 41.01723], [-81.73486, 41.01574], [-81.7368, 41.00834], [-81.74494, 41.00281], [-81.75314, 40.98792], [-81.77267, 40.9744], [-81.77208, 40.97001], [-81.76867, 40.96937], [-81.79802, 40.96252], [-81.82863, 40.96363], [-81.84735, 40.96989], [-81.86291, 41.00431], [-81.86374, 41.01011], [-81.89656, 40.98292], [-81.9331, 40.98796], [-81.98331, 40.99132], [-82.01356, 40.98803], [-82.04201, 40.9894], [-82.05279, 40.98759], [-82.07468, 40.98049], [-82.08701, 40.98051], [-82.10961, 40.96961], [-82.12248, 40.96504], [-82.1684, 40.95888], [-82.18823, 40.947], [-82.19203, 40.9471], [-82.20068, 40.95107], [-82.20687, 40.95212], [-82.21253, 40.95125], [-82.21945, 40.94778], [-82.25557, 40.9272], [-82.27915, 40.90992], [-82.28311, 40.90546], [-82.28725, 40.89595], [-82.29917, 40.887], [-82.30754, 40.87409], [-82.31153, 40.87225], [-82.31527, 40.87259], [-82.32413, 40.87971], [-82.3355, 40.88455], [-82.34151, 40.88544], [-82.34687, 40.88382], [-82.38348, 40.83241], [-82.39554, 40.82226], [-82.40067, 40.81987], [-82.45325, 40.81606], [-82.47304, 40.82222], [-82.4852, 40.82976], [-82.48929, 40.83032], [-82.49352, 40.8292], [-82.49701, 40.82489], [-82.50135, 40.79057], [-82.51036, 40.77163], [-82.51381, 40.77153], [-82.51769, 40.77791], [-82.50804, 40.76133], [-82.51545, 40.75839], [-82.59017, 40.75954], [-82.6475, 40.75936], [-82.65611, 40.75958], [-82.66849, 40.76414], [-82.67474, 40.76427], [-82.7748, 40.73375], [-82.7851, 40.7325], [-82.78818, 40.72812], [-82.79454, 40.72659], [-82.81832, 40.71583], [-82.8395, 40.70817], [-82.95933, 40.6406], [-82.96881, 40.63708], [-83.11705, 40.59145], [-83.14845, 40.58921], [-83.15875, 40.5859], [-83.18913, 40.58585], [-83.18952, 40.58853], [-83.1891325, 40.5858508], [-83.1597056, 40.585864], [-83.1583673, 40.585926], [-83.1573364, 40.5860507], [-83.1565538, 40.5862024], [-83.1550842, 40.5866322], [-83.1542781, 40.5869555], [-83.1516504, 40.5882665], [-83.1509251, 40.588566], [-83.1498943, 40.5889033], [-83.1491873, 40.5890726], [-83.1476613, 40.5893033], [-83.1411519, 40.5896496], [-83.1411262, 40.5895961], [-83.140187, 40.5896295], [-83.1399827, 40.5885855], [-83.140254, 40.5865949], [-83.1398715, 40.5877828], [-83.1398432, 40.5882653], [-83.1455026, 40.5873442], [-83.1458214, 40.586623], [-83.1468597, 40.5832018], [-83.1473119, 40.5819808], [-83.147965, 40.5811159], [-83.1486567, 40.5804886], [-83.1846535, 40.5533154], [-83.2054528, 40.5377775], [-83.2138931, 40.531401], [-83.2152998, 40.5301409], [-83.2615742, 40.4740044], [-83.2952591, 40.4329559], [-83.2957593, 40.4321936], [-83.2968529, 40.4308557], [-83.2969823, 40.4306577], [-83.2970863, 40.4302922], [-83.2972086, 40.4294919], [-83.2972373, 40.4287222], [-83.2971959, 40.4284332], [-83.2967221, 40.4268854], [-83.29709, 40.43029], [-83.29526, 40.43296], [-83.30503, 40.42249], [-83.44071, 40.32073], [-83.53682, 40.23345], [-83.55668, 40.22401], [-83.57582, 40.21735], [-83.61862, 40.20875], [-83.65743, 40.20956], [-83.66766, 40.20584], [-83.72161, 40.15251], [-83.74035, 40.12469], [-83.75606, 40.11131], [-83.75002, 40.11633], [-83.76567, 40.10382], [-83.76521, 40.1013], [-83.77761, 40.09145], [-83.78452, 40.0791], [-83.80873, 39.9851], [-83.80795, 39.98006], [-83.79973, 39.96246], [-83.80069, 39.94903], [-83.79037, 39.93739], [-83.78894, 39.93129], [-83.79099, 39.92659], [-83.79402, 39.92398], [-83.80466, 39.92129], [-83.81032, 39.9222], [-83.83493, 39.92713], [-83.84147, 39.9267], [-83.88011, 39.91293], [-83.88529, 39.90916], [-83.91599, 39.89994], [-83.93838, 39.88768], [-83.93969, 39.88699], [-84.01357, 39.82191], [-84.01923, 39.81866], [-84.01394, 39.82162], [-84.04302, 39.7958], [-84.04917, 39.79236], [-84.05983, 39.79094], [-84.08249, 39.79581], [-84.09192, 39.7953], [-84.17396, 39.76584], [-84.18977, 39.75549], [-84.18859, 39.75606]]}}, {"type": "Feature", "properties": {"company": "Erie Lackawanna Railroad", "line": "Erie Lackawanna: Salamanca \u2013 Dayton", "id": "erie-salamanca-jamestown-dayton-el", "color": "#A02C5A", "mode": "intercity_rail", "avg_speed_kmh": 60, "speed_source": "estimated: typical Erie mainline service of the era; unsourced", "segments": [{"start": 1960, "end": 1970, "headway_min": 360, "note": "Erie Lackawanna from the merger of October 17 1960 (Erie Lackawanna Railway from the 1968 reorganization). Passenger service to Jamestown wound down through the decade - the Atlantic Express/Pacific Express was cut in 1965, and the Lake Cities made the last passenger run in January 1970, a year before Amtrak existed. Jamestown has had no intercity passenger rail since. Frequency estimated, unsourced.", "sources": ["NOT SOURCED AT SEGMENT LEVEL: the references below cover this line, but nothing has been checked specifically against this segment's start year, end year or service. Treat the dates and the headway as unverified. Supporting references for the line:", "https://archive.org/stream/atlanticgreatwes00simm/atlanticgreatwes00simm_djvu.txt", "https://en.wikipedia.org/wiki/Atlantic_and_Great_Western_Railroad", "nyrails.org, trumbullcountyhistory.com, akronrrclub.wordpress.com (corridor and successor-line background retained from \u2026"]}], "geometry_repairs": [{"date": "2026-08-29", "from": [-83.18952, 40.58853], "to": [-83.29672, 40.42689], "chord_mi": 12.48, "traced_mi": 17.07, "snap_m": [300, 1], "bridged_mi": 0.3, "osm_lines": ["Erie [abandoned] (13.36 mi)", "CSX Mount Victory Subdivision (2.62 mi)", "(abandoned) [abandoned] (0.45 mi)", "(?) (0.3 mi)", "NS Sandusky District (0.21 mi)", "(disused) [disused] (0.12 mi)"], "method": "Overpass rail graph, 8.0 km corridor, Dijkstra, simplified to 3.0 m; 0.3 mi bridged across gaps in OSM"}], "geometry_quality": "Straight-line repair 2026-08-29: 1 ruled segment totalling 12 mi replaced with OpenStreetMap-traced rail geometry (see geometry_repairs for the OSM lines each one followed)."}, "geometry": {"type": "LineString", "coordinates": [[-78.71504, 42.16007], [-78.73172, 42.16471], [-78.76788, 42.16303], [-78.77286, 42.16174], [-78.78897, 42.14745], [-78.79166, 42.1396], [-78.79185, 42.13], [-78.7997, 42.11909], [-78.80474, 42.11543], [-78.82314, 42.11225], [-78.8479, 42.11285], [-78.87571, 42.10772], [-78.90384, 42.1112], [-78.92786, 42.11799], [-78.94835, 42.12754], [-78.96485, 42.14838], [-78.97568, 42.15298], [-78.9824, 42.15875], [-79.00748, 42.18031], [-79.01181, 42.18131], [-79.03726, 42.18132], [-79.04247, 42.18047], [-79.06168, 42.17206], [-79.08131, 42.16897], [-79.08505, 42.16638], [-79.08855, 42.16049], [-79.0995, 42.15772], [-79.10622, 42.15414], [-79.10762, 42.14302], [-79.11072, 42.1394], [-79.11521, 42.13708], [-79.18755, 42.1161], [-79.18794, 42.11436], [-79.18667, 42.11629], [-79.22137, 42.10613], [-79.23095, 42.09652], [-79.23692, 42.09489], [-79.25077, 42.09466], [-79.258, 42.10106], [-79.277, 42.1076], [-79.29551, 42.10017], [-79.32886, 42.10092], [-79.33796, 42.09985], [-79.35952, 42.09054], [-79.36488, 42.08696], [-79.37525, 42.09437], [-79.4831, 42.07506], [-79.50283, 41.99339], [-79.50296, 41.99254], [-79.50948, 41.99177], [-79.51315, 41.98932], [-79.51391, 41.98425], [-79.53208, 41.94771], [-79.56491, 41.93794], [-79.58535, 41.93806], [-79.63233, 41.92443], [-79.64043, 41.92055], [-79.63834, 41.92133], [-79.65688, 41.91731], [-79.67582, 41.91615], [-79.70213, 41.90756], [-79.81752, 41.89118], [-79.82158, 41.8915], [-79.84522, 41.89958], [-79.84033, 41.8966], [-79.8412, 41.89333], [-79.83904, 41.89417], [-79.83451, 41.89313], [-79.85176, 41.89585], [-79.86874, 41.89686], [-79.88281, 41.90037], [-79.89209, 41.89879], [-79.90974, 41.89829], [-79.91954, 41.89388], [-79.93097, 41.8967], [-79.94456, 41.89709], [-79.96121, 41.89038], [-79.9729, 41.87774], [-79.98119, 41.8707], [-79.9835, 41.85973], [-79.97669, 41.85126], [-79.97488, 41.83732], [-79.99324, 41.81259], [-80.00146, 41.80905], [-80.01758, 41.80871], [-80.04269, 41.8046], [-80.0568, 41.80362], [-80.07017, 41.80199], [-80.08474, 41.79477], [-80.09955, 41.78359], [-80.10866, 41.76987], [-80.11152, 41.75663], [-80.12089, 41.74453], [-80.124, 41.74225], [-80.13688, 41.73918], [-80.14213, 41.73504], [-80.14391, 41.73007], [-80.14418, 41.71898], [-80.14616, 41.6965], [-80.14846, 41.69357], [-80.15918, 41.69047], [-80.16551, 41.68609], [-80.16859, 41.68129], [-80.17091, 41.67127], [-80.1702, 41.6666], [-80.16017, 41.6556], [-80.15666, 41.64921], [-80.15765, 41.63815], [-80.1577, 41.63792], [-80.15771, 41.63785], [-80.15785, 41.6371], [-80.15804, 41.63614], [-80.15806, 41.63603], [-80.15824, 41.63513], [-80.15838, 41.63441], [-80.15849, 41.63368], [-80.15855, 41.63299], [-80.15856, 41.63268], [-80.15856, 41.63239], [-80.15856, 41.63174], [-80.15851, 41.63113], [-80.15841, 41.63045], [-80.15838, 41.63019], [-80.1583, 41.62983], [-80.15815, 41.62931], [-80.15784, 41.62833], [-80.15747, 41.62718], [-80.15689, 41.6255], [-80.15648, 41.62424], [-80.1559, 41.62253], [-80.15556, 41.62156], [-80.1534, 41.61515], [-80.15211, 41.61136], [-80.15118, 41.60863], [-80.15071, 41.60722], [-80.15061, 41.60692], [-80.15029, 41.60598], [-80.1501, 41.60543], [-80.1498, 41.60454], [-80.14933, 41.60316], [-80.14915, 41.60264], [-80.14886, 41.60175], [-80.14866, 41.60118], [-80.14842, 41.60048], [-80.14809, 41.5995], [-80.1478, 41.59864], [-80.14766, 41.59826], [-80.14757, 41.59794], [-80.14748, 41.59761], [-80.14742, 41.59733], [-80.14739, 41.59708], [-80.14738, 41.59661], [-80.14742, 41.59625], [-80.14751, 41.5958], [-80.14762, 41.5954], [-80.14789, 41.59459], [-80.14812, 41.59414], [-80.14848, 41.59364], [-80.14882, 41.59326], [-80.14931, 41.59284], [-80.14991, 41.59244], [-80.15031, 41.59219], [-80.151, 41.59187], [-80.15144, 41.59171], [-80.15183, 41.59159], [-80.15191, 41.59156], [-80.15244, 41.59143], [-80.15301, 41.59133], [-80.15371, 41.59122], [-80.15475, 41.59107], [-80.15547, 41.59097], [-80.15676, 41.59078], [-80.15813, 41.59058], [-80.15975, 41.59034], [-80.16106, 41.59016], [-80.16311, 41.58985], [-80.16493, 41.58959], [-80.16675, 41.58932], [-80.16856, 41.58907], [-80.1705, 41.58878], [-80.17147, 41.58864], [-80.17297, 41.58842], [-80.17449, 41.58819], [-80.17634, 41.58793], [-80.17788, 41.5877], [-80.17949, 41.58747], [-80.18076, 41.58729], [-80.18142, 41.58717], [-80.18203, 41.58703], [-80.18263, 41.58684], [-80.18334, 41.58655], [-80.18402, 41.58617], [-80.1844, 41.58592], [-80.18503, 41.58542], [-80.18556, 41.5849], [-80.18626, 41.58427], [-80.18698, 41.5836], [-80.18714, 41.58345], [-80.18859, 41.58203], [-80.18963, 41.58106], [-80.19065, 41.58012], [-80.19307, 41.57787], [-80.19392, 41.57711], [-80.19469, 41.57643], [-80.19517, 41.57605], [-80.19606, 41.57557], [-80.19659, 41.5753], [-80.19759, 41.57489], [-80.19845, 41.57462], [-80.19949, 41.57437], [-80.20031, 41.57424], [-80.20148, 41.57409], [-80.20303, 41.57394], [-80.20503, 41.57373], [-80.20739, 41.57347], [-80.20967, 41.57323], [-80.21165, 41.57302], [-80.21305, 41.57287], [-80.21567, 41.57259], [-80.21658, 41.5725], [-80.21689, 41.57246], [-80.21875, 41.57227], [-80.22116, 41.57201], [-80.22259, 41.57186], [-80.22333, 41.57178], [-80.2251, 41.57159], [-80.22696, 41.57139], [-80.22864, 41.57121], [-80.23121, 41.57094], [-80.23134, 41.57093], [-80.23223, 41.57083], [-80.23442, 41.5706], [-80.23646, 41.57038], [-80.23874, 41.57014], [-80.24133, 41.56986], [-80.24342, 41.56964], [-80.24662, 41.5693], [-80.25043, 41.56889], [-80.25356, 41.56856], [-80.25602, 41.5683], [-80.25859, 41.56803], [-80.26014, 41.56786], [-80.26221, 41.56763], [-80.26491, 41.56735], [-80.26728, 41.5671], [-80.27003, 41.56681], [-80.27383, 41.5664], [-80.27552, 41.56622], [-80.27748, 41.56601], [-80.27838, 41.56592], [-80.27852, 41.56591], [-80.27899, 41.56587], [-80.27955, 41.56585], [-80.27995, 41.56586], [-80.28053, 41.56589], [-80.28104, 41.56594], [-80.28185, 41.56607], [-80.28254, 41.56623], [-80.28412, 41.56677], [-80.28521, 41.56714], [-80.28609, 41.56746], [-80.28738, 41.56791], [-80.2887, 41.56839], [-80.28987, 41.5688], [-80.29205, 41.56958], [-80.29424, 41.57034], [-80.29641, 41.57112], [-80.29785, 41.57165], [-80.29985, 41.57233], [-80.30001, 41.57239], [-80.30135, 41.57286], [-80.30286, 41.57339], [-80.304, 41.57379], [-80.30532, 41.57426], [-80.30708, 41.57488], [-80.3086, 41.57542], [-80.31032, 41.57603], [-80.3122, 41.5766], [-80.3132, 41.57683], [-80.31425, 41.57699], [-80.31461, 41.57704], [-80.31557, 41.57711], [-80.31621, 41.57714], [-80.31701, 41.57714], [-80.31768, 41.57711], [-80.31837, 41.57706], [-80.31906, 41.57698], [-80.31958, 41.5769], [-80.32021, 41.57678], [-80.32081, 41.57665], [-80.32156, 41.57646], [-80.32234, 41.57621], [-80.32296, 41.57599], [-80.32377, 41.57565], [-80.32456, 41.57527], [-80.3254, 41.5748], [-80.32589, 41.57449], [-80.3262, 41.57426], [-80.32692, 41.5737], [-80.32721, 41.57345], [-80.32753, 41.57316], [-80.32783, 41.57286], [-80.32816, 41.57251], [-80.32853, 41.57207], [-80.32882, 41.57167], [-80.32903, 41.57139], [-80.32929, 41.57097], [-80.32959, 41.57043], [-80.32982, 41.56994], [-80.32995, 41.56963], [-80.3301, 41.56922], [-80.33022, 41.56882], [-80.33036, 41.56822], [-80.33045, 41.5677], [-80.33048, 41.56742], [-80.33051, 41.567], [-80.33052, 41.56661], [-80.33051, 41.56616], [-80.33049, 41.5652], [-80.33048, 41.5648], [-80.33048, 41.56446], [-80.33047, 41.5643], [-80.33045, 41.56316], [-80.33043, 41.56193], [-80.33042, 41.56124], [-80.3304, 41.56059], [-80.33039, 41.55983], [-80.33037, 41.55918], [-80.33035, 41.55819], [-80.33033, 41.55749], [-80.33032, 41.5567], [-80.3303, 41.55596], [-80.33028, 41.55513], [-80.33025, 41.55324], [-80.33021, 41.55118], [-80.33019, 41.54991], [-80.33018, 41.54958], [-80.33015, 41.54804], [-80.33013, 41.54708], [-80.33008, 41.5461], [-80.33006, 41.54395], [-80.33004, 41.54253], [-80.33002, 41.54177], [-80.32999, 41.5402], [-80.32995, 41.53806], [-80.32991, 41.53623], [-80.32986, 41.53373], [-80.32981, 41.53193], [-80.32978, 41.5298], [-80.32969, 41.52455], [-80.32963, 41.52171], [-80.32961, 41.52119], [-80.32959, 41.52054], [-80.3296, 41.52006], [-80.32969, 41.5195], [-80.32984, 41.51902], [-80.33025, 41.51828], [-80.33047, 41.51795], [-80.33075, 41.51759], [-80.33108, 41.51725], [-80.33146, 41.51691], [-80.33182, 41.51664], [-80.33224, 41.51637], [-80.33275, 41.5161], [-80.3332, 41.51589], [-80.33369, 41.5157], [-80.33425, 41.51553], [-80.33487, 41.51539], [-80.33545, 41.51531], [-80.33651, 41.51519], [-80.33697, 41.51513], [-80.33724, 41.51508], [-80.33752, 41.51501], [-80.33781, 41.51492], [-80.33827, 41.51476], [-80.33874, 41.51454], [-80.33924, 41.51425], [-80.33955, 41.51403], [-80.33984, 41.51379], [-80.34008, 41.51354], [-80.34023, 41.51337], [-80.34042, 41.51312], [-80.34056, 41.51291], [-80.34068, 41.5127], [-80.34081, 41.51241], [-80.34093, 41.51207], [-80.341, 41.51173], [-80.34104, 41.51141], [-80.34103, 41.51114], [-80.34099, 41.51054], [-80.34097, 41.51005], [-80.34092, 41.50929], [-80.34087, 41.5086], [-80.34083, 41.50803], [-80.34078, 41.50732], [-80.34072, 41.5062], [-80.34063, 41.50482], [-80.34057, 41.50392], [-80.34049, 41.50275], [-80.34039, 41.5011], [-80.34023, 41.49854], [-80.3401, 41.49651], [-80.34003, 41.49528], [-80.34, 41.49468], [-80.33992, 41.49351], [-80.33974, 41.49079], [-80.3397, 41.48995], [-80.33951, 41.48699], [-80.33942, 41.48541], [-80.33935, 41.48458], [-80.33929, 41.4834], [-80.33918, 41.48194], [-80.33911, 41.48053], [-80.33899, 41.47872], [-80.33895, 41.4777], [-80.33885, 41.47658], [-80.33875, 41.47566], [-80.3381, 41.47304], [-80.33784, 41.47239], [-80.33758, 41.4718], [-80.33724, 41.47105], [-80.33673, 41.46989], [-80.3364, 41.46915], [-80.33611, 41.4684], [-80.33595, 41.46766], [-80.33592, 41.46721], [-80.33597, 41.46658], [-80.3362, 41.46575], [-80.33631, 41.46547], [-80.33656, 41.465], [-80.33711, 41.46428], [-80.34336, 41.45777], [-80.34772, 41.45331], [-80.34988, 41.45101], [-80.35214, 41.44867], [-80.3538, 41.44695], [-80.35484, 41.44595], [-80.35534, 41.44547], [-80.35657, 41.44454], [-80.35767, 41.4438], [-80.35843, 41.44337], [-80.35921, 41.44295], [-80.36111, 41.44209], [-80.3635, 41.44102], [-80.3638, 41.44088], [-80.36571, 41.44003], [-80.36627, 41.43977], [-80.36716, 41.43926], [-80.36841, 41.43834], [-80.36922, 41.43757], [-80.36974, 41.43707], [-80.37018, 41.43642], [-80.37051, 41.43583], [-80.37077, 41.43495], [-80.37082, 41.43408], [-80.37054, 41.43274], [-80.36997, 41.42965], [-80.36997, 41.429], [-80.37015, 41.42831], [-80.37058, 41.42766], [-80.37118, 41.42695], [-80.37205, 41.42633], [-80.37307, 41.42564], [-80.37431, 41.4248], [-80.37513, 41.42395], [-80.37541, 41.4233], [-80.37557, 41.42245], [-80.37542, 41.42187], [-80.37468, 41.42061], [-80.37397, 41.41995], [-80.37315, 41.41923], [-80.37295, 41.41889], [-80.37275, 41.41853], [-80.37256, 41.41808], [-80.37246, 41.41768], [-80.3724, 41.41727], [-80.37242, 41.41717], [-80.37241, 41.41675], [-80.37249, 41.41627], [-80.3726, 41.41587], [-80.37381, 41.41215], [-80.37411, 41.41157], [-80.3745, 41.41117], [-80.37471, 41.41098], [-80.37494, 41.4108], [-80.37525, 41.41063], [-80.37548, 41.4105], [-80.37579, 41.41037], [-80.37615, 41.41025], [-80.37659, 41.41013], [-80.37795, 41.40977], [-80.37921, 41.40937], [-80.37953, 41.40925], [-80.37964, 41.40921], [-80.38015, 41.40897], [-80.38049, 41.40878], [-80.38119, 41.40833], [-80.38163, 41.40798], [-80.38179, 41.40783], [-80.38194, 41.40768], [-80.38209, 41.40753], [-80.38232, 41.40725], [-80.38253, 41.40696], [-80.38263, 41.40681], [-80.38274, 41.40661], [-80.38289, 41.40634], [-80.38302, 41.40606], [-80.3833, 41.40547], [-80.38414, 41.40366], [-80.38483, 41.40216], [-80.38496, 41.4019], [-80.3853, 41.40121], [-80.38599, 41.39974], [-80.38656, 41.39988], [-80.38656, 41.39988], [-80.38654, 41.39959], [-80.38657, 41.3993], [-80.38657, 41.39922], [-80.38662, 41.39898], [-80.38672, 41.39868], [-80.38691, 41.39819], [-80.38768, 41.39657], [-80.38812, 41.39565], [-80.38834, 41.39517], [-80.38852, 41.3948], [-80.38868, 41.39446], [-80.38887, 41.3941], [-80.3891, 41.39375], [-80.38942, 41.39334], [-80.38984, 41.39292], [-80.39022, 41.39259], [-80.39027, 41.39255], [-80.39106, 41.39181], [-80.3913, 41.39168], [-80.3915, 41.39151], [-80.392, 41.39098], [-80.3922, 41.39073], [-80.39242, 41.39046], [-80.39288, 41.38977], [-80.39318, 41.38932], [-80.39344, 41.38896], [-80.39368, 41.3886], [-80.3939, 41.38813], [-80.39397, 41.38796], [-80.39428, 41.38695], [-80.3948, 41.38519], [-80.39525, 41.38366], [-80.39559, 41.3825], [-80.39639, 41.3798], [-80.39647, 41.37948], [-80.39652, 41.37916], [-80.39653, 41.37896], [-80.39648, 41.37868], [-80.39647, 41.37845], [-80.39645, 41.37832], [-80.39643, 41.37808], [-80.39644, 41.37789], [-80.39648, 41.37765], [-80.39678, 41.37681], [-80.39719, 41.37586], [-80.39764, 41.37502], [-80.39965, 41.37057], [-80.40102, 41.36765], [-80.40123, 41.36722], [-80.40201, 41.36554], [-80.40278, 41.36394], [-80.40299, 41.36351], [-80.40303, 41.36344], [-80.40357, 41.36238], [-80.40385, 41.36192], [-80.40415, 41.36148], [-80.40452, 41.361], [-80.4049, 41.36055], [-80.40567, 41.35973], [-80.40621, 41.35923], [-80.40686, 41.35868], [-80.41017, 41.3563], [-80.41064, 41.35595], [-80.41267, 41.35451], [-80.41335, 41.35403], [-80.41467, 41.35307], [-80.41542, 41.35253], [-80.41645, 41.35179], [-80.41699, 41.35141], [-80.41925, 41.34978], [-80.42045, 41.34892], [-80.42273, 41.34726], [-80.42774, 41.34368], [-80.42885, 41.34247], [-80.42951, 41.34144], [-80.43005, 41.34005], [-80.43016, 41.34], [-80.43205, 41.33266], [-80.43794, 41.30791], [-80.43989, 41.30544], [-80.4441, 41.3044], [-80.44807, 41.3055], [-80.4866, 41.33127], [-80.50568, 41.33506], [-80.51942, 41.33898], [-80.56898, 41.35939], [-80.72524, 41.33014], [-80.81904, 41.2368], [-80.8199, 41.23323], [-80.82061, 41.23323], [-80.82148, 41.23321], [-80.82239, 41.23321], [-80.82322, 41.23322], [-80.82561, 41.23326], [-80.82654, 41.23328], [-80.82912, 41.23329], [-80.82997, 41.23331], [-80.83263, 41.23332], [-80.83272, 41.23332], [-80.83358, 41.23336], [-80.83375, 41.23337], [-80.83598, 41.23357], [-80.83715, 41.23368], [-80.83991, 41.23393], [-80.84044, 41.23398], [-80.84427, 41.23432], [-80.84707, 41.23457], [-80.84925, 41.23477], [-80.85307, 41.23512], [-80.85352, 41.23517], [-80.85953, 41.2357], [-80.86287, 41.23599], [-80.8673, 41.2364], [-80.86795, 41.23645], [-80.86877, 41.23651], [-80.87402, 41.23692], [-80.87577, 41.23708], [-80.87629, 41.23761], [-80.87806, 41.23776], [-80.88031, 41.23794], [-80.88055, 41.23749], [-80.88089, 41.23753], [-80.88168, 41.2376], [-80.88246, 41.23767], [-80.88506, 41.23789], [-80.88573, 41.23794], [-80.8862, 41.23794], [-80.88653, 41.23793], [-80.88714, 41.2379], [-80.88849, 41.23783], [-80.88873, 41.23783], [-80.88942, 41.23778], [-80.8897, 41.23775], [-80.89006, 41.23769], [-80.89034, 41.23764], [-80.8906, 41.23756], [-80.89105, 41.23743], [-80.89225, 41.23702], [-80.8932, 41.2367], [-80.89365, 41.23653], [-80.89402, 41.23636], [-80.89437, 41.23616], [-80.89502, 41.23576], [-80.89586, 41.23522], [-80.89684, 41.2346], [-80.8973, 41.2343], [-80.89914, 41.23313], [-80.89988, 41.23266], [-80.90062, 41.23219], [-80.90086, 41.23203], [-80.90154, 41.2316], [-80.90261, 41.23091], [-80.9054, 41.22913], [-80.90574, 41.22892], [-80.90848, 41.22715], [-80.91004, 41.22616], [-80.9107, 41.22577], [-80.91112, 41.22555], [-80.91155, 41.22535], [-80.91305, 41.2247], [-80.91369, 41.22439], [-80.91519, 41.22374], [-80.92166, 41.22086], [-80.92345, 41.22006], [-80.92413, 41.21975], [-80.92493, 41.21938], [-80.92577, 41.21891], [-80.92638, 41.2185], [-80.92723, 41.21774], [-80.92777, 41.21727], [-80.93052, 41.21482], [-80.93107, 41.21432], [-80.93464, 41.2111], [-80.93803, 41.20811], [-80.94026, 41.20613], [-80.941, 41.20548], [-80.94122, 41.20531], [-80.94201, 41.20478], [-80.94254, 41.20448], [-80.94311, 41.20421], [-80.94369, 41.20395], [-80.94447, 41.20367], [-80.94543, 41.2034], [-80.94697, 41.20302], [-80.94751, 41.20289], [-80.94903, 41.20249], [-80.95091, 41.20204], [-80.95288, 41.20153], [-80.95373, 41.20134], [-80.95414, 41.20123], [-80.95494, 41.20097], [-80.95697, 41.19998], [-80.9575, 41.19974], [-80.95789, 41.19952], [-80.95826, 41.19929], [-80.95881, 41.1989], [-80.95958, 41.19844], [-80.96055, 41.19783], [-80.96098, 41.19758], [-80.96152, 41.1973], [-80.96231, 41.19686], [-80.96349, 41.19618], [-80.96392, 41.19595], [-80.965, 41.19532], [-80.96522, 41.19517], [-80.96547, 41.195], [-80.96558, 41.1949], [-80.96571, 41.19476], [-80.96586, 41.19456], [-80.96598, 41.1944], [-80.96611, 41.19415], [-80.9663, 41.19372], [-80.9668, 41.19247], [-80.96709, 41.19181], [-80.96727, 41.19151], [-80.96747, 41.19125], [-80.96772, 41.19102], [-80.9679, 41.19091], [-80.96812, 41.1908], [-80.96827, 41.19073], [-80.96844, 41.19068], [-80.96877, 41.19061], [-80.96911, 41.19056], [-80.96966, 41.19058], [-80.96994, 41.19061], [-80.97058, 41.19064], [-80.97093, 41.19072], [-80.97107, 41.19074], [-80.97121, 41.19072], [-80.97129, 41.19073], [-80.97241, 41.19085], [-80.97264, 41.19088], [-80.97353, 41.19098], [-80.9742, 41.19106], [-80.97442, 41.19112], [-80.97551, 41.19125], [-80.97581, 41.19124], [-80.97635, 41.19131], [-80.97653, 41.1913], [-80.97635, 41.19131], [-80.97679, 41.19139], [-80.97912, 41.19166], [-80.97921, 41.19167], [-80.97943, 41.19169], [-80.98065, 41.19183], [-80.98604, 41.19249], [-80.98788, 41.1927], [-80.98857, 41.19274], [-80.98958, 41.19283], [-80.99035, 41.19293], [-80.99118, 41.19295], [-80.99187, 41.19302], [-80.99302, 41.19302], [-80.99386, 41.19303], [-80.99464, 41.19303], [-80.99541, 41.19302], [-80.99632, 41.19304], [-80.99709, 41.19293], [-80.99799, 41.19295], [-80.99881, 41.19285], [-80.99962, 41.19274], [-81.00051, 41.19265], [-81.00159, 41.19255], [-81.00252, 41.19241], [-81.00303, 41.19233], [-81.0036, 41.19223], [-81.00378, 41.19224], [-81.00398, 41.19213], [-81.00451, 41.19203], [-81.00494, 41.19203], [-81.00538, 41.19194], [-81.00561, 41.19185], [-81.006, 41.19172], [-81.0064, 41.19163], [-81.00694, 41.19154], [-81.00744, 41.19138], [-81.00785, 41.19128], [-81.00873, 41.19104], [-81.00976, 41.19074], [-81.01079, 41.19042], [-81.01165, 41.19019], [-81.01277, 41.18984], [-81.01381, 41.18955], [-81.01436, 41.18934], [-81.0147, 41.18923], [-81.01559, 41.18901], [-81.01624, 41.18874], [-81.01663, 41.18862], [-81.01698, 41.18851], [-81.0171, 41.18847], [-81.01905, 41.18786], [-81.02021, 41.18749], [-81.02167, 41.18704], [-81.02308, 41.18659], [-81.02486, 41.18603], [-81.0261, 41.18564], [-81.02732, 41.18526], [-81.0293, 41.18464], [-81.03125, 41.18403], [-81.03271, 41.18357], [-81.03481, 41.18291], [-81.0369, 41.18225], [-81.038, 41.18191], [-81.03915, 41.18155], [-81.04056, 41.1811], [-81.0414, 41.18084], [-81.04215, 41.18061], [-81.04337, 41.18022], [-81.0446, 41.17984], [-81.04582, 41.17945], [-81.048, 41.17877], [-81.04899, 41.17846], [-81.04954, 41.17829], [-81.05054, 41.17793], [-81.05194, 41.17753], [-81.05381, 41.17694], [-81.05749, 41.17579], [-81.06116, 41.17464], [-81.06297, 41.17407], [-81.06471, 41.17352], [-81.0662, 41.17305], [-81.06877, 41.17225], [-81.07133, 41.17144], [-81.07144, 41.17141], [-81.07307, 41.17089], [-81.07384, 41.17063], [-81.07473, 41.17033], [-81.07538, 41.1701], [-81.07612, 41.16982], [-81.07753, 41.16923], [-81.08005, 41.16822], [-81.08101, 41.16784], [-81.08273, 41.16715], [-81.08528, 41.16613], [-81.08851, 41.16484], [-81.08984, 41.16431], [-81.09118, 41.16381], [-81.09316, 41.16298], [-81.09327, 41.16294], [-81.09398, 41.1627], [-81.0944, 41.16253], [-81.09454, 41.16243], [-81.09492, 41.16232], [-81.09574, 41.16195], [-81.09655, 41.16163], [-81.09828, 41.16094], [-81.09913, 41.16064], [-81.10043, 41.16012], [-81.10171, 41.15962], [-81.10278, 41.15922], [-81.10384, 41.15886], [-81.10465, 41.1586], [-81.10573, 41.15828], [-81.10673, 41.15801], [-81.10769, 41.15776], [-81.10907, 41.15745], [-81.10971, 41.15731], [-81.11043, 41.15717], [-81.11114, 41.15705], [-81.11195, 41.15692], [-81.11299, 41.15676], [-81.11351, 41.15669], [-81.11405, 41.15662], [-81.11466, 41.15655], [-81.11696, 41.15628], [-81.11796, 41.15617], [-81.11904, 41.15604], [-81.11909, 41.15603], [-81.11976, 41.15595], [-81.12081, 41.15583], [-81.12192, 41.1557], [-81.12265, 41.15558], [-81.124, 41.15542], [-81.12408, 41.15545], [-81.12421, 41.15543], [-81.12555, 41.15524], [-81.12908, 41.15483], [-81.13348, 41.15435], [-81.13532, 41.15413], [-81.13685, 41.15399], [-81.13737, 41.15393], [-81.13867, 41.15374], [-81.13943, 41.15369], [-81.14155, 41.1534], [-81.14344, 41.15322], [-81.14441, 41.15307], [-81.14538, 41.15296], [-81.14707, 41.15276], [-81.14773, 41.15268], [-81.14884, 41.15255], [-81.1503, 41.15241], [-81.15192, 41.15227], [-81.15511, 41.15201], [-81.15698, 41.15185], [-81.15893, 41.15169], [-81.16099, 41.15153], [-81.16308, 41.15136], [-81.16488, 41.15121], [-81.16755, 41.15099], [-81.16804, 41.15095], [-81.16913, 41.15086], [-81.16998, 41.1508], [-81.17077, 41.15073], [-81.17228, 41.15061], [-81.17377, 41.15049], [-81.17433, 41.15045], [-81.17493, 41.15041], [-81.1772, 41.15028], [-81.17821, 41.15022], [-81.17899, 41.15017], [-81.18034, 41.15009], [-81.18313, 41.14993], [-81.18439, 41.14985], [-81.18466, 41.14984], [-81.18906, 41.14957], [-81.19321, 41.14933], [-81.19473, 41.14924], [-81.19488, 41.14923], [-81.19521, 41.14921], [-81.19594, 41.14917], [-81.19924, 41.14897], [-81.2104, 41.14831], [-81.21572, 41.148], [-81.21711, 41.14795], [-81.21844, 41.14794], [-81.21953, 41.14796], [-81.21968, 41.14796], [-81.22026, 41.14798], [-81.22097, 41.14798], [-81.22194, 41.14807], [-81.22233, 41.14807], [-81.22262, 41.14809], [-81.22362, 41.14818], [-81.22524, 41.14837], [-81.22685, 41.14861], [-81.22943, 41.1489], [-81.23084, 41.14909], [-81.23235, 41.14926], [-81.23404, 41.14948], [-81.23459, 41.14958], [-81.23527, 41.14967], [-81.23582, 41.1497], [-81.23635, 41.14979], [-81.23684, 41.14982], [-81.23727, 41.14985], [-81.23793, 41.14988], [-81.23851, 41.14989], [-81.23883, 41.14989], [-81.23919, 41.14988], [-81.23955, 41.14988], [-81.23999, 41.14986], [-81.24037, 41.1498], [-81.24073, 41.14978], [-81.2412, 41.14974], [-81.24164, 41.1497], [-81.24217, 41.14964], [-81.2425, 41.14959], [-81.24287, 41.14958], [-81.24329, 41.14947], [-81.24371, 41.1494], [-81.24402, 41.14934], [-81.24515, 41.1491], [-81.24562, 41.14934], [-81.24562, 41.14934], [-81.246, 41.14898], [-81.24658, 41.14886], [-81.24738, 41.14867], [-81.24781, 41.1486], [-81.24822, 41.14858], [-81.24862, 41.14851], [-81.24892, 41.14849], [-81.24941, 41.14847], [-81.24986, 41.14847], [-81.25035, 41.14852], [-81.25071, 41.14851], [-81.25101, 41.14857], [-81.25137, 41.14858], [-81.25171, 41.14866], [-81.25272, 41.14876], [-81.25373, 41.1489], [-81.25474, 41.14907], [-81.25572, 41.14917], [-81.25588, 41.1492], [-81.2587, 41.14962], [-81.25893, 41.14965], [-81.2596, 41.14974], [-81.26093, 41.14992], [-81.26422, 41.15037], [-81.26596, 41.15061], [-81.26784, 41.15086], [-81.2693, 41.15106], [-81.27098, 41.15129], [-81.27249, 41.15149], [-81.2742, 41.15173], [-81.27671, 41.15203], [-81.27894, 41.15234], [-81.28057, 41.15259], [-81.28131, 41.15264], [-81.28206, 41.15273], [-81.28306, 41.15275], [-81.28387, 41.15281], [-81.28514, 41.15279], [-81.30016, 41.15261], [-81.30124, 41.1526], [-81.30223, 41.1526], [-81.30305, 41.15262], [-81.30378, 41.15266], [-81.30435, 41.1527], [-81.30505, 41.15277], [-81.30589, 41.15288], [-81.30662, 41.153], [-81.30734, 41.15314], [-81.30809, 41.1533], [-81.30885, 41.15349], [-81.30983, 41.15377], [-81.31038, 41.15394], [-81.31102, 41.15417], [-81.31178, 41.15447], [-81.31258, 41.1548], [-81.31368, 41.15527], [-81.31466, 41.15568], [-81.31519, 41.1559], [-81.3158, 41.15616], [-81.3161, 41.15629], [-81.31785, 41.15702], [-81.31882, 41.15743], [-81.3201, 41.15798], [-81.32152, 41.15854], [-81.32275, 41.15906], [-81.32441, 41.1598], [-81.32558, 41.16029], [-81.32635, 41.16061], [-81.32676, 41.16079], [-81.3269, 41.16085], [-81.32715, 41.16091], [-81.32745, 41.16104], [-81.32806, 41.1613], [-81.32882, 41.16162], [-81.32935, 41.16188], [-81.33002, 41.16217], [-81.33061, 41.16237], [-81.33134, 41.16268], [-81.33195, 41.16294], [-81.3327, 41.16325], [-81.33332, 41.16355], [-81.33381, 41.16376], [-81.33433, 41.16398], [-81.33503, 41.16428], [-81.33564, 41.16449], [-81.33625, 41.16475], [-81.33676, 41.16501], [-81.33732, 41.16525], [-81.33783, 41.16547], [-81.33834, 41.16568], [-81.33878, 41.16587], [-81.33921, 41.166], [-81.33976, 41.1662], [-81.34026, 41.16636], [-81.3407, 41.16649], [-81.34116, 41.16659], [-81.3417, 41.1667], [-81.34227, 41.16678], [-81.34276, 41.16684], [-81.34326, 41.16688], [-81.34377, 41.1669], [-81.34428, 41.1669], [-81.34475, 41.16688], [-81.34522, 41.16685], [-81.34566, 41.1668], [-81.34612, 41.16678], [-81.34663, 41.16665], [-81.34726, 41.16652], [-81.34775, 41.16639], [-81.34824, 41.16623], [-81.34866, 41.16609], [-81.34904, 41.16598], [-81.34945, 41.1658], [-81.34975, 41.16567], [-81.35016, 41.16541], [-81.35083, 41.16505], [-81.35154, 41.16466], [-81.35225, 41.16426], [-81.35296, 41.16387], [-81.35351, 41.16356], [-81.35382, 41.16343], [-81.35417, 41.1632], [-81.35498, 41.16274], [-81.3554, 41.16252], [-81.35577, 41.16231], [-81.35617, 41.16209], [-81.35651, 41.16188], [-81.35678, 41.1617], [-81.35706, 41.16151], [-81.35736, 41.16125], [-81.35758, 41.16104], [-81.35782, 41.16076], [-81.35801, 41.16052], [-81.35813, 41.16034], [-81.35825, 41.16014], [-81.35834, 41.15996], [-81.35843, 41.15978], [-81.3585, 41.1596], [-81.35863, 41.15918], [-81.35867, 41.15899], [-81.35871, 41.15873], [-81.35875, 41.15843], [-81.35878, 41.15793], [-81.35881, 41.15742], [-81.35884, 41.15694], [-81.35887, 41.15645], [-81.3589, 41.15599], [-81.35893, 41.15551], [-81.35896, 41.15505], [-81.359, 41.1547], [-81.35904, 41.15441], [-81.35909, 41.15415], [-81.3592, 41.15388], [-81.35922, 41.15368], [-81.35934, 41.15345], [-81.35944, 41.15308], [-81.35956, 41.15284], [-81.35969, 41.15259], [-81.35985, 41.15242], [-81.36002, 41.15214], [-81.36033, 41.15173], [-81.36055, 41.15146], [-81.36077, 41.15122], [-81.36106, 41.15092], [-81.36131, 41.15063], [-81.36146, 41.1505], [-81.36183, 41.15023], [-81.36209, 41.15004], [-81.36231, 41.14986], [-81.36272, 41.14959], [-81.36316, 41.14931], [-81.36363, 41.14903], [-81.36422, 41.14871], [-81.36489, 41.14833], [-81.36536, 41.14806], [-81.36591, 41.14775], [-81.3663, 41.14751], [-81.36659, 41.14732], [-81.36698, 41.14702], [-81.36737, 41.1468], [-81.36772, 41.14649], [-81.36801, 41.14626], [-81.36839, 41.14596], [-81.36872, 41.14568], [-81.36907, 41.14538], [-81.36931, 41.14516], [-81.36976, 41.14473], [-81.37014, 41.14438], [-81.37045, 41.14408], [-81.37089, 41.14368], [-81.3712, 41.14341], [-81.37152, 41.14316], [-81.37187, 41.14287], [-81.37228, 41.14261], [-81.37267, 41.14232], [-81.37306, 41.14205], [-81.37337, 41.14179], [-81.37366, 41.14165], [-81.37395, 41.14142], [-81.37455, 41.14109], [-81.37497, 41.14082], [-81.37559, 41.14048], [-81.3761, 41.14026], [-81.37656, 41.14], [-81.37705, 41.13982], [-81.37762, 41.13957], [-81.37815, 41.13935], [-81.37876, 41.13912], [-81.37927, 41.1389], [-81.37986, 41.13871], [-81.38037, 41.13855], [-81.38096, 41.13838], [-81.38155, 41.13826], [-81.38208, 41.13809], [-81.38269, 41.13795], [-81.38331, 41.13783], [-81.38389, 41.13772], [-81.38452, 41.13762], [-81.38513, 41.13753], [-81.38577, 41.13746], [-81.38642, 41.13739], [-81.38716, 41.13733], [-81.38812, 41.13725], [-81.38906, 41.13718], [-81.38997, 41.13711], [-81.39084, 41.13704], [-81.39157, 41.13698], [-81.39218, 41.13694], [-81.3959, 41.13664], [-81.39746, 41.13651], [-81.39812, 41.13646], [-81.40071, 41.13629], [-81.40119, 41.13625], [-81.41003, 41.13556], [-81.41432, 41.13522], [-81.41751, 41.13493], [-81.41816, 41.1349], [-81.41882, 41.13488], [-81.41944, 41.13487], [-81.41975, 41.13491], [-81.41993, 41.13488], [-81.4204, 41.13493], [-81.42048, 41.13493], [-81.4213, 41.13498], [-81.42185, 41.13502], [-81.42252, 41.1351], [-81.42313, 41.13517], [-81.42375, 41.13527], [-81.42443, 41.13539], [-81.42509, 41.13553], [-81.42564, 41.13565], [-81.42623, 41.1358], [-81.42688, 41.13598], [-81.42746, 41.13612], [-81.42812, 41.13634], [-81.42934, 41.13677], [-81.43079, 41.13731], [-81.43304, 41.13809], [-81.4333, 41.13817], [-81.43409, 41.13845], [-81.43702, 41.13947], [-81.43899, 41.14015], [-81.43918, 41.14017], [-81.44162, 41.14102], [-81.44204, 41.14116], [-81.44259, 41.14134], [-81.4432, 41.14152], [-81.44388, 41.14171], [-81.44458, 41.14187], [-81.44478, 41.14192], [-81.44503, 41.14197], [-81.44554, 41.14211], [-81.44594, 41.14218], [-81.44637, 41.14225], [-81.44655, 41.14228], [-81.44688, 41.14233], [-81.44736, 41.14239], [-81.44791, 41.14244], [-81.44871, 41.14251], [-81.44939, 41.14255], [-81.45003, 41.14254], [-81.45249, 41.14262], [-81.45462, 41.14274], [-81.45545, 41.14273], [-81.45547, 41.14273], [-81.45555, 41.14273], [-81.45623, 41.14276], [-81.45837, 41.14287], [-81.45953, 41.14292], [-81.46337, 41.14306], [-81.46466, 41.14306], [-81.46493, 41.14311], [-81.46543, 41.14308], [-81.46621, 41.14307], [-81.46664, 41.14306], [-81.46734, 41.14302], [-81.46805, 41.14297], [-81.46876, 41.1429], [-81.46933, 41.14282], [-81.46975, 41.14276], [-81.46991, 41.14277], [-81.47002, 41.14276], [-81.47022, 41.14272], [-81.47086, 41.14261], [-81.47143, 41.14245], [-81.47152, 41.14247], [-81.47169, 41.14239], [-81.47218, 41.14231], [-81.47252, 41.14218], [-81.47286, 41.14209], [-81.47298, 41.14206], [-81.47339, 41.14197], [-81.47392, 41.14178], [-81.47429, 41.14159], [-81.47464, 41.14144], [-81.47504, 41.14125], [-81.47541, 41.14105], [-81.47578, 41.14083], [-81.47619, 41.14057], [-81.4765, 41.14035], [-81.47692, 41.14003], [-81.47721, 41.13978], [-81.47754, 41.13948], [-81.47776, 41.13927], [-81.47787, 41.13916], [-81.47816, 41.13885], [-81.47834, 41.13864], [-81.47851, 41.13844], [-81.47875, 41.13814], [-81.47896, 41.13779], [-81.47919, 41.13752], [-81.47934, 41.13728], [-81.47945, 41.13709], [-81.47963, 41.13676], [-81.47975, 41.1365], [-81.4799, 41.13619], [-81.48008, 41.13573], [-81.48018, 41.13543], [-81.48038, 41.13492], [-81.48048, 41.1345], [-81.48048, 41.13427], [-81.48054, 41.1342], [-81.48057, 41.13409], [-81.4806, 41.13391], [-81.48065, 41.13365], [-81.48068, 41.13353], [-81.48065, 41.13343], [-81.48089, 41.13251], [-81.48098, 41.13215], [-81.4811, 41.13151], [-81.48121, 41.13114], [-81.48137, 41.13063], [-81.4814, 41.13054], [-81.48156, 41.13023], [-81.48176, 41.12968], [-81.48193, 41.12916], [-81.48226, 41.12841], [-81.48232, 41.1283], [-81.48251, 41.12791], [-81.48284, 41.12731], [-81.48286, 41.12728], [-81.48291, 41.12718], [-81.48547, 41.12263], [-81.48558, 41.12245], [-81.48589, 41.12188], [-81.48602, 41.12165], [-81.48699, 41.11992], [-81.4872, 41.11956], [-81.48726, 41.11947], [-81.48737, 41.11929], [-81.48746, 41.11916], [-81.48763, 41.1189], [-81.48776, 41.11864], [-81.48792, 41.11842], [-81.48802, 41.11829], [-81.48843, 41.11774], [-81.48853, 41.11762], [-81.48858, 41.11746], [-81.48879, 41.11726], [-81.48892, 41.11709], [-81.489, 41.11699], [-81.48935, 41.11653], [-81.48973, 41.11603], [-81.4903, 41.11528], [-81.49077, 41.11471], [-81.491, 41.11426], [-81.4912, 41.11393], [-81.49138, 41.11359], [-81.49156, 41.11322], [-81.49172, 41.11284], [-81.49197, 41.11223], [-81.49225, 41.11153], [-81.49229, 41.11143], [-81.49265, 41.11051], [-81.4928, 41.1101], [-81.4929, 41.10979], [-81.49299, 41.10938], [-81.49304, 41.10908], [-81.49313, 41.10876], [-81.49312, 41.10848], [-81.4931, 41.10829], [-81.49304, 41.10801], [-81.49297, 41.10774], [-81.49288, 41.10749], [-81.49277, 41.10725], [-81.49264, 41.10701], [-81.49248, 41.10678], [-81.49237, 41.10663], [-81.4921, 41.10632], [-81.49181, 41.10603], [-81.49072, 41.10498], [-81.49028, 41.10459], [-81.48998, 41.10425], [-81.48976, 41.10399], [-81.48953, 41.1037], [-81.48927, 41.10333], [-81.48896, 41.10286], [-81.48882, 41.10255], [-81.48851, 41.10215], [-81.48809, 41.10151], [-81.4879, 41.10123], [-81.48769, 41.10095], [-81.48751, 41.10066], [-81.48736, 41.1005], [-81.48696, 41.10014], [-81.48614, 41.09944], [-81.48601, 41.09931], [-81.48584, 41.09915], [-81.48559, 41.0989], [-81.48526, 41.09851], [-81.48491, 41.09809], [-81.48462, 41.09774], [-81.48453, 41.09761], [-81.48445, 41.0975], [-81.48431, 41.09726], [-81.48425, 41.09714], [-81.4842, 41.09701], [-81.48416, 41.09688], [-81.48412, 41.09673], [-81.48409, 41.0966], [-81.48407, 41.09645], [-81.48403, 41.09585], [-81.48401, 41.09545], [-81.48399, 41.09518], [-81.48398, 41.09498], [-81.48396, 41.0945], [-81.48396, 41.09422], [-81.48398, 41.09396], [-81.484, 41.09385], [-81.48397, 41.09374], [-81.484, 41.09362], [-81.48408, 41.09338], [-81.48416, 41.09319], [-81.4843, 41.09294], [-81.48436, 41.09285], [-81.48448, 41.09269], [-81.48457, 41.09258], [-81.48465, 41.09248], [-81.48481, 41.09232], [-81.48519, 41.092], [-81.48565, 41.09161], [-81.4858, 41.09149], [-81.48601, 41.09129], [-81.48619, 41.09109], [-81.48627, 41.09099], [-81.4864, 41.09081], [-81.48657, 41.09052], [-81.48672, 41.09032], [-81.48772, 41.0879], [-81.48775, 41.08769], [-81.48794, 41.08741], [-81.48802, 41.08729], [-81.48817, 41.08708], [-81.48827, 41.08697], [-81.48835, 41.08689], [-81.48844, 41.08682], [-81.48853, 41.08667], [-81.48893, 41.08637], [-81.48921, 41.08613], [-81.48935, 41.08601], [-81.48946, 41.08589], [-81.48961, 41.0858], [-81.48965, 41.08576], [-81.48973, 41.08568], [-81.48981, 41.08561], [-81.49001, 41.08544], [-81.49019, 41.08529], [-81.49039, 41.08515], [-81.49056, 41.08499], [-81.49098, 41.08473], [-81.49122, 41.0846], [-81.49147, 41.08447], [-81.4917, 41.08437], [-81.49187, 41.0843], [-81.49209, 41.08421], [-81.49234, 41.08412], [-81.49248, 41.08408], [-81.49272, 41.08401], [-81.49295, 41.08395], [-81.49332, 41.08392], [-81.49355, 41.08388], [-81.49381, 41.08385], [-81.49409, 41.08382], [-81.49431, 41.0838], [-81.49455, 41.0838], [-81.49476, 41.0838], [-81.49501, 41.08381], [-81.49528, 41.08383], [-81.49546, 41.08385], [-81.4959, 41.08388], [-81.49606, 41.08391], [-81.49618, 41.08398], [-81.49651, 41.08403], [-81.49679, 41.08411], [-81.49695, 41.08422], [-81.49711, 41.08423], [-81.49735, 41.08434], [-81.49748, 41.08441], [-81.4978, 41.08464], [-81.49801, 41.08477], [-81.49841, 41.08506], [-81.49904, 41.08556], [-81.49953, 41.08596], [-81.49988, 41.08622], [-81.50007, 41.08634], [-81.50039, 41.08647], [-81.50063, 41.08658], [-81.50092, 41.08673], [-81.5011, 41.08679], [-81.50144, 41.08676], [-81.50176, 41.08692], [-81.50196, 41.087], [-81.50215, 41.08703], [-81.50229, 41.08704], [-81.50246, 41.08706], [-81.5028, 41.08707], [-81.50311, 41.08706], [-81.50326, 41.08758], [-81.50391, 41.08761], [-81.50423, 41.08763], [-81.50455, 41.08763], [-81.50481, 41.08762], [-81.50778, 41.08747], [-81.51097, 41.08728], [-81.51121, 41.08725], [-81.51143, 41.08723], [-81.51159, 41.08722], [-81.51172, 41.08721], [-81.51192, 41.08718], [-81.51276, 41.08699], [-81.513, 41.08696], [-81.5132, 41.08694], [-81.51335, 41.08694], [-81.51343, 41.08694], [-81.51357, 41.08696], [-81.51378, 41.08699], [-81.51403, 41.08704], [-81.51464, 41.08719], [-81.51578, 41.08748], [-81.51586, 41.0875], [-81.51636, 41.08765], [-81.51653, 41.0877], [-81.51671, 41.08775], [-81.51697, 41.08784], [-81.51718, 41.08791], [-81.51732, 41.08797], [-81.51754, 41.08807], [-81.51775, 41.08816], [-81.51807, 41.08831], [-81.51826, 41.08817], [-81.51827, 41.08789], [-81.51826, 41.0874], [-81.51825, 41.08716], [-81.52021, 41.07322], [-81.52765, 41.0564], [-81.53489, 41.05051], [-81.54307, 41.04625], [-81.55144, 41.03958], [-81.55772, 41.03777], [-81.5742, 41.03633], [-81.59713, 41.02226], [-81.62306, 41.0186], [-81.64244, 41.01919], [-81.65292, 41.01542], [-81.67745, 41.01311], [-81.69294, 41.01599], [-81.70311, 41.01117], [-81.70791, 41.01043], [-81.71317, 41.01168], [-81.71956, 41.01618], [-81.72337, 41.02657], [-81.71956, 41.01618], [-81.72482, 41.01772], [-81.73193, 41.01723], [-81.73486, 41.01574], [-81.7368, 41.00834], [-81.74494, 41.00281], [-81.75314, 40.98792], [-81.77267, 40.9744], [-81.77208, 40.97001], [-81.76867, 40.96937], [-81.79802, 40.96252], [-81.82863, 40.96363], [-81.84735, 40.96989], [-81.86291, 41.00431], [-81.86374, 41.01011], [-81.89656, 40.98292], [-81.9331, 40.98796], [-81.98331, 40.99132], [-82.01356, 40.98803], [-82.04201, 40.9894], [-82.05279, 40.98759], [-82.07468, 40.98049], [-82.08701, 40.98051], [-82.10961, 40.96961], [-82.12248, 40.96504], [-82.1684, 40.95888], [-82.18823, 40.947], [-82.19203, 40.9471], [-82.20068, 40.95107], [-82.20687, 40.95212], [-82.21253, 40.95125], [-82.21945, 40.94778], [-82.25557, 40.9272], [-82.27915, 40.90992], [-82.28311, 40.90546], [-82.28725, 40.89595], [-82.29917, 40.887], [-82.30754, 40.87409], [-82.31153, 40.87225], [-82.31527, 40.87259], [-82.32413, 40.87971], [-82.3355, 40.88455], [-82.34151, 40.88544], [-82.34687, 40.88382], [-82.38348, 40.83241], [-82.39554, 40.82226], [-82.40067, 40.81987], [-82.45325, 40.81606], [-82.47304, 40.82222], [-82.4852, 40.82976], [-82.48929, 40.83032], [-82.49352, 40.8292], [-82.49701, 40.82489], [-82.50135, 40.79057], [-82.51036, 40.77163], [-82.51381, 40.77153], [-82.51769, 40.77791], [-82.50804, 40.76133], [-82.51545, 40.75839], [-82.59017, 40.75954], [-82.6475, 40.75936], [-82.65611, 40.75958], [-82.66849, 40.76414], [-82.67474, 40.76427], [-82.7748, 40.73375], [-82.7851, 40.7325], [-82.78818, 40.72812], [-82.79454, 40.72659], [-82.81832, 40.71583], [-82.8395, 40.70817], [-82.95933, 40.6406], [-82.96881, 40.63708], [-83.11705, 40.59145], [-83.14845, 40.58921], [-83.15875, 40.5859], [-83.18913, 40.58585], [-83.18952, 40.58853], [-83.1891325, 40.5858508], [-83.1597056, 40.585864], [-83.1583673, 40.585926], [-83.1573364, 40.5860507], [-83.1565538, 40.5862024], [-83.1550842, 40.5866322], [-83.1542781, 40.5869555], [-83.1516504, 40.5882665], [-83.1509251, 40.588566], [-83.1498943, 40.5889033], [-83.1491873, 40.5890726], [-83.1476613, 40.5893033], [-83.1411519, 40.5896496], [-83.1411262, 40.5895961], [-83.140187, 40.5896295], [-83.1399827, 40.5885855], [-83.140254, 40.5865949], [-83.1398715, 40.5877828], [-83.1398432, 40.5882653], [-83.1455026, 40.5873442], [-83.1458214, 40.586623], [-83.1468597, 40.5832018], [-83.1473119, 40.5819808], [-83.147965, 40.5811159], [-83.1486567, 40.5804886], [-83.1846535, 40.5533154], [-83.2054528, 40.5377775], [-83.2138931, 40.531401], [-83.2152998, 40.5301409], [-83.2615742, 40.4740044], [-83.2952591, 40.4329559], [-83.2957593, 40.4321936], [-83.2968529, 40.4308557], [-83.2969823, 40.4306577], [-83.2970863, 40.4302922], [-83.2972086, 40.4294919], [-83.2972373, 40.4287222], [-83.2971959, 40.4284332], [-83.2967221, 40.4268854], [-83.29709, 40.43029], [-83.29526, 40.43296], [-83.30503, 40.42249], [-83.44071, 40.32073], [-83.53682, 40.23345], [-83.55668, 40.22401], [-83.57582, 40.21735], [-83.61862, 40.20875], [-83.65743, 40.20956], [-83.66766, 40.20584], [-83.72161, 40.15251], [-83.74035, 40.12469], [-83.75606, 40.11131], [-83.75002, 40.11633], [-83.76567, 40.10382], [-83.76521, 40.1013], [-83.77761, 40.09145], [-83.78452, 40.0791], [-83.80873, 39.9851], [-83.80795, 39.98006], [-83.79973, 39.96246], [-83.80069, 39.94903], [-83.79037, 39.93739], [-83.78894, 39.93129], [-83.79099, 39.92659], [-83.79402, 39.92398], [-83.80466, 39.92129], [-83.81032, 39.9222], [-83.83493, 39.92713], [-83.84147, 39.9267], [-83.88011, 39.91293], [-83.88529, 39.90916], [-83.91599, 39.89994], [-83.93838, 39.88768], [-83.93969, 39.88699], [-84.01357, 39.82191], [-84.01923, 39.81866], [-84.01394, 39.82162], [-84.04302, 39.7958], [-84.04917, 39.79236], [-84.05983, 39.79094], [-84.08249, 39.79581], [-84.09192, 39.7953], [-84.17396, 39.76584], [-84.18977, 39.75549], [-84.18859, 39.75606]]}}], "metadata": {"note": "The Atlantic & Great Western Railway -- a 6-foot broad gauge line built during the Civil War to extend the Erie Railroad's broad gauge west from Salamanca, NY to Dayton, OH -- and its Erie Railroad successor. The route now follows the company's own station list: Salamanca - Randolph - Jamestown - Ashville - Corry - Union City - Cambridge Springs - Meadville - Greenville - Orangeville - Warren - Ravenna - Kent - Akron - Wadsworth - Ashland - Mansfield - Galion - Marion - Richwood - Urbana - Springfield - Dayton, 388 miles from Salamanca. The A&GW was three companies chartered separately in three states (the Erie & New York City Railroad at Jamestown, the Meadville Railroad in Pennsylvania, and the Franklin & Warren Railroad at Franklin Mills -- now Kent -- in Ohio) and worked as one line; broad-gauge cars reached Akron on 18 November 1863 and Dayton on 20 June 1864, where the connection with the Cincinnati, Hamilton & Dayton gave a continuous 6-foot gauge route from New York to St. Louis. Era boundaries follow real, sourced milestones; headway_min and avg_speed_kmh are estimates, not from real timetables.", "sources": ["https://archive.org/stream/atlanticgreatwes00simm/atlanticgreatwes00simm_djvu.txt ('The Atlantic and Great Western Railway: connections, stations, distances, map, &c.', the company's own guide). Used for the complete main-line station list and mileages from Salamanca that the route geometry now follows: Red House 7, Steamburg 12, Randolph 18, Kennedy 25, Levant 30, Jamestown 34, Ashville 41, Panama 48, Bear Lake 50, Columbus 58, Corry 61, Union 72, Mill Village 79, Cambridge 88, Venango 92, Saegertown 97, Meadville 103, Evansburg 115, Adamsville 121, Greenville 129, Orangeville 142, Burghill 144, Baconsburg 154, Warren 162, Leavittsburg 165, Braceville 169, Windham 174, Freedom 179, Ravenna 185, Kent 192, Tallmadge 198, Akron 202, Wadsworth 216, Seville 226, West Salem 238, Polk 245, Ashland 252, Mansfield 269, Ontario 276, Galion 284, Caledonia 295, Marion 305, Richwood 319, North Lewisburg 339, Urbana 353, Springfield 366, Enon 372, Osborn 378, Dayton 388. The same guide describes the line running 'westwardly through Meadville, Pa., Warren, Kent, Akron, and Galion to Dayton, O.' and records Kent as formerly called Franklin Mills and the home of Marvin Kent, first president of the A&GW in Ohio.", "https://en.wikipedia.org/wiki/Atlantic_and_Great_Western_Railroad (the three constituent companies -- Erie and New York City Railroad of Jamestown NY, the Meadville Railroad renamed A&GW April 1858, and the Franklin and Warren Railroad of Franklin Mills OH renamed A&GW January 1853; 6 ft gauge; reached Cleveland 18 November 1863; connected to the Cincinnati, Hamilton and Dayton Railroad at Dayton 20 June 1864; a series of Erie Railroad leases between 1868 and 1874)", "nyrails.org, trumbullcountyhistory.com, akronrrclub.wordpress.com (corridor and successor-line background retained from the earlier version of this layer)"], "not_yet_sourced": "Timetable frequencies and running speeds for any era -- headway_min and avg_speed_kmh are estimates. Also not drawn here: the A&GW's Cleveland Branch (Leavittsburg to Cleveland, 50 miles), Mahoning Branch, and Franklin/Oil City Branch (Meadville to Franklin, 25 miles), all of which the company guide lists separately; and the CH&D connection onward from Dayton to Hamilton (423) and Cincinnati (448).", "geometry_sources": ["OpenStreetMap via Overpass API, routed between the guide's stations with a shortest-path search over the OSM rail graph (railway=rail/abandoned/disused/razed plus the prefixed *:railway forms), preferring the ex-Erie alignment. The Meadville-Transfer and Warren-Akron stretches are carried over unchanged from the earlier version of this layer; Salamanca-Meadville, Transfer-Warren and Akron-Dayton were newly traced for this revision, replacing the coarse hand-placed waypoints and the single 270 km straight line that previously stood in for Akron-Dayton.", "Newly traced sections: 31 of 38 legs followed real track; the 7 legs below are honest straight-line approximations across corridors that have been lifted and are not mapped in OpenStreetMap even as abandoned track: XX Ashville -> Panama: no route vs 11km booked -- STRAIGHT LINE used | XX Panama -> Bear Lake: no route vs 3km booked -- STRAIGHT LINE used | XX Orangeville -> Burghill: no route vs 3km booked -- STRAIGHT LINE used | XX Burghill -> Cortland: rail 11km (0.67x); abandoned 11km (0.67x) vs 16km booked -- STRAIGHT LINE used | XX Cortland -> Warren: rail 29km (2.28x); abandoned 29km (2.26x) vs 13km booked -- STRAIGHT LINE used | XX Mansfield -> Ontario: rail 8km (0.68x); abandoned 8km (0.70x) vs 11km booked -- STRAIGHT LINE used | XX Marion -> Richwood: rail 79km (3.50x); abandoned 79km (3.50x) vs 23km booked -- STRAIGHT LINE used", "Per-leg tracing result: ok Salamanca -> Red House: 9 pts, 11km vs 11km booked (0.97x) [rail] | ok Red House -> Steamburg: 5 pts, 8km vs 8km booked (1.04x) [rail] | ok Steamburg -> Randolph: 6 pts, 9km vs 10km booked (0.90x) [rail] | ok Randolph -> Kennedy: 10 pts, 12km vs 11km booked (1.04x) [rail] | ok Kennedy -> Falconer: 8 pts, 11km vs 8km booked (1.34x) [rail] | ok Falconer -> Jamestown: 6 pts, 6km vs 6km booked (0.99x) [rail] | ok Jamestown -> Ashville: 9 pts, 12km vs 11km booked (1.04x) [rail] | XX Ashville -> Panama: no route vs 11km booked -- STRAIGHT LINE used | XX Panama -> Bear Lake: no route vs 3km booked -- STRAIGHT LINE used | ok Bear Lake -> Columbus: 7 pts, 11km vs 13km booked (0.82x) [rail] | ok Columbus -> Corry: 3 pts, 5km vs 5km booked (1.03x) [rail] | ok Corry -> Union City: 8 pts, 18km vs 18km booked (1.02x) [rail] | ok Union City -> Mill Village: 15 pts, 14km vs 11km booked (1.27x) [rail] | ok Mill Village -> Cambridge Springs: 10 pts, 14km vs 14km booked (0.94x) [rail] | ok Cambridge Springs -> Venango: 5 pts, 6km vs 6km booked (0.94x) [rail] | ok Venango -> Saegertown: 8 pts, 7km vs 8km booked (0.87x) [rail] | ok Saegertown -> Meadville: 12 pts, 11km vs 10km booked (1.09x) [rail] | ok Transfer -> Orangeville: 7 pts, 10km vs 7km crow (1.31x) [rail] | XX Orangeville -> Burghill: no route vs 3km booked -- STRAIGHT LINE used | XX Burghill -> Cortland: rail 11km (0.67x); abandoned 11km (0.67x) vs 16km booked -- STRAIGHT LINE used | XX Cortland -> Warren: rail 29km (2.28x); abandoned 29km (2.26x) vs 13km booked -- STRAIGHT LINE used | ok Akron -> Wadsworth: 19 pts, 22km vs 23km booked (0.98x) [rail] | ok Wadsworth -> Seville: 16 pts, 21km vs 16km booked (1.29x) [rail] | ok Seville -> West Salem: 9 pts, 19km vs 19km booked (0.96x) [abandoned] | ok West Salem -> Polk: 9 pts, 10km vs 11km booked (0.90x) [rail] | ok Polk -> Ashland: 9 pts, 12km vs 11km booked (1.07x) [rail] | ok Ashland -> Mansfield: 19 pts, 30km vs 27km booked (1.09x) [rail] | XX Mansfield -> Ontario: rail 8km (0.68x); abandoned 8km (0.70x) vs 11km booked -- STRAIGHT LINE used | ok Ontario -> Galion: 5 pts, 12km vs 13km booked (0.90x) [abandoned] | ok Galion -> Caledonia: 7 pts, 19km vs 18km booked (1.07x) [rail] | ok Caledonia -> Marion: 5 pts, 20km vs 16km booked (1.22x) [rail] | XX Marion -> Richwood: rail 79km (3.50x); abandoned 79km (3.50x) vs 23km booked -- STRAIGHT LINE used | ok Richwood -> North Lewisburg: 7 pts, 33km vs 32km booked (1.02x) [rail] | ok North Lewisburg -> Urbana: 8 pts, 23km vs 23km booked (1.01x) [rail] | ok Urbana -> Springfield: 16 pts, 26km vs 21km booked (1.22x) [rail] | ok Springfield -> Enon: 8 pts, 13km vs 10km booked (1.37x) [rail] | ok Enon -> Fairborn: 5 pts, 13km vs 10km booked (1.32x) [rail] | ok Fairborn -> Dayton: 10 pts, 19km vs 16km booked (1.15x) [rail]"], "pulled": "20260824", "rule4_split_2026_08_24": "Rule 4 ownership split. The Erie Railroad and the Delaware, Lackawanna & Western did not become one another -- they merged on October 17 1960 into a new company, the Erie Lackawanna Railroad (reorganized as the Erie Lackawanna Railway in 1968 under the Dereco holding company, and folded into Conrail April 1 1976). Before this pass the post-1960 years were still drawn in the predecessors' own colours, so one company appeared on the map in two different colours -- ex-Erie segments in Erie black #22223B, ex-Lackawanna in DL&W brown #7F5539. Every feature whose segments ran past 1960 has been split at the merger date into a second feature with identical geometry, company 'Erie Lackawanna Railroad', colour #A02C5A. Six features across six files: erie-mainline-jerseycity-buffalo, dlw-hoboken-scranton-buffalo, erie-salamanca-jamestown-dayton, erie-chicago-extension, erie-buffalo-niagara-falls, cmv-cleveland-youngstown. The NYS&W (nysw-jerseycity-stroudsburg) is deliberately NOT included -- it had reverted to independent operation by 1940 and was not part of the merger.", "line_label_audit": "2026-08-24: line labels normalised repo-wide to \"<operating company>: <line name>\" -- the company's common display name (legal suffixes dropped), then the line as a passenger would have known it, or its two terminals where the line carried no advertised name. Long intermediate station lists were reduced to endpoints. For features spanning several operators the company shown is the one that ran the line for most of its drawn years. See CLAUDE.md Rule 6."}}