{
 "type": "FeatureCollection",
 "metadata": {
  "note": "The Buckfield Branch and its successors - the line from Mechanic Falls on the Atlantic & St. Lawrence (later Grand Trunk) north through Buckfield to Canton, extended to Rumford Falls, Livermore Falls, Rumford Junction on the Maine Central Back Road, and the Rangeley Lakes (Oquossoc, Kennebago); the Maine Central's Rangeley Branch after 1907. Drawn from research/branches/buckfield_branch_railroad.txt in the site repo (DanielMConnolly/historical-trains), researched 2026-10-09; only the report's drawable spans are drawn. Rule 4: each era is its own operator and its own feature sharing geometry - Buckfield Branch RR 1850-56, Portland & Oxford Central 1862-72, Rumford Falls & Buckfield 1878-90, Portland & Rumford Falls Railway 1890-1907, Maine Central from the 1 May 1907 lease. The two total shutdowns (Oct 1856 - spring 1862, and 1873 - 15 Jul 1878) carried no traffic of any kind and are left as gaps. The one-month Portland & Rumford Falls RAILROAD lessee (Apr-May 1907) is not drawn; it is not known to have run trains.",
  "sources": [
   "https://archive.org/details/historyofbuckfie00cole (Cole & Whitman, A History of Buckfield, Oxford County, Maine, 1915, ch. XXXI 'Railroads' pp. 445-452 and annals)",
   "https://www.loc.gov/resource/sn83016025/1883-09-08/ed-1/?sp=1 (Portland Daily Press 8 Sep 1883 p.1, 'The Rumford Falls')",
   "https://www.loc.gov/resource/sn83009653/1883-10-02/ed-1/?sp=3 (Oxford Democrat 2 Oct 1883 p.3, Bisbee's history of the road)",
   "https://nashuacitystation.org/history/buckfield-branch-railroad-company/ (summary of ICC valuation report, Maine Central, 1931)",
   "https://nashuacitystation.org/history/portland-and-oxford-central-railroad-company/ (summary of ICC valuation report, 1931)",
   "https://nashuacitystation.org/history/rumford-falls-and-buckfield-railroad-company/ (summary of ICC valuation report, 1931)",
   "https://nashuacitystation.org/history/portland-and-rumford-falls-railway/ (summary of ICC valuation report, 1931)",
   "https://nashuacitystation.org/history/rumford-falls-and-rangeley-lakes-railroad-company/ (summary of ICC valuation report, 1931)",
   "https://www.branchline.uk/jfpdf/mainerrs.pdf (J. Fowler, Maine passenger stations, line 6 Rumford Jn - Kennebago and line 8 Canton - Livermore Falls; letters x=1850 Pathfinder, y=1866 Pathfinder, z=1892-94, a=1911, b=1921, c=1932, d=1954 MEC public timetables, n=1914 Guide)",
   "research/sources/official_guide_1952.txt in the site repo (Official Guide, Feb 1952, MEC Table 6 and index)",
   "https://en.wikipedia.org/wiki/Rumford_Branch (citing Ron Johnson, The Best of Maine Railroads, 1985; R.C. Jones, Two Feet Between the Rails vol. II, 1980, p.298)"
  ],
  "source_conflicts": [
   "1850 opening day: the 11th of January (Cole 1915; OCR reads 'nth') vs Tuesday 15 Jan (NH Gazette 22 Jan 1850, 'Tuesday last'). Same year either way.",
   "Oct 1856 suspension: the 10th or 15th (Cole's OCR reads 'loth').",
   "End of the Portland & Oxford Central: 'winter of 1872-3' (Bisbee, Oxford Democrat 1883) vs a court injunction of November 1873 (Cole) vs operations 'to 1873' (NCS/ICC). Drawn to 1872, the last confirmed year.",
   "1878 reopening: trains 'on and after July 8th' (Portland Daily Press 26 Jun 1878 announcement) vs regular service from Monday 15 July (Cole; PDP 1883). Same year.",
   "Rangeley line operator before 1900: NCS/ICC gives the Rumford Falls & Rangeley Lakes 'rail operations 1895-1899'; the P&RF's own 1903 advertisement sells the trains. Drawn as P&RF from 1900 (the first confirmed passenger year)."
  ],
  "not_yet_sourced": [
   "OPEN START, portland-rumford-falls-canton-livermore-falls: drawn from 1900 (first passenger listing); the branch opened 1897 (Chisholm) / 1899 (Livermore Falls).",
   "OPEN START, portland-rumford-falls-rumford-falls-chapman: drawn from 1900 (1900 Pathfinder); the Rangeley line was built from 1895.",
   "OPEN START, portland-rumford-falls-chapman-bemis: drawn from 1902 (Sep 1902 timetable); Bemis may have been reached earlier.",
   "OPEN END, maine-central-rangeley-branch-rumford-junction-canton: drawn to 1932 (Fowler 1932 letter); passengers ended 1933-1951, rails lifted 1952. Needs the date the Rumford trains were rerouted via Livermore Falls.",
   "OPEN END, maine-central-rangeley-branch-canton-rumford and maine-central-livermore-falls-branch-canton-livermore-falls: drawn to 1954 (Fowler 1954 letter); the last Rumford passenger train is undated (MEC ended all passenger service 5 Sep 1960). Needs a Maine newspaper or ICC/PUC discontinuance record 1954-1960.",
   "OPEN END, maine-central-rangeley-branch-rumford-oquossoc: drawn to 1932; abandoned after the March 1936 flood.",
   "OPEN START AND END, maine-central-rangeley-branch-oquossoc-kennebago: drawn 1914-1933; opening year after 1907 unknown, and whether the 1933 railbus ran in 1934-35 is unknown.",
   "Opening years 1892 (Canton - Rumford Falls) and 1893 (Rumford Jct - Mechanic Falls): drawn from 1894 (Fowler 1892-94 letters); an 1892-93 opening notice in the Portland Daily Press or Oxford Democrat would move both earlier.",
   "Whether the P&RF owned and ran its own trains over Rumford Jct - Auburn - Lewiston 1893-1907 (Fowler line 2 headnote 'Rumford Jn-Lewiston ex Portland & Rumford Falls'). Not drawn.",
   "Whether East Sumner - Canton (1871-72) carried regular passenger service at all; low confidence.",
   "All headway_min and avg_speed_kmh values are estimates except the 1863 twice-weekly P&OC service, the 1885-88 RF&B timetables (two trains a day, measured ~24 km/h) and the 1902-03 Rangeley line departures.",
   "Not read directly: the ICC valuation report (via Nashua City Station only), Johnson 1985 and Jones 1980 (via Wikipedia only)."
  ],
  "freight_only_audit": "Written to Rule 1 at creation. Not drawn: Rumford Jct - Canton after 1932 (freight to the 1952 lifting); Canton - Rumford and Canton - Livermore Falls after 1954 (freight to the present, CSX); Canton - Gilbertville 1878-1892 (the RF&B's freight-only upper terminal - passenger timetables end at Canton); the 1856-62 and 1873-78 shutdowns (no traffic of any kind); mill spurs at Rumford, Riley's and Chisholm.",
  "horsecar_audit": "None: steam from the first train (locomotive 'Pathfinder', Jan 1850). The c.1855-56 hand-car working round a track break and the stage coaches that bridged unbuilt gaps are not rail traction and are not drawn.",
  "line_label_audit": "Labels written to the Rule 6 pattern at creation; Maine Central features use its 'Rangeley Branch' / 'Livermore Falls Branch' names with terminals in parentheses.",
  "interurban_audit": "Not interurban: steam branch lines, drawn intercity_rail."
 },
 "features": [
  {
   "type": "Feature",
   "properties": {
    "company": "Buckfield Branch Railroad",
    "line": "Buckfield Branch: Mechanic Falls – Buckfield",
    "id": "buckfield-branch-mechanic-falls-buckfield",
    "color": "#5B7F3A",
    "mode": "intercity_rail",
    "avg_speed_kmh": 25,
    "speed_source": "estimated: 1850s light branch line; estimated, not computed from a timetable (Rule 3)",
    "geometry_source": "OpenStreetMap via Overpass (mail.ru mirror) plus OpenHistoricalMap (CC0), traced with opstrace.py: OSM ways tagged old_railway_operator=MEC (live CSX 'Waterville Subdivision:Rumford Branch' and the lifted grades, partly ITS 89 snowmobile trail and roads built on the grade) cost 1x; OHM ways named for this road's companies 1.5x so the denser OSM grade wins where both exist. Waypoints pinned onto the grade itself (OHM/OSM vertices), not taken from Nominatim, which returns township centroids for most of these towns. OHM used for geometry only, never for dates.",
    "geometry_quality": "Traced 13.3 mi against a documented 13.1 mi (MP 11.6 Mechanic Falls - 24.7 Buckfield; the 1849 mail contract says 12 mi). OSM MEC-tagged lifted grade throughout (roads, ITS 89 trail and unnamed abandoned ways on the old bed); the first 0.45 mi north of Mechanic Falls follows OHM way 201882645. Median deviation from the OHM trace 4 m, max 46 m. No straight-line leg, but the OSM grade is sparsely mapped in places: raw source vertices up to 1.8 km apart (south of Hartford) and 1.4 km (north of Mechanic Falls), drawn as the straight tangents the source gives. Buckfield end at the junction of OHM ways 201882645/201882637 (44.2897 N, -70.3669). ERA CAVEAT: this draws the grade as it stood before its 1952 lifting. The 1850s alignment may differ in places the research report flags - the 1855 bridge at Buckfield, the pond crossing beyond East Sumner (on piles, later drained and filled), and the 1869-70 Hartford - Canton track laid on frozen ground - and the 1850 junction with the Atlantic & St. Lawrence at Mechanic Falls is not known to coincide with the post-1893 one. Those differences are unmapped and not drawn.",
    "segments": [
     {
      "start": 1850,
      "end": 1856,
      "headway_min": 720,
      "note": "First train to Buckfield January 1850 (the 11th per Cole 1915, OCR-damaged; 'Tuesday last', i.e. 15 Jan, per the NH Gazette of 22 Jan 1850), hauled by the locomotive 'Pathfinder'. 5 ft 6 in Portland gauge, connecting with the Atlantic & St. Lawrence at Mechanic Falls. From 1851 F.O.J. Smith ran it as mortgagee in possession under the same name (not a Rule 4 split). Smith suspended the road in October 1856 (the 10th or 15th - Cole's OCR reads 'loth'), housed the rolling stock at Buckfield and closed the stations; nothing ran again until spring 1862. Some time before that (undated, 1855-56) landowners tore up the track near Mechanic Falls and mail and passengers were worked by hand cars round the break, then by stage - context only. Headway 720 (about two trains a day) is an estimate; no 1850s timetable was read.",
      "sources": [
       "Segment-level: Cole 1915 pp. 445-449 for the January 1850 opening and the October 1856 suspension; NH Gazette 22 Jan 1850; Fowler line 6 (1850 Pathfinder letters); NCS/ICC operations 1850-1856. Headway NOT SOURCED.",
       "https://archive.org/details/historyofbuckfie00cole (Cole & Whitman, A History of Buckfield, Oxford County, Maine, 1915, ch. XXXI 'Railroads' pp. 445-452 and annals)",
       "https://www.loc.gov/resource/sn84023141/1850-01-22/ed-1/?sp=3 (New Hampshire Gazette & Republican Union, 22 Jan 1850, p.3)",
       "https://www.branchline.uk/jfpdf/mainerrs.pdf (J. Fowler, Maine passenger stations, line 6 Rumford Jn - Kennebago and line 8 Canton - Livermore Falls; letters x=1850 Pathfinder, y=1866 Pathfinder, z=1892-94, a=1911, b=1921, c=1932, d=1954 MEC public timetables, n=1914 Guide)",
       "https://nashuacitystation.org/history/buckfield-branch-railroad-company/ (summary of ICC valuation report, Maine Central, 1931)"
      ]
     }
    ]
   },
   "geometry": {
    "type": "LineString",
    "coordinates": [
     [
      -70.3945,
      44.111
     ],
     [
      -70.394049,
      44.114935
     ],
     [
      -70.393684,
      44.116075
     ],
     [
      -70.387004,
      44.12493
     ],
     [
      -70.386225,
      44.126326
     ],
     [
      -70.385861,
      44.127435
     ],
     [
      -70.385685,
      44.128759
     ],
     [
      -70.385836,
      44.130364
     ],
     [
      -70.388409,
      44.137687
     ],
     [
      -70.388478,
      44.138898
     ],
     [
      -70.388096,
      44.139867
     ],
     [
      -70.387149,
      44.141008
     ],
     [
      -70.385547,
      44.143929
     ],
     [
      -70.382715,
      44.148026
     ],
     [
      -70.382161,
      44.149049
     ],
     [
      -70.380941,
      44.152179
     ],
     [
      -70.376447,
      44.158744
     ],
     [
      -70.374941,
      44.160167
     ],
     [
      -70.37203,
      44.161576
     ],
     [
      -70.370701,
      44.162862
     ],
     [
      -70.367937,
      44.167298
     ],
     [
      -70.365621,
      44.169746
     ],
     [
      -70.364908,
      44.170754
     ],
     [
      -70.364128,
      44.172424
     ],
     [
      -70.36318,
      44.173999
     ],
     [
      -70.361702,
      44.175845
     ],
     [
      -70.359427,
      44.178323
     ],
     [
      -70.3587,
      44.179342
     ],
     [
      -70.35692,
      44.182322
     ],
     [
      -70.354979,
      44.185042
     ],
     [
      -70.354668,
      44.185775
     ],
     [
      -70.35412,
      44.187889
     ],
     [
      -70.353425,
      44.203084
     ],
     [
      -70.353265,
      44.204034
     ],
     [
      -70.347345,
      44.226607
     ],
     [
      -70.347154,
      44.228245
     ],
     [
      -70.347197,
      44.229836
     ],
     [
      -70.347418,
      44.231091
     ],
     [
      -70.349853,
      44.238517
     ],
     [
      -70.350429,
      44.240708
     ],
     [
      -70.350214,
      44.244088
     ],
     [
      -70.350361,
      44.244754
     ],
     [
      -70.350966,
      44.246087
     ],
     [
      -70.358125,
      44.255359
     ],
     [
      -70.359657,
      44.25662
     ],
     [
      -70.366191,
      44.26084
     ],
     [
      -70.367669,
      44.26223
     ],
     [
      -70.368688,
      44.263693
     ],
     [
      -70.369674,
      44.26552
     ],
     [
      -70.369856,
      44.266216
     ],
     [
      -70.369901,
      44.267849
     ],
     [
      -70.368068,
      44.286424
     ],
     [
      -70.366857,
      44.289696
     ]
    ]
   }
  },
  {
   "type": "Feature",
   "properties": {
    "company": "Portland and Oxford Central Railroad",
    "line": "Portland and Oxford Central: Mechanic Falls – Buckfield",
    "id": "portland-oxford-central-mechanic-falls-buckfield",
    "color": "#C08A2E",
    "mode": "intercity_rail",
    "avg_speed_kmh": 15,
    "speed_source": "estimated: Cole says trains ran 'at a low rate of speed' on a dilapidated road; estimated, not computed from a timetable (Rule 3)",
    "geometry_source": "OpenStreetMap via Overpass (mail.ru mirror) plus OpenHistoricalMap (CC0), traced with opstrace.py: OSM ways tagged old_railway_operator=MEC (live CSX 'Waterville Subdivision:Rumford Branch' and the lifted grades, partly ITS 89 snowmobile trail and roads built on the grade) cost 1x; OHM ways named for this road's companies 1.5x so the denser OSM grade wins where both exist. Waypoints pinned onto the grade itself (OHM/OSM vertices), not taken from Nominatim, which returns township centroids for most of these towns. OHM used for geometry only, never for dates.",
    "geometry_quality": "Traced 13.3 mi against a documented 13.1 mi (MP 11.6 Mechanic Falls - 24.7 Buckfield; the 1849 mail contract says 12 mi). OSM MEC-tagged lifted grade throughout (roads, ITS 89 trail and unnamed abandoned ways on the old bed); the first 0.45 mi north of Mechanic Falls follows OHM way 201882645. Median deviation from the OHM trace 4 m, max 46 m. No straight-line leg, but the OSM grade is sparsely mapped in places: raw source vertices up to 1.8 km apart (south of Hartford) and 1.4 km (north of Mechanic Falls), drawn as the straight tangents the source gives. Buckfield end at the junction of OHM ways 201882645/201882637 (44.2897 N, -70.3669). ERA CAVEAT: this draws the grade as it stood before its 1952 lifting. The 1850s alignment may differ in places the research report flags - the 1855 bridge at Buckfield, the pond crossing beyond East Sumner (on piles, later drained and filled), and the 1869-70 Hartford - Canton track laid on frozen ground - and the 1850 junction with the Atlantic & St. Lawrence at Mechanic Falls is not known to coincide with the post-1893 one. Those differences are unmapped and not drawn.",
    "segments": [
     {
      "start": 1862,
      "end": 1872,
      "headway_min": 5040,
      "note": "Put back in service in spring 1862 by A.R. Morrill 'at a low rate of speed' (Cole), after five idle years; Smith's Portland & Oxford Central ran the trains (it bought the Buckfield Branch company 1 May 1863). The Worcester Spy of 20 Jun 1863 has trains running 'regularly, and as far as the town of Sumner, twice a week' - headway 5040 is that twice-weekly service; later frequency is not sourced. The road declined through the late 1860s ('in a sadly dilapidated condition', commissioners, Jan 1872). END: drawn to 1872, the last confirmed year (a train from Canton to Mechanic Falls in February 1872, Cole's annals). Trains were 'suspended altogether, in the winter of 1872-3' (Bisbee, Oxford Democrat 1883), while Cole has a court injunction stopping them in November 1873 and NCS/ICC gives operations to 1873 - running in 1873 is not established. Nothing ran again until 15 July 1878.",
      "sources": [
       "Segment-level: Cole 1915 pp. 449-451 and the 1864 and 1872 annals; Oxford Democrat 1883 (Bisbee); Worcester Daily Spy 20 Jun 1863 ('twice a week'); railroad commissioners in the Portland Daily Press 15 Jan 1872 and 13 Jan 1873; NCS/ICC operations 1862-1873.",
       "https://archive.org/details/historyofbuckfie00cole (Cole & Whitman, A History of Buckfield, Oxford County, Maine, 1915, ch. XXXI 'Railroads' pp. 445-452 and annals)",
       "https://www.loc.gov/resource/sn83009653/1883-10-02/ed-1/?sp=3 (Oxford Democrat 2 Oct 1883 p.3, Bisbee's history of the road)",
       "https://www.loc.gov/resource/sn83021205/1863-06-20/ed-1/?sp=2 (Worcester Daily Spy 20 Jun 1863 p.2)",
       "https://www.loc.gov/resource/sn83016025/1872-01-15/ed-1/?sp=2 (Portland Daily Press 15 Jan 1872 p.2)",
       "https://nashuacitystation.org/history/portland-and-oxford-central-railroad-company/ (summary of ICC valuation report, 1931)"
      ]
     }
    ]
   },
   "geometry": {
    "type": "LineString",
    "coordinates": [
     [
      -70.3945,
      44.111
     ],
     [
      -70.394049,
      44.114935
     ],
     [
      -70.393684,
      44.116075
     ],
     [
      -70.387004,
      44.12493
     ],
     [
      -70.386225,
      44.126326
     ],
     [
      -70.385861,
      44.127435
     ],
     [
      -70.385685,
      44.128759
     ],
     [
      -70.385836,
      44.130364
     ],
     [
      -70.388409,
      44.137687
     ],
     [
      -70.388478,
      44.138898
     ],
     [
      -70.388096,
      44.139867
     ],
     [
      -70.387149,
      44.141008
     ],
     [
      -70.385547,
      44.143929
     ],
     [
      -70.382715,
      44.148026
     ],
     [
      -70.382161,
      44.149049
     ],
     [
      -70.380941,
      44.152179
     ],
     [
      -70.376447,
      44.158744
     ],
     [
      -70.374941,
      44.160167
     ],
     [
      -70.37203,
      44.161576
     ],
     [
      -70.370701,
      44.162862
     ],
     [
      -70.367937,
      44.167298
     ],
     [
      -70.365621,
      44.169746
     ],
     [
      -70.364908,
      44.170754
     ],
     [
      -70.364128,
      44.172424
     ],
     [
      -70.36318,
      44.173999
     ],
     [
      -70.361702,
      44.175845
     ],
     [
      -70.359427,
      44.178323
     ],
     [
      -70.3587,
      44.179342
     ],
     [
      -70.35692,
      44.182322
     ],
     [
      -70.354979,
      44.185042
     ],
     [
      -70.354668,
      44.185775
     ],
     [
      -70.35412,
      44.187889
     ],
     [
      -70.353425,
      44.203084
     ],
     [
      -70.353265,
      44.204034
     ],
     [
      -70.347345,
      44.226607
     ],
     [
      -70.347154,
      44.228245
     ],
     [
      -70.347197,
      44.229836
     ],
     [
      -70.347418,
      44.231091
     ],
     [
      -70.349853,
      44.238517
     ],
     [
      -70.350429,
      44.240708
     ],
     [
      -70.350214,
      44.244088
     ],
     [
      -70.350361,
      44.244754
     ],
     [
      -70.350966,
      44.246087
     ],
     [
      -70.358125,
      44.255359
     ],
     [
      -70.359657,
      44.25662
     ],
     [
      -70.366191,
      44.26084
     ],
     [
      -70.367669,
      44.26223
     ],
     [
      -70.368688,
      44.263693
     ],
     [
      -70.369674,
      44.26552
     ],
     [
      -70.369856,
      44.266216
     ],
     [
      -70.369901,
      44.267849
     ],
     [
      -70.368068,
      44.286424
     ],
     [
      -70.366857,
      44.289696
     ]
    ]
   }
  },
  {
   "type": "Feature",
   "properties": {
    "company": "Portland and Oxford Central Railroad",
    "line": "Portland and Oxford Central: Buckfield – East Sumner",
    "id": "portland-oxford-central-buckfield-east-sumner",
    "color": "#C08A2E",
    "mode": "intercity_rail",
    "avg_speed_kmh": 15,
    "speed_source": "estimated: as Mechanic Falls - Buckfield; estimated, not computed from a timetable (Rule 3)",
    "geometry_source": "OpenStreetMap via Overpass (mail.ru mirror) plus OpenHistoricalMap (CC0), traced with opstrace.py: OSM ways tagged old_railway_operator=MEC (live CSX 'Waterville Subdivision:Rumford Branch' and the lifted grades, partly ITS 89 snowmobile trail and roads built on the grade) cost 1x; OHM ways named for this road's companies 1.5x so the denser OSM grade wins where both exist. Waypoints pinned onto the grade itself (OHM/OSM vertices), not taken from Nominatim, which returns township centroids for most of these towns. OHM used for geometry only, never for dates.",
    "geometry_quality": "Traced 3.8 mi against a documented 3.8 mi (MP 24.7 - 28.5). OSM MEC-tagged lifted grade. APPROXIMATED STATION POSITION: the East Sumner end is placed by milepost (3.8 mi along the traced grade from Buckfield, at 44.341604 N, -70.374777), about 1.0 mi south of the East Sumner village point; the station site itself was not located. ERA CAVEAT: this draws the grade as it stood before its 1952 lifting. The 1850s alignment may differ in places the research report flags - the 1855 bridge at Buckfield, the pond crossing beyond East Sumner (on piles, later drained and filled), and the 1869-70 Hartford - Canton track laid on frozen ground - and the 1850 junction with the Atlantic & St. Lawrence at Mechanic Falls is not known to coincide with the post-1893 one. Those differences are unmapped and not drawn.",
    "segments": [
     {
      "start": 1863,
      "end": 1872,
      "headway_min": 5040,
      "note": "Cole: trains ran 'first to Buckfield and later to East Sumner village, where there was stage connection with Canton', undated; the Worcester Daily Spy of 20 Jun 1863 has trains 'as far as the town of Sumner, twice a week', so 1863 is the first confirmed year (it may have been 1862). Headway 5040 = twice weekly (1863). END: drawn to 1872, the last confirmed year (a train from Canton to Mechanic Falls in February 1872, Cole's annals). Trains were 'suspended altogether, in the winter of 1872-3' (Bisbee, Oxford Democrat 1883), while Cole has a court injunction stopping them in November 1873 and NCS/ICC gives operations to 1873 - running in 1873 is not established. Nothing ran again until 15 July 1878.",
      "sources": [
       "Segment-level: Cole 1915 p.449; Worcester Daily Spy 20 Jun 1863 p.2; Fowler line 6 ('Sumner 1870G').",
       "https://archive.org/details/historyofbuckfie00cole (Cole & Whitman, A History of Buckfield, Oxford County, Maine, 1915, ch. XXXI 'Railroads' pp. 445-452 and annals)",
       "https://www.loc.gov/resource/sn83021205/1863-06-20/ed-1/?sp=2 (Worcester Daily Spy 20 Jun 1863 p.2)",
       "https://www.branchline.uk/jfpdf/mainerrs.pdf (J. Fowler, Maine passenger stations, line 6 Rumford Jn - Kennebago and line 8 Canton - Livermore Falls; letters x=1850 Pathfinder, y=1866 Pathfinder, z=1892-94, a=1911, b=1921, c=1932, d=1954 MEC public timetables, n=1914 Guide)"
      ]
     }
    ]
   },
   "geometry": {
    "type": "LineString",
    "coordinates": [
     [
      -70.366857,
      44.289696
     ],
     [
      -70.363571,
      44.294281
     ],
     [
      -70.363331,
      44.295121
     ],
     [
      -70.363382,
      44.296339
     ],
     [
      -70.365633,
      44.318677
     ],
     [
      -70.36621,
      44.322975
     ],
     [
      -70.367956,
      44.327528
     ],
     [
      -70.368872,
      44.329471
     ],
     [
      -70.369646,
      44.330405
     ],
     [
      -70.370591,
      44.331211
     ],
     [
      -70.372017,
      44.332118
     ],
     [
      -70.374731,
      44.333496
     ],
     [
      -70.375541,
      44.334695
     ],
     [
      -70.375999,
      44.336439
     ],
     [
      -70.376082,
      44.337807
     ],
     [
      -70.375879,
      44.339066
     ],
     [
      -70.374777,
      44.341604
     ]
    ]
   }
  },
  {
   "type": "Feature",
   "properties": {
    "company": "Portland and Oxford Central Railroad",
    "line": "Portland and Oxford Central: East Sumner – Canton",
    "id": "portland-oxford-central-east-sumner-canton",
    "color": "#C08A2E",
    "mode": "intercity_rail",
    "avg_speed_kmh": 15,
    "speed_source": "estimated: as Mechanic Falls - Buckfield; estimated, not computed from a timetable (Rule 3)",
    "geometry_source": "OpenStreetMap via Overpass (mail.ru mirror) plus OpenHistoricalMap (CC0), traced with opstrace.py: OSM ways tagged old_railway_operator=MEC (live CSX 'Waterville Subdivision:Rumford Branch' and the lifted grades, partly ITS 89 snowmobile trail and roads built on the grade) cost 1x; OHM ways named for this road's companies 1.5x so the denser OSM grade wins where both exist. Waypoints pinned onto the grade itself (OHM/OSM vertices), not taken from Nominatim, which returns township centroids for most of these towns. OHM used for geometry only, never for dates.",
    "geometry_quality": "Traced 7.9 mi against a documented 8.1 mi (MP 28.5 - 36.6; the 1871 commissioners give Hartford - Canton as 5 mi). OSM MEC-tagged lifted grade; no straight-line leg, though raw source vertices are up to 1.8 km apart south of Hartford (tangents as mapped). East Sumner end placed by milepost (see the Buckfield - East Sumner feature). Whether the P&OC's 1870-72 Canton terminus coincides with the later Canton station is not known. ERA CAVEAT: this draws the grade as it stood before its 1952 lifting. The 1850s alignment may differ in places the research report flags - the 1855 bridge at Buckfield, the pond crossing beyond East Sumner (on piles, later drained and filled), and the 1869-70 Hartford - Canton track laid on frozen ground - and the 1850 junction with the Atlantic & St. Lawrence at Mechanic Falls is not known to coincide with the post-1893 one. Those differences are unmapped and not drawn.",
    "segments": [
     {
      "start": 1871,
      "end": 1872,
      "headway_min": 5040,
      "note": "LOW CONFIDENCE. Completed to Hartford December 1869; a train was run into Canton by 1 Jan 1870 over ties laid on frozen ground to meet a bond condition, but the track failed that spring (Cole) - a one-off, not counted as service. The railroad commissioners report Hartford - Canton (5 mi) opened during 1870 (Daily Kennebec Journal 4 Feb 1871), so 1871 is the first confirmed year; a Canton - Mechanic Falls train in February 1872 (Cole's annals) confirms 1872. Service was poor: Bisbee says trains 'did not run regularly', Smith tore down the Hartford depot and swore no train would stop there, and Canton sued in July 1873 for failure to run the road. It may have been intermittent mixed service. Headway 5040 (twice weekly) is carried over from 1863 and is an estimate here. END: drawn to 1872, the last confirmed year (a train from Canton to Mechanic Falls in February 1872, Cole's annals). Trains were 'suspended altogether, in the winter of 1872-3' (Bisbee, Oxford Democrat 1883), while Cole has a court injunction stopping them in November 1873 and NCS/ICC gives operations to 1873 - running in 1873 is not established. Nothing ran again until 15 July 1878.",
      "sources": [
       "Segment-level: Cole 1915 pp. 450-451 and 1872 annal; Oxford Democrat 1883 (Bisbee); Daily Kennebec Journal 4 Feb 1871 p.2; Portland Daily Press 15 Jan 1872 p.2. Headway NOT SOURCED for this stretch.",
       "https://archive.org/details/historyofbuckfie00cole (Cole & Whitman, A History of Buckfield, Oxford County, Maine, 1915, ch. XXXI 'Railroads' pp. 445-452 and annals)",
       "https://www.loc.gov/resource/sn83009653/1883-10-02/ed-1/?sp=3 (Oxford Democrat 2 Oct 1883 p.3, Bisbee's history of the road)",
       "https://www.loc.gov/resource/sn82014248/1871-02-04/ed-1/?sp=2 (Daily Kennebec Journal 4 Feb 1871 p.2)",
       "https://www.loc.gov/resource/sn83016025/1872-01-15/ed-1/?sp=2 (Portland Daily Press 15 Jan 1872 p.2)"
      ]
     }
    ]
   },
   "geometry": {
    "type": "LineString",
    "coordinates": [
     [
      -70.374777,
      44.341604
     ],
     [
      -70.374365,
      44.342552
     ],
     [
      -70.373979,
      44.344567
     ],
     [
      -70.373301,
      44.346451
     ],
     [
      -70.373267,
      44.347749
     ],
     [
      -70.373743,
      44.349498
     ],
     [
      -70.373661,
      44.351398
     ],
     [
      -70.373353,
      44.352127
     ],
     [
      -70.371899,
      44.353447
     ],
     [
      -70.366709,
      44.356822
     ],
     [
      -70.362886,
      44.359895
     ],
     [
      -70.35614,
      44.364679
     ],
     [
      -70.353321,
      44.367159
     ],
     [
      -70.348553,
      44.373477
     ],
     [
      -70.331497,
      44.39154
     ],
     [
      -70.327518,
      44.395128
     ],
     [
      -70.325972,
      44.397196
     ],
     [
      -70.325263,
      44.398275
     ],
     [
      -70.324578,
      44.400022
     ],
     [
      -70.324288,
      44.401222
     ],
     [
      -70.324001,
      44.404388
     ],
     [
      -70.324194,
      44.407893
     ],
     [
      -70.324987,
      44.412297
     ],
     [
      -70.324829,
      44.414118
     ],
     [
      -70.324348,
      44.414882
     ],
     [
      -70.323773,
      44.41545
     ],
     [
      -70.32251,
      44.416261
     ],
     [
      -70.317997,
      44.417959
     ],
     [
      -70.31681,
      44.418585
     ],
     [
      -70.316064,
      44.419328
     ],
     [
      -70.315773,
      44.420078
     ],
     [
      -70.31555,
      44.421616
     ],
     [
      -70.315677,
      44.42244
     ],
     [
      -70.316354,
      44.423706
     ],
     [
      -70.318174,
      44.426384
     ],
     [
      -70.318507,
      44.428013
     ],
     [
      -70.318166,
      44.432643
     ],
     [
      -70.317359,
      44.436715
     ],
     [
      -70.316832,
      44.438004
     ],
     [
      -70.316124,
      44.438889
     ],
     [
      -70.3156,
      44.4393
     ]
    ]
   }
  },
  {
   "type": "Feature",
   "properties": {
    "company": "Rumford Falls and Buckfield Railroad",
    "line": "Rumford Falls and Buckfield: Mechanic Falls – Canton",
    "id": "rumford-falls-buckfield-mechanic-falls-canton",
    "color": "#7A4E8C",
    "mode": "intercity_rail",
    "avg_speed_kmh": 24,
    "speed_source": "measured: 25 mi Mechanic Falls - Canton in about 1h40 in the Dec 1886 timetable (about 15 mph / 24 km/h including stops)",
    "geometry_source": "OpenStreetMap via Overpass (mail.ru mirror) plus OpenHistoricalMap (CC0), traced with opstrace.py: OSM ways tagged old_railway_operator=MEC (live CSX 'Waterville Subdivision:Rumford Branch' and the lifted grades, partly ITS 89 snowmobile trail and roads built on the grade) cost 1x; OHM ways named for this road's companies 1.5x so the denser OSM grade wins where both exist. Waypoints pinned onto the grade itself (OHM/OSM vertices), not taken from Nominatim, which returns township centroids for most of these towns. OHM used for geometry only, never for dates.",
    "geometry_quality": "Traced 24.9 mi against a documented 25.0 mi (MP 11.6 Mechanic Falls - 36.6 Canton). OSM MEC-tagged lifted grade throughout (roads, ITS 89 trail and unnamed abandoned ways on the old bed); the first 0.45 mi north of Mechanic Falls follows OHM way 201882645. Median deviation from the OHM trace 4 m, max 46 m. No straight-line leg, but the OSM grade is sparsely mapped in places: raw source vertices up to 1.8 km apart (south of Hartford) and 1.4 km (north of Mechanic Falls), drawn as the straight tangents the source gives. Milepost check along the trace: West Minot falls at MP 16.2 (documented 16.1), Hartford at 31.4 (31.5). Canton end at 44.4393 N, -70.3156 (the end of the P&OC OHM way and the OSM 'Old Railroad Grade'). ERA CAVEAT: this draws the grade as it stood before its 1952 lifting. The 1850s alignment may differ in places the research report flags - the 1855 bridge at Buckfield, the pond crossing beyond East Sumner (on piles, later drained and filled), and the 1869-70 Hartford - Canton track laid on frozen ground - and the 1850 junction with the Atlantic & St. Lawrence at Mechanic Falls is not known to coincide with the post-1893 one. Those differences are unmapped and not drawn.",
    "segments": [
     {
      "start": 1878,
      "end": 1890,
      "headway_min": 480,
      "note": "Reopened by the Rumford Falls & Buckfield, as court-appointed receiver of the P&OC (1 Feb 1878): officials' train Saturday 13 Jul 1878, regular passenger and freight service from Monday 15 Jul 1878 'which has since uninterruptedly continued' (Cole; PDP 1883 'opened by the present company July 15, 1878'; the PDP of 26 Jun 1878 had announced trains 'on and after July 8th', with RF&B cars on the Grand Trunk's 8 a.m. Montreal express from Portland). Standard gauge from the reopening. Printed timetables of 1885-88 show two trains each way a day (a mixed and a passenger), Mechanic Falls - Canton in about 1h40; headway 480 spreads those two trains over the service day. Ends 1890 at a change of operator, not of service: the Portland & Rumford Falls Railway was incorporated 8 Oct 1890. Freight also ran 1.7 mi beyond Canton to Gilbertville (the 'upper terminal'), but every passenger timetable ends at Canton, so Canton - Gilbertville is not drawn for these years.",
      "sources": [
       "Segment-level: Cole 1915 p.452; Portland Daily Press 8 Sep 1883 and Oxford Democrat 2 Oct 1883 histories; Portland Daily Press timetables 26 Jun 1878, 10 Dec 1885, 3 Jul 1886, 3 Dec 1886, 9 Feb 1888; NCS/ICC operations to 1890.",
       "https://archive.org/details/historyofbuckfie00cole (Cole & Whitman, A History of Buckfield, Oxford County, Maine, 1915, ch. XXXI 'Railroads' pp. 445-452 and annals)",
       "https://www.loc.gov/resource/sn83016025/1883-09-08/ed-1/?sp=1 (Portland Daily Press 8 Sep 1883 p.1, 'The Rumford Falls')",
       "https://www.loc.gov/resource/sn83009653/1883-10-02/ed-1/?sp=3 (Oxford Democrat 2 Oct 1883 p.3, Bisbee's history of the road)",
       "https://www.loc.gov/resource/sn83016025/1885-12-10/ed-1/?sp=3 (Portland Daily Press 10 Dec 1885 p.3, RF&B timetable)",
       "https://nashuacitystation.org/history/rumford-falls-and-buckfield-railroad-company/ (summary of ICC valuation report, 1931)"
      ]
     }
    ]
   },
   "geometry": {
    "type": "LineString",
    "coordinates": [
     [
      -70.3945,
      44.111
     ],
     [
      -70.394049,
      44.114935
     ],
     [
      -70.393684,
      44.116075
     ],
     [
      -70.387004,
      44.12493
     ],
     [
      -70.386225,
      44.126326
     ],
     [
      -70.385861,
      44.127435
     ],
     [
      -70.385685,
      44.128759
     ],
     [
      -70.385836,
      44.130364
     ],
     [
      -70.388409,
      44.137687
     ],
     [
      -70.388478,
      44.138898
     ],
     [
      -70.388096,
      44.139867
     ],
     [
      -70.387149,
      44.141008
     ],
     [
      -70.385547,
      44.143929
     ],
     [
      -70.382715,
      44.148026
     ],
     [
      -70.382161,
      44.149049
     ],
     [
      -70.380941,
      44.152179
     ],
     [
      -70.376447,
      44.158744
     ],
     [
      -70.374941,
      44.160167
     ],
     [
      -70.37203,
      44.161576
     ],
     [
      -70.370701,
      44.162862
     ],
     [
      -70.367937,
      44.167298
     ],
     [
      -70.365621,
      44.169746
     ],
     [
      -70.364908,
      44.170754
     ],
     [
      -70.364128,
      44.172424
     ],
     [
      -70.36318,
      44.173999
     ],
     [
      -70.361702,
      44.175845
     ],
     [
      -70.359427,
      44.178323
     ],
     [
      -70.3587,
      44.179342
     ],
     [
      -70.35692,
      44.182322
     ],
     [
      -70.354979,
      44.185042
     ],
     [
      -70.354668,
      44.185775
     ],
     [
      -70.35412,
      44.187889
     ],
     [
      -70.353425,
      44.203084
     ],
     [
      -70.353265,
      44.204034
     ],
     [
      -70.347345,
      44.226607
     ],
     [
      -70.347154,
      44.228245
     ],
     [
      -70.347197,
      44.229836
     ],
     [
      -70.347418,
      44.231091
     ],
     [
      -70.349853,
      44.238517
     ],
     [
      -70.350429,
      44.240708
     ],
     [
      -70.350214,
      44.244088
     ],
     [
      -70.350361,
      44.244754
     ],
     [
      -70.350966,
      44.246087
     ],
     [
      -70.358125,
      44.255359
     ],
     [
      -70.359657,
      44.25662
     ],
     [
      -70.366191,
      44.26084
     ],
     [
      -70.367669,
      44.26223
     ],
     [
      -70.368688,
      44.263693
     ],
     [
      -70.369674,
      44.26552
     ],
     [
      -70.369856,
      44.266216
     ],
     [
      -70.369901,
      44.267849
     ],
     [
      -70.368068,
      44.286424
     ],
     [
      -70.366857,
      44.289696
     ],
     [
      -70.363571,
      44.294281
     ],
     [
      -70.363331,
      44.295121
     ],
     [
      -70.363382,
      44.296339
     ],
     [
      -70.365633,
      44.318677
     ],
     [
      -70.36621,
      44.322975
     ],
     [
      -70.367956,
      44.327528
     ],
     [
      -70.368872,
      44.329471
     ],
     [
      -70.369646,
      44.330405
     ],
     [
      -70.370591,
      44.331211
     ],
     [
      -70.372017,
      44.332118
     ],
     [
      -70.374731,
      44.333496
     ],
     [
      -70.375541,
      44.334695
     ],
     [
      -70.375999,
      44.336439
     ],
     [
      -70.376082,
      44.337807
     ],
     [
      -70.375879,
      44.339066
     ],
     [
      -70.374365,
      44.342552
     ],
     [
      -70.373979,
      44.344567
     ],
     [
      -70.373301,
      44.346451
     ],
     [
      -70.373267,
      44.347749
     ],
     [
      -70.373743,
      44.349498
     ],
     [
      -70.373661,
      44.351398
     ],
     [
      -70.373353,
      44.352127
     ],
     [
      -70.371899,
      44.353447
     ],
     [
      -70.366709,
      44.356822
     ],
     [
      -70.362886,
      44.359895
     ],
     [
      -70.35614,
      44.364679
     ],
     [
      -70.353321,
      44.367159
     ],
     [
      -70.348553,
      44.373477
     ],
     [
      -70.331497,
      44.39154
     ],
     [
      -70.327518,
      44.395128
     ],
     [
      -70.325972,
      44.397196
     ],
     [
      -70.325263,
      44.398275
     ],
     [
      -70.324578,
      44.400022
     ],
     [
      -70.324288,
      44.401222
     ],
     [
      -70.324001,
      44.404388
     ],
     [
      -70.324194,
      44.407893
     ],
     [
      -70.324987,
      44.412297
     ],
     [
      -70.324829,
      44.414118
     ],
     [
      -70.324348,
      44.414882
     ],
     [
      -70.323773,
      44.41545
     ],
     [
      -70.32251,
      44.416261
     ],
     [
      -70.317997,
      44.417959
     ],
     [
      -70.31681,
      44.418585
     ],
     [
      -70.316064,
      44.419328
     ],
     [
      -70.315773,
      44.420078
     ],
     [
      -70.31555,
      44.421616
     ],
     [
      -70.315677,
      44.42244
     ],
     [
      -70.316354,
      44.423706
     ],
     [
      -70.318174,
      44.426384
     ],
     [
      -70.318507,
      44.428013
     ],
     [
      -70.318166,
      44.432643
     ],
     [
      -70.317359,
      44.436715
     ],
     [
      -70.316832,
      44.438004
     ],
     [
      -70.316124,
      44.438889
     ],
     [
      -70.3156,
      44.4393
     ]
    ]
   }
  },
  {
   "type": "Feature",
   "properties": {
    "company": "Portland and Rumford Falls Railway",
    "line": "Portland and Rumford Falls: Mechanic Falls – Canton",
    "id": "portland-rumford-falls-mechanic-falls-canton",
    "color": "#2E8B87",
    "mode": "intercity_rail",
    "avg_speed_kmh": 30,
    "speed_source": "estimated: 1890s-1900s steam branch line; estimated, not computed from a timetable (Rule 3)",
    "geometry_source": "OpenStreetMap via Overpass (mail.ru mirror) plus OpenHistoricalMap (CC0), traced with opstrace.py: OSM ways tagged old_railway_operator=MEC (live CSX 'Waterville Subdivision:Rumford Branch' and the lifted grades, partly ITS 89 snowmobile trail and roads built on the grade) cost 1x; OHM ways named for this road's companies 1.5x so the denser OSM grade wins where both exist. Waypoints pinned onto the grade itself (OHM/OSM vertices), not taken from Nominatim, which returns township centroids for most of these towns. OHM used for geometry only, never for dates.",
    "geometry_quality": "Traced 24.9 mi against a documented 25.0 mi (MP 11.6 Mechanic Falls - 36.6 Canton). OSM MEC-tagged lifted grade throughout (roads, ITS 89 trail and unnamed abandoned ways on the old bed); the first 0.45 mi north of Mechanic Falls follows OHM way 201882645. Median deviation from the OHM trace 4 m, max 46 m. No straight-line leg, but the OSM grade is sparsely mapped in places: raw source vertices up to 1.8 km apart (south of Hartford) and 1.4 km (north of Mechanic Falls), drawn as the straight tangents the source gives. Milepost check along the trace: West Minot falls at MP 16.2 (documented 16.1), Hartford at 31.4 (31.5). Canton end at 44.4393 N, -70.3156 (the end of the P&OC OHM way and the OSM 'Old Railroad Grade').",
    "segments": [
     {
      "start": 1890,
      "end": 1907,
      "headway_min": 360,
      "note": "Hugh J. Chisholm's Portland & Rumford Falls Railway (incorporated 8 Oct 1890) ran the trains from 1890; its 1896 purchase of the P&OC and RF&B properties did not change the operator. Every station carries Fowler's 1892-94 letter. From 1893-94 this became the middle of the P&RF's Rumford Junction - Rumford Falls through route; the P&RF's 1903 advertisement has trains 'From Union Station for Poland, Mechanic Falls, Buckfield, Canton, Dixfield and Rumford Falls'. Headway 360 is an estimate - the number of trains was not counted. Ends 1907 at the lease to the Maine Central (1 May 1907, via the one-month Portland & Rumford Falls Railroad), not an end of service.",
      "sources": [
       "Segment-level: NCS/ICC (P&RF operations 1890-1907); Fowler line 6 (1892-94 letters); Portland Daily Press 5 Feb 1903 p.11 (P&RF advertisement). Headway NOT SOURCED.",
       "https://nashuacitystation.org/history/portland-and-rumford-falls-railway/ (summary of ICC valuation report, 1931)",
       "https://www.branchline.uk/jfpdf/mainerrs.pdf (J. Fowler, Maine passenger stations, line 6 Rumford Jn - Kennebago and line 8 Canton - Livermore Falls; letters x=1850 Pathfinder, y=1866 Pathfinder, z=1892-94, a=1911, b=1921, c=1932, d=1954 MEC public timetables, n=1914 Guide)",
       "https://www.loc.gov/resource/sn83016025/1903-02-05/ed-1/?sp=11 (Portland Daily Press 5 Feb 1903 p.11)",
       "https://en.wikipedia.org/wiki/Rumford_Branch (citing Ron Johnson, The Best of Maine Railroads, 1985; R.C. Jones, Two Feet Between the Rails vol. II, 1980, p.298)"
      ]
     }
    ]
   },
   "geometry": {
    "type": "LineString",
    "coordinates": [
     [
      -70.3945,
      44.111
     ],
     [
      -70.394049,
      44.114935
     ],
     [
      -70.393684,
      44.116075
     ],
     [
      -70.387004,
      44.12493
     ],
     [
      -70.386225,
      44.126326
     ],
     [
      -70.385861,
      44.127435
     ],
     [
      -70.385685,
      44.128759
     ],
     [
      -70.385836,
      44.130364
     ],
     [
      -70.388409,
      44.137687
     ],
     [
      -70.388478,
      44.138898
     ],
     [
      -70.388096,
      44.139867
     ],
     [
      -70.387149,
      44.141008
     ],
     [
      -70.385547,
      44.143929
     ],
     [
      -70.382715,
      44.148026
     ],
     [
      -70.382161,
      44.149049
     ],
     [
      -70.380941,
      44.152179
     ],
     [
      -70.376447,
      44.158744
     ],
     [
      -70.374941,
      44.160167
     ],
     [
      -70.37203,
      44.161576
     ],
     [
      -70.370701,
      44.162862
     ],
     [
      -70.367937,
      44.167298
     ],
     [
      -70.365621,
      44.169746
     ],
     [
      -70.364908,
      44.170754
     ],
     [
      -70.364128,
      44.172424
     ],
     [
      -70.36318,
      44.173999
     ],
     [
      -70.361702,
      44.175845
     ],
     [
      -70.359427,
      44.178323
     ],
     [
      -70.3587,
      44.179342
     ],
     [
      -70.35692,
      44.182322
     ],
     [
      -70.354979,
      44.185042
     ],
     [
      -70.354668,
      44.185775
     ],
     [
      -70.35412,
      44.187889
     ],
     [
      -70.353425,
      44.203084
     ],
     [
      -70.353265,
      44.204034
     ],
     [
      -70.347345,
      44.226607
     ],
     [
      -70.347154,
      44.228245
     ],
     [
      -70.347197,
      44.229836
     ],
     [
      -70.347418,
      44.231091
     ],
     [
      -70.349853,
      44.238517
     ],
     [
      -70.350429,
      44.240708
     ],
     [
      -70.350214,
      44.244088
     ],
     [
      -70.350361,
      44.244754
     ],
     [
      -70.350966,
      44.246087
     ],
     [
      -70.358125,
      44.255359
     ],
     [
      -70.359657,
      44.25662
     ],
     [
      -70.366191,
      44.26084
     ],
     [
      -70.367669,
      44.26223
     ],
     [
      -70.368688,
      44.263693
     ],
     [
      -70.369674,
      44.26552
     ],
     [
      -70.369856,
      44.266216
     ],
     [
      -70.369901,
      44.267849
     ],
     [
      -70.368068,
      44.286424
     ],
     [
      -70.366857,
      44.289696
     ],
     [
      -70.363571,
      44.294281
     ],
     [
      -70.363331,
      44.295121
     ],
     [
      -70.363382,
      44.296339
     ],
     [
      -70.365633,
      44.318677
     ],
     [
      -70.36621,
      44.322975
     ],
     [
      -70.367956,
      44.327528
     ],
     [
      -70.368872,
      44.329471
     ],
     [
      -70.369646,
      44.330405
     ],
     [
      -70.370591,
      44.331211
     ],
     [
      -70.372017,
      44.332118
     ],
     [
      -70.374731,
      44.333496
     ],
     [
      -70.375541,
      44.334695
     ],
     [
      -70.375999,
      44.336439
     ],
     [
      -70.376082,
      44.337807
     ],
     [
      -70.375879,
      44.339066
     ],
     [
      -70.374365,
      44.342552
     ],
     [
      -70.373979,
      44.344567
     ],
     [
      -70.373301,
      44.346451
     ],
     [
      -70.373267,
      44.347749
     ],
     [
      -70.373743,
      44.349498
     ],
     [
      -70.373661,
      44.351398
     ],
     [
      -70.373353,
      44.352127
     ],
     [
      -70.371899,
      44.353447
     ],
     [
      -70.366709,
      44.356822
     ],
     [
      -70.362886,
      44.359895
     ],
     [
      -70.35614,
      44.364679
     ],
     [
      -70.353321,
      44.367159
     ],
     [
      -70.348553,
      44.373477
     ],
     [
      -70.331497,
      44.39154
     ],
     [
      -70.327518,
      44.395128
     ],
     [
      -70.325972,
      44.397196
     ],
     [
      -70.325263,
      44.398275
     ],
     [
      -70.324578,
      44.400022
     ],
     [
      -70.324288,
      44.401222
     ],
     [
      -70.324001,
      44.404388
     ],
     [
      -70.324194,
      44.407893
     ],
     [
      -70.324987,
      44.412297
     ],
     [
      -70.324829,
      44.414118
     ],
     [
      -70.324348,
      44.414882
     ],
     [
      -70.323773,
      44.41545
     ],
     [
      -70.32251,
      44.416261
     ],
     [
      -70.317997,
      44.417959
     ],
     [
      -70.31681,
      44.418585
     ],
     [
      -70.316064,
      44.419328
     ],
     [
      -70.315773,
      44.420078
     ],
     [
      -70.31555,
      44.421616
     ],
     [
      -70.315677,
      44.42244
     ],
     [
      -70.316354,
      44.423706
     ],
     [
      -70.318174,
      44.426384
     ],
     [
      -70.318507,
      44.428013
     ],
     [
      -70.318166,
      44.432643
     ],
     [
      -70.317359,
      44.436715
     ],
     [
      -70.316832,
      44.438004
     ],
     [
      -70.316124,
      44.438889
     ],
     [
      -70.3156,
      44.4393
     ]
    ]
   }
  },
  {
   "type": "Feature",
   "properties": {
    "company": "Portland and Rumford Falls Railway",
    "line": "Portland and Rumford Falls: Canton – Rumford Falls",
    "id": "portland-rumford-falls-canton-rumford-falls",
    "color": "#2E8B87",
    "mode": "intercity_rail",
    "avg_speed_kmh": 30,
    "speed_source": "estimated; estimated, not computed from a timetable (Rule 3)",
    "geometry_source": "OpenStreetMap via Overpass (mail.ru mirror) plus OpenHistoricalMap (CC0), traced with opstrace.py: OSM ways tagged old_railway_operator=MEC (live CSX 'Waterville Subdivision:Rumford Branch' and the lifted grades, partly ITS 89 snowmobile trail and roads built on the grade) cost 1x; OHM ways named for this road's companies 1.5x so the denser OSM grade wins where both exist. Waypoints pinned onto the grade itself (OHM/OSM vertices), not taken from Nominatim, which returns township centroids for most of these towns. OHM used for geometry only, never for dates.",
    "geometry_quality": "Traced 16.1 mi against a documented 16.1 mi (MP 36.6 Canton - 52.7 Rumford; Fowler line 6). Canton - Gilbertville on the OSM MEC-tagged lifted grade (ITS 89), Gilbertville - Rumford on live CSX track tagged old_railway_operator=MEC. Last 0.16 mi into Rumford follows OHM way 201882627 to the Rumford/Rangeley Branch junction at 44.5513 N, -70.5429. No straight-line leg. Median deviation from the OHM trace 2 m, max 28 m. NOTE: today's CSX line bypasses Gilbertville by a later cut-off to the Livermore Falls line; this feature deliberately follows the original route through Gilbertville.",
    "segments": [
     {
      "start": 1894,
      "end": 1907,
      "headway_min": 360,
      "note": "Extension north to Chisholm's new paper-mill town at Rumford Falls, opened 1892 per Johnson (via Wikipedia); drawn from 1894, the first confirmed passenger year (Fowler: Canton, Gilbertville, East Peru, Peru and Dixfield all in the 1892-94 timetable, Rumford Falls as terminus). No 1892-93 opening notice was found, so 1892-93 are left undrawn rather than assumed. Replaced the Canton - Rumford Falls stage. Headway 360 is an estimate. Ends 1907 at the lease to the Maine Central (1 May 1907, via the one-month Portland & Rumford Falls Railroad), not an end of service.",
      "sources": [
       "Segment-level: Fowler line 6 (1892-94 letters); Wikipedia/Johnson 1985 (1892 opening); Portland Daily Press 5 Feb 1903 p.11. Headway NOT SOURCED.",
       "https://www.branchline.uk/jfpdf/mainerrs.pdf (J. Fowler, Maine passenger stations, line 6 Rumford Jn - Kennebago and line 8 Canton - Livermore Falls; letters x=1850 Pathfinder, y=1866 Pathfinder, z=1892-94, a=1911, b=1921, c=1932, d=1954 MEC public timetables, n=1914 Guide)",
       "https://en.wikipedia.org/wiki/Rumford_Branch (citing Ron Johnson, The Best of Maine Railroads, 1985; R.C. Jones, Two Feet Between the Rails vol. II, 1980, p.298)",
       "https://www.loc.gov/resource/sn83016025/1903-02-05/ed-1/?sp=11 (Portland Daily Press 5 Feb 1903 p.11)"
      ]
     }
    ]
   },
   "geometry": {
    "type": "LineString",
    "coordinates": [
     [
      -70.3156,
      44.4393
     ],
     [
      -70.305928,
      44.446839
     ],
     [
      -70.304154,
      44.448624
     ],
     [
      -70.303275,
      44.450491
     ],
     [
      -70.302745,
      44.452887
     ],
     [
      -70.302773,
      44.457316
     ],
     [
      -70.30296,
      44.458573
     ],
     [
      -70.303704,
      44.459384
     ],
     [
      -70.306827,
      44.460355
     ],
     [
      -70.308408,
      44.461213
     ],
     [
      -70.311339,
      44.464056
     ],
     [
      -70.313221,
      44.465194
     ],
     [
      -70.314532,
      44.466414
     ],
     [
      -70.316564,
      44.469536
     ],
     [
      -70.317763,
      44.470607
     ],
     [
      -70.319143,
      44.47241
     ],
     [
      -70.319839,
      44.472907
     ],
     [
      -70.322439,
      44.473977
     ],
     [
      -70.323268,
      44.474608
     ],
     [
      -70.323805,
      44.475335
     ],
     [
      -70.324115,
      44.476111
     ],
     [
      -70.325364,
      44.482655
     ],
     [
      -70.326285,
      44.484115
     ],
     [
      -70.327041,
      44.484775
     ],
     [
      -70.327827,
      44.485236
     ],
     [
      -70.328811,
      44.485613
     ],
     [
      -70.329861,
      44.48584
     ],
     [
      -70.33883,
      44.486403
     ],
     [
      -70.340715,
      44.486188
     ],
     [
      -70.346792,
      44.484742
     ],
     [
      -70.351685,
      44.484826
     ],
     [
      -70.353555,
      44.485366
     ],
     [
      -70.356137,
      44.487067
     ],
     [
      -70.358131,
      44.487897
     ],
     [
      -70.359343,
      44.488154
     ],
     [
      -70.362742,
      44.488527
     ],
     [
      -70.370186,
      44.490056
     ],
     [
      -70.37786,
      44.492247
     ],
     [
      -70.381995,
      44.493266
     ],
     [
      -70.383852,
      44.493995
     ],
     [
      -70.392174,
      44.498365
     ],
     [
      -70.395002,
      44.499552
     ],
     [
      -70.396237,
      44.500247
     ],
     [
      -70.401359,
      44.503935
     ],
     [
      -70.404352,
      44.505918
     ],
     [
      -70.405176,
      44.506963
     ],
     [
      -70.406227,
      44.509625
     ],
     [
      -70.407286,
      44.510984
     ],
     [
      -70.409536,
      44.512747
     ],
     [
      -70.411541,
      44.513779
     ],
     [
      -70.413253,
      44.514399
     ],
     [
      -70.441292,
      44.522997
     ],
     [
      -70.443505,
      44.523385
     ],
     [
      -70.451266,
      44.523748
     ],
     [
      -70.453187,
      44.524138
     ],
     [
      -70.466401,
      44.529728
     ],
     [
      -70.467935,
      44.53028
     ],
     [
      -70.470377,
      44.530543
     ],
     [
      -70.47504,
      44.530665
     ],
     [
      -70.479366,
      44.529559
     ],
     [
      -70.481774,
      44.529303
     ],
     [
      -70.488081,
      44.529369
     ],
     [
      -70.503987,
      44.528964
     ],
     [
      -70.505118,
      44.529027
     ],
     [
      -70.506195,
      44.529277
     ],
     [
      -70.507288,
      44.529706
     ],
     [
      -70.508502,
      44.530572
     ],
     [
      -70.510143,
      44.532404
     ],
     [
      -70.511017,
      44.533027
     ],
     [
      -70.514075,
      44.534314
     ],
     [
      -70.518158,
      44.53671
     ],
     [
      -70.520746,
      44.537782
     ],
     [
      -70.523114,
      44.539576
     ],
     [
      -70.530815,
      44.543503
     ],
     [
      -70.534868,
      44.546509
     ],
     [
      -70.536526,
      44.547582
     ],
     [
      -70.538446,
      44.549137
     ],
     [
      -70.5429,
      44.5513
     ]
    ]
   }
  },
  {
   "type": "Feature",
   "properties": {
    "company": "Portland and Rumford Falls Railway",
    "line": "Portland and Rumford Falls: Rumford Junction – Mechanic Falls",
    "id": "portland-rumford-falls-rumford-junction-mechanic-falls",
    "color": "#2E8B87",
    "mode": "intercity_rail",
    "avg_speed_kmh": 30,
    "speed_source": "estimated; estimated, not computed from a timetable (Rule 3)",
    "geometry_source": "OpenStreetMap via Overpass (mail.ru mirror) plus OpenHistoricalMap (CC0), traced with opstrace.py: OSM ways tagged old_railway_operator=MEC (live CSX 'Waterville Subdivision:Rumford Branch' and the lifted grades, partly ITS 89 snowmobile trail and roads built on the grade) cost 1x; OHM ways named for this road's companies 1.5x so the denser OSM grade wins where both exist. Waypoints pinned onto the grade itself (OHM/OSM vertices), not taken from Nominatim, which returns township centroids for most of these towns. OHM used for geometry only, never for dates.",
    "geometry_quality": "Traced 12.0 mi against a documented 11.6 mi (MEC Rangeley Branch MP 0.0 Rumford Jct - 11.6 Mechanic Falls; Fowler line 6). Mostly OSM MEC-tagged lifted grade (~9.3 mi), with ~1.6 mi of OHM and ~1.1 mi of untagged OSM rail near the ends. Rumford Junction end pinned onto the existing Maine Central Back Road geometry (androscoggin_kennebec_maine_central_lewiston.geojson, within 3 m) at 44.0566 N, -70.2480; the first 0.5 mi from it follows OHM/MEC ways. APPROXIMATED: the last 0.2 mi into Mechanic Falls (from -70.39505, 44.10805 to -70.3945, 44.1110) is a straight join (331 m) because the OSM grade ends short of the junction. Max deviation from the OHM trace of the same line: 22 m. This is the line's own (1893-1952) alignment, not a later one.",
    "segments": [
     {
      "start": 1894,
      "end": 1907,
      "headway_min": 360,
      "note": "Built 1893 (Johnson, via Wikipedia) to give the P&RF its own route to the Maine Central Back Road at Rumford Junction ('Poland Springs Junction' until 1897) and so to Portland and Lewiston, independent of the Grand Trunk at Mechanic Falls; served Poland Spring via Riccars. Drawn from 1894, the first confirmed passenger year (Fowler: Poland, Empire/Elmwood, Poland Springs and the junction in the 1892-94 timetable); the 1893 opening year is not confirmed. Not drawn for any era before this: the pre-1893 road had no line south of Mechanic Falls. The Maine Central timetable of Sep 1902 has trains 'For Danville Jc., Poland Spring, Rumford Falls, Bemis'. Headway 360 is an estimate. Ends 1907 at the lease to the Maine Central (1 May 1907, via the one-month Portland & Rumford Falls Railroad), not an end of service.",
      "sources": [
       "Segment-level: Fowler lines 2 and 6 (1892-94 letters); Wikipedia/Johnson 1985 (1893 opening); Portland Daily Press 5 Sep 1902 p.9. Headway NOT SOURCED.",
       "https://www.branchline.uk/jfpdf/mainerrs.pdf (J. Fowler, Maine passenger stations, line 6 Rumford Jn - Kennebago and line 8 Canton - Livermore Falls; letters x=1850 Pathfinder, y=1866 Pathfinder, z=1892-94, a=1911, b=1921, c=1932, d=1954 MEC public timetables, n=1914 Guide)",
       "https://en.wikipedia.org/wiki/Rumford_Branch (citing Ron Johnson, The Best of Maine Railroads, 1985; R.C. Jones, Two Feet Between the Rails vol. II, 1980, p.298)",
       "https://www.loc.gov/resource/sn83016025/1902-09-05/ed-1/?sp=9 (Portland Daily Press 5 Sep 1902 p.9)"
      ]
     }
    ]
   },
   "geometry": {
    "type": "LineString",
    "coordinates": [
     [
      -70.248,
      44.0566
     ],
     [
      -70.24915,
      44.056034
     ],
     [
      -70.250626,
      44.055824
     ],
     [
      -70.253287,
      44.056679
     ],
     [
      -70.25932,
      44.058998
     ],
     [
      -70.267681,
      44.06175
     ],
     [
      -70.269077,
      44.062038
     ],
     [
      -70.271047,
      44.062015
     ],
     [
      -70.273034,
      44.061641
     ],
     [
      -70.273644,
      44.061378
     ],
     [
      -70.274496,
      44.060747
     ],
     [
      -70.276805,
      44.058172
     ],
     [
      -70.277421,
      44.057766
     ],
     [
      -70.281371,
      44.056181
     ],
     [
      -70.295811,
      44.048074
     ],
     [
      -70.29628,
      44.047672
     ],
     [
      -70.296735,
      44.047008
     ],
     [
      -70.305623,
      44.05211
     ],
     [
      -70.305486,
      44.052192
     ],
     [
      -70.306792,
      44.053984
     ],
     [
      -70.308471,
      44.053657
     ],
     [
      -70.309789,
      44.053657
     ],
     [
      -70.319642,
      44.054304
     ],
     [
      -70.321764,
      44.054235
     ],
     [
      -70.323773,
      44.053958
     ],
     [
      -70.325814,
      44.05345
     ],
     [
      -70.32763,
      44.052745
     ],
     [
      -70.3389,
      44.047562
     ],
     [
      -70.347146,
      44.043899
     ],
     [
      -70.348255,
      44.043529
     ],
     [
      -70.350746,
      44.043113
     ],
     [
      -70.351896,
      44.043061
     ],
     [
      -70.353858,
      44.043252
     ],
     [
      -70.355753,
      44.043714
     ],
     [
      -70.376388,
      44.053899
     ],
     [
      -70.387093,
      44.061072
     ],
     [
      -70.38936,
      44.062903
     ],
     [
      -70.394897,
      44.069576
     ],
     [
      -70.399496,
      44.075473
     ],
     [
      -70.399993,
      44.077342
     ],
     [
      -70.399885,
      44.078266
     ],
     [
      -70.394258,
      44.090826
     ],
     [
      -70.393667,
      44.093435
     ],
     [
      -70.393822,
      44.096498
     ],
     [
      -70.395862,
      44.104112
     ],
     [
      -70.3945,
      44.111
     ]
    ]
   }
  },
  {
   "type": "Feature",
   "properties": {
    "company": "Portland and Rumford Falls Railway",
    "line": "Portland and Rumford Falls: Canton – Livermore Falls",
    "id": "portland-rumford-falls-canton-livermore-falls",
    "color": "#2E8B87",
    "mode": "intercity_rail",
    "avg_speed_kmh": 30,
    "speed_source": "estimated; estimated, not computed from a timetable (Rule 3)",
    "geometry_source": "OpenStreetMap via Overpass (mail.ru mirror) plus OpenHistoricalMap (CC0), traced with opstrace.py: OSM ways tagged old_railway_operator=MEC (live CSX 'Waterville Subdivision:Rumford Branch' and the lifted grades, partly ITS 89 snowmobile trail and roads built on the grade) cost 1x; OHM ways named for this road's companies 1.5x so the denser OSM grade wins where both exist. Waypoints pinned onto the grade itself (OHM/OSM vertices), not taken from Nominatim, which returns township centroids for most of these towns. OHM used for geometry only, never for dates.",
    "geometry_quality": "Traced 11.4 mi from Canton station against a documented 11.0 mi (Fowler line 8; Wikipedia) measured from the junction at MP 37.3, about 0.7 mi above Canton - so the drawn line includes ~0.4-0.7 mi it shares with the Canton - Rumford line at its start. OSM MEC-tagged grade (ITS 89) from Canton to the junction, then live CSX track via Riley's and Jay to Chisholm; agrees with OHM way 201882640 to within ~10 m. The final ~0.6 mi from Chisholm into Livermore Falls station runs on the Maine Central's Farmington branch track (today's CSX); whether the P&RF had its own track there is not established. No straight-line leg.",
    "segments": [
     {
      "start": 1900,
      "end": 1907,
      "headway_min": 720,
      "note": "START IS OPEN: the branch opened to Chisholm in 1897 and Livermore Falls in 1899 (Johnson, via Wikipedia), but the first passenger listing found is the 1900 Guide (Fowler: 'Chisholm 1900G', 'Livermore 1900G'). 1900 is the first CONFIRMED passenger year, not a known start; whether passengers ran from opening is not established. Do not move earlier without evidence. Served Chisholm's International Paper mills at Riley's and Chisholm and met the Maine Central's Farmington branch at Livermore Falls. Headway 720 is an estimate. Ends 1907 at the lease to the Maine Central (1 May 1907, via the one-month Portland & Rumford Falls Railroad), not an end of service.",
      "sources": [
       "Segment-level: Fowler line 8 (1900 Guide entries); Wikipedia/Johnson 1985 (1897/1899 openings). Headway NOT SOURCED.",
       "https://www.branchline.uk/jfpdf/mainerrs.pdf (J. Fowler, Maine passenger stations, line 6 Rumford Jn - Kennebago and line 8 Canton - Livermore Falls; letters x=1850 Pathfinder, y=1866 Pathfinder, z=1892-94, a=1911, b=1921, c=1932, d=1954 MEC public timetables, n=1914 Guide)",
       "https://en.wikipedia.org/wiki/Rumford_Branch (citing Ron Johnson, The Best of Maine Railroads, 1985; R.C. Jones, Two Feet Between the Rails vol. II, 1980, p.298)"
      ]
     }
    ]
   },
   "geometry": {
    "type": "LineString",
    "coordinates": [
     [
      -70.3156,
      44.4393
     ],
     [
      -70.305246,
      44.447417
     ],
     [
      -70.295017,
      44.457013
     ],
     [
      -70.293805,
      44.458455
     ],
     [
      -70.293033,
      44.459789
     ],
     [
      -70.292528,
      44.46119
     ],
     [
      -70.292389,
      44.462603
     ],
     [
      -70.292453,
      44.463837
     ],
     [
      -70.292813,
      44.465241
     ],
     [
      -70.294025,
      44.467485
     ],
     [
      -70.293982,
      44.468334
     ],
     [
      -70.293824,
      44.468964
     ],
     [
      -70.293199,
      44.470036
     ],
     [
      -70.29197,
      44.471018
     ],
     [
      -70.289959,
      44.471935
     ],
     [
      -70.288532,
      44.47236
     ],
     [
      -70.285474,
      44.472744
     ],
     [
      -70.283758,
      44.472683
     ],
     [
      -70.269059,
      44.47057
     ],
     [
      -70.267849,
      44.470529
     ],
     [
      -70.265698,
      44.470771
     ],
     [
      -70.263831,
      44.471325
     ],
     [
      -70.262764,
      44.471782
     ],
     [
      -70.261537,
      44.472819
     ],
     [
      -70.261007,
      44.473809
     ],
     [
      -70.260812,
      44.474565
     ],
     [
      -70.260362,
      44.477806
     ],
     [
      -70.260574,
      44.480404
     ],
     [
      -70.261493,
      44.483121
     ],
     [
      -70.260954,
      44.486714
     ],
     [
      -70.260627,
      44.487521
     ],
     [
      -70.260061,
      44.488284
     ],
     [
      -70.253726,
      44.495986
     ],
     [
      -70.252833,
      44.496582
     ],
     [
      -70.249658,
      44.497789
     ],
     [
      -70.24869,
      44.49877
     ],
     [
      -70.248277,
      44.500118
     ],
     [
      -70.248227,
      44.503478
     ],
     [
      -70.248403,
      44.504391
     ],
     [
      -70.249436,
      44.506426
     ],
     [
      -70.249481,
      44.507306
     ],
     [
      -70.249167,
      44.508074
     ],
     [
      -70.248571,
      44.508699
     ],
     [
      -70.247712,
      44.509248
     ],
     [
      -70.246655,
      44.509563
     ],
     [
      -70.245742,
      44.509651
     ],
     [
      -70.244366,
      44.50945
     ],
     [
      -70.243322,
      44.508996
     ],
     [
      -70.242674,
      44.508461
     ],
     [
      -70.238049,
      44.502791
     ],
     [
      -70.235904,
      44.499286
     ],
     [
      -70.235239,
      44.49866
     ],
     [
      -70.234365,
      44.498227
     ],
     [
      -70.233369,
      44.497988
     ],
     [
      -70.232085,
      44.497988
     ],
     [
      -70.225381,
      44.499986
     ],
     [
      -70.224446,
      44.500126
     ],
     [
      -70.223411,
      44.500096
     ],
     [
      -70.216788,
      44.498151
     ],
     [
      -70.21405,
      44.496879
     ],
     [
      -70.212509,
      44.495864
     ],
     [
      -70.211345,
      44.4948
     ],
     [
      -70.209444,
      44.492616
     ],
     [
      -70.20887,
      44.492132
     ],
     [
      -70.206221,
      44.490782
     ],
     [
      -70.205634,
      44.490084
     ],
     [
      -70.204794,
      44.48829
     ],
     [
      -70.201702,
      44.486911
     ],
     [
      -70.201456,
      44.486329
     ],
     [
      -70.201785,
      44.484735
     ],
     [
      -70.201734,
      44.483129
     ],
     [
      -70.201309,
      44.482215
     ],
     [
      -70.200585,
      44.4814
     ],
     [
      -70.199604,
      44.480713
     ],
     [
      -70.197649,
      44.479855
     ],
     [
      -70.197115,
      44.479493
     ],
     [
      -70.195225,
      44.476865
     ],
     [
      -70.191532,
      44.473756
     ],
     [
      -70.190448,
      44.473342
     ],
     [
      -70.187803,
      44.472999
     ]
    ]
   }
  },
  {
   "type": "Feature",
   "properties": {
    "company": "Portland and Rumford Falls Railway",
    "line": "Portland and Rumford Falls: Rumford Falls – Chapman",
    "id": "portland-rumford-falls-rumford-falls-chapman",
    "color": "#2E8B87",
    "mode": "intercity_rail",
    "avg_speed_kmh": 30,
    "speed_source": "estimated; estimated, not computed from a timetable (Rule 3)",
    "geometry_source": "OpenStreetMap via Overpass (mail.ru mirror) plus OpenHistoricalMap (CC0), traced with opstrace.py: OSM ways tagged old_railway_operator=MEC (live CSX 'Waterville Subdivision:Rumford Branch' and the lifted grades, partly ITS 89 snowmobile trail and roads built on the grade) cost 1x; OHM ways named for this road's companies 1.5x so the denser OSM grade wins where both exist. Waypoints pinned onto the grade itself (OHM/OSM vertices), not taken from Nominatim, which returns township centroids for most of these towns. OHM used for geometry only, never for dates.",
    "geometry_quality": "Traced 7.1 mi against a documented 7.1 mi (MP 52.7 - 59.8). APPROXIMATED STATION POSITION: Chapman (unlocated today) is placed by milepost, 7.1 mi along the traced grade from Rumford, at 44.639112 N, -70.585659. OSM MEC-tagged lifted grade throughout (forest roads, Bemis Road, South Rangeley Road, snowmobile trail ITS 89 and unnamed abandoned ways on the old bed); first 0.16 mi out of Rumford and last 0.2 mi into Oquossoc follow OHM way 201882314 ('Rangely Branch'). No straight-line leg. Median deviation from the OHM trace 3 m, max 117 m. Lifted after the March 1936 flood, so this is the line's only alignment.",
    "segments": [
     {
      "start": 1900,
      "end": 1907,
      "headway_min": 480,
      "note": "START IS OPEN: 1900 is the first CONFIRMED passenger year (Fowler: 'Chapman 1900PG', the 1900 Pathfinder), not a known start - the line was being built from 1895. Do not move earlier without evidence. Headway 480: the Sep 1902 timetable has two Portland departures for Rumford Falls and Bemis (8.30 a.m., 12.55 p.m.); earlier frequency not sourced. Built by the P&RF's subsidiary Rumford Falls & Rangeley Lakes Railroad (incorporated 1894). Operator drawn as the P&RF: its own 1903 advertisement sells the Bemis and Oquossoc trains with its own superintendent; whether the RF&RL ran its own trains in its '1895-1899' operating years (NCS/ICC) is unresolved. Ends 1907 at the lease to the Maine Central (1 May 1907, via the one-month Portland & Rumford Falls Railroad), not an end of service.",
      "sources": [
       "Segment-level: Fowler line 6 ('Chapman 1900PG'); Portland Daily Press 5 Sep 1902 and 5 Feb 1903 timetables; NCS/ICC.",
       "https://www.loc.gov/resource/sn83016025/1902-09-05/ed-1/?sp=9 (Portland Daily Press 5 Sep 1902 p.9, MEC Union Station timetable: 'Rumford Falls, Bemis')",
       "https://www.loc.gov/resource/sn83016025/1902-10-17/ed-1/?sp=11 (Portland Daily Press 17 Oct 1902 p.11: 'Rumford Falls, Bemis, Oquossoc')",
       "https://www.loc.gov/resource/sn83016025/1903-02-05/ed-1/?sp=11 (Portland Daily Press 5 Feb 1903 p.11, P&RF advertisement: '12.55 noon for Bemis and Oquossoc')",
       "https://www.branchline.uk/jfpdf/mainerrs.pdf (J. Fowler, Maine passenger stations, line 6 Rumford Jn - Kennebago and line 8 Canton - Livermore Falls; letters x=1850 Pathfinder, y=1866 Pathfinder, z=1892-94, a=1911, b=1921, c=1932, d=1954 MEC public timetables, n=1914 Guide)",
       "https://nashuacitystation.org/history/rumford-falls-and-rangeley-lakes-railroad-company/ (summary of ICC valuation report, 1931)",
       "https://en.wikipedia.org/wiki/Rumford_Branch (citing Ron Johnson, The Best of Maine Railroads, 1985; R.C. Jones, Two Feet Between the Rails vol. II, 1980, p.298)"
      ]
     }
    ]
   },
   "geometry": {
    "type": "LineString",
    "coordinates": [
     [
      -70.5429,
      44.5513
     ],
     [
      -70.545221,
      44.551889
     ],
     [
      -70.545716,
      44.552115
     ],
     [
      -70.545915,
      44.55205
     ],
     [
      -70.547831,
      44.553177
     ],
     [
      -70.553598,
      44.560372
     ],
     [
      -70.554414,
      44.561196
     ],
     [
      -70.556578,
      44.562762
     ],
     [
      -70.557428,
      44.56359
     ],
     [
      -70.561634,
      44.568357
     ],
     [
      -70.562444,
      44.569857
     ],
     [
      -70.562966,
      44.571311
     ],
     [
      -70.565221,
      44.58072
     ],
     [
      -70.565336,
      44.582162
     ],
     [
      -70.565206,
      44.587886
     ],
     [
      -70.565035,
      44.588929
     ],
     [
      -70.564562,
      44.589948
     ],
     [
      -70.561131,
      44.592969
     ],
     [
      -70.560353,
      44.593812
     ],
     [
      -70.559681,
      44.594861
     ],
     [
      -70.559017,
      44.59765
     ],
     [
      -70.558186,
      44.59976
     ],
     [
      -70.557931,
      44.603016
     ],
     [
      -70.557616,
      44.604952
     ],
     [
      -70.557842,
      44.606386
     ],
     [
      -70.558528,
      44.607446
     ],
     [
      -70.559876,
      44.60853
     ],
     [
      -70.569072,
      44.613557
     ],
     [
      -70.577227,
      44.619497
     ],
     [
      -70.581509,
      44.623002
     ],
     [
      -70.582008,
      44.623636
     ],
     [
      -70.582236,
      44.62466
     ],
     [
      -70.58174,
      44.62669
     ],
     [
      -70.58186,
      44.62759
     ],
     [
      -70.584415,
      44.631025
     ],
     [
      -70.585448,
      44.633079
     ],
     [
      -70.584571,
      44.636912
     ],
     [
      -70.584683,
      44.637457
     ],
     [
      -70.585659,
      44.639112
     ]
    ]
   }
  },
  {
   "type": "Feature",
   "properties": {
    "company": "Portland and Rumford Falls Railway",
    "line": "Portland and Rumford Falls: Chapman – Bemis",
    "id": "portland-rumford-falls-chapman-bemis",
    "color": "#2E8B87",
    "mode": "intercity_rail",
    "avg_speed_kmh": 30,
    "speed_source": "estimated; estimated, not computed from a timetable (Rule 3)",
    "geometry_source": "OpenStreetMap via Overpass (mail.ru mirror) plus OpenHistoricalMap (CC0), traced with opstrace.py: OSM ways tagged old_railway_operator=MEC (live CSX 'Waterville Subdivision:Rumford Branch' and the lifted grades, partly ITS 89 snowmobile trail and roads built on the grade) cost 1x; OHM ways named for this road's companies 1.5x so the denser OSM grade wins where both exist. Waypoints pinned onto the grade itself (OHM/OSM vertices), not taken from Nominatim, which returns township centroids for most of these towns. OHM used for geometry only, never for dates.",
    "geometry_quality": "Traced 19.4 mi against a documented 19.4 mi (MP 59.8 - 79.2). Both ends placed by milepost along the traced grade (Chapman at 44.639112 N, -70.585659; Bemis at 44.857703 N, -70.730778, ~39 m from the Bemis hamlet point). OSM MEC-tagged lifted grade throughout (forest roads, Bemis Road, South Rangeley Road, snowmobile trail ITS 89 and unnamed abandoned ways on the old bed); first 0.16 mi out of Rumford and last 0.2 mi into Oquossoc follow OHM way 201882314 ('Rangely Branch'). No straight-line leg. Median deviation from the OHM trace 3 m, max 117 m. Lifted after the March 1936 flood, so this is the line's only alignment.",
    "segments": [
     {
      "start": 1902,
      "end": 1907,
      "headway_min": 480,
      "note": "START IS OPEN: Bemis is confirmed by the Maine Central Union Station timetable in effect 7 Sep 1902 ('8.30 a.m. For Danville Jc., Poland Spring, Rumford Falls, Bemis'; also 12.55 p.m.). 1902 is the first CONFIRMED year, not a known start - Bemis may have been reached earlier. Do not move earlier without evidence. Headway 480 = the two daily departures of Sep 1902. Built by the P&RF's subsidiary Rumford Falls & Rangeley Lakes Railroad (incorporated 1894). Operator drawn as the P&RF: its own 1903 advertisement sells the Bemis and Oquossoc trains with its own superintendent; whether the RF&RL ran its own trains in its '1895-1899' operating years (NCS/ICC) is unresolved. Ends 1907 at the lease to the Maine Central (1 May 1907, via the one-month Portland & Rumford Falls Railroad), not an end of service.",
      "sources": [
       "Segment-level: Portland Daily Press 5 Sep 1902 p.9 and 5 Feb 1903 p.11 timetables; Fowler line 6.",
       "https://www.loc.gov/resource/sn83016025/1902-09-05/ed-1/?sp=9 (Portland Daily Press 5 Sep 1902 p.9, MEC Union Station timetable: 'Rumford Falls, Bemis')",
       "https://www.loc.gov/resource/sn83016025/1902-10-17/ed-1/?sp=11 (Portland Daily Press 17 Oct 1902 p.11: 'Rumford Falls, Bemis, Oquossoc')",
       "https://www.loc.gov/resource/sn83016025/1903-02-05/ed-1/?sp=11 (Portland Daily Press 5 Feb 1903 p.11, P&RF advertisement: '12.55 noon for Bemis and Oquossoc')",
       "https://www.branchline.uk/jfpdf/mainerrs.pdf (J. Fowler, Maine passenger stations, line 6 Rumford Jn - Kennebago and line 8 Canton - Livermore Falls; letters x=1850 Pathfinder, y=1866 Pathfinder, z=1892-94, a=1911, b=1921, c=1932, d=1954 MEC public timetables, n=1914 Guide)",
       "https://nashuacitystation.org/history/rumford-falls-and-rangeley-lakes-railroad-company/ (summary of ICC valuation report, 1931)",
       "https://en.wikipedia.org/wiki/Rumford_Branch (citing Ron Johnson, The Best of Maine Railroads, 1985; R.C. Jones, Two Feet Between the Rails vol. II, 1980, p.298)"
      ]
     }
    ]
   },
   "geometry": {
    "type": "LineString",
    "coordinates": [
     [
      -70.585659,
      44.639112
     ],
     [
      -70.590572,
      44.647437
     ],
     [
      -70.590907,
      44.648473
     ],
     [
      -70.59093,
      44.649253
     ],
     [
      -70.590774,
      44.649761
     ],
     [
      -70.588959,
      44.653075
     ],
     [
      -70.587294,
      44.656505
     ],
     [
      -70.587104,
      44.65719
     ],
     [
      -70.587063,
      44.658428
     ],
     [
      -70.588066,
      44.662392
     ],
     [
      -70.588095,
      44.663007
     ],
     [
      -70.588021,
      44.663527
     ],
     [
      -70.586903,
      44.665265
     ],
     [
      -70.586906,
      44.666229
     ],
     [
      -70.587717,
      44.667178
     ],
     [
      -70.589214,
      44.668207
     ],
     [
      -70.594127,
      44.67063
     ],
     [
      -70.597197,
      44.672388
     ],
     [
      -70.59965,
      44.674179
     ],
     [
      -70.600628,
      44.675263
     ],
     [
      -70.601212,
      44.676657
     ],
     [
      -70.601718,
      44.678902
     ],
     [
      -70.602016,
      44.68252
     ],
     [
      -70.602061,
      44.687495
     ],
     [
      -70.602624,
      44.691603
     ],
     [
      -70.603309,
      44.693316
     ],
     [
      -70.604428,
      44.694816
     ],
     [
      -70.612561,
      44.704473
     ],
     [
      -70.621701,
      44.709729
     ],
     [
      -70.624163,
      44.711341
     ],
     [
      -70.624819,
      44.711977
     ],
     [
      -70.625649,
      44.713278
     ],
     [
      -70.627158,
      44.717433
     ],
     [
      -70.627333,
      44.71839
     ],
     [
      -70.627312,
      44.7213
     ],
     [
      -70.627525,
      44.721922
     ],
     [
      -70.628006,
      44.722419
     ],
     [
      -70.6286,
      44.72271
     ],
     [
      -70.63202,
      44.723387
     ],
     [
      -70.633944,
      44.724443
     ],
     [
      -70.641527,
      44.727022
     ],
     [
      -70.643225,
      44.72779
     ],
     [
      -70.644524,
      44.727936
     ],
     [
      -70.648159,
      44.727735
     ],
     [
      -70.651192,
      44.728212
     ],
     [
      -70.653783,
      44.728149
     ],
     [
      -70.654823,
      44.72853
     ],
     [
      -70.655434,
      44.729115
     ],
     [
      -70.658148,
      44.735799
     ],
     [
      -70.658458,
      44.737953
     ],
     [
      -70.658317,
      44.739979
     ],
     [
      -70.657494,
      44.742373
     ],
     [
      -70.65307,
      44.749708
     ],
     [
      -70.65158,
      44.751525
     ],
     [
      -70.650534,
      44.754142
     ],
     [
      -70.649702,
      44.755379
     ],
     [
      -70.649523,
      44.755986
     ],
     [
      -70.649628,
      44.756488
     ],
     [
      -70.650634,
      44.757535
     ],
     [
      -70.651353,
      44.758668
     ],
     [
      -70.652166,
      44.760698
     ],
     [
      -70.652261,
      44.762116
     ],
     [
      -70.651882,
      44.764547
     ],
     [
      -70.651923,
      44.765307
     ],
     [
      -70.652311,
      44.76663
     ],
     [
      -70.652991,
      44.767716
     ],
     [
      -70.656424,
      44.770656
     ],
     [
      -70.657294,
      44.771957
     ],
     [
      -70.658422,
      44.772596
     ],
     [
      -70.660223,
      44.773067
     ],
     [
      -70.661269,
      44.773463
     ],
     [
      -70.663702,
      44.774838
     ],
     [
      -70.664954,
      44.775315
     ],
     [
      -70.668039,
      44.776116
     ],
     [
      -70.67131,
      44.775999
     ],
     [
      -70.67279,
      44.77619
     ],
     [
      -70.67689,
      44.778159
     ],
     [
      -70.679287,
      44.779547
     ],
     [
      -70.680488,
      44.779787
     ],
     [
      -70.682404,
      44.779885
     ],
     [
      -70.684736,
      44.780364
     ],
     [
      -70.686265,
      44.780731
     ],
     [
      -70.689779,
      44.781865
     ],
     [
      -70.691257,
      44.782168
     ],
     [
      -70.693689,
      44.783668
     ],
     [
      -70.69619,
      44.784852
     ],
     [
      -70.700488,
      44.786388
     ],
     [
      -70.707088,
      44.789762
     ],
     [
      -70.709331,
      44.791008
     ],
     [
      -70.710254,
      44.791586
     ],
     [
      -70.710542,
      44.791903
     ],
     [
      -70.710731,
      44.792234
     ],
     [
      -70.710741,
      44.792741
     ],
     [
      -70.710562,
      44.79322
     ],
     [
      -70.710225,
      44.793601
     ],
     [
      -70.708488,
      44.79477
     ],
     [
      -70.707525,
      44.79565
     ],
     [
      -70.707148,
      44.796214
     ],
     [
      -70.706939,
      44.796826
     ],
     [
      -70.70679,
      44.79889
     ],
     [
      -70.705669,
      44.800961
     ],
     [
      -70.70552,
      44.802756
     ],
     [
      -70.706503,
      44.804404
     ],
     [
      -70.706622,
      44.804876
     ],
     [
      -70.705986,
      44.810143
     ],
     [
      -70.706056,
      44.810594
     ],
     [
      -70.707426,
      44.812847
     ],
     [
      -70.707793,
      44.814833
     ],
     [
      -70.7082,
      44.815417
     ],
     [
      -70.709171,
      44.816007
     ],
     [
      -70.71515,
      44.818924
     ],
     [
      -70.716133,
      44.820069
     ],
     [
      -70.716624,
      44.821921
     ],
     [
      -70.717017,
      44.822439
     ],
     [
      -70.718252,
      44.823365
     ],
     [
      -70.719976,
      44.823793
     ],
     [
      -70.720987,
      44.824371
     ],
     [
      -70.722405,
      44.825964
     ],
     [
      -70.723001,
      44.826859
     ],
     [
      -70.724026,
      44.830264
     ],
     [
      -70.723956,
      44.830931
     ],
     [
      -70.723528,
      44.831718
     ],
     [
      -70.723366,
      44.832534
     ],
     [
      -70.724157,
      44.833995
     ],
     [
      -70.724116,
      44.835454
     ],
     [
      -70.724324,
      44.83676
     ],
     [
      -70.725035,
      44.838609
     ],
     [
      -70.72442,
      44.839622
     ],
     [
      -70.724191,
      44.840727
     ],
     [
      -70.724509,
      44.841691
     ],
     [
      -70.725978,
      44.843099
     ],
     [
      -70.726292,
      44.84377
     ],
     [
      -70.726316,
      44.844518
     ],
     [
      -70.72513,
      44.849408
     ],
     [
      -70.724951,
      44.850506
     ],
     [
      -70.725041,
      44.851256
     ],
     [
      -70.72585,
      44.852619
     ],
     [
      -70.73064,
      44.857506
     ],
     [
      -70.730778,
      44.857703
     ]
    ]
   }
  },
  {
   "type": "Feature",
   "properties": {
    "company": "Portland and Rumford Falls Railway",
    "line": "Portland and Rumford Falls: Bemis – Oquossoc",
    "id": "portland-rumford-falls-bemis-oquossoc",
    "color": "#2E8B87",
    "mode": "intercity_rail",
    "avg_speed_kmh": 30,
    "speed_source": "estimated; estimated, not computed from a timetable (Rule 3)",
    "geometry_source": "OpenStreetMap via Overpass (mail.ru mirror) plus OpenHistoricalMap (CC0), traced with opstrace.py: OSM ways tagged old_railway_operator=MEC (live CSX 'Waterville Subdivision:Rumford Branch' and the lifted grades, partly ITS 89 snowmobile trail and roads built on the grade) cost 1x; OHM ways named for this road's companies 1.5x so the denser OSM grade wins where both exist. Waypoints pinned onto the grade itself (OHM/OSM vertices), not taken from Nominatim, which returns township centroids for most of these towns. OHM used for geometry only, never for dates.",
    "geometry_quality": "Traced 9.3 mi against a documented 9.3 mi (MP 79.2 - 88.5). Bemis end placed by milepost. OSM MEC-tagged lifted grade throughout (forest roads, Bemis Road, South Rangeley Road, snowmobile trail ITS 89 and unnamed abandoned ways on the old bed); first 0.16 mi out of Rumford and last 0.2 mi into Oquossoc follow OHM way 201882314 ('Rangely Branch'). No straight-line leg. Median deviation from the OHM trace 3 m, max 117 m. Lifted after the March 1936 flood, so this is the line's only alignment.",
    "segments": [
     {
      "start": 1902,
      "end": 1907,
      "headway_min": 1440,
      "note": "Reached Oquossoc in 1902 (Johnson, via Wikipedia), confirmed by the Portland Daily Press of 17 Oct 1902 ('12.55 noon. For Danville Jc., Rumford Falls, Bemis, Oquossoc'); 1904-05 advertisements keep Oquossoc in the Portland departures. Passengers changed at Oquossoc for the Rangeley Lakes steamers. Headway 1440 = the single 12.55 train for Bemis and Oquossoc in the Oct 1902 and Feb 1903 tables; summer frequency not sourced. Built by the P&RF's subsidiary Rumford Falls & Rangeley Lakes Railroad (incorporated 1894). Operator drawn as the P&RF: its own 1903 advertisement sells the Bemis and Oquossoc trains with its own superintendent; whether the RF&RL ran its own trains in its '1895-1899' operating years (NCS/ICC) is unresolved. Ends 1907 at the lease to the Maine Central (1 May 1907, via the one-month Portland & Rumford Falls Railroad), not an end of service.",
      "sources": [
       "Segment-level: Portland Daily Press 17 Oct 1902 p.11 and 5 Feb 1903 p.11; Wikipedia/Johnson 1985 (1902).",
       "https://www.loc.gov/resource/sn83016025/1902-09-05/ed-1/?sp=9 (Portland Daily Press 5 Sep 1902 p.9, MEC Union Station timetable: 'Rumford Falls, Bemis')",
       "https://www.loc.gov/resource/sn83016025/1902-10-17/ed-1/?sp=11 (Portland Daily Press 17 Oct 1902 p.11: 'Rumford Falls, Bemis, Oquossoc')",
       "https://www.loc.gov/resource/sn83016025/1903-02-05/ed-1/?sp=11 (Portland Daily Press 5 Feb 1903 p.11, P&RF advertisement: '12.55 noon for Bemis and Oquossoc')",
       "https://www.branchline.uk/jfpdf/mainerrs.pdf (J. Fowler, Maine passenger stations, line 6 Rumford Jn - Kennebago and line 8 Canton - Livermore Falls; letters x=1850 Pathfinder, y=1866 Pathfinder, z=1892-94, a=1911, b=1921, c=1932, d=1954 MEC public timetables, n=1914 Guide)",
       "https://nashuacitystation.org/history/rumford-falls-and-rangeley-lakes-railroad-company/ (summary of ICC valuation report, 1931)",
       "https://en.wikipedia.org/wiki/Rumford_Branch (citing Ron Johnson, The Best of Maine Railroads, 1985; R.C. Jones, Two Feet Between the Rails vol. II, 1980, p.298)"
      ]
     }
    ]
   },
   "geometry": {
    "type": "LineString",
    "coordinates": [
     [
      -70.730778,
      44.857703
     ],
     [
      -70.732044,
      44.859519
     ],
     [
      -70.734969,
      44.865333
     ],
     [
      -70.735163,
      44.867413
     ],
     [
      -70.734916,
      44.868257
     ],
     [
      -70.733285,
      44.871032
     ],
     [
      -70.732893,
      44.872038
     ],
     [
      -70.732791,
      44.873625
     ],
     [
      -70.733129,
      44.87475
     ],
     [
      -70.734165,
      44.876081
     ],
     [
      -70.737957,
      44.879065
     ],
     [
      -70.74529,
      44.884485
     ],
     [
      -70.74815,
      44.886283
     ],
     [
      -70.751556,
      44.887803
     ],
     [
      -70.765478,
      44.892575
     ],
     [
      -70.768454,
      44.893838
     ],
     [
      -70.770069,
      44.894887
     ],
     [
      -70.77126,
      44.895875
     ],
     [
      -70.772421,
      44.897127
     ],
     [
      -70.773159,
      44.898277
     ],
     [
      -70.773636,
      44.899341
     ],
     [
      -70.774103,
      44.9011
     ],
     [
      -70.774154,
      44.903117
     ],
     [
      -70.773947,
      44.904048
     ],
     [
      -70.773003,
      44.906271
     ],
     [
      -70.77231,
      44.907244
     ],
     [
      -70.769066,
      44.910606
     ],
     [
      -70.768358,
      44.911667
     ],
     [
      -70.768068,
      44.912316
     ],
     [
      -70.767647,
      44.916145
     ],
     [
      -70.76726,
      44.91731
     ],
     [
      -70.766178,
      44.918885
     ],
     [
      -70.762865,
      44.922406
     ],
     [
      -70.761181,
      44.923833
     ],
     [
      -70.759352,
      44.925177
     ],
     [
      -70.75667,
      44.926777
     ],
     [
      -70.752155,
      44.928843
     ],
     [
      -70.749988,
      44.930014
     ],
     [
      -70.748342,
      44.932021
     ],
     [
      -70.748083,
      44.932531
     ],
     [
      -70.748234,
      44.934282
     ],
     [
      -70.748663,
      44.9356
     ],
     [
      -70.752132,
      44.941101
     ],
     [
      -70.753731,
      44.94412
     ],
     [
      -70.754685,
      44.94645
     ],
     [
      -70.756741,
      44.950658
     ],
     [
      -70.758494,
      44.953487
     ],
     [
      -70.760508,
      44.955943
     ],
     [
      -70.762406,
      44.957796
     ],
     [
      -70.764824,
      44.95958
     ],
     [
      -70.769784,
      44.962602
     ],
     [
      -70.769871,
      44.96286
     ],
     [
      -70.771246,
      44.964108
     ],
     [
      -70.7721,
      44.9651
     ]
    ]
   }
  },
  {
   "type": "Feature",
   "properties": {
    "company": "Maine Central Railroad",
    "line": "Maine Central: Rangeley Branch (Rumford Junction – Canton)",
    "id": "maine-central-rangeley-branch-rumford-junction-canton",
    "color": "#457B9D",
    "mode": "intercity_rail",
    "avg_speed_kmh": 35,
    "speed_source": "estimated; estimated, not computed from a timetable (Rule 3)",
    "geometry_source": "OpenStreetMap via Overpass (mail.ru mirror) plus OpenHistoricalMap (CC0), traced with opstrace.py: OSM ways tagged old_railway_operator=MEC (live CSX 'Waterville Subdivision:Rumford Branch' and the lifted grades, partly ITS 89 snowmobile trail and roads built on the grade) cost 1x; OHM ways named for this road's companies 1.5x so the denser OSM grade wins where both exist. Waypoints pinned onto the grade itself (OHM/OSM vertices), not taken from Nominatim, which returns township centroids for most of these towns. OHM used for geometry only, never for dates.",
    "geometry_quality": "Traced 36.9 mi against a documented 36.6 mi (MP 0.0 Rumford Jct - 36.6 Canton). Rumford Jct - Mechanic Falls: Mostly OSM MEC-tagged lifted grade (~9.3 mi), with ~1.6 mi of OHM and ~1.1 mi of untagged OSM rail near the ends. Rumford Junction end pinned onto the existing Maine Central Back Road geometry (androscoggin_kennebec_maine_central_lewiston.geojson, within 3 m) at 44.0566 N, -70.2480; the first 0.5 mi from it follows OHM/MEC ways. APPROXIMATED: the last 0.2 mi into Mechanic Falls (from -70.39505, 44.10805 to -70.3945, 44.1110) is a straight join (331 m) because the OSM grade ends short of the junction. Max deviation from the OHM trace of the same line: 22 m. This is the line's own (1893-1952) alignment, not a later one. Mechanic Falls - Canton: OSM MEC-tagged lifted grade throughout (roads, ITS 89 trail and unnamed abandoned ways on the old bed); the first 0.45 mi north of Mechanic Falls follows OHM way 201882645. Median deviation from the OHM trace 4 m, max 46 m. No straight-line leg, but the OSM grade is sparsely mapped in places: raw source vertices up to 1.8 km apart (south of Hartford) and 1.4 km (north of Mechanic Falls), drawn as the straight tangents the source gives. Milepost check along the trace: West Minot falls at MP 16.2 (documented 16.1), Hartford at 31.4 (31.5). Canton end at 44.4393 N, -70.3156 (the end of the P&OC OHM way and the OSM 'Old Railroad Grade').",
    "segments": [
     {
      "start": 1907,
      "end": 1932,
      "headway_min": 360,
      "note": "Maine Central from its lease of the Portland & Rumford Falls on 1 May 1907 (merged 1914; Boston & Maine management control 1933-55 did not change the operator). Until some date after 1932 this was the main passenger route Portland - Rumford. END IS OPEN: every station from Elmwood to Hartford carries Fowler's 1932 timetable letter and none the 1954 one, so passenger service is confirmed to 1932 and ended between 1933 and 1951. 1932 is the last CONFIRMED year, not a known end - no source dates the last passenger train. Do not extend without evidence, and in particular NOT to 1952: that is when the rails were lifted, after freight-only years (freight ran on until the 1952 dismantling; context only). Later Rumford trains ran via Lewiston - Leeds Jct - Livermore Falls - Canton. Headway 360 is an estimate.",
      "sources": [
       "Segment-level: Fowler line 6 (1911/1921/1932 letters, no 1954 letter); Wikipedia (dismantled 1952). Headway NOT SOURCED.",
       "https://www.branchline.uk/jfpdf/mainerrs.pdf (J. Fowler, Maine passenger stations, line 6 Rumford Jn - Kennebago and line 8 Canton - Livermore Falls; letters x=1850 Pathfinder, y=1866 Pathfinder, z=1892-94, a=1911, b=1921, c=1932, d=1954 MEC public timetables, n=1914 Guide)",
       "https://en.wikipedia.org/wiki/Rumford_Branch (citing Ron Johnson, The Best of Maine Railroads, 1985; R.C. Jones, Two Feet Between the Rails vol. II, 1980, p.298)",
       "research/sources/official_guide_1952.txt in the site repo (Official Guide, Feb 1952, MEC Table 6 and index)"
      ]
     }
    ]
   },
   "geometry": {
    "type": "LineString",
    "coordinates": [
     [
      -70.248,
      44.0566
     ],
     [
      -70.24915,
      44.056034
     ],
     [
      -70.250626,
      44.055824
     ],
     [
      -70.253287,
      44.056679
     ],
     [
      -70.25932,
      44.058998
     ],
     [
      -70.267681,
      44.06175
     ],
     [
      -70.269077,
      44.062038
     ],
     [
      -70.271047,
      44.062015
     ],
     [
      -70.273034,
      44.061641
     ],
     [
      -70.273644,
      44.061378
     ],
     [
      -70.274496,
      44.060747
     ],
     [
      -70.276805,
      44.058172
     ],
     [
      -70.277421,
      44.057766
     ],
     [
      -70.281371,
      44.056181
     ],
     [
      -70.295811,
      44.048074
     ],
     [
      -70.29628,
      44.047672
     ],
     [
      -70.296735,
      44.047008
     ],
     [
      -70.305623,
      44.05211
     ],
     [
      -70.305486,
      44.052192
     ],
     [
      -70.306792,
      44.053984
     ],
     [
      -70.308471,
      44.053657
     ],
     [
      -70.309789,
      44.053657
     ],
     [
      -70.319642,
      44.054304
     ],
     [
      -70.321764,
      44.054235
     ],
     [
      -70.323773,
      44.053958
     ],
     [
      -70.325814,
      44.05345
     ],
     [
      -70.32763,
      44.052745
     ],
     [
      -70.3389,
      44.047562
     ],
     [
      -70.347146,
      44.043899
     ],
     [
      -70.348255,
      44.043529
     ],
     [
      -70.350746,
      44.043113
     ],
     [
      -70.351896,
      44.043061
     ],
     [
      -70.353858,
      44.043252
     ],
     [
      -70.355753,
      44.043714
     ],
     [
      -70.376388,
      44.053899
     ],
     [
      -70.387093,
      44.061072
     ],
     [
      -70.38936,
      44.062903
     ],
     [
      -70.394897,
      44.069576
     ],
     [
      -70.399496,
      44.075473
     ],
     [
      -70.399993,
      44.077342
     ],
     [
      -70.399885,
      44.078266
     ],
     [
      -70.394258,
      44.090826
     ],
     [
      -70.393667,
      44.093435
     ],
     [
      -70.393822,
      44.096498
     ],
     [
      -70.395862,
      44.104112
     ],
     [
      -70.3945,
      44.111
     ],
     [
      -70.394049,
      44.114935
     ],
     [
      -70.393684,
      44.116075
     ],
     [
      -70.387004,
      44.12493
     ],
     [
      -70.386225,
      44.126326
     ],
     [
      -70.385861,
      44.127435
     ],
     [
      -70.385685,
      44.128759
     ],
     [
      -70.385836,
      44.130364
     ],
     [
      -70.388409,
      44.137687
     ],
     [
      -70.388478,
      44.138898
     ],
     [
      -70.388096,
      44.139867
     ],
     [
      -70.387149,
      44.141008
     ],
     [
      -70.385547,
      44.143929
     ],
     [
      -70.382715,
      44.148026
     ],
     [
      -70.382161,
      44.149049
     ],
     [
      -70.380941,
      44.152179
     ],
     [
      -70.376447,
      44.158744
     ],
     [
      -70.374941,
      44.160167
     ],
     [
      -70.37203,
      44.161576
     ],
     [
      -70.370701,
      44.162862
     ],
     [
      -70.367937,
      44.167298
     ],
     [
      -70.365621,
      44.169746
     ],
     [
      -70.364908,
      44.170754
     ],
     [
      -70.364128,
      44.172424
     ],
     [
      -70.36318,
      44.173999
     ],
     [
      -70.361702,
      44.175845
     ],
     [
      -70.359427,
      44.178323
     ],
     [
      -70.3587,
      44.179342
     ],
     [
      -70.35692,
      44.182322
     ],
     [
      -70.354979,
      44.185042
     ],
     [
      -70.354668,
      44.185775
     ],
     [
      -70.35412,
      44.187889
     ],
     [
      -70.353425,
      44.203084
     ],
     [
      -70.353265,
      44.204034
     ],
     [
      -70.347345,
      44.226607
     ],
     [
      -70.347154,
      44.228245
     ],
     [
      -70.347197,
      44.229836
     ],
     [
      -70.347418,
      44.231091
     ],
     [
      -70.349853,
      44.238517
     ],
     [
      -70.350429,
      44.240708
     ],
     [
      -70.350214,
      44.244088
     ],
     [
      -70.350361,
      44.244754
     ],
     [
      -70.350966,
      44.246087
     ],
     [
      -70.358125,
      44.255359
     ],
     [
      -70.359657,
      44.25662
     ],
     [
      -70.366191,
      44.26084
     ],
     [
      -70.367669,
      44.26223
     ],
     [
      -70.368688,
      44.263693
     ],
     [
      -70.369674,
      44.26552
     ],
     [
      -70.369856,
      44.266216
     ],
     [
      -70.369901,
      44.267849
     ],
     [
      -70.368068,
      44.286424
     ],
     [
      -70.366857,
      44.289696
     ],
     [
      -70.363571,
      44.294281
     ],
     [
      -70.363331,
      44.295121
     ],
     [
      -70.363382,
      44.296339
     ],
     [
      -70.365633,
      44.318677
     ],
     [
      -70.36621,
      44.322975
     ],
     [
      -70.367956,
      44.327528
     ],
     [
      -70.368872,
      44.329471
     ],
     [
      -70.369646,
      44.330405
     ],
     [
      -70.370591,
      44.331211
     ],
     [
      -70.372017,
      44.332118
     ],
     [
      -70.374731,
      44.333496
     ],
     [
      -70.375541,
      44.334695
     ],
     [
      -70.375999,
      44.336439
     ],
     [
      -70.376082,
      44.337807
     ],
     [
      -70.375879,
      44.339066
     ],
     [
      -70.374365,
      44.342552
     ],
     [
      -70.373979,
      44.344567
     ],
     [
      -70.373301,
      44.346451
     ],
     [
      -70.373267,
      44.347749
     ],
     [
      -70.373743,
      44.349498
     ],
     [
      -70.373661,
      44.351398
     ],
     [
      -70.373353,
      44.352127
     ],
     [
      -70.371899,
      44.353447
     ],
     [
      -70.366709,
      44.356822
     ],
     [
      -70.362886,
      44.359895
     ],
     [
      -70.35614,
      44.364679
     ],
     [
      -70.353321,
      44.367159
     ],
     [
      -70.348553,
      44.373477
     ],
     [
      -70.331497,
      44.39154
     ],
     [
      -70.327518,
      44.395128
     ],
     [
      -70.325972,
      44.397196
     ],
     [
      -70.325263,
      44.398275
     ],
     [
      -70.324578,
      44.400022
     ],
     [
      -70.324288,
      44.401222
     ],
     [
      -70.324001,
      44.404388
     ],
     [
      -70.324194,
      44.407893
     ],
     [
      -70.324987,
      44.412297
     ],
     [
      -70.324829,
      44.414118
     ],
     [
      -70.324348,
      44.414882
     ],
     [
      -70.323773,
      44.41545
     ],
     [
      -70.32251,
      44.416261
     ],
     [
      -70.317997,
      44.417959
     ],
     [
      -70.31681,
      44.418585
     ],
     [
      -70.316064,
      44.419328
     ],
     [
      -70.315773,
      44.420078
     ],
     [
      -70.31555,
      44.421616
     ],
     [
      -70.315677,
      44.42244
     ],
     [
      -70.316354,
      44.423706
     ],
     [
      -70.318174,
      44.426384
     ],
     [
      -70.318507,
      44.428013
     ],
     [
      -70.318166,
      44.432643
     ],
     [
      -70.317359,
      44.436715
     ],
     [
      -70.316832,
      44.438004
     ],
     [
      -70.316124,
      44.438889
     ],
     [
      -70.3156,
      44.4393
     ]
    ]
   }
  },
  {
   "type": "Feature",
   "properties": {
    "company": "Maine Central Railroad",
    "line": "Maine Central: Rangeley Branch (Canton – Rumford)",
    "id": "maine-central-rangeley-branch-canton-rumford",
    "color": "#457B9D",
    "mode": "intercity_rail",
    "avg_speed_kmh": 35,
    "speed_source": "estimated; estimated, not computed from a timetable (Rule 3)",
    "geometry_source": "OpenStreetMap via Overpass (mail.ru mirror) plus OpenHistoricalMap (CC0), traced with opstrace.py: OSM ways tagged old_railway_operator=MEC (live CSX 'Waterville Subdivision:Rumford Branch' and the lifted grades, partly ITS 89 snowmobile trail and roads built on the grade) cost 1x; OHM ways named for this road's companies 1.5x so the denser OSM grade wins where both exist. Waypoints pinned onto the grade itself (OHM/OSM vertices), not taken from Nominatim, which returns township centroids for most of these towns. OHM used for geometry only, never for dates.",
    "geometry_quality": "Traced 16.1 mi against a documented 16.1 mi (MP 36.6 Canton - 52.7 Rumford; Fowler line 6). Canton - Gilbertville on the OSM MEC-tagged lifted grade (ITS 89), Gilbertville - Rumford on live CSX track tagged old_railway_operator=MEC. Last 0.16 mi into Rumford follows OHM way 201882627 to the Rumford/Rangeley Branch junction at 44.5513 N, -70.5429. No straight-line leg. Median deviation from the OHM trace 2 m, max 28 m. NOTE: today's CSX line bypasses Gilbertville by a later cut-off to the Livermore Falls line; this feature deliberately follows the original route through Gilbertville.",
    "segments": [
     {
      "start": 1907,
      "end": 1954,
      "headway_min": 360,
      "note": "Maine Central from its lease of the Portland & Rumford Falls on 1 May 1907 (merged 1914; Boston & Maine management control 1933-55 did not change the operator). END IS OPEN: Canton, Gilbertville, Peru, Dixfield and Rumford carry Fowler's 1954 MEC timetable letter; the Feb 1952 Official Guide's Table 6 lists Canton, Dixfield and Rumford (MP 93.7 via Livermore Falls), though its times cannot be cleanly read. 1954 is the last CONFIRMED year, not a known end - no source dates the last Rumford passenger train (the Maine Central's last passenger trains anywhere ran 5 Sep 1960). Do not extend without evidence. The line remains in freight use (CSX Rumford Branch, Rumford mill) - context only, not drawn. Headway 360 is an estimate.",
      "sources": [
       "Segment-level: Fowler line 6 (1954 letters); Official Guide Feb 1952 MEC Table 6 and index. Headway NOT SOURCED.",
       "https://www.branchline.uk/jfpdf/mainerrs.pdf (J. Fowler, Maine passenger stations, line 6 Rumford Jn - Kennebago and line 8 Canton - Livermore Falls; letters x=1850 Pathfinder, y=1866 Pathfinder, z=1892-94, a=1911, b=1921, c=1932, d=1954 MEC public timetables, n=1914 Guide)",
       "research/sources/official_guide_1952.txt in the site repo (Official Guide, Feb 1952, MEC Table 6 and index)",
       "https://en.wikipedia.org/wiki/Rumford_Branch (citing Ron Johnson, The Best of Maine Railroads, 1985; R.C. Jones, Two Feet Between the Rails vol. II, 1980, p.298)"
      ]
     }
    ]
   },
   "geometry": {
    "type": "LineString",
    "coordinates": [
     [
      -70.3156,
      44.4393
     ],
     [
      -70.305928,
      44.446839
     ],
     [
      -70.304154,
      44.448624
     ],
     [
      -70.303275,
      44.450491
     ],
     [
      -70.302745,
      44.452887
     ],
     [
      -70.302773,
      44.457316
     ],
     [
      -70.30296,
      44.458573
     ],
     [
      -70.303704,
      44.459384
     ],
     [
      -70.306827,
      44.460355
     ],
     [
      -70.308408,
      44.461213
     ],
     [
      -70.311339,
      44.464056
     ],
     [
      -70.313221,
      44.465194
     ],
     [
      -70.314532,
      44.466414
     ],
     [
      -70.316564,
      44.469536
     ],
     [
      -70.317763,
      44.470607
     ],
     [
      -70.319143,
      44.47241
     ],
     [
      -70.319839,
      44.472907
     ],
     [
      -70.322439,
      44.473977
     ],
     [
      -70.323268,
      44.474608
     ],
     [
      -70.323805,
      44.475335
     ],
     [
      -70.324115,
      44.476111
     ],
     [
      -70.325364,
      44.482655
     ],
     [
      -70.326285,
      44.484115
     ],
     [
      -70.327041,
      44.484775
     ],
     [
      -70.327827,
      44.485236
     ],
     [
      -70.328811,
      44.485613
     ],
     [
      -70.329861,
      44.48584
     ],
     [
      -70.33883,
      44.486403
     ],
     [
      -70.340715,
      44.486188
     ],
     [
      -70.346792,
      44.484742
     ],
     [
      -70.351685,
      44.484826
     ],
     [
      -70.353555,
      44.485366
     ],
     [
      -70.356137,
      44.487067
     ],
     [
      -70.358131,
      44.487897
     ],
     [
      -70.359343,
      44.488154
     ],
     [
      -70.362742,
      44.488527
     ],
     [
      -70.370186,
      44.490056
     ],
     [
      -70.37786,
      44.492247
     ],
     [
      -70.381995,
      44.493266
     ],
     [
      -70.383852,
      44.493995
     ],
     [
      -70.392174,
      44.498365
     ],
     [
      -70.395002,
      44.499552
     ],
     [
      -70.396237,
      44.500247
     ],
     [
      -70.401359,
      44.503935
     ],
     [
      -70.404352,
      44.505918
     ],
     [
      -70.405176,
      44.506963
     ],
     [
      -70.406227,
      44.509625
     ],
     [
      -70.407286,
      44.510984
     ],
     [
      -70.409536,
      44.512747
     ],
     [
      -70.411541,
      44.513779
     ],
     [
      -70.413253,
      44.514399
     ],
     [
      -70.441292,
      44.522997
     ],
     [
      -70.443505,
      44.523385
     ],
     [
      -70.451266,
      44.523748
     ],
     [
      -70.453187,
      44.524138
     ],
     [
      -70.466401,
      44.529728
     ],
     [
      -70.467935,
      44.53028
     ],
     [
      -70.470377,
      44.530543
     ],
     [
      -70.47504,
      44.530665
     ],
     [
      -70.479366,
      44.529559
     ],
     [
      -70.481774,
      44.529303
     ],
     [
      -70.488081,
      44.529369
     ],
     [
      -70.503987,
      44.528964
     ],
     [
      -70.505118,
      44.529027
     ],
     [
      -70.506195,
      44.529277
     ],
     [
      -70.507288,
      44.529706
     ],
     [
      -70.508502,
      44.530572
     ],
     [
      -70.510143,
      44.532404
     ],
     [
      -70.511017,
      44.533027
     ],
     [
      -70.514075,
      44.534314
     ],
     [
      -70.518158,
      44.53671
     ],
     [
      -70.520746,
      44.537782
     ],
     [
      -70.523114,
      44.539576
     ],
     [
      -70.530815,
      44.543503
     ],
     [
      -70.534868,
      44.546509
     ],
     [
      -70.536526,
      44.547582
     ],
     [
      -70.538446,
      44.549137
     ],
     [
      -70.5429,
      44.5513
     ]
    ]
   }
  },
  {
   "type": "Feature",
   "properties": {
    "company": "Maine Central Railroad",
    "line": "Maine Central: Livermore Falls Branch (Canton – Livermore Falls)",
    "id": "maine-central-livermore-falls-branch-canton-livermore-falls",
    "color": "#457B9D",
    "mode": "intercity_rail",
    "avg_speed_kmh": 35,
    "speed_source": "estimated; estimated, not computed from a timetable (Rule 3)",
    "geometry_source": "OpenStreetMap via Overpass (mail.ru mirror) plus OpenHistoricalMap (CC0), traced with opstrace.py: OSM ways tagged old_railway_operator=MEC (live CSX 'Waterville Subdivision:Rumford Branch' and the lifted grades, partly ITS 89 snowmobile trail and roads built on the grade) cost 1x; OHM ways named for this road's companies 1.5x so the denser OSM grade wins where both exist. Waypoints pinned onto the grade itself (OHM/OSM vertices), not taken from Nominatim, which returns township centroids for most of these towns. OHM used for geometry only, never for dates.",
    "geometry_quality": "Traced 11.4 mi from Canton station against a documented 11.0 mi (Fowler line 8; Wikipedia) measured from the junction at MP 37.3, about 0.7 mi above Canton - so the drawn line includes ~0.4-0.7 mi it shares with the Canton - Rumford line at its start. OSM MEC-tagged grade (ITS 89) from Canton to the junction, then live CSX track via Riley's and Jay to Chisholm; agrees with OHM way 201882640 to within ~10 m. The final ~0.6 mi from Chisholm into Livermore Falls station runs on the Maine Central's Farmington branch track (today's CSX); whether the P&RF had its own track there is not established. No straight-line leg.",
    "segments": [
     {
      "start": 1907,
      "end": 1954,
      "headway_min": 360,
      "note": "Maine Central from its lease of the Portland & Rumford Falls on 1 May 1907 (merged 1914; Boston & Maine management control 1933-55 did not change the operator). After the Rumford Junction - Canton passenger service ended, this was the only passenger route into Rumford (Portland - Lewiston - Leeds Jct - Livermore Falls - Canton - Rumford). END IS OPEN: Riley's carries Fowler's 1954 letter and the Feb 1952 Official Guide prints 'Rileys' in Table 6. 1954 is the last CONFIRMED year, not a known end. Do not extend without evidence. Freight continues today (CSX, Jay and Riley's mills) - context only. Headway 360 is an estimate.",
      "sources": [
       "Segment-level: Fowler line 8 (Riley's 1911/1921/1932/1954 letters); Official Guide Feb 1952 MEC Table 6. Headway NOT SOURCED.",
       "https://www.branchline.uk/jfpdf/mainerrs.pdf (J. Fowler, Maine passenger stations, line 6 Rumford Jn - Kennebago and line 8 Canton - Livermore Falls; letters x=1850 Pathfinder, y=1866 Pathfinder, z=1892-94, a=1911, b=1921, c=1932, d=1954 MEC public timetables, n=1914 Guide)",
       "research/sources/official_guide_1952.txt in the site repo (Official Guide, Feb 1952, MEC Table 6 and index)"
      ]
     }
    ]
   },
   "geometry": {
    "type": "LineString",
    "coordinates": [
     [
      -70.3156,
      44.4393
     ],
     [
      -70.305246,
      44.447417
     ],
     [
      -70.295017,
      44.457013
     ],
     [
      -70.293805,
      44.458455
     ],
     [
      -70.293033,
      44.459789
     ],
     [
      -70.292528,
      44.46119
     ],
     [
      -70.292389,
      44.462603
     ],
     [
      -70.292453,
      44.463837
     ],
     [
      -70.292813,
      44.465241
     ],
     [
      -70.294025,
      44.467485
     ],
     [
      -70.293982,
      44.468334
     ],
     [
      -70.293824,
      44.468964
     ],
     [
      -70.293199,
      44.470036
     ],
     [
      -70.29197,
      44.471018
     ],
     [
      -70.289959,
      44.471935
     ],
     [
      -70.288532,
      44.47236
     ],
     [
      -70.285474,
      44.472744
     ],
     [
      -70.283758,
      44.472683
     ],
     [
      -70.269059,
      44.47057
     ],
     [
      -70.267849,
      44.470529
     ],
     [
      -70.265698,
      44.470771
     ],
     [
      -70.263831,
      44.471325
     ],
     [
      -70.262764,
      44.471782
     ],
     [
      -70.261537,
      44.472819
     ],
     [
      -70.261007,
      44.473809
     ],
     [
      -70.260812,
      44.474565
     ],
     [
      -70.260362,
      44.477806
     ],
     [
      -70.260574,
      44.480404
     ],
     [
      -70.261493,
      44.483121
     ],
     [
      -70.260954,
      44.486714
     ],
     [
      -70.260627,
      44.487521
     ],
     [
      -70.260061,
      44.488284
     ],
     [
      -70.253726,
      44.495986
     ],
     [
      -70.252833,
      44.496582
     ],
     [
      -70.249658,
      44.497789
     ],
     [
      -70.24869,
      44.49877
     ],
     [
      -70.248277,
      44.500118
     ],
     [
      -70.248227,
      44.503478
     ],
     [
      -70.248403,
      44.504391
     ],
     [
      -70.249436,
      44.506426
     ],
     [
      -70.249481,
      44.507306
     ],
     [
      -70.249167,
      44.508074
     ],
     [
      -70.248571,
      44.508699
     ],
     [
      -70.247712,
      44.509248
     ],
     [
      -70.246655,
      44.509563
     ],
     [
      -70.245742,
      44.509651
     ],
     [
      -70.244366,
      44.50945
     ],
     [
      -70.243322,
      44.508996
     ],
     [
      -70.242674,
      44.508461
     ],
     [
      -70.238049,
      44.502791
     ],
     [
      -70.235904,
      44.499286
     ],
     [
      -70.235239,
      44.49866
     ],
     [
      -70.234365,
      44.498227
     ],
     [
      -70.233369,
      44.497988
     ],
     [
      -70.232085,
      44.497988
     ],
     [
      -70.225381,
      44.499986
     ],
     [
      -70.224446,
      44.500126
     ],
     [
      -70.223411,
      44.500096
     ],
     [
      -70.216788,
      44.498151
     ],
     [
      -70.21405,
      44.496879
     ],
     [
      -70.212509,
      44.495864
     ],
     [
      -70.211345,
      44.4948
     ],
     [
      -70.209444,
      44.492616
     ],
     [
      -70.20887,
      44.492132
     ],
     [
      -70.206221,
      44.490782
     ],
     [
      -70.205634,
      44.490084
     ],
     [
      -70.204794,
      44.48829
     ],
     [
      -70.201702,
      44.486911
     ],
     [
      -70.201456,
      44.486329
     ],
     [
      -70.201785,
      44.484735
     ],
     [
      -70.201734,
      44.483129
     ],
     [
      -70.201309,
      44.482215
     ],
     [
      -70.200585,
      44.4814
     ],
     [
      -70.199604,
      44.480713
     ],
     [
      -70.197649,
      44.479855
     ],
     [
      -70.197115,
      44.479493
     ],
     [
      -70.195225,
      44.476865
     ],
     [
      -70.191532,
      44.473756
     ],
     [
      -70.190448,
      44.473342
     ],
     [
      -70.187803,
      44.472999
     ]
    ]
   }
  },
  {
   "type": "Feature",
   "properties": {
    "company": "Maine Central Railroad",
    "line": "Maine Central: Rangeley Branch (Rumford – Oquossoc)",
    "id": "maine-central-rangeley-branch-rumford-oquossoc",
    "color": "#457B9D",
    "mode": "intercity_rail",
    "avg_speed_kmh": 35,
    "speed_source": "estimated; estimated, not computed from a timetable (Rule 3)",
    "geometry_source": "OpenStreetMap via Overpass (mail.ru mirror) plus OpenHistoricalMap (CC0), traced with opstrace.py: OSM ways tagged old_railway_operator=MEC (live CSX 'Waterville Subdivision:Rumford Branch' and the lifted grades, partly ITS 89 snowmobile trail and roads built on the grade) cost 1x; OHM ways named for this road's companies 1.5x so the denser OSM grade wins where both exist. Waypoints pinned onto the grade itself (OHM/OSM vertices), not taken from Nominatim, which returns township centroids for most of these towns. OHM used for geometry only, never for dates.",
    "geometry_quality": "Traced 35.8 mi against a documented 35.8 mi (MP 52.7 Rumford - 88.5 Oquossoc). OSM MEC-tagged lifted grade throughout (forest roads, Bemis Road, South Rangeley Road, snowmobile trail ITS 89 and unnamed abandoned ways on the old bed); first 0.16 mi out of Rumford and last 0.2 mi into Oquossoc follow OHM way 201882314 ('Rangely Branch'). No straight-line leg. Median deviation from the OHM trace 3 m, max 117 m. Lifted after the March 1936 flood, so this is the line's only alignment.",
    "segments": [
     {
      "start": 1907,
      "end": 1932,
      "headway_min": 720,
      "note": "Maine Central from its lease of the Portland & Rumford Falls on 1 May 1907 (merged 1914; Boston & Maine management control 1933-55 did not change the operator). Resort and lumber line to the Rangeley Lakes; summer through sleepers and parlor cars in the 1910s-20s (not sourced at segment level). END IS OPEN: every station carries Fowler's 1911, 1921 and 1932 letters and none the 1954 one. 1932 is the last CONFIRMED year, not a known end; the line was abandoned and dismantled after the March 1936 flood, so service ended between 1933 and 1936. Do not extend without evidence. Headway 720 is an estimate.",
      "sources": [
       "Segment-level: Fowler line 6 (a, b, c letters, no d); Wikipedia/Johnson 1985 (1936 flood abandonment). Headway NOT SOURCED.",
       "https://www.branchline.uk/jfpdf/mainerrs.pdf (J. Fowler, Maine passenger stations, line 6 Rumford Jn - Kennebago and line 8 Canton - Livermore Falls; letters x=1850 Pathfinder, y=1866 Pathfinder, z=1892-94, a=1911, b=1921, c=1932, d=1954 MEC public timetables, n=1914 Guide)",
       "https://en.wikipedia.org/wiki/Rumford_Branch (citing Ron Johnson, The Best of Maine Railroads, 1985; R.C. Jones, Two Feet Between the Rails vol. II, 1980, p.298)"
      ]
     }
    ]
   },
   "geometry": {
    "type": "LineString",
    "coordinates": [
     [
      -70.5429,
      44.5513
     ],
     [
      -70.545221,
      44.551889
     ],
     [
      -70.545716,
      44.552115
     ],
     [
      -70.545915,
      44.55205
     ],
     [
      -70.547831,
      44.553177
     ],
     [
      -70.553598,
      44.560372
     ],
     [
      -70.554414,
      44.561196
     ],
     [
      -70.556578,
      44.562762
     ],
     [
      -70.557428,
      44.56359
     ],
     [
      -70.561634,
      44.568357
     ],
     [
      -70.562444,
      44.569857
     ],
     [
      -70.562966,
      44.571311
     ],
     [
      -70.565221,
      44.58072
     ],
     [
      -70.565336,
      44.582162
     ],
     [
      -70.565206,
      44.587886
     ],
     [
      -70.565035,
      44.588929
     ],
     [
      -70.564562,
      44.589948
     ],
     [
      -70.561131,
      44.592969
     ],
     [
      -70.560353,
      44.593812
     ],
     [
      -70.559681,
      44.594861
     ],
     [
      -70.559017,
      44.59765
     ],
     [
      -70.558186,
      44.59976
     ],
     [
      -70.557931,
      44.603016
     ],
     [
      -70.557616,
      44.604952
     ],
     [
      -70.557842,
      44.606386
     ],
     [
      -70.558528,
      44.607446
     ],
     [
      -70.559876,
      44.60853
     ],
     [
      -70.569072,
      44.613557
     ],
     [
      -70.577227,
      44.619497
     ],
     [
      -70.581509,
      44.623002
     ],
     [
      -70.582008,
      44.623636
     ],
     [
      -70.582236,
      44.62466
     ],
     [
      -70.58174,
      44.62669
     ],
     [
      -70.58186,
      44.62759
     ],
     [
      -70.584415,
      44.631025
     ],
     [
      -70.585448,
      44.633079
     ],
     [
      -70.584571,
      44.636912
     ],
     [
      -70.584683,
      44.637457
     ],
     [
      -70.590572,
      44.647437
     ],
     [
      -70.590907,
      44.648473
     ],
     [
      -70.59093,
      44.649253
     ],
     [
      -70.590774,
      44.649761
     ],
     [
      -70.588959,
      44.653075
     ],
     [
      -70.587294,
      44.656505
     ],
     [
      -70.587104,
      44.65719
     ],
     [
      -70.587063,
      44.658428
     ],
     [
      -70.588066,
      44.662392
     ],
     [
      -70.588095,
      44.663007
     ],
     [
      -70.588021,
      44.663527
     ],
     [
      -70.586903,
      44.665265
     ],
     [
      -70.586906,
      44.666229
     ],
     [
      -70.587717,
      44.667178
     ],
     [
      -70.589214,
      44.668207
     ],
     [
      -70.594127,
      44.67063
     ],
     [
      -70.597197,
      44.672388
     ],
     [
      -70.59965,
      44.674179
     ],
     [
      -70.600628,
      44.675263
     ],
     [
      -70.601212,
      44.676657
     ],
     [
      -70.601718,
      44.678902
     ],
     [
      -70.602016,
      44.68252
     ],
     [
      -70.602061,
      44.687495
     ],
     [
      -70.602624,
      44.691603
     ],
     [
      -70.603309,
      44.693316
     ],
     [
      -70.604428,
      44.694816
     ],
     [
      -70.612561,
      44.704473
     ],
     [
      -70.621701,
      44.709729
     ],
     [
      -70.624163,
      44.711341
     ],
     [
      -70.624819,
      44.711977
     ],
     [
      -70.625649,
      44.713278
     ],
     [
      -70.627158,
      44.717433
     ],
     [
      -70.627333,
      44.71839
     ],
     [
      -70.627312,
      44.7213
     ],
     [
      -70.627525,
      44.721922
     ],
     [
      -70.628006,
      44.722419
     ],
     [
      -70.6286,
      44.72271
     ],
     [
      -70.63202,
      44.723387
     ],
     [
      -70.633944,
      44.724443
     ],
     [
      -70.641527,
      44.727022
     ],
     [
      -70.643225,
      44.72779
     ],
     [
      -70.644524,
      44.727936
     ],
     [
      -70.648159,
      44.727735
     ],
     [
      -70.651192,
      44.728212
     ],
     [
      -70.653783,
      44.728149
     ],
     [
      -70.654823,
      44.72853
     ],
     [
      -70.655434,
      44.729115
     ],
     [
      -70.658148,
      44.735799
     ],
     [
      -70.658458,
      44.737953
     ],
     [
      -70.658317,
      44.739979
     ],
     [
      -70.657494,
      44.742373
     ],
     [
      -70.65307,
      44.749708
     ],
     [
      -70.65158,
      44.751525
     ],
     [
      -70.650534,
      44.754142
     ],
     [
      -70.649702,
      44.755379
     ],
     [
      -70.649523,
      44.755986
     ],
     [
      -70.649628,
      44.756488
     ],
     [
      -70.650634,
      44.757535
     ],
     [
      -70.651353,
      44.758668
     ],
     [
      -70.652166,
      44.760698
     ],
     [
      -70.652261,
      44.762116
     ],
     [
      -70.651882,
      44.764547
     ],
     [
      -70.651923,
      44.765307
     ],
     [
      -70.652311,
      44.76663
     ],
     [
      -70.652991,
      44.767716
     ],
     [
      -70.656424,
      44.770656
     ],
     [
      -70.657294,
      44.771957
     ],
     [
      -70.658422,
      44.772596
     ],
     [
      -70.660223,
      44.773067
     ],
     [
      -70.661269,
      44.773463
     ],
     [
      -70.663702,
      44.774838
     ],
     [
      -70.664954,
      44.775315
     ],
     [
      -70.668039,
      44.776116
     ],
     [
      -70.67131,
      44.775999
     ],
     [
      -70.67279,
      44.77619
     ],
     [
      -70.67689,
      44.778159
     ],
     [
      -70.679287,
      44.779547
     ],
     [
      -70.680488,
      44.779787
     ],
     [
      -70.682404,
      44.779885
     ],
     [
      -70.684736,
      44.780364
     ],
     [
      -70.686265,
      44.780731
     ],
     [
      -70.689779,
      44.781865
     ],
     [
      -70.691257,
      44.782168
     ],
     [
      -70.693689,
      44.783668
     ],
     [
      -70.69619,
      44.784852
     ],
     [
      -70.700488,
      44.786388
     ],
     [
      -70.707088,
      44.789762
     ],
     [
      -70.709331,
      44.791008
     ],
     [
      -70.710254,
      44.791586
     ],
     [
      -70.710542,
      44.791903
     ],
     [
      -70.710731,
      44.792234
     ],
     [
      -70.710741,
      44.792741
     ],
     [
      -70.710562,
      44.79322
     ],
     [
      -70.710225,
      44.793601
     ],
     [
      -70.708488,
      44.79477
     ],
     [
      -70.707525,
      44.79565
     ],
     [
      -70.707148,
      44.796214
     ],
     [
      -70.706939,
      44.796826
     ],
     [
      -70.70679,
      44.79889
     ],
     [
      -70.705669,
      44.800961
     ],
     [
      -70.70552,
      44.802756
     ],
     [
      -70.706503,
      44.804404
     ],
     [
      -70.706622,
      44.804876
     ],
     [
      -70.705986,
      44.810143
     ],
     [
      -70.706056,
      44.810594
     ],
     [
      -70.707426,
      44.812847
     ],
     [
      -70.707793,
      44.814833
     ],
     [
      -70.7082,
      44.815417
     ],
     [
      -70.709171,
      44.816007
     ],
     [
      -70.71515,
      44.818924
     ],
     [
      -70.716133,
      44.820069
     ],
     [
      -70.716624,
      44.821921
     ],
     [
      -70.717017,
      44.822439
     ],
     [
      -70.718252,
      44.823365
     ],
     [
      -70.719976,
      44.823793
     ],
     [
      -70.720987,
      44.824371
     ],
     [
      -70.722405,
      44.825964
     ],
     [
      -70.723001,
      44.826859
     ],
     [
      -70.724026,
      44.830264
     ],
     [
      -70.723956,
      44.830931
     ],
     [
      -70.723528,
      44.831718
     ],
     [
      -70.723366,
      44.832534
     ],
     [
      -70.724157,
      44.833995
     ],
     [
      -70.724116,
      44.835454
     ],
     [
      -70.724324,
      44.83676
     ],
     [
      -70.725035,
      44.838609
     ],
     [
      -70.72442,
      44.839622
     ],
     [
      -70.724191,
      44.840727
     ],
     [
      -70.724509,
      44.841691
     ],
     [
      -70.725978,
      44.843099
     ],
     [
      -70.726292,
      44.84377
     ],
     [
      -70.726316,
      44.844518
     ],
     [
      -70.72513,
      44.849408
     ],
     [
      -70.724951,
      44.850506
     ],
     [
      -70.725041,
      44.851256
     ],
     [
      -70.72585,
      44.852619
     ],
     [
      -70.73064,
      44.857506
     ],
     [
      -70.732044,
      44.859519
     ],
     [
      -70.734969,
      44.865333
     ],
     [
      -70.735163,
      44.867413
     ],
     [
      -70.734916,
      44.868257
     ],
     [
      -70.733285,
      44.871032
     ],
     [
      -70.732893,
      44.872038
     ],
     [
      -70.732791,
      44.873625
     ],
     [
      -70.733129,
      44.87475
     ],
     [
      -70.734165,
      44.876081
     ],
     [
      -70.737957,
      44.879065
     ],
     [
      -70.74529,
      44.884485
     ],
     [
      -70.74815,
      44.886283
     ],
     [
      -70.751556,
      44.887803
     ],
     [
      -70.765478,
      44.892575
     ],
     [
      -70.768454,
      44.893838
     ],
     [
      -70.770069,
      44.894887
     ],
     [
      -70.77126,
      44.895875
     ],
     [
      -70.772421,
      44.897127
     ],
     [
      -70.773159,
      44.898277
     ],
     [
      -70.773636,
      44.899341
     ],
     [
      -70.774103,
      44.9011
     ],
     [
      -70.774154,
      44.903117
     ],
     [
      -70.773947,
      44.904048
     ],
     [
      -70.773003,
      44.906271
     ],
     [
      -70.77231,
      44.907244
     ],
     [
      -70.769066,
      44.910606
     ],
     [
      -70.768358,
      44.911667
     ],
     [
      -70.768068,
      44.912316
     ],
     [
      -70.767647,
      44.916145
     ],
     [
      -70.76726,
      44.91731
     ],
     [
      -70.766178,
      44.918885
     ],
     [
      -70.762865,
      44.922406
     ],
     [
      -70.761181,
      44.923833
     ],
     [
      -70.759352,
      44.925177
     ],
     [
      -70.75667,
      44.926777
     ],
     [
      -70.752155,
      44.928843
     ],
     [
      -70.749988,
      44.930014
     ],
     [
      -70.748342,
      44.932021
     ],
     [
      -70.748083,
      44.932531
     ],
     [
      -70.748234,
      44.934282
     ],
     [
      -70.748663,
      44.9356
     ],
     [
      -70.752132,
      44.941101
     ],
     [
      -70.753731,
      44.94412
     ],
     [
      -70.754685,
      44.94645
     ],
     [
      -70.756741,
      44.950658
     ],
     [
      -70.758494,
      44.953487
     ],
     [
      -70.760508,
      44.955943
     ],
     [
      -70.762406,
      44.957796
     ],
     [
      -70.764824,
      44.95958
     ],
     [
      -70.769784,
      44.962602
     ],
     [
      -70.769871,
      44.96286
     ],
     [
      -70.771246,
      44.964108
     ],
     [
      -70.7721,
      44.9651
     ]
    ]
   }
  },
  {
   "type": "Feature",
   "properties": {
    "company": "Maine Central Railroad",
    "line": "Maine Central: Rangeley Branch (Oquossoc – Kennebago)",
    "id": "maine-central-rangeley-branch-oquossoc-kennebago",
    "color": "#457B9D",
    "mode": "intercity_rail",
    "avg_speed_kmh": 30,
    "speed_source": "estimated; estimated, not computed from a timetable (Rule 3)",
    "geometry_source": "OpenStreetMap via Overpass (mail.ru mirror) plus OpenHistoricalMap (CC0), traced with opstrace.py: OSM ways tagged old_railway_operator=MEC (live CSX 'Waterville Subdivision:Rumford Branch' and the lifted grades, partly ITS 89 snowmobile trail and roads built on the grade) cost 1x; OHM ways named for this road's companies 1.5x so the denser OSM grade wins where both exist. Waypoints pinned onto the grade itself (OHM/OSM vertices), not taken from Nominatim, which returns township centroids for most of these towns. OHM used for geometry only, never for dates.",
    "geometry_quality": "Traced 10.9 mi against a documented 10.9 mi (MP 88.5 Oquossoc - 99.4 Kennebago). OSM MEC-tagged lifted grade (roads and trails on the old bed) throughout; the first 0.35 mi out of Oquossoc follows OHM way 201882317 and the last 0.5 mi to the OHM-mapped Kennebago terminus (45.1087 N, -70.7704) follows OSM MEC ways. No straight-line leg. Median deviation from OHM 2 m, max 16 m. Lifted after the 1936 flood, so this is the line's only alignment.",
    "segments": [
     {
      "start": 1914,
      "end": 1933,
      "headway_min": 1440,
      "note": "Maine Central from its lease of the Portland & Rumford Falls on 1 May 1907 (merged 1914; Boston & Maine management control 1933-55 did not change the operator). Summer-only service to the Kennebago Lake sporting camps. START IS OPEN: the Maine Central extended the branch to Kennebago after 1907, year not given; Kennebago, Kamankeag, Realty and Cupsuptic first appear in the 1914 Guide (Fowler 'n'), so 1914 is the first CONFIRMED year, not a known start. END IS OPEN: Kennebago and Realty carry the 1932 letter, and the summer passenger trains were replaced in 1933 by a railbus built in the Sandy River & Rangeley Lakes shops (Jones 1980 p.298, via Wikipedia) - a railbus is rail passenger service, so 1933 is confirmed. Whether it ran in 1934-35 is unknown; the line was dismantled after the March 1936 flood. Do not extend either end without evidence. Headway 1440 (one summer train a day) is an estimate.",
      "sources": [
       "Segment-level: Fowler line 6 (n, b, c letters); Wikipedia citing Jones, Two Feet Between the Rails vol. II (1980) p.298. Headway NOT SOURCED.",
       "https://www.branchline.uk/jfpdf/mainerrs.pdf (J. Fowler, Maine passenger stations, line 6 Rumford Jn - Kennebago and line 8 Canton - Livermore Falls; letters x=1850 Pathfinder, y=1866 Pathfinder, z=1892-94, a=1911, b=1921, c=1932, d=1954 MEC public timetables, n=1914 Guide)",
       "https://en.wikipedia.org/wiki/Rumford_Branch (citing Ron Johnson, The Best of Maine Railroads, 1985; R.C. Jones, Two Feet Between the Rails vol. II, 1980, p.298)"
      ]
     }
    ]
   },
   "geometry": {
    "type": "LineString",
    "coordinates": [
     [
      -70.7721,
      44.9651
     ],
     [
      -70.773662,
      44.967934
     ],
     [
      -70.775278,
      44.970337
     ],
     [
      -70.776924,
      44.97196
     ],
     [
      -70.77992,
      44.975684
     ],
     [
      -70.781339,
      44.976987
     ],
     [
      -70.782365,
      44.978162
     ],
     [
      -70.783406,
      44.979664
     ],
     [
      -70.783998,
      44.981836
     ],
     [
      -70.783995,
      44.983477
     ],
     [
      -70.783764,
      44.984235
     ],
     [
      -70.781826,
      44.987417
     ],
     [
      -70.781559,
      44.988883
     ],
     [
      -70.781828,
      44.990184
     ],
     [
      -70.782525,
      44.991345
     ],
     [
      -70.784869,
      44.993777
     ],
     [
      -70.786307,
      44.996271
     ],
     [
      -70.789027,
      45.002783
     ],
     [
      -70.789473,
      45.004627
     ],
     [
      -70.789752,
      45.006848
     ],
     [
      -70.790046,
      45.00788
     ],
     [
      -70.790581,
      45.008826
     ],
     [
      -70.791069,
      45.009503
     ],
     [
      -70.791874,
      45.010251
     ],
     [
      -70.795308,
      45.012377
     ],
     [
      -70.797412,
      45.014033
     ],
     [
      -70.798315,
      45.014953
     ],
     [
      -70.799647,
      45.016778
     ],
     [
      -70.800699,
      45.01932
     ],
     [
      -70.802632,
      45.02671
     ],
     [
      -70.80347,
      45.029076
     ],
     [
      -70.805028,
      45.032961
     ],
     [
      -70.807176,
      45.037013
     ],
     [
      -70.807273,
      45.037858
     ],
     [
      -70.807038,
      45.039615
     ],
     [
      -70.806357,
      45.041022
     ],
     [
      -70.802012,
      45.045746
     ],
     [
      -70.801019,
      45.047192
     ],
     [
      -70.800207,
      45.0488
     ],
     [
      -70.799877,
      45.049735
     ],
     [
      -70.798543,
      45.056329
     ],
     [
      -70.797925,
      45.058153
     ],
     [
      -70.797456,
      45.058829
     ],
     [
      -70.796703,
      45.059553
     ],
     [
      -70.792591,
      45.063047
     ],
     [
      -70.791999,
      45.063726
     ],
     [
      -70.790947,
      45.065422
     ],
     [
      -70.790047,
      45.067472
     ],
     [
      -70.78981,
      45.068882
     ],
     [
      -70.789939,
      45.070132
     ],
     [
      -70.792046,
      45.079891
     ],
     [
      -70.79194,
      45.080969
     ],
     [
      -70.791641,
      45.081757
     ],
     [
      -70.790773,
      45.082983
     ],
     [
      -70.784791,
      45.087643
     ],
     [
      -70.782972,
      45.089311
     ],
     [
      -70.78209,
      45.090437
     ],
     [
      -70.780717,
      45.092785
     ],
     [
      -70.780538,
      45.093672
     ],
     [
      -70.780559,
      45.096695
     ],
     [
      -70.780407,
      45.097392
     ],
     [
      -70.780036,
      45.098064
     ],
     [
      -70.778711,
      45.099442
     ],
     [
      -70.776503,
      45.101165
     ],
     [
      -70.775834,
      45.101979
     ],
     [
      -70.774357,
      45.10497
     ],
     [
      -70.773894,
      45.10553
     ],
     [
      -70.7704,
      45.1087
     ]
    ]
   }
  }
 ]
}