{
 "type": "FeatureCollection",
 "metadata": {
  "note": "The Detroit, Toledo and Ironton (the DT&I, 1905-1954 passenger years) and the companies that ran its lines before it: the Detroit Southern (1901-1905), the Detroit and Lima Northern (Lima Northern 1896-97, DL&N 1897-1901), the Ohio Southern (1881-1901) and the Iron Railroad (1849/51-1902). Each predecessor is its own company and colour (Rule 4); predecessor features share geometry with the DT&I features. Henry Ford's ownership (1920-1929) and Pennroad/PRR control (1929-1970) were stock control only and are NOT splits; the 1914 Railway -> Railroad rename is not a split. Drawn from research/branches/detroit_toledo_and_ironton_railroad.txt (researched 2026-10-05), using each block's drawable span.",
  "sources": [
   "research/sources/official_guide_1952.txt - The Official Guide of the Railways, February 1952 (DT&I section, schedules eff. 30 Sept 1951; index legend 't For freight only')",
   "https://branchline.uk/jfpdf/ohiorrs3.pdf (John Fowler, Ohio passenger stations, DT&I lines 135-138: year letters z=1896 Guide, a=1910 timetable, w=1915 working timetable, x=1858 Dinsmore, y=1875 Guide, q=1884 Guide)",
   "https://branchline.uk/jfpdf/michiganrrs2lwrp.pdf (John Fowler, Michigan passenger stations, DT&I lines 189-191 and Ann Arbor line 50, with the Detroit terminal note)",
   "https://www.michiganrailroads.com/timeline/475-1930-1939/3660-timeline-1932 (17 Sept 1932: DT&I discontinues all passenger service in Michigan, leaving only Springfield - Jackson)",
   "https://www.michiganrailroads.com/stories/7006-railroad-that-went-no-place-but-eventually-made-it-the-part-2 (gas-electric cars on Nos. 1/2 from 25 Oct 1926; last passenger run, a mixed train from Springfield, 8 May 1954)",
   "https://www.american-rails.com/detroit-toledo-and-ironton-railroad.html",
   "https://chicagorailfan.com/stbaaspo.html (Springfield OH stations; DT&I 1942 schedule Nos. 1/2)",
   "https://lawrencecountyohio.com/transportation/dti-railroad/ (second-hand: seen only through search-result summaries; Ironton - Springfield trains discontinued 19 Sept 1932, then a coach on Jackson - Ironton freights)",
   "https://michiganrailroads.com/timetables-routes/319-detroit-toledo-ironton-railroad-timetables/4949-time-table-tecumseh-branch (Feb 14 1937 ETT; 1899 DL&N two daily passenger trains via Adrian, Tecumseh and Dundee)",
   "https://en.wikipedia.org/wiki/Ohio_Southern_Railroad_(1881%E2%80%931898)"
  ],
  "geometry_method": "OpenStreetMap via Overpass (mail.ru mirror, cached degree tiles) plus OpenHistoricalMap (CC0) for lifted grades, traced with opstrace.py: Dijkstra over all railway ways, ways tagged old_railway_operator=DT&I (or OHM ways named for the DT&I or a predecessor) costed 1x, untagged 1.25x, OHM ways named for a successor 2x, cycleways 3x and any other named operator 12x; waypoints from the research report's via lists, each leg confined to a corridor round its own chord, and a leg longer than 1.6x its chord rejected in favour of a labelled straight line. Jackson - Bloom Junction was traced separately with the B&O as the preferred operator, because the DT&I ran it as trackage over the B&O Portsmouth Branch.",
  "not_yet_sourced": [
   "Ends that are the last CONFIRMED year, not a known end ([OPEN]): Jackson - Ironton 1915-1932 (both ends; the post-1932 coach-on-freight ran an unknown time, ended before Sept 1951); Detroit Southern Detroit - Lima 1902-1903 and Lima - Springfield 1902-1904; Detroit & Lima Northern 1897-1899; Ohio Southern Springfield - Jackson 1884-1896; Iron Railroad Ironton - Pedro 1858-1880 and Pedro - Centre 1858-1875.",
   "Single-year [ANCHOR] spans: Detroit Southern Springfield - Washington C.H. 1904; Ohio Southern Lima - Springfield 1896 and Jackson - Cornelia (Wellston branch) 1896.",
   "Malinta cutoff opening: 1925 (web summaries) vs c.1930 (Fowler). The old route via Tecumseh is drawn to 1925 and the cutoff from 1930, leaving 1926-1929 with no Durban - Malinta line drawn. Do not close that gap without a source.",
   "Delray - Flat Rock is left undrawn 1928-1930, when Fowler puts the Detroit terminal at Dearborn; whether any train still used Delray then is not established.",
   "DT&I 1905 start years are operator dates (company formation), not a timetable dated 1905.",
   "The DL&N's 1899 Columbus - Detroit trains: route south of Lima not established.",
   "Headways and average speeds are estimates everywhere except Springfield - Jackson 1933-1954 (one round trip a day, 1942 and 1951).",
   "Adrian - Sand Creek: whether the DT&I had its own track or ran over the Wabash is not established (drawn on the Wabash)."
  ],
  "branches_deliberately_omitted": [
   "Toledo Branch (Dundee/Petersburg Jct - Toledo, Toledo-Detroit RR leased 1916): drawable NONE - no passenger year sourced; Feb 1952 Guide 'TOLEDO DISTRICT' is freight-only.",
   "DT&I-era Wellston Branch (Jackson - Wellston - Cornelia): drawable NONE for the DT&I era; only the Ohio Southern 1896 anchor is drawn.",
   "Iron Railroad Etna Branch (Pedro - Etna Furnace - Ellison, 2 mi): a single 1880 anchor year on a 2-mile branch - omitted as too small and too thin to draw.",
   "Kingman Branch (Sedalia - Jeffersonville - Kingman): its only dated passenger years (1880, 1884) belong to the narrow-gauge Columbus, Washington & Cincinnati / Cincinnati, Columbus & Hocking Valley, not the DT&I or its named predecessors - a different company's layer.",
   "Lisman - Centre stub in the DT&I era: no DT&I-era passenger date (the Iron Railroad's 1858-1875 service on it is drawn).",
   "Springfield, Jackson & Pomeroy and Springfield Southern (1878-1881): no cleanly attributable passenger year.",
   "Jackson - Ironton before 1915 (Detroit Southern/DT&I c.1902-1914) and Washington C.H. - Jackson under the Detroit Southern: no dated stop."
  ],
  "freight_only_excluded": "Not drawn because freight-only (Rule 1): Detroit - Springfield after 17 Sept 1932 (Feb 1952 Guide 'Operated for Freight Service only'; Scofield and Briar Hill, Mich. daggered); Jackson - Ironton after the post-1932 mixed service ended (Royersville daggered by Sept 1951); Tecumseh District and Toledo District (freight-only 1951); Dearborn District after c.1930; Springfield - Jackson after 8 May 1954; the Grand Trunk Western (1980-83) and Indiana & Ohio eras, which were freight only."
 },
 "features": [
  {
   "type": "Feature",
   "properties": {
    "company": "Detroit, Toledo and Ironton Railroad",
    "line": "Detroit, Toledo and Ironton: Detroit (Delray) – Flat Rock",
    "id": "dti-delray-flat-rock",
    "color": "#8C2D4A",
    "mode": "intercity_rail",
    "avg_speed_kmh": 40,
    "speed_source": "estimated; not computed from a real timetable (Rule 3)",
    "geometry_source": "OpenStreetMap via Overpass (mail.ru mirror, cached degree tiles) plus OpenHistoricalMap (CC0) for lifted grades, traced with opstrace.py: Dijkstra over all railway ways, ways tagged old_railway_operator=DT&I (or OHM ways named for the DT&I or a predecessor) costed 1x, untagged 1.25x, OHM ways named for a successor 2x, cycleways 3x and any other named operator 12x; waypoints from the research report's via lists, each leg confined to a corridor round its own chord, and a leg longer than 1.6x its chord rejected in favour of a labelled straight line. Jackson - Bloom Junction was traced separately with the B&O as the preferred operator, because the DT&I ran it as trackage over the B&O Portsmouth Branch.",
    "geometry_quality": "Traced from OpenStreetMap: 18.5 mi, of which 16.7 mi on OSM track tagged old_railway_operator=DT&I and 1.7 mi of untagged terminal track at Delray. No straight-line leg. No separate documented mileage for this piece; Delray - Durban together trace 39.4 mi against Fowler-MI's 41.3 mi from Fort St Union Station. The Detroit end is drawn to Delray, where the DT&I's own line (OSM 'Flat Rock Subdivision') meets the Detroit terminal tracks. The passenger terminal moved repeatedly (Fowler-MI): Union Station (Fort St) to c.1907, Michigan Central stations to c.1918, Jefferson Ave to 1927, Dearborn 1927-1930/31 (separate feature), Union Station again from April 1931, West End to the end in 1932. None of the approaches from Delray over other companies' track into those downtown terminals is drawn, so the line stops about 3-4 mi short of Fort St Union Station.",
    "segments": [
     {
      "start": 1905,
      "end": 1927,
      "headway_min": 720,
      "note": "The Detroit approach of the DT&I main line, carrying the through Detroit - Lima - Springfield - Ironton trains (Nos. 1/2 and others; gas-electric cars on Nos. 1/2 Delray - Bainbridge from 25 Oct 1926, MRR-P2). The 1905 start is an OPERATOR date - the DT&I was formed in May 1905 from the foreclosed Detroit Southern and passenger service ran on without a break (Fowler dates the DT&I Springfield station 1897>1932) - not a timetable dated 1905. The 1927 end: Fowler-MI says the Jefferson Ave terminal was used 'to 1927' and that trains then ran from Dearborn Station via the new line to Flat Rock until 1930/31, so this piece is left undrawn for 1928-1930 (the Dearborn - Flat Rock feature carries those years). That gap is a deliberate narrowing of the research report's 1905-1932 drawable span, not a known suspension: whether any train still used Delray in 1928-1930 is not established. Headway and avg_speed_kmh are estimates and are NOT sourced.",
      "sources": [
       "Segment-level: 1905 is the DT&I's formation (operator date); the 1927 end and the move to Dearborn are Fowler-MI's Detroit terminal note. Headway and avg_speed_kmh are estimates and are NOT sourced.",
       "https://branchline.uk/jfpdf/michiganrrs2lwrp.pdf (John Fowler, Michigan passenger stations, DT&I lines 189-191 and Ann Arbor line 50, with the Detroit terminal note)",
       "https://www.michiganrailroads.com/stories/7006-railroad-that-went-no-place-but-eventually-made-it-the-part-2 (gas-electric cars on Nos. 1/2 from 25 Oct 1926; last passenger run, a mixed train from Springfield, 8 May 1954)",
       "https://www.american-rails.com/detroit-toledo-and-ironton-railroad.html"
      ]
     },
     {
      "start": 1931,
      "end": 1932,
      "headway_min": 720,
      "note": "Passenger trains returned to Detroit Union Station in April 1931 and finished at West End; all DT&I passenger service in Michigan ended 17 Sept 1932 (MRR-1932; Fowler-MI 'end of passenger service from Detroit in 1932'). DT&I asked in Nov 1931 to end all passenger service (MRR-P2). Freight continued; the Feb 1952 Official Guide marks Detroit - Springfield 'Operated for Freight Service only' and daggers Scofield and Briar Hill, Mich. as freight-only. Headway and avg_speed_kmh are estimates and are NOT sourced.",
      "sources": [
       "Segment-level: April 1931 return to Union Station and the 1932 end are Fowler-MI's terminal note and MRR-1932. Headway and avg_speed_kmh are estimates and are NOT sourced.",
       "https://branchline.uk/jfpdf/michiganrrs2lwrp.pdf (John Fowler, Michigan passenger stations, DT&I lines 189-191 and Ann Arbor line 50, with the Detroit terminal note)",
       "https://www.michiganrailroads.com/timeline/475-1930-1939/3660-timeline-1932 (17 Sept 1932: DT&I discontinues all passenger service in Michigan, leaving only Springfield - Jackson)",
       "https://www.michiganrailroads.com/stories/7006-railroad-that-went-no-place-but-eventually-made-it-the-part-2 (gas-electric cars on Nos. 1/2 from 25 Oct 1926; last passenger run, a mixed train from Springfield, 8 May 1954)",
       "research/sources/official_guide_1952.txt - The Official Guide of the Railways, February 1952 (DT&I section, schedules eff. 30 Sept 1951; index legend 't For freight only')"
      ]
     }
    ]
   },
   "geometry": {
    "type": "LineString",
    "coordinates": [
     [
      -83.114317,
      42.296227
     ],
     [
      -83.110211,
      42.290695
     ],
     [
      -83.109475,
      42.289949
     ],
     [
      -83.109335,
      42.289442
     ],
     [
      -83.109424,
      42.288495
     ],
     [
      -83.114483,
      42.279636
     ],
     [
      -83.134148,
      42.256052
     ],
     [
      -83.138042,
      42.25114
     ],
     [
      -83.142395,
      42.244636
     ],
     [
      -83.142833,
      42.244269
     ],
     [
      -83.143473,
      42.244071
     ],
     [
      -83.146175,
      42.243882
     ],
     [
      -83.146969,
      42.243716
     ],
     [
      -83.147896,
      42.243227
     ],
     [
      -83.148466,
      42.242596
     ],
     [
      -83.159173,
      42.208984
     ],
     [
      -83.159764,
      42.206735
     ],
     [
      -83.159904,
      42.20441
     ],
     [
      -83.161595,
      42.19968
     ],
     [
      -83.163045,
      42.196713
     ],
     [
      -83.174718,
      42.160142
     ],
     [
      -83.178303,
      42.152256
     ],
     [
      -83.17998,
      42.150284
     ],
     [
      -83.184238,
      42.14153
     ],
     [
      -83.185211,
      42.140239
     ],
     [
      -83.193272,
      42.1314
     ],
     [
      -83.194859,
      42.129692
     ],
     [
      -83.195573,
      42.129134
     ],
     [
      -83.196772,
      42.128566
     ],
     [
      -83.198052,
      42.128262
     ],
     [
      -83.199202,
      42.128198
     ],
     [
      -83.213651,
      42.128678
     ],
     [
      -83.217146,
      42.128636
     ],
     [
      -83.220161,
      42.128452
     ],
     [
      -83.224175,
      42.128001
     ],
     [
      -83.228422,
      42.127245
     ],
     [
      -83.231062,
      42.126627
     ],
     [
      -83.235634,
      42.125338
     ],
     [
      -83.246079,
      42.120912
     ],
     [
      -83.251669,
      42.117884
     ],
     [
      -83.253362,
      42.116846
     ],
     [
      -83.259805,
      42.11409
     ],
     [
      -83.265488,
      42.11251
     ],
     [
      -83.268371,
      42.110825
     ],
     [
      -83.27333,
      42.109328
     ],
     [
      -83.297419,
      42.099048
     ]
    ]
   }
  },
  {
   "type": "Feature",
   "properties": {
    "company": "Detroit, Toledo and Ironton Railroad",
    "line": "Detroit, Toledo and Ironton: Flat Rock – Durban",
    "id": "dti-flat-rock-durban",
    "color": "#8C2D4A",
    "mode": "intercity_rail",
    "avg_speed_kmh": 45,
    "speed_source": "estimated; not computed from a real timetable (Rule 3)",
    "geometry_source": "OpenStreetMap via Overpass (mail.ru mirror, cached degree tiles) plus OpenHistoricalMap (CC0) for lifted grades, traced with opstrace.py: Dijkstra over all railway ways, ways tagged old_railway_operator=DT&I (or OHM ways named for the DT&I or a predecessor) costed 1x, untagged 1.25x, OHM ways named for a successor 2x, cycleways 3x and any other named operator 12x; waypoints from the research report's via lists, each leg confined to a corridor round its own chord, and a leg longer than 1.6x its chord rejected in favour of a labelled straight line. Jackson - Bloom Junction was traced separately with the B&O as the preferred operator, because the DT&I ran it as trackage over the B&O Portsmouth Branch.",
    "geometry_quality": "Traced from OpenStreetMap: 20.9 mi, all on OSM track tagged old_railway_operator=DT&I ('Flat Rock Subdivision'). No straight-line leg. Durban is not in Nominatim; it is placed at the Diann junction (41.933, -83.636) where OSM's DT&I 'Flat Rock Subdivision' ends and the 'DT&I Subdivision' (the Malinta cutoff) begins, consistent with Fowler's Durban MP 41.3 from Detroit Union Station (traced Delray - Durban 39.4 mi, plus ~3-4 mi Delray - Fort St).",
    "segments": [
     {
      "start": 1905,
      "end": 1932,
      "headway_min": 720,
      "note": "The Michigan main line between Flat Rock and Durban, where the original route (via Dundee and Tecumseh) and the later Malinta cutoff diverged. Every Detroit train ran this way whichever Detroit terminal was in use, including the 1927-1930 Dearborn trains, which joined at Flat Rock. The 1905 start is an OPERATOR date - the DT&I was formed in May 1905 from the foreclosed Detroit Southern and passenger service ran on without a break (Fowler dates the DT&I Springfield station 1897>1932) - not a timetable dated 1905. Passenger service in Michigan ended 17 Sept 1932 (MRR-1932); freight-only thereafter (Feb 1952 Guide: Detroit - Springfield 'Operated for Freight Service only'). Headway and avg_speed_kmh are estimates and are NOT sourced.",
      "sources": [
       "Segment-level: 1905 is the DT&I's formation (operator date); the 1932 end is MRR-1932 and Fowler-MI. Headway and avg_speed_kmh are estimates and are NOT sourced.",
       "https://www.michiganrailroads.com/timeline/475-1930-1939/3660-timeline-1932 (17 Sept 1932: DT&I discontinues all passenger service in Michigan, leaving only Springfield - Jackson)",
       "https://branchline.uk/jfpdf/michiganrrs2lwrp.pdf (John Fowler, Michigan passenger stations, DT&I lines 189-191 and Ann Arbor line 50, with the Detroit terminal note)",
       "https://www.michiganrailroads.com/stories/7006-railroad-that-went-no-place-but-eventually-made-it-the-part-2 (gas-electric cars on Nos. 1/2 from 25 Oct 1926; last passenger run, a mixed train from Springfield, 8 May 1954)",
       "research/sources/official_guide_1952.txt - The Official Guide of the Railways, February 1952 (DT&I section, schedules eff. 30 Sept 1951; index legend 't For freight only')"
      ]
     }
    ]
   },
   "geometry": {
    "type": "LineString",
    "coordinates": [
     [
      -83.297419,
      42.099048
     ],
     [
      -83.428544,
      42.042875
     ],
     [
      -83.505217,
      42.009744
     ],
     [
      -83.565134,
      41.983702
     ],
     [
      -83.567264,
      41.982456
     ],
     [
      -83.635638,
      41.933283
     ]
    ]
   }
  },
  {
   "type": "Feature",
   "properties": {
    "company": "Detroit, Toledo and Ironton Railroad",
    "line": "Detroit, Toledo and Ironton: Dearborn – Flat Rock",
    "id": "dti-dearborn-flat-rock",
    "color": "#8C2D4A",
    "mode": "intercity_rail",
    "avg_speed_kmh": 45,
    "speed_source": "estimated; not computed from a real timetable (Rule 3)",
    "geometry_source": "OpenStreetMap via Overpass (mail.ru mirror, cached degree tiles) plus OpenHistoricalMap (CC0) for lifted grades, traced with opstrace.py: Dijkstra over all railway ways, ways tagged old_railway_operator=DT&I (or OHM ways named for the DT&I or a predecessor) costed 1x, untagged 1.25x, OHM ways named for a successor 2x, cycleways 3x and any other named operator 12x; waypoints from the research report's via lists, each leg confined to a corridor round its own chord, and a leg longer than 1.6x its chord rejected in favour of a labelled straight line. Jackson - Bloom Junction was traced separately with the B&O as the preferred operator, because the DT&I ran it as trackage over the B&O Portsmouth Branch.",
    "geometry_quality": "Traced from OpenStreetMap: 17.1 mi, of which 16.6 mi on OSM track tagged old_railway_operator=DT&I ('Dearborn Subdivision') and 0.5 mi untagged. Fowler-MI gives the Dearborn - Flat Rock 'new line' as about 19 mi. No straight-line leg. The Dearborn end is the north end of the OSM Dearborn Subdivision (42.306, -83.175, by the Ford Rouge plant); the exact site of the 1927-1930 Dearborn passenger station was not established.",
    "segments": [
     {
      "start": 1927,
      "end": 1930,
      "headway_min": 720,
      "note": "The Ford-era line from Dearborn to Flat Rock. Fowler-MI: the Detroit terminal was 'Dearborn Station (running via new line to Flat Rock) to 1930/31', after Jefferson Ave 'to 1927'; the report collapses 1930/31 to the earlier year. Feb 1952 Guide lists the 'DEARBORN DISTRICT' under 'Operated for Freight Service only'. No timetable for this service was seen. Headway and avg_speed_kmh are estimates and are NOT sourced.",
      "sources": [
       "Segment-level: Fowler-MI's Detroit terminal note is the only source for these years. Headway and avg_speed_kmh are estimates and are NOT sourced.",
       "https://branchline.uk/jfpdf/michiganrrs2lwrp.pdf (John Fowler, Michigan passenger stations, DT&I lines 189-191 and Ann Arbor line 50, with the Detroit terminal note)",
       "research/sources/official_guide_1952.txt - The Official Guide of the Railways, February 1952 (DT&I section, schedules eff. 30 Sept 1951; index legend 't For freight only')"
      ]
     }
    ]
   },
   "geometry": {
    "type": "LineString",
    "coordinates": [
     [
      -83.175127,
      42.305987
     ],
     [
      -83.233212,
      42.236233
     ],
     [
      -83.233889,
      42.235211
     ],
     [
      -83.234375,
      42.234093
     ],
     [
      -83.234608,
      42.233099
     ],
     [
      -83.234665,
      42.231896
     ],
     [
      -83.232869,
      42.181893
     ],
     [
      -83.232664,
      42.179134
     ],
     [
      -83.232223,
      42.159852
     ],
     [
      -83.231163,
      42.130733
     ],
     [
      -83.231275,
      42.12945
     ],
     [
      -83.231726,
      42.128345
     ],
     [
      -83.232917,
      42.12695
     ],
     [
      -83.234605,
      42.125924
     ],
     [
      -83.24608,
      42.121064
     ],
     [
      -83.24738,
      42.120653
     ],
     [
      -83.250919,
      42.11993
     ],
     [
      -83.268509,
      42.112428
     ],
     [
      -83.27369,
      42.109265
     ],
     [
      -83.297419,
      42.099048
     ]
    ]
   }
  },
  {
   "type": "Feature",
   "properties": {
    "company": "Detroit, Toledo and Ironton Railroad",
    "line": "Detroit, Toledo and Ironton: Durban – Malinta (via Tecumseh)",
    "id": "dti-durban-malinta-tecumseh",
    "color": "#8C2D4A",
    "mode": "intercity_rail",
    "avg_speed_kmh": 40,
    "speed_source": "estimated; not computed from a real timetable (Rule 3)",
    "geometry_source": "OpenStreetMap via Overpass (mail.ru mirror, cached degree tiles) plus OpenHistoricalMap (CC0) for lifted grades, traced with opstrace.py: Dijkstra over all railway ways, ways tagged old_railway_operator=DT&I (or OHM ways named for the DT&I or a predecessor) costed 1x, untagged 1.25x, OHM ways named for a successor 2x, cycleways 3x and any other named operator 12x; waypoints from the research report's via lists, each leg confined to a corridor round its own chord, and a leg longer than 1.6x its chord rejected in favour of a labelled straight line. Jackson - Bloom Junction was traced separately with the B&O as the preferred operator, because the DT&I ran it as trackage over the B&O Portsmouth Branch.",
    "geometry_quality": "Traced from OpenStreetMap and OpenHistoricalMap: 74.3 mi. Pieces: Durban - Dundee 2.1 mi on an untagged OHM grade; Dundee - Tecumseh on the OHM-mapped 'Detroit, Toledo & Milwaukee Railroad' grade (the later NYC/Michigan Central line the DT&I ran over as trackage, Fowler-MI 'operated over NYC'); Tecumseh - Adrian on the OHM 'Detroit, Toledo and Ironton Railway' grade; Adrian - Sand Creek 7.1 mi ON THE WABASH (NS Detroit District) because no separate DT&I grade is mapped there - whether the DT&I had its own parallel track or used Wabash rails between Adrian and Sand Creek is not established; Sand Creek - Wauseon 16.8 mi on OSM DT&I-tagged abandoned grade; Wauseon - Napoleon 12.6 mi on untagged abandoned grade; Napoleon - Malinta 6.5 mi DT&I-tagged. Tecumseh - Malinta traces 56.6 mi against 55.4 mi in the Feb 14 1937 employee timetable (MRR-TEC). No straight-line leg. Durban is not in Nominatim; it is placed at the Diann junction (41.933, -83.636) where OSM's DT&I 'Flat Rock Subdivision' ends and the 'DT&I Subdivision' (the Malinta cutoff) begins, consistent with Fowler's Durban MP 41.3 from Detroit Union Station (traced Delray - Durban 39.4 mi, plus ~3-4 mi Delray - Fort St).",
    "segments": [
     {
      "start": 1905,
      "end": 1925,
      "headway_min": 720,
      "note": "The original Detroit & Lima Northern main line: Durban - Dundee, NYC trackage Dundee - Tecumseh Jct, then Adrian, Sand Creek, Denson, Wauseon, Napoleon to Malinta (later the 'Tecumseh Branch'). Through Detroit - Lima - Springfield - Ironton trains ran this way until the Malinta cutoff (block 6) took them. The 1905 start is an OPERATOR date - the DT&I was formed in May 1905 from the foreclosed Detroit Southern and passenger service ran on without a break (Fowler dates the DT&I Springfield station 1897>1932) - not a timetable dated 1905. The 1925 end is the EARLIER of two conflicting dates for the cutoff opening (web summaries: 'Malinta Cutoff in 1925'; Fowler: 'opened c.1930'), collapsed to the earlier so as not to assert service that may not have run. Whether any passenger train stayed on this route after the cutoff opened is not established. This deliberately leaves 1926-1929 with NO Detroit - Malinta line drawn at all (neither this route nor the cutoff, drawn from 1930); do not close that gap without a source. Feb 1952 Guide lists the 'TECUMSEH DISTRICT' (Malinta - Tecumseh) under 'Operated for Freight Service only'; the branch was abandoned in pieces from 1978. Headway and avg_speed_kmh are estimates and are NOT sourced.",
      "sources": [
       "NOT SOURCED AT SEGMENT LEVEL: the 1905 start is the DT&I's formation (operator date) and the route is Fowler-MI/Fowler-OH and MRR-TEC, but the 1925 end year rests only on web search summaries of the cutoff's opening, which conflict with Fowler's c.1930. Headway and avg_speed_kmh are estimates and are NOT sourced.",
       "https://branchline.uk/jfpdf/michiganrrs2lwrp.pdf (John Fowler, Michigan passenger stations, DT&I lines 189-191 and Ann Arbor line 50, with the Detroit terminal note)",
       "https://branchline.uk/jfpdf/ohiorrs3.pdf (John Fowler, Ohio passenger stations, DT&I lines 135-138: year letters z=1896 Guide, a=1910 timetable, w=1915 working timetable, x=1858 Dinsmore, y=1875 Guide, q=1884 Guide)",
       "https://michiganrailroads.com/timetables-routes/319-detroit-toledo-ironton-railroad-timetables/4949-time-table-tecumseh-branch (Feb 14 1937 ETT; 1899 DL&N two daily passenger trains via Adrian, Tecumseh and Dundee)",
       "research/sources/official_guide_1952.txt - The Official Guide of the Railways, February 1952 (DT&I section, schedules eff. 30 Sept 1951; index legend 't For freight only')"
      ]
     }
    ]
   },
   "geometry": {
    "type": "LineString",
    "coordinates": [
     [
      -83.635638,
      41.933283
     ],
     [
      -83.646991,
      41.95198
     ],
     [
      -83.647506,
      41.953575
     ],
     [
      -83.648686,
      41.959963
     ],
     [
      -83.650231,
      41.961793
     ],
     [
      -83.651518,
      41.962543
     ],
     [
      -83.652698,
      41.962958
     ],
     [
      -83.671431,
      41.966229
     ],
     [
      -83.682503,
      41.96784
     ],
     [
      -83.694605,
      41.97009
     ],
     [
      -83.730711,
      41.976419
     ],
     [
      -83.734823,
      41.976924
     ],
     [
      -83.761491,
      41.978853
     ],
     [
      -83.779544,
      41.980386
     ],
     [
      -83.828417,
      41.987294
     ],
     [
      -83.836353,
      41.98828
     ],
     [
      -83.859744,
      41.991499
     ],
     [
      -83.871247,
      41.993582
     ],
     [
      -83.873265,
      41.99379
     ],
     [
      -83.874572,
      41.993846
     ],
     [
      -83.88735,
      41.993527
     ],
     [
      -83.909784,
      41.993193
     ],
     [
      -83.91169,
      41.99361
     ],
     [
      -83.926447,
      41.999746
     ],
     [
      -83.927568,
      42.000162
     ],
     [
      -83.928819,
      42.000398
     ],
     [
      -83.930015,
      42.000509
     ],
     [
      -83.944897,
      42.000073
     ],
     [
      -83.949743,
      42.000092
     ],
     [
      -83.950967,
      41.999663
     ],
     [
      -83.951452,
      41.999066
     ],
     [
      -83.951639,
      41.998413
     ],
     [
      -83.950798,
      41.992485
     ],
     [
      -83.950985,
      41.981322
     ],
     [
      -83.95134,
      41.9806
     ],
     [
      -83.951994,
      41.979919
     ],
     [
      -83.955082,
      41.978466
     ],
     [
      -83.977057,
      41.968742
     ],
     [
      -83.980716,
      41.966965
     ],
     [
      -83.98205,
      41.966167
     ],
     [
      -83.983107,
      41.965357
     ],
     [
      -83.99092,
      41.957523
     ],
     [
      -83.994427,
      41.953822
     ],
     [
      -84.008996,
      41.935829
     ],
     [
      -84.013882,
      41.930002
     ],
     [
      -84.015622,
      41.928672
     ],
     [
      -84.026122,
      41.922823
     ],
     [
      -84.027683,
      41.921613
     ],
     [
      -84.031586,
      41.916917
     ],
     [
      -84.031976,
      41.916167
     ],
     [
      -84.033698,
      41.909562
     ],
     [
      -84.034535,
      41.907103
     ],
     [
      -84.035586,
      41.904692
     ],
     [
      -84.036251,
      41.903638
     ],
     [
      -84.036873,
      41.902983
     ],
     [
      -84.040886,
      41.900699
     ],
     [
      -84.041616,
      41.899949
     ],
     [
      -84.041931,
      41.899225
     ],
     [
      -84.042822,
      41.89854
     ],
     [
      -84.044042,
      41.896153
     ],
     [
      -84.044734,
      41.895537
     ],
     [
      -84.04571,
      41.894915
     ],
     [
      -84.046121,
      41.894315
     ],
     [
      -84.046262,
      41.893967
     ],
     [
      -84.045866,
      41.893176
     ],
     [
      -84.043049,
      41.891301
     ],
     [
      -84.042497,
      41.891058
     ],
     [
      -84.041874,
      41.890963
     ],
     [
      -84.041039,
      41.890974
     ],
     [
      -84.029172,
      41.893708
     ],
     [
      -84.02646,
      41.893643
     ],
     [
      -84.02446,
      41.893297
     ],
     [
      -84.024104,
      41.893338
     ],
     [
      -84.020516,
      41.893737
     ],
     [
      -84.01983,
      41.893453
     ],
     [
      -84.018708,
      41.893196
     ],
     [
      -84.017368,
      41.892114
     ],
     [
      -84.016059,
      41.891853
     ],
     [
      -84.031886,
      41.866749
     ],
     [
      -84.033339,
      41.864832
     ],
     [
      -84.034815,
      41.86361
     ],
     [
      -84.051515,
      41.851357
     ],
     [
      -84.053174,
      41.850422
     ],
     [
      -84.14663,
      41.802968
     ],
     [
      -84.147906,
      41.801765
     ],
     [
      -84.148129,
      41.801118
     ],
     [
      -84.148208,
      41.800186
     ],
     [
      -84.147075,
      41.776174
     ],
     [
      -84.147161,
      41.775233
     ],
     [
      -84.147622,
      41.774108
     ],
     [
      -84.150773,
      41.770759
     ],
     [
      -84.151291,
      41.769854
     ],
     [
      -84.151486,
      41.769069
     ],
     [
      -84.151491,
      41.767378
     ],
     [
      -84.149739,
      41.731991
     ],
     [
      -84.149683,
      41.725657
     ],
     [
      -84.148551,
      41.701358
     ],
     [
      -84.147852,
      41.680621
     ],
     [
      -84.148001,
      41.679687
     ],
     [
      -84.156525,
      41.662529
     ],
     [
      -84.1569,
      41.661595
     ],
     [
      -84.157,
      41.660885
     ],
     [
      -84.15565,
      41.623302
     ],
     [
      -84.15555,
      41.622012
     ],
     [
      -84.1553,
      41.621153
     ],
     [
      -84.153979,
      41.618755
     ],
     [
      -84.153775,
      41.617771
     ],
     [
      -84.153751,
      41.568999
     ],
     [
      -84.1536,
      41.56797
     ],
     [
      -84.153151,
      41.567054
     ],
     [
      -84.14936,
      41.562742
     ],
     [
      -84.148982,
      41.561969
     ],
     [
      -84.148838,
      41.561231
     ],
     [
      -84.148766,
      41.551892
     ],
     [
      -84.148509,
      41.548896
     ],
     [
      -84.147083,
      41.543787
     ],
     [
      -84.146629,
      41.542968
     ],
     [
      -84.144359,
      41.539904
     ],
     [
      -84.144076,
      41.539364
     ],
     [
      -84.143821,
      41.538221
     ],
     [
      -84.143955,
      41.435747
     ],
     [
      -84.143862,
      41.427391
     ],
     [
      -84.143815,
      41.42658
     ],
     [
      -84.143406,
      41.425566
     ],
     [
      -84.142115,
      41.423938
     ],
     [
      -84.141506,
      41.422509
     ],
     [
      -84.141695,
      41.415637
     ],
     [
      -84.141582,
      41.412145
     ],
     [
      -84.141321,
      41.4114
     ],
     [
      -84.140604,
      41.410398
     ],
     [
      -84.139257,
      41.409208
     ],
     [
      -84.126521,
      41.3995
     ],
     [
      -84.123986,
      41.397751
     ],
     [
      -84.122386,
      41.3971
     ],
     [
      -84.121214,
      41.396799
     ],
     [
      -84.112898,
      41.395439
     ],
     [
      -84.104671,
      41.393856
     ],
     [
      -84.10352,
      41.393493
     ],
     [
      -84.103028,
      41.393216
     ],
     [
      -84.100617,
      41.391538
     ],
     [
      -84.093723,
      41.385202
     ],
     [
      -84.080693,
      41.372696
     ],
     [
      -84.076984,
      41.369341
     ],
     [
      -84.073387,
      41.365701
     ],
     [
      -84.063433,
      41.356195
     ],
     [
      -84.060669,
      41.353384
     ],
     [
      -84.055732,
      41.348909
     ],
     [
      -84.034612,
      41.328742
     ],
     [
      -84.033811,
      41.327794
     ],
     [
      -84.033181,
      41.32652
     ],
     [
      -84.032978,
      41.325585
     ],
     [
      -84.032881,
      41.322687
     ]
    ]
   }
  },
  {
   "type": "Feature",
   "properties": {
    "company": "Detroit, Toledo and Ironton Railroad",
    "line": "Detroit, Toledo and Ironton: Malinta Cutoff (Durban – Malinta)",
    "id": "dti-malinta-cutoff",
    "color": "#8C2D4A",
    "mode": "intercity_rail",
    "avg_speed_kmh": 50,
    "speed_source": "estimated; not computed from a real timetable (Rule 3)",
    "geometry_source": "OpenStreetMap via Overpass (mail.ru mirror, cached degree tiles) plus OpenHistoricalMap (CC0) for lifted grades, traced with opstrace.py: Dijkstra over all railway ways, ways tagged old_railway_operator=DT&I (or OHM ways named for the DT&I or a predecessor) costed 1x, untagged 1.25x, OHM ways named for a successor 2x, cycleways 3x and any other named operator 12x; waypoints from the research report's via lists, each leg confined to a corridor round its own chord, and a leg longer than 1.6x its chord rejected in favour of a labelled straight line. Jackson - Bloom Junction was traced separately with the B&O as the preferred operator, because the DT&I ran it as trackage over the B&O Portsmouth Branch.",
    "geometry_quality": "Traced from OpenStreetMap: 50.8 mi, all on OSM track tagged old_railway_operator=DT&I ('DT&I Subdivision'), against 55.8 mi from Fowler's mileposts (Durban 41.3 -> Malinta 97.1) - 9% short. OpenHistoricalMap draws the same line independently (mislabelled 'Detroit and Lima Northern Railway') at the same length, so the shortfall is a milepost-datum question, not a wrong-track trace. No straight-line leg. Petersburg (2nd) station lay on the cutoff about 2 km from the Petersburg town geocode. Durban is not in Nominatim; it is placed at the Diann junction (41.933, -83.636) where OSM's DT&I 'Flat Rock Subdivision' ends and the 'DT&I Subdivision' (the Malinta cutoff) begins, consistent with Fowler's Durban MP 41.3 from Detroit Union Station (traced Delray - Durban 39.4 mi, plus ~3-4 mi Delray - Fort St).",
    "segments": [
     {
      "start": 1930,
      "end": 1932,
      "headway_min": 720,
      "note": "Ford-era low-grade cutoff bypassing Adrian, Wauseon and Napoleon. Its opening is in conflict - 1925 (web summaries) vs 'c.1930' (Fowler) - and only 1930 onward is drawn; the bracket is 1925-1932. That passengers used it at all rests on Fowler listing its stations (Petersburg 2nd, Malinta) in his passenger-station list and on its being the main line in 1930-32; no timetable was seen. Low confidence. Michigan passenger service ended 17 Sept 1932 (MRR-1932). The 1926-1929 years are drawn on neither this line nor the old route via Tecumseh: see that feature's note. Headway and avg_speed_kmh are estimates and are NOT sourced.",
      "sources": [
       "Segment-level: the c.1930 opening is Fowler-MI/Fowler-OH's header '+ direct line Durban>Malinta opened c.1930'; the 1932 end is MRR-1932. Headway and avg_speed_kmh are estimates and are NOT sourced.",
       "https://branchline.uk/jfpdf/michiganrrs2lwrp.pdf (John Fowler, Michigan passenger stations, DT&I lines 189-191 and Ann Arbor line 50, with the Detroit terminal note)",
       "https://branchline.uk/jfpdf/ohiorrs3.pdf (John Fowler, Ohio passenger stations, DT&I lines 135-138: year letters z=1896 Guide, a=1910 timetable, w=1915 working timetable, x=1858 Dinsmore, y=1875 Guide, q=1884 Guide)",
       "https://www.michiganrailroads.com/timeline/475-1930-1939/3660-timeline-1932 (17 Sept 1932: DT&I discontinues all passenger service in Michigan, leaving only Springfield - Jackson)"
      ]
     }
    ]
   },
   "geometry": {
    "type": "LineString",
    "coordinates": [
     [
      -83.635638,
      41.933283
     ],
     [
      -83.638164,
      41.931942
     ],
     [
      -83.638719,
      41.931192
     ],
     [
      -83.641793,
      41.928855
     ],
     [
      -83.752548,
      41.848863
     ],
     [
      -83.843055,
      41.783237
     ],
     [
      -83.982735,
      41.681668
     ],
     [
      -84.027017,
      41.649279
     ],
     [
      -84.028691,
      41.647751
     ],
     [
      -84.030504,
      41.645487
     ],
     [
      -84.031534,
      41.643619
     ],
     [
      -84.032065,
      41.64224
     ],
     [
      -84.032537,
      41.640195
     ],
     [
      -84.032655,
      41.638391
     ],
     [
      -84.032901,
      41.485612
     ],
     [
      -84.032881,
      41.322687
     ]
    ]
   }
  },
  {
   "type": "Feature",
   "properties": {
    "company": "Detroit, Toledo and Ironton Railroad",
    "line": "Detroit, Toledo and Ironton: Malinta – Lima",
    "id": "dti-malinta-lima",
    "color": "#8C2D4A",
    "mode": "intercity_rail",
    "avg_speed_kmh": 45,
    "speed_source": "estimated; not computed from a real timetable (Rule 3)",
    "geometry_source": "OpenStreetMap via Overpass (mail.ru mirror, cached degree tiles) plus OpenHistoricalMap (CC0) for lifted grades, traced with opstrace.py: Dijkstra over all railway ways, ways tagged old_railway_operator=DT&I (or OHM ways named for the DT&I or a predecessor) costed 1x, untagged 1.25x, OHM ways named for a successor 2x, cycleways 3x and any other named operator 12x; waypoints from the research report's via lists, each leg confined to a corridor round its own chord, and a leg longer than 1.6x its chord rejected in favour of a labelled straight line. Jackson - Bloom Junction was traced separately with the B&O as the preferred operator, because the DT&I ran it as trackage over the B&O Portsmouth Branch.",
    "geometry_quality": "Traced from OpenStreetMap: 42.2 mi - 27.2 mi on DT&I-tagged track, 10.9 mi Columbus Grove - Lima on untagged track that runs within 300 m of OpenHistoricalMap's drawing of the DT&I line, and 3.5 mi through Ottawa on the parallel ex-B&O (CSX Toledo Subdivision) track, within 300 m of the DT&I alignment there. No straight-line leg. Documented mileage is unclear: Fowler's Lima MP 152.9 is on the original-route datum; Durban - Lima via the old route traces 116.5 mi against 111.6 (+4%).",
    "segments": [
     {
      "start": 1905,
      "end": 1932,
      "headway_min": 720,
      "note": "Shared by both Detroit routes (via Tecumseh to c.1925, via the Malinta cutoff from c.1930). Through Detroit - Lima - Springfield - Ironton trains. The 1905 start is an OPERATOR date - the DT&I was formed in May 1905 from the foreclosed Detroit Southern and passenger service ran on without a break (Fowler dates the DT&I Springfield station 1897>1932) - not a timetable dated 1905. Ended 17 Sept 1932 with all Detroit - Springfield passenger service (MRR-1932); Feb 1952 Guide marks Detroit - Springfield 'Operated for Freight Service only'. Headway and avg_speed_kmh are estimates and are NOT sourced.",
      "sources": [
       "Segment-level: 1905 is the DT&I's formation (operator date); the 1932 end is MRR-1932, with the Feb 1952 Guide's freight-only marking. Headway and avg_speed_kmh are estimates and are NOT sourced.",
       "https://www.michiganrailroads.com/timeline/475-1930-1939/3660-timeline-1932 (17 Sept 1932: DT&I discontinues all passenger service in Michigan, leaving only Springfield - Jackson)",
       "https://branchline.uk/jfpdf/ohiorrs3.pdf (John Fowler, Ohio passenger stations, DT&I lines 135-138: year letters z=1896 Guide, a=1910 timetable, w=1915 working timetable, x=1858 Dinsmore, y=1875 Guide, q=1884 Guide)",
       "research/sources/official_guide_1952.txt - The Official Guide of the Railways, February 1952 (DT&I section, schedules eff. 30 Sept 1951; index legend 't For freight only')"
      ]
     }
    ]
   },
   "geometry": {
    "type": "LineString",
    "coordinates": [
     [
      -84.032881,
      41.322687
     ],
     [
      -84.031449,
      41.23801
     ],
     [
      -84.031165,
      41.236281
     ],
     [
      -84.029763,
      41.233302
     ],
     [
      -84.029527,
      41.232001
     ],
     [
      -84.029667,
      41.230854
     ],
     [
      -84.031062,
      41.22657
     ],
     [
      -84.031258,
      41.225084
     ],
     [
      -84.030795,
      41.186812
     ],
     [
      -84.030626,
      41.185125
     ],
     [
      -84.029849,
      41.182653
     ],
     [
      -84.029651,
      41.181474
     ],
     [
      -84.029398,
      41.167721
     ],
     [
      -84.029052,
      41.166542
     ],
     [
      -84.028433,
      41.165444
     ],
     [
      -84.000863,
      41.123498
     ],
     [
      -83.999699,
      41.121523
     ],
     [
      -83.994555,
      41.108433
     ],
     [
      -83.994084,
      41.10681
     ],
     [
      -83.993983,
      41.085825
     ],
     [
      -83.994141,
      41.084997
     ],
     [
      -83.994768,
      41.083871
     ],
     [
      -84.028083,
      41.039837
     ],
     [
      -84.029492,
      41.037526
     ],
     [
      -84.03393,
      41.031615
     ],
     [
      -84.034374,
      41.030617
     ],
     [
      -84.034516,
      41.029689
     ],
     [
      -84.034525,
      41.018448
     ],
     [
      -84.035598,
      41.015118
     ],
     [
      -84.035334,
      41.013827
     ],
     [
      -84.034092,
      41.012009
     ],
     [
      -84.033773,
      41.011239
     ],
     [
      -84.033738,
      41.010208
     ],
     [
      -84.034106,
      41.008898
     ],
     [
      -84.034784,
      41.007673
     ],
     [
      -84.035835,
      41.006524
     ],
     [
      -84.049121,
      40.995767
     ],
     [
      -84.049722,
      40.995
     ],
     [
      -84.050152,
      40.994149
     ],
     [
      -84.050533,
      40.991933
     ],
     [
      -84.051216,
      40.99141
     ],
     [
      -84.05924,
      40.921381
     ],
     [
      -84.059462,
      40.920399
     ],
     [
      -84.060111,
      40.91934
     ],
     [
      -84.062238,
      40.917372
     ],
     [
      -84.06282,
      40.916618
     ],
     [
      -84.063086,
      40.916061
     ],
     [
      -84.063487,
      40.914405
     ],
     [
      -84.063433,
      40.913603
     ],
     [
      -84.06324,
      40.913133
     ],
     [
      -84.061545,
      40.910376
     ],
     [
      -84.061459,
      40.909857
     ],
     [
      -84.080278,
      40.836096
     ],
     [
      -84.080149,
      40.834266
     ],
     [
      -84.080242,
      40.833234
     ],
     [
      -84.079999,
      40.831538
     ],
     [
      -84.08013,
      40.829729
     ],
     [
      -84.080672,
      40.828372
     ],
     [
      -84.082035,
      40.826605
     ],
     [
      -84.082334,
      40.825983
     ],
     [
      -84.089283,
      40.798937
     ],
     [
      -84.089524,
      40.798801
     ],
     [
      -84.089786,
      40.797292
     ],
     [
      -84.08986,
      40.78285
     ],
     [
      -84.090316,
      40.780363
     ],
     [
      -84.090281,
      40.768567
     ],
     [
      -84.089827,
      40.765918
     ],
     [
      -84.089774,
      40.764171
     ],
     [
      -84.08938,
      40.762359
     ],
     [
      -84.089261,
      40.750872
     ],
     [
      -84.089347,
      40.741478
     ],
     [
      -84.089538,
      40.737595
     ],
     [
      -84.089399,
      40.734496
     ]
    ]
   }
  },
  {
   "type": "Feature",
   "properties": {
    "company": "Detroit, Toledo and Ironton Railroad",
    "line": "Detroit, Toledo and Ironton: Lima – Springfield",
    "id": "dti-lima-springfield",
    "color": "#8C2D4A",
    "mode": "intercity_rail",
    "avg_speed_kmh": 45,
    "speed_source": "estimated; not computed from a real timetable (Rule 3)",
    "geometry_source": "OpenStreetMap via Overpass (mail.ru mirror, cached degree tiles) plus OpenHistoricalMap (CC0) for lifted grades, traced with opstrace.py: Dijkstra over all railway ways, ways tagged old_railway_operator=DT&I (or OHM ways named for the DT&I or a predecessor) costed 1x, untagged 1.25x, OHM ways named for a successor 2x, cycleways 3x and any other named operator 12x; waypoints from the research report's via lists, each leg confined to a corridor round its own chord, and a leg longer than 1.6x its chord rejected in favour of a labelled straight line. Jackson - Bloom Junction was traced separately with the B&O as the preferred operator, because the DT&I ran it as trackage over the B&O Portsmouth Branch.",
    "geometry_quality": "Traced from OpenStreetMap: 62.4 mi, all on OSM track tagged old_railway_operator=DT&I ('DT&I Middle Subdivision'), against 62.8 mi documented (Fowler-OH Lima 2nd MP 152.9 -> Springfield MP 215.7). No straight-line leg.",
    "segments": [
     {
      "start": 1905,
      "end": 1932,
      "headway_min": 720,
      "note": "Main line, middle: Uniopolis, Jackson Center, Quincy, St. Paris, Tremont City. Through Detroit - Springfield - Ironton trains Nos. 1/2 and others. The 1905 start is an OPERATOR date - the DT&I was formed in May 1905 from the foreclosed Detroit Southern and passenger service ran on without a break (Fowler dates the DT&I Springfield station 1897>1932) - not a timetable dated 1905. Ended 17 Sept 1932 (MRR-1932; Fowler-OH 'Springfield (DTI)(1897>1932)'); the DT&I sought to end all passenger service in Nov 1931 (MRR-P2). Freight continued (now Indiana & Ohio). Headway and avg_speed_kmh are estimates and are NOT sourced.",
      "sources": [
       "Segment-level: 1905 is the DT&I's formation (operator date); the 1932 end is MRR-1932 and Fowler-OH's Springfield station dates. Headway and avg_speed_kmh are estimates and are NOT sourced.",
       "https://www.michiganrailroads.com/timeline/475-1930-1939/3660-timeline-1932 (17 Sept 1932: DT&I discontinues all passenger service in Michigan, leaving only Springfield - Jackson)",
       "https://www.michiganrailroads.com/stories/7006-railroad-that-went-no-place-but-eventually-made-it-the-part-2 (gas-electric cars on Nos. 1/2 from 25 Oct 1926; last passenger run, a mixed train from Springfield, 8 May 1954)",
       "https://branchline.uk/jfpdf/ohiorrs3.pdf (John Fowler, Ohio passenger stations, DT&I lines 135-138: year letters z=1896 Guide, a=1910 timetable, w=1915 working timetable, x=1858 Dinsmore, y=1875 Guide, q=1884 Guide)",
       "research/sources/official_guide_1952.txt - The Official Guide of the Railways, February 1952 (DT&I section, schedules eff. 30 Sept 1951; index legend 't For freight only')"
      ]
     }
    ]
   },
   "geometry": {
    "type": "LineString",
    "coordinates": [
     [
      -84.089399,
      40.734496
     ],
     [
      -84.088872,
      40.733569
     ],
     [
      -84.086773,
      40.732037
     ],
     [
      -84.086191,
      40.731137
     ],
     [
      -84.086144,
      40.723256
     ],
     [
      -84.085267,
      40.718991
     ],
     [
      -84.085096,
      40.717321
     ],
     [
      -84.085135,
      40.698608
     ],
     [
      -84.084502,
      40.635779
     ],
     [
      -84.084869,
      40.630255
     ],
     [
      -84.08472,
      40.599078
     ],
     [
      -84.084364,
      40.597428
     ],
     [
      -84.079528,
      40.58365
     ],
     [
      -84.079108,
      40.582104
     ],
     [
      -84.07891,
      40.579854
     ],
     [
      -84.078796,
      40.55043
     ],
     [
      -84.07858,
      40.548136
     ],
     [
      -84.078007,
      40.545411
     ],
     [
      -84.076551,
      40.541271
     ],
     [
      -84.039084,
      40.449453
     ],
     [
      -84.038527,
      40.447211
     ],
     [
      -84.024422,
      40.37672
     ],
     [
      -84.024109,
      40.375833
     ],
     [
      -84.023292,
      40.374435
     ],
     [
      -83.974935,
      40.315802
     ],
     [
      -83.973854,
      40.314096
     ],
     [
      -83.973385,
      40.312267
     ],
     [
      -83.97341,
      40.310897
     ],
     [
      -83.973983,
      40.30868
     ],
     [
      -83.975324,
      40.305051
     ],
     [
      -83.975464,
      40.303233
     ],
     [
      -83.975154,
      40.301962
     ],
     [
      -83.974283,
      40.30035
     ],
     [
      -83.971597,
      40.297134
     ],
     [
      -83.970939,
      40.296135
     ],
     [
      -83.970489,
      40.295051
     ],
     [
      -83.969977,
      40.291657
     ],
     [
      -83.96954,
      40.290456
     ],
     [
      -83.968888,
      40.289327
     ],
     [
      -83.966432,
      40.28662
     ],
     [
      -83.964992,
      40.284551
     ],
     [
      -83.964446,
      40.283356
     ],
     [
      -83.963851,
      40.280852
     ],
     [
      -83.963823,
      40.279527
     ],
     [
      -83.968284,
      40.234582
     ],
     [
      -83.968254,
      40.232789
     ],
     [
      -83.967617,
      40.230962
     ],
     [
      -83.945374,
      40.187902
     ],
     [
      -83.944441,
      40.185943
     ],
     [
      -83.944097,
      40.18464
     ],
     [
      -83.943636,
      40.180648
     ],
     [
      -83.943035,
      40.178361
     ],
     [
      -83.941201,
      40.175836
     ],
     [
      -83.939859,
      40.174328
     ],
     [
      -83.939183,
      40.173049
     ],
     [
      -83.938964,
      40.172267
     ],
     [
      -83.938787,
      40.170319
     ],
     [
      -83.939033,
      40.168999
     ],
     [
      -83.939634,
      40.167614
     ],
     [
      -83.940456,
      40.166466
     ],
     [
      -83.941222,
      40.165679
     ],
     [
      -83.945685,
      40.162333
     ],
     [
      -83.947799,
      40.160046
     ],
     [
      -83.948958,
      40.158226
     ],
     [
      -83.949998,
      40.155224
     ],
     [
      -83.950154,
      40.153054
     ],
     [
      -83.949943,
      40.151154
     ],
     [
      -83.949179,
      40.148791
     ],
     [
      -83.947958,
      40.145826
     ],
     [
      -83.947761,
      40.144186
     ],
     [
      -83.953416,
      40.088353
     ],
     [
      -83.953369,
      40.086472
     ],
     [
      -83.952923,
      40.084744
     ],
     [
      -83.952091,
      40.083053
     ],
     [
      -83.951281,
      40.081938
     ],
     [
      -83.950155,
      40.080783
     ],
     [
      -83.94923,
      40.080042
     ],
     [
      -83.9263,
      40.066025
     ],
     [
      -83.925079,
      40.065053
     ],
     [
      -83.924304,
      40.064216
     ],
     [
      -83.923362,
      40.062717
     ],
     [
      -83.92284,
      40.060983
     ],
     [
      -83.922689,
      40.058664
     ],
     [
      -83.922383,
      40.057307
     ],
     [
      -83.921782,
      40.056039
     ],
     [
      -83.920872,
      40.054825
     ],
     [
      -83.919003,
      40.053282
     ],
     [
      -83.913661,
      40.050282
     ],
     [
      -83.912365,
      40.049338
     ],
     [
      -83.890334,
      40.027158
     ],
     [
      -83.888821,
      40.025726
     ],
     [
      -83.886903,
      40.024316
     ],
     [
      -83.885344,
      40.023407
     ],
     [
      -83.88347,
      40.022536
     ],
     [
      -83.867269,
      40.01678
     ],
     [
      -83.86491,
      40.016175
     ],
     [
      -83.855533,
      40.014686
     ],
     [
      -83.853675,
      40.014183
     ],
     [
      -83.851754,
      40.013334
     ],
     [
      -83.847999,
      40.011217
     ],
     [
      -83.846847,
      40.010688
     ],
     [
      -83.838406,
      40.008386
     ],
     [
      -83.837152,
      40.007933
     ],
     [
      -83.836069,
      40.007333
     ],
     [
      -83.834791,
      40.006245
     ],
     [
      -83.834137,
      40.005392
     ],
     [
      -83.833587,
      40.004194
     ],
     [
      -83.833382,
      40.002887
     ],
     [
      -83.833522,
      40.001695
     ],
     [
      -83.847793,
      39.937944
     ],
     [
      -83.847761,
      39.936998
     ],
     [
      -83.847404,
      39.936257
     ],
     [
      -83.846697,
      39.93557
     ],
     [
      -83.845231,
      39.934979
     ],
     [
      -83.832983,
      39.934238
     ],
     [
      -83.823751,
      39.933043
     ],
     [
      -83.819989,
      39.93308
     ],
     [
      -83.819139,
      39.932981
     ],
     [
      -83.818039,
      39.932414
     ],
     [
      -83.814744,
      39.929238
     ],
     [
      -83.814084,
      39.928748
     ],
     [
      -83.81283,
      39.928333
     ],
     [
      -83.811674,
      39.928344
     ]
    ]
   }
  },
  {
   "type": "Feature",
   "properties": {
    "company": "Detroit, Toledo and Ironton Railroad",
    "line": "Detroit, Toledo and Ironton: Springfield – Jackson",
    "id": "dti-springfield-jackson",
    "color": "#8C2D4A",
    "mode": "intercity_rail",
    "avg_speed_kmh": 40,
    "speed_source": "estimated; not computed from a real timetable (Rule 3)",
    "geometry_source": "OpenStreetMap via Overpass (mail.ru mirror, cached degree tiles) plus OpenHistoricalMap (CC0) for lifted grades, traced with opstrace.py: Dijkstra over all railway ways, ways tagged old_railway_operator=DT&I (or OHM ways named for the DT&I or a predecessor) costed 1x, untagged 1.25x, OHM ways named for a successor 2x, cycleways 3x and any other named operator 12x; waypoints from the research report's via lists, each leg confined to a corridor round its own chord, and a leg longer than 1.6x its chord rejected in favour of a labelled straight line. Jackson - Bloom Junction was traced separately with the B&O as the preferred operator, because the DT&I ran it as trackage over the B&O Portsmouth Branch.",
    "geometry_quality": "Traced from OpenStreetMap: 111.5 mi, all on OSM track tagged old_railway_operator=DT&I (live 'DT&I South Subdivision' and the lifted grade south of Washington C.H.), against 111.6 mi documented (Fowler-OH Springfield MP 215.7 -> Jackson MP 327.3). Springfield - Washington C.H. follows the DT&I-tagged track, not the parallel CH&D/B&O. No straight-line leg. The Springfield end is the DT&I line at Springfield; from 1932 trains used the PRR station, whose approach is not drawn. The Jackson end is where the DT&I meets the B&O Portsmouth Branch in Jackson.",
    "segments": [
     {
      "start": 1905,
      "end": 1932,
      "headway_min": 720,
      "note": "Through Detroit - Springfield - Ironton trains (Nos. 1/2 and others; gas-electric cars on Nos. 1/2 Delray - Bainbridge from 25 Oct 1926, MRR-P2). The 1905 start is an OPERATOR date - the DT&I was formed in May 1905 from the foreclosed Detroit Southern and passenger service ran on without a break (Fowler dates the DT&I Springfield station 1897>1932) - not a timetable dated 1905. The pre-1932 train count is not established (two trains on Ironton - Springfield in 1932 per IRONTON32); headway is an estimate.",
      "sources": [
       "Segment-level: 1905 is the DT&I's formation (operator date), with Fowler-OH dating the DT&I Springfield station 1897>1932. Headway and avg_speed_kmh are estimates and are NOT sourced.",
       "https://branchline.uk/jfpdf/ohiorrs3.pdf (John Fowler, Ohio passenger stations, DT&I lines 135-138: year letters z=1896 Guide, a=1910 timetable, w=1915 working timetable, x=1858 Dinsmore, y=1875 Guide, q=1884 Guide)",
       "https://www.michiganrailroads.com/stories/7006-railroad-that-went-no-place-but-eventually-made-it-the-part-2 (gas-electric cars on Nos. 1/2 from 25 Oct 1926; last passenger run, a mixed train from Springfield, 8 May 1954)",
       "https://www.american-rails.com/detroit-toledo-and-ironton-railroad.html"
      ]
     },
     {
      "start": 1933,
      "end": 1954,
      "headway_min": 1440,
      "note": "After the 17 Sept 1932 cut-back this was the DT&I's ONLY passenger service (MRR-1932). 1942: No. 1 leaves Springfield 2:00 pm for Jackson, No. 2 arrives Springfield 1:10 pm (CRF). Feb 1952 Official Guide: 'SPRINGFIELD AND IRONTON' table dated 15 Sept 1946 with times from Springfield (12 00 PM) to Cove (6 16/6 30 PM) - positive 1951 rail service - and Jeffersonville, Good Hope, Bainbridge, Fruitdale, South Solon undaggered in the index. Trains used the PRR station at Springfield from 1932 (Fowler-OH). The last run was a mixed train on 8 May 1954 (MRR-P2, AR); freight continued (Springfield - Washington C.H. now Indiana & Ohio). Headway 1440 min = one round trip a day, sourced for 1942 and 1951 only. avg_speed_kmh is an estimate.",
      "sources": [
       "Segment-level: one round trip a day in 1942 (CRF) and 1951 (Feb 1952 Guide table); the 8 May 1954 end is MRR-P2 and AR, with Fowler-OH 'Springfield (PRR)(1932>1954)'. avg_speed_kmh is NOT sourced.",
       "https://www.michiganrailroads.com/timeline/475-1930-1939/3660-timeline-1932 (17 Sept 1932: DT&I discontinues all passenger service in Michigan, leaving only Springfield - Jackson)",
       "https://chicagorailfan.com/stbaaspo.html (Springfield OH stations; DT&I 1942 schedule Nos. 1/2)",
       "research/sources/official_guide_1952.txt - The Official Guide of the Railways, February 1952 (DT&I section, schedules eff. 30 Sept 1951; index legend 't For freight only')",
       "https://www.michiganrailroads.com/stories/7006-railroad-that-went-no-place-but-eventually-made-it-the-part-2 (gas-electric cars on Nos. 1/2 from 25 Oct 1926; last passenger run, a mixed train from Springfield, 8 May 1954)",
       "https://www.american-rails.com/detroit-toledo-and-ironton-railroad.html",
       "https://branchline.uk/jfpdf/ohiorrs3.pdf (John Fowler, Ohio passenger stations, DT&I lines 135-138: year letters z=1896 Guide, a=1910 timetable, w=1915 working timetable, x=1858 Dinsmore, y=1875 Guide, q=1884 Guide)"
      ]
     }
    ]
   },
   "geometry": {
    "type": "LineString",
    "coordinates": [
     [
      -83.811674,
      39.928344
     ],
     [
      -83.809976,
      39.928638
     ],
     [
      -83.809168,
      39.928588
     ],
     [
      -83.806979,
      39.927732
     ],
     [
      -83.806003,
      39.927599
     ],
     [
      -83.798513,
      39.927969
     ],
     [
      -83.797633,
      39.928161
     ],
     [
      -83.796657,
      39.928634
     ],
     [
      -83.795863,
      39.929448
     ],
     [
      -83.791507,
      39.93539
     ],
     [
      -83.790488,
      39.936104
     ],
     [
      -83.789493,
      39.936394
     ],
     [
      -83.788024,
      39.936376
     ],
     [
      -83.775735,
      39.93491
     ],
     [
      -83.774505,
      39.934971
     ],
     [
      -83.770186,
      39.935709
     ],
     [
      -83.768136,
      39.935735
     ],
     [
      -83.765927,
      39.935302
     ],
     [
      -83.764075,
      39.934499
     ],
     [
      -83.762805,
      39.933562
     ],
     [
      -83.761837,
      39.932473
     ],
     [
      -83.761108,
      39.931031
     ],
     [
      -83.760877,
      39.929639
     ],
     [
      -83.761008,
      39.928294
     ],
     [
      -83.766424,
      39.900915
     ],
     [
      -83.765792,
      39.892013
     ],
     [
      -83.765303,
      39.89071
     ],
     [
      -83.76451,
      39.889781
     ],
     [
      -83.763449,
      39.88908
     ],
     [
      -83.762619,
      39.888761
     ],
     [
      -83.761546,
      39.888531
     ],
     [
      -83.709182,
      39.881327
     ],
     [
      -83.707137,
      39.880866
     ],
     [
      -83.705821,
      39.880389
     ],
     [
      -83.703779,
      39.879137
     ],
     [
      -83.69488,
      39.8721
     ],
     [
      -83.691924,
      39.869575
     ],
     [
      -83.690895,
      39.86806
     ],
     [
      -83.687939,
      39.861505
     ],
     [
      -83.68671,
      39.86033
     ],
     [
      -83.665128,
      39.8444
     ],
     [
      -83.643904,
      39.829754
     ],
     [
      -83.641832,
      39.828184
     ],
     [
      -83.640544,
      39.826558
     ],
     [
      -83.630941,
      39.809823
     ],
     [
      -83.629815,
      39.807527
     ],
     [
      -83.608608,
      39.75504
     ],
     [
      -83.608348,
      39.753699
     ],
     [
      -83.608337,
      39.752698
     ],
     [
      -83.609547,
      39.739006
     ],
     [
      -83.60946,
      39.736837
     ],
     [
      -83.603286,
      39.715531
     ],
     [
      -83.602308,
      39.713811
     ],
     [
      -83.599228,
      39.710116
     ],
     [
      -83.59842,
      39.708928
     ],
     [
      -83.593059,
      39.690858
     ],
     [
      -83.592047,
      39.689562
     ],
     [
      -83.586865,
      39.684485
     ],
     [
      -83.559686,
      39.653521
     ],
     [
      -83.538053,
      39.634034
     ],
     [
      -83.537209,
      39.633074
     ],
     [
      -83.536145,
      39.631106
     ],
     [
      -83.527423,
      39.600065
     ],
     [
      -83.52657,
      39.598106
     ],
     [
      -83.524928,
      39.59568
     ],
     [
      -83.522686,
      39.593427
     ],
     [
      -83.515579,
      39.587919
     ],
     [
      -83.514907,
      39.587067
     ],
     [
      -83.50831,
      39.576746
     ],
     [
      -83.50756,
      39.57597
     ],
     [
      -83.503732,
      39.573183
     ],
     [
      -83.476877,
      39.555532
     ],
     [
      -83.475396,
      39.55479
     ],
     [
      -83.459955,
      39.549316
     ],
     [
      -83.458069,
      39.548166
     ],
     [
      -83.454622,
      39.545237
     ],
     [
      -83.450023,
      39.543221
     ],
     [
      -83.449245,
      39.542683
     ],
     [
      -83.448178,
      39.541691
     ],
     [
      -83.445399,
      39.537155
     ],
     [
      -83.44103,
      39.533252
     ],
     [
      -83.437638,
      39.529664
     ],
     [
      -83.436359,
      39.52853
     ],
     [
      -83.4275,
      39.521697
     ],
     [
      -83.412674,
      39.510661
     ],
     [
      -83.410943,
      39.509596
     ],
     [
      -83.385885,
      39.497925
     ],
     [
      -83.3851,
      39.497444
     ],
     [
      -83.384397,
      39.496588
     ],
     [
      -83.369135,
      39.475808
     ],
     [
      -83.368594,
      39.474409
     ],
     [
      -83.364264,
      39.459452
     ],
     [
      -83.363939,
      39.4573
     ],
     [
      -83.363994,
      39.455733
     ],
     [
      -83.364426,
      39.454082
     ],
     [
      -83.367376,
      39.44493
     ],
     [
      -83.368107,
      39.442276
     ],
     [
      -83.368134,
      39.440416
     ],
     [
      -83.367863,
      39.437511
     ],
     [
      -83.367971,
      39.436759
     ],
     [
      -83.368431,
      39.435672
     ],
     [
      -83.373113,
      39.428127
     ],
     [
      -83.378092,
      39.42056
     ],
     [
      -83.378444,
      39.419661
     ],
     [
      -83.378281,
      39.414791
     ],
     [
      -83.378335,
      39.410923
     ],
     [
      -83.379012,
      39.400364
     ],
     [
      -83.379363,
      39.398524
     ],
     [
      -83.381312,
      39.392418
     ],
     [
      -83.381548,
      39.390904
     ],
     [
      -83.379874,
      39.384435
     ],
     [
      -83.379476,
      39.383724
     ],
     [
      -83.375785,
      39.379301
     ],
     [
      -83.374331,
      39.369277
     ],
     [
      -83.37455,
      39.368057
     ],
     [
      -83.376567,
      39.364801
     ],
     [
      -83.377679,
      39.362095
     ],
     [
      -83.379959,
      39.358568
     ],
     [
      -83.380566,
      39.356384
     ],
     [
      -83.380512,
      39.355787
     ],
     [
      -83.380244,
      39.355264
     ],
     [
      -83.379707,
      39.354775
     ],
     [
      -83.376875,
      39.353132
     ],
     [
      -83.375705,
      39.352319
     ],
     [
      -83.36989,
      39.347308
     ],
     [
      -83.369354,
      39.346005
     ],
     [
      -83.36944,
      39.345458
     ],
     [
      -83.370116,
      39.344188
     ],
     [
      -83.370191,
      39.34374
     ],
     [
      -83.369812,
      39.341414
     ],
     [
      -83.369247,
      39.34041
     ],
     [
      -83.368396,
      39.33938
     ],
     [
      -83.359071,
      39.329706
     ],
     [
      -83.358357,
      39.328709
     ],
     [
      -83.357506,
      39.327074
     ],
     [
      -83.354473,
      39.32065
     ],
     [
      -83.353675,
      39.319552
     ],
     [
      -83.352491,
      39.318751
     ],
     [
      -83.35051,
      39.317996
     ],
     [
      -83.346842,
      39.317035
     ],
     [
      -83.345718,
      39.316591
     ],
     [
      -83.344965,
      39.316057
     ],
     [
      -83.344505,
      39.31549
     ],
     [
      -83.343878,
      39.313905
     ],
     [
      -83.340657,
      39.301444
     ],
     [
      -83.340615,
      39.300764
     ],
     [
      -83.340992,
      39.298288
     ],
     [
      -83.339674,
      39.290292
     ],
     [
      -83.339486,
      39.289693
     ],
     [
      -83.337039,
      39.286407
     ],
     [
      -83.336432,
      39.285873
     ],
     [
      -83.335658,
      39.285549
     ],
     [
      -83.33478,
      39.285404
     ],
     [
      -83.327899,
      39.285226
     ],
     [
      -83.326142,
      39.285258
     ],
     [
      -83.32267,
      39.285582
     ],
     [
      -83.321102,
      39.285517
     ],
     [
      -83.319742,
      39.285242
     ],
     [
      -83.318759,
      39.284886
     ],
     [
      -83.317881,
      39.284384
     ],
     [
      -83.316751,
      39.283056
     ],
     [
      -83.310414,
      39.271383
     ],
     [
      -83.310122,
      39.270542
     ],
     [
      -83.309933,
      39.268793
     ],
     [
      -83.30962,
      39.267854
     ],
     [
      -83.306106,
      39.262753
     ],
     [
      -83.305353,
      39.261992
     ],
     [
      -83.291675,
      39.252146
     ],
     [
      -83.290044,
      39.251433
     ],
     [
      -83.286091,
      39.250397
     ],
     [
      -83.285066,
      39.249959
     ],
     [
      -83.284229,
      39.249376
     ],
     [
      -83.283811,
      39.248728
     ],
     [
      -83.282828,
      39.246412
     ],
     [
      -83.28241,
      39.245797
     ],
     [
      -83.281113,
      39.244841
     ],
     [
      -83.280632,
      39.244242
     ],
     [
      -83.279607,
      39.241521
     ],
     [
      -83.278603,
      39.235106
     ],
     [
      -83.278352,
      39.234361
     ],
     [
      -83.277913,
      39.233697
     ],
     [
      -83.277181,
      39.233032
     ],
     [
      -83.276261,
      39.232579
     ],
     [
      -83.275194,
      39.23232
     ],
     [
      -83.264632,
      39.230116
     ],
     [
      -83.261432,
      39.229954
     ],
     [
      -83.260136,
      39.2301
     ],
     [
      -83.258588,
      39.230424
     ],
     [
      -83.247378,
      39.233939
     ],
     [
      -83.214186,
      39.244598
     ],
     [
      -83.212639,
      39.245019
     ],
     [
      -83.210401,
      39.245408
     ],
     [
      -83.20764,
      39.245635
     ],
     [
      -83.205883,
      39.245602
     ],
     [
      -83.203855,
      39.245424
     ],
     [
      -83.201847,
      39.245019
     ],
     [
      -83.199881,
      39.244469
     ],
     [
      -83.198271,
      39.243869
     ],
     [
      -83.170538,
      39.23057
     ],
     [
      -83.169931,
      39.229971
     ],
     [
      -83.167359,
      39.226601
     ],
     [
      -83.167066,
      39.226001
     ],
     [
      -83.167275,
      39.223944
     ],
     [
      -83.167108,
      39.223425
     ],
     [
      -83.16669,
      39.223101
     ],
     [
      -83.166146,
      39.22289
     ],
     [
      -83.165497,
      39.222907
     ],
     [
      -83.164954,
      39.223166
     ],
     [
      -83.163782,
      39.224349
     ],
     [
      -83.163155,
      39.224802
     ],
     [
      -83.162486,
      39.224997
     ],
     [
      -83.161231,
      39.22477
     ],
     [
      -83.160583,
      39.224332
     ],
     [
      -83.159056,
      39.222291
     ],
     [
      -83.15847,
      39.220703
     ],
     [
      -83.157341,
      39.217138
     ],
     [
      -83.157194,
      39.216118
     ],
     [
      -83.157278,
      39.214222
     ],
     [
      -83.157132,
      39.213573
     ],
     [
      -83.155647,
      39.211256
     ],
     [
      -83.154894,
      39.209619
     ],
     [
      -83.154454,
      39.209198
     ],
     [
      -83.153764,
      39.209004
     ],
     [
      -83.152949,
      39.209101
     ],
     [
      -83.152363,
      39.209376
     ],
     [
      -83.152175,
      39.209798
     ],
     [
      -83.152384,
      39.210608
     ],
     [
      -83.153095,
      39.211208
     ],
     [
      -83.153534,
      39.211807
     ],
     [
      -83.153911,
      39.212877
     ],
     [
      -83.153953,
      39.213865
     ],
     [
      -83.153513,
      39.215777
     ],
     [
      -83.153158,
      39.216312
     ],
     [
      -83.152217,
      39.217203
     ],
     [
      -83.152091,
      39.21756
     ],
     [
      -83.152269,
      39.218456
     ],
     [
      -83.153518,
      39.21946
     ],
     [
      -83.153832,
      39.219994
     ],
     [
      -83.154026,
      39.222164
     ],
     [
      -83.153702,
      39.222745
     ],
     [
      -83.1532,
      39.223198
     ],
     [
      -83.152698,
      39.223295
     ],
     [
      -83.151736,
      39.223101
     ],
     [
      -83.151025,
      39.222712
     ],
     [
      -83.149874,
      39.221205
     ],
     [
      -83.149038,
      39.220525
     ],
     [
      -83.148034,
      39.21999
     ],
     [
      -83.146507,
      39.219617
     ],
     [
      -83.144144,
      39.218402
     ],
     [
      -83.143663,
      39.217867
     ],
     [
      -83.143474,
      39.217154
     ],
     [
      -83.143202,
      39.216733
     ],
     [
      -83.142429,
      39.216474
     ],
     [
      -83.141467,
      39.216328
     ],
     [
      -83.141027,
      39.216069
     ],
     [
      -83.139459,
      39.212941
     ],
     [
      -83.13697,
      39.211062
     ],
     [
      -83.136112,
      39.210705
     ],
     [
      -83.135129,
      39.210576
     ],
     [
      -83.133352,
      39.21111
     ],
     [
      -83.132536,
      39.211694
     ],
     [
      -83.13149,
      39.21333
     ],
     [
      -83.130382,
      39.214222
     ],
     [
      -83.12919,
      39.214578
     ],
     [
      -83.127977,
      39.215226
     ],
     [
      -83.127307,
      39.215453
     ],
     [
      -83.125697,
      39.215729
     ],
     [
      -83.124986,
      39.21602
     ],
     [
      -83.124379,
      39.216474
     ],
     [
      -83.12348,
      39.217835
     ],
     [
      -83.12302,
      39.218175
     ],
     [
      -83.122371,
      39.218418
     ],
     [
      -83.121765,
      39.218321
     ],
     [
      -83.120406,
      39.217754
     ],
     [
      -83.119381,
      39.217495
     ],
     [
      -83.117896,
      39.21743
     ],
     [
      -83.116745,
      39.217624
     ],
     [
      -83.113525,
      39.218872
     ],
     [
      -83.112876,
      39.219229
     ],
     [
      -83.110283,
      39.221854
     ],
     [
      -83.109635,
      39.222194
     ],
     [
      -83.109133,
      39.222275
     ],
     [
      -83.108401,
      39.222064
     ],
     [
      -83.107773,
      39.221432
     ],
     [
      -83.107062,
      39.221076
     ],
     [
      -83.10633,
      39.220946
     ],
     [
      -83.102126,
      39.221594
     ],
     [
      -83.101332,
      39.221546
     ],
     [
      -83.10039,
      39.221254
     ],
     [
      -83.098968,
      39.220233
     ],
     [
      -83.096584,
      39.216523
     ],
     [
      -83.095977,
      39.215793
     ],
     [
      -83.095015,
      39.215178
     ],
     [
      -83.091983,
      39.214351
     ],
     [
      -83.08621,
      39.21333
     ],
     [
      -83.084328,
      39.212731
     ],
     [
      -83.083491,
      39.212277
     ],
     [
      -83.082257,
      39.211224
     ],
     [
      -83.080982,
      39.209862
     ],
     [
      -83.078451,
      39.206022
     ],
     [
      -83.077886,
      39.205584
     ],
     [
      -83.076276,
      39.205163
     ],
     [
      -83.075167,
      39.204725
     ],
     [
      -83.071884,
      39.202537
     ],
     [
      -83.070796,
      39.202019
     ],
     [
      -83.06379,
      39.200171
     ],
     [
      -83.062514,
      39.199669
     ],
     [
      -83.060883,
      39.198826
     ],
     [
      -83.058645,
      39.196816
     ],
     [
      -83.055905,
      39.192877
     ],
     [
      -83.05511,
      39.192083
     ],
     [
      -83.051367,
      39.189311
     ],
     [
      -83.050216,
      39.188695
     ],
     [
      -83.048794,
      39.187398
     ],
     [
      -83.046891,
      39.186312
     ],
     [
      -83.045866,
      39.185404
     ],
     [
      -83.044318,
      39.18367
     ],
     [
      -83.040951,
      39.178806
     ],
     [
      -83.036057,
      39.174639
     ],
     [
      -83.03543,
      39.173975
     ],
     [
      -83.034719,
      39.172289
     ],
     [
      -83.034405,
      39.171851
     ],
     [
      -83.031958,
      39.170699
     ],
     [
      -83.031163,
      39.170035
     ],
     [
      -83.030661,
      39.169208
     ],
     [
      -83.030368,
      39.167992
     ],
     [
      -83.030285,
      39.166792
     ],
     [
      -83.030766,
      39.164051
     ],
     [
      -83.030703,
      39.162997
     ],
     [
      -83.030348,
      39.161797
     ],
     [
      -83.029971,
      39.161132
     ],
     [
      -83.028716,
      39.159576
     ],
     [
      -83.027879,
      39.159073
     ],
     [
      -83.026792,
      39.158765
     ],
     [
      -83.022881,
      39.157954
     ],
     [
      -83.019242,
      39.157013
     ],
     [
      -83.014348,
      39.154694
     ],
     [
      -83.013741,
      39.154175
     ],
     [
      -83.012737,
      39.152878
     ],
     [
      -83.012089,
      39.151905
     ],
     [
      -83.011336,
      39.150218
     ],
     [
      -83.010813,
      39.149537
     ],
     [
      -83.008324,
      39.147996
     ],
     [
      -83.006902,
      39.146325
     ],
     [
      -83.004936,
      39.144638
     ],
     [
      -83.003138,
      39.14347
     ],
     [
      -83.000168,
      39.142238
     ],
     [
      -82.997072,
      39.140031
     ],
     [
      -82.996152,
      39.139512
     ],
     [
      -82.992827,
      39.138263
     ],
     [
      -82.991049,
      39.137112
     ],
     [
      -82.990275,
      39.136414
     ],
     [
      -82.989878,
      39.135781
     ],
     [
      -82.989564,
      39.133283
     ],
     [
      -82.988707,
      39.130817
     ],
     [
      -82.988497,
      39.129633
     ],
     [
      -82.988644,
      39.128692
     ],
     [
      -82.98902,
      39.127718
     ],
     [
      -82.990422,
      39.124798
     ],
     [
      -82.990589,
      39.1241
     ],
     [
      -82.990484,
      39.123484
     ],
     [
      -82.985401,
      39.11616
     ],
     [
      -82.984264,
      39.115128
     ],
     [
      -82.982998,
      39.114512
     ],
     [
      -82.981024,
      39.113913
     ],
     [
      -82.978868,
      39.113694
     ],
     [
      -82.977451,
      39.113358
     ],
     [
      -82.976657,
      39.112928
     ],
     [
      -82.976274,
      39.112544
     ],
     [
      -82.973049,
      39.105493
     ],
     [
      -82.970775,
      39.102688
     ],
     [
      -82.97015,
      39.101391
     ],
     [
      -82.970118,
      39.10068
     ],
     [
      -82.970288,
      39.100052
     ],
     [
      -82.971081,
      39.098847
     ],
     [
      -82.973797,
      39.095734
     ],
     [
      -82.973944,
      39.095399
     ],
     [
      -82.973997,
      39.09444
     ],
     [
      -82.973667,
      39.093886
     ],
     [
      -82.972953,
      39.09329
     ],
     [
      -82.967137,
      39.090711
     ],
     [
      -82.966399,
      39.090345
     ],
     [
      -82.96576,
      39.089766
     ],
     [
      -82.961521,
      39.083648
     ],
     [
      -82.961244,
      39.083069
     ],
     [
      -82.961286,
      39.080539
     ],
     [
      -82.961073,
      39.078835
     ],
     [
      -82.960626,
      39.077247
     ],
     [
      -82.95988,
      39.075709
     ],
     [
      -82.959092,
      39.074287
     ],
     [
      -82.957984,
      39.072814
     ],
     [
      -82.956024,
      39.07078
     ],
     [
      -82.953339,
      39.068927
     ],
     [
      -82.913379,
      39.048212
     ],
     [
      -82.91134,
      39.047292
     ],
     [
      -82.905781,
      39.045139
     ],
     [
      -82.903358,
      39.044354
     ],
     [
      -82.901023,
      39.043813
     ],
     [
      -82.886994,
      39.041674
     ],
     [
      -82.885582,
      39.041349
     ],
     [
      -82.877008,
      39.037627
     ],
     [
      -82.861706,
      39.033349
     ],
     [
      -82.859824,
      39.032496
     ],
     [
      -82.856286,
      39.030276
     ],
     [
      -82.855519,
      39.029938
     ],
     [
      -82.761787,
      39.008726
     ],
     [
      -82.760411,
      39.008481
     ],
     [
      -82.758989,
      39.008385
     ],
     [
      -82.75674,
      39.008513
     ],
     [
      -82.754276,
      39.009028
     ],
     [
      -82.752771,
      39.009535
     ],
     [
      -82.751064,
      39.010394
     ],
     [
      -82.749686,
      39.011352
     ],
     [
      -82.748528,
      39.01256
     ],
     [
      -82.747592,
      39.014041
     ],
     [
      -82.746753,
      39.016316
     ],
     [
      -82.746421,
      39.019677
     ],
     [
      -82.745762,
      39.030553
     ],
     [
      -82.745299,
      39.032591
     ],
     [
      -82.744697,
      39.033911
     ],
     [
      -82.7408,
      39.040065
     ],
     [
      -82.73955,
      39.04149
     ],
     [
      -82.737916,
      39.042956
     ],
     [
      -82.727514,
      39.050354
     ],
     [
      -82.723502,
      39.052581
     ],
     [
      -82.719141,
      39.054461
     ],
     [
      -82.715556,
      39.055617
     ],
     [
      -82.712268,
      39.056414
     ],
     [
      -82.698579,
      39.058957
     ],
     [
      -82.692199,
      39.059982
     ],
     [
      -82.688677,
      39.0602
     ],
     [
      -82.668659,
      39.060689
     ],
     [
      -82.665988,
      39.060573
     ],
     [
      -82.662603,
      39.060236
     ],
     [
      -82.657136,
      39.059356
     ],
     [
      -82.640002,
      39.055957
     ],
     [
      -82.637979,
      39.055301
     ],
     [
      -82.635963,
      39.054151
     ],
     [
      -82.6332,
      39.0513
     ]
    ]
   }
  },
  {
   "type": "Feature",
   "properties": {
    "company": "Detroit, Toledo and Ironton Railroad",
    "line": "Detroit, Toledo and Ironton: Jackson – Ironton",
    "id": "dti-jackson-ironton",
    "color": "#8C2D4A",
    "mode": "intercity_rail",
    "avg_speed_kmh": 35,
    "speed_source": "estimated; not computed from a real timetable (Rule 3)",
    "geometry_source": "OpenStreetMap via Overpass (mail.ru mirror, cached degree tiles) plus OpenHistoricalMap (CC0) for lifted grades, traced with opstrace.py: Dijkstra over all railway ways, ways tagged old_railway_operator=DT&I (or OHM ways named for the DT&I or a predecessor) costed 1x, untagged 1.25x, OHM ways named for a successor 2x, cycleways 3x and any other named operator 12x; waypoints from the research report's via lists, each leg confined to a corridor round its own chord, and a leg longer than 1.6x its chord rejected in favour of a labelled straight line. Jackson - Bloom Junction was traced separately with the B&O as the preferred operator, because the DT&I ran it as trackage over the B&O Portsmouth Branch.",
    "geometry_quality": "Traced from OpenStreetMap: 50.6 mi against 51.1 mi documented (Fowler-OH Jackson MP 327.3 -> Ironton MP 378.4). Jackson - Bloom Junction, 23.1 mi, is drawn on the B&O Portsmouth Branch (OSM old_railway_operator=B&O, 'Portsmouth Subdivision') because the DT&I ran it as trackage over the B&O (Fowler-OH 'operated over BO ... to Bloom Jn'); Bloom Junction - Lisman - Ironton, 27.5 mi, is on OSM's lifted DT&I-tagged grade, the Lisman - Ironton part of which is the old Iron Railroad. No straight-line leg.",
    "segments": [
     {
      "start": 1915,
      "end": 1932,
      "headway_min": 1440,
      "note": "The south end of the main line: B&O trackage Jackson - Bloom Junction, then Superior, Lisman, Pedro, Vesuvius, La Grange. BOTH ENDS ARE OPEN. 1915 is the first CONFIRMED DT&I year (Fowler-OH 'Cornwell w' = 1915 working timetable, MP 356.4), not the start: the Detroit Southern bought the Iron Railway in Sept 1902 and through Jackson - Ironton service from c.1902-05 is likely but undated. 1932 is the last CONFIRMED year, not a known end: the two through Ironton - Springfield trains were discontinued 19 Sept 1932 (IRONTON32, second-hand), but a passenger coach then rode the Jackson - Ironton freights (a mixed service, which counts) for an unknown period. That had ended by Sept 1951, when the Feb 1952 Guide index daggers Royersville, O. as freight-only. CONFLICT recorded: MRR-1932 says the cut left only Springfield - Jackson (scheduled trains); IRONTON32 says the coach-on-freight continued. Do not extend either end without evidence. Headway (one round trip a day) is an estimate from the 1932 two-train report.",
      "sources": [
       "Segment-level: 1915 is Fowler-OH's 'Cornwell w' (1915 working timetable); the 1932 discontinuance is IRONTON32 (second-hand) and MRR-1932; the post-1932 mixed service's end is bracketed only by the Feb 1952 Guide's Royersville dagger. Headway and avg_speed_kmh are estimates and are NOT sourced.",
       "https://branchline.uk/jfpdf/ohiorrs3.pdf (John Fowler, Ohio passenger stations, DT&I lines 135-138: year letters z=1896 Guide, a=1910 timetable, w=1915 working timetable, x=1858 Dinsmore, y=1875 Guide, q=1884 Guide)",
       "https://lawrencecountyohio.com/transportation/dti-railroad/ (second-hand: seen only through search-result summaries; Ironton - Springfield trains discontinued 19 Sept 1932, then a coach on Jackson - Ironton freights)",
       "https://www.michiganrailroads.com/timeline/475-1930-1939/3660-timeline-1932 (17 Sept 1932: DT&I discontinues all passenger service in Michigan, leaving only Springfield - Jackson)",
       "research/sources/official_guide_1952.txt - The Official Guide of the Railways, February 1952 (DT&I section, schedules eff. 30 Sept 1951; index legend 't For freight only')"
      ]
     }
    ]
   },
   "geometry": {
    "type": "LineString",
    "coordinates": [
     [
      -82.6332,
      39.0513
     ],
     [
      -82.633179,
      39.051272
     ],
     [
      -82.632019,
      39.050255
     ],
     [
      -82.626151,
      39.045928
     ],
     [
      -82.625069,
      39.044889
     ],
     [
      -82.624234,
      39.043716
     ],
     [
      -82.605551,
      39.005085
     ],
     [
      -82.604884,
      39.003454
     ],
     [
      -82.604516,
      39.002112
     ],
     [
      -82.604234,
      38.999377
     ],
     [
      -82.605324,
      38.989757
     ],
     [
      -82.605407,
      38.987872
     ],
     [
      -82.604351,
      38.965914
     ],
     [
      -82.605397,
      38.956281
     ],
     [
      -82.605181,
      38.954919
     ],
     [
      -82.604666,
      38.95361
     ],
     [
      -82.600616,
      38.945881
     ],
     [
      -82.599382,
      38.94433
     ],
     [
      -82.594656,
      38.940051
     ],
     [
      -82.592719,
      38.938654
     ],
     [
      -82.590503,
      38.937544
     ],
     [
      -82.578916,
      38.932809
     ],
     [
      -82.57728,
      38.932236
     ],
     [
      -82.574131,
      38.931612
     ],
     [
      -82.568331,
      38.931348
     ],
     [
      -82.565944,
      38.931001
     ],
     [
      -82.563917,
      38.930285
     ],
     [
      -82.55892,
      38.927924
     ],
     [
      -82.557064,
      38.926529
     ],
     [
      -82.555909,
      38.925112
     ],
     [
      -82.555024,
      38.923105
     ],
     [
      -82.554833,
      38.921472
     ],
     [
      -82.554992,
      38.920524
     ],
     [
      -82.555359,
      38.919614
     ],
     [
      -82.555919,
      38.918804
     ],
     [
      -82.556903,
      38.917786
     ],
     [
      -82.558895,
      38.91648
     ],
     [
      -82.561212,
      38.915548
     ],
     [
      -82.563087,
      38.914487
     ],
     [
      -82.564793,
      38.91291
     ],
     [
      -82.565613,
      38.911682
     ],
     [
      -82.566318,
      38.909605
     ],
     [
      -82.567684,
      38.902183
     ],
     [
      -82.56833,
      38.900909
     ],
     [
      -82.572846,
      38.895073
     ],
     [
      -82.573663,
      38.893611
     ],
     [
      -82.576614,
      38.880569
     ],
     [
      -82.5771,
      38.879643
     ],
     [
      -82.577877,
      38.878844
     ],
     [
      -82.578531,
      38.878407
     ],
     [
      -82.579667,
      38.877941
     ],
     [
      -82.58444,
      38.876849
     ],
     [
      -82.591841,
      38.874379
     ],
     [
      -82.593281,
      38.873769
     ],
     [
      -82.594752,
      38.87283
     ],
     [
      -82.596486,
      38.87109
     ],
     [
      -82.5973,
      38.869686
     ],
     [
      -82.597725,
      38.868342
     ],
     [
      -82.598325,
      38.864315
     ],
     [
      -82.598885,
      38.863024
     ],
     [
      -82.600166,
      38.861632
     ],
     [
      -82.601962,
      38.860639
     ],
     [
      -82.603635,
      38.860206
     ],
     [
      -82.604793,
      38.860118
     ],
     [
      -82.605953,
      38.860187
     ],
     [
      -82.614264,
      38.862109
     ],
     [
      -82.621138,
      38.863325
     ],
     [
      -82.622337,
      38.863317
     ],
     [
      -82.62351,
      38.863107
     ],
     [
      -82.624929,
      38.862479
     ],
     [
      -82.625727,
      38.861756
     ],
     [
      -82.627301,
      38.859865
     ],
     [
      -82.631287,
      38.854529
     ],
     [
      -82.631598,
      38.853479
     ],
     [
      -82.632279,
      38.848018
     ],
     [
      -82.632778,
      38.846269
     ],
     [
      -82.634128,
      38.843956
     ],
     [
      -82.634979,
      38.843022
     ],
     [
      -82.635878,
      38.842321
     ],
     [
      -82.636688,
      38.841942
     ],
     [
      -82.639963,
      38.840919
     ],
     [
      -82.643072,
      38.839379
     ],
     [
      -82.644917,
      38.83925
     ],
     [
      -82.646176,
      38.838774
     ],
     [
      -82.646711,
      38.838318
     ],
     [
      -82.646889,
      38.837962
     ],
     [
      -82.647207,
      38.835989
     ],
     [
      -82.647538,
      38.835315
     ],
     [
      -82.648569,
      38.834413
     ],
     [
      -82.659334,
      38.829312
     ],
     [
      -82.660485,
      38.828494
     ],
     [
      -82.661212,
      38.827629
     ],
     [
      -82.66299,
      38.824387
     ],
     [
      -82.664,
      38.823144
     ],
     [
      -82.66507,
      38.822215
     ],
     [
      -82.670545,
      38.818564
     ],
     [
      -82.671554,
      38.817683
     ],
     [
      -82.672282,
      38.816738
     ],
     [
      -82.672645,
      38.815999
     ],
     [
      -82.672948,
      38.813622
     ],
     [
      -82.673312,
      38.812536
     ],
     [
      -82.673797,
      38.811623
     ],
     [
      -82.674443,
      38.810821
     ],
     [
      -82.675473,
      38.810112
     ],
     [
      -82.676685,
      38.809577
     ],
     [
      -82.677836,
      38.809247
     ],
     [
      -82.685606,
      38.807843
     ],
     [
      -82.689692,
      38.806854
     ],
     [
      -82.691004,
      38.806384
     ],
     [
      -82.692346,
      38.805638
     ],
     [
      -82.693828,
      38.804764
     ],
     [
      -82.695162,
      38.803756
     ],
     [
      -82.70302,
      38.782716
     ],
     [
      -82.703861,
      38.781313
     ],
     [
      -82.714692,
      38.770393
     ],
     [
      -82.715276,
      38.769478
     ],
     [
      -82.716037,
      38.767144
     ],
     [
      -82.716651,
      38.766183
     ],
     [
      -82.71764,
      38.765245
     ],
     [
      -82.728047,
      38.76002
     ],
     [
      -82.728713,
      38.75953
     ],
     [
      -82.729425,
      38.758711
     ],
     [
      -82.72976,
      38.757819
     ],
     [
      -82.730482,
      38.754221
     ],
     [
      -82.730992,
      38.753043
     ],
     [
      -82.740075,
      38.738182
     ],
     [
      -82.740755,
      38.736827
     ],
     [
      -82.740963,
      38.735869
     ],
     [
      -82.740812,
      38.734823
     ],
     [
      -82.737715,
      38.725395
     ],
     [
      -82.737167,
      38.724187
     ],
     [
      -82.736412,
      38.723509
     ],
     [
      -82.73543,
      38.723023
     ],
     [
      -82.730728,
      38.721565
     ],
     [
      -82.729557,
      38.721078
     ],
     [
      -82.728632,
      38.720327
     ],
     [
      -82.728159,
      38.719605
     ],
     [
      -82.728008,
      38.718662
     ],
     [
      -82.728084,
      38.717852
     ],
     [
      -82.72882,
      38.716084
     ],
     [
      -82.728783,
      38.715347
     ],
     [
      -82.728499,
      38.714537
     ],
     [
      -82.727952,
      38.713888
     ],
     [
      -82.72206,
      38.709998
     ],
     [
      -82.720832,
      38.70963
     ],
     [
      -82.718113,
      38.709394
     ],
     [
      -82.716886,
      38.709055
     ],
     [
      -82.716063,
      38.708381
     ],
     [
      -82.715649,
      38.707683
     ],
     [
      -82.715542,
      38.707037
     ],
     [
      -82.715539,
      38.697699
     ],
     [
      -82.71538,
      38.694665
     ],
     [
      -82.715493,
      38.688443
     ],
     [
      -82.715207,
      38.686939
     ],
     [
      -82.714629,
      38.685825
     ],
     [
      -82.71344,
      38.684277
     ],
     [
      -82.710405,
      38.68154
     ],
     [
      -82.708238,
      38.679297
     ],
     [
      -82.706291,
      38.677738
     ],
     [
      -82.705419,
      38.676834
     ],
     [
      -82.704977,
      38.675246
     ],
     [
      -82.704932,
      38.674141
     ],
     [
      -82.705183,
      38.673126
     ],
     [
      -82.705685,
      38.67211
     ],
     [
      -82.706848,
      38.670827
     ],
     [
      -82.716228,
      38.663593
     ],
     [
      -82.717779,
      38.662453
     ],
     [
      -82.719011,
      38.661883
     ],
     [
      -82.720472,
      38.661526
     ],
     [
      -82.721659,
      38.661491
     ],
     [
      -82.726953,
      38.661705
     ],
     [
      -82.728277,
      38.661616
     ],
     [
      -82.729554,
      38.661384
     ],
     [
      -82.733662,
      38.659762
     ],
     [
      -82.735168,
      38.659352
     ],
     [
      -82.736469,
      38.65921
     ],
     [
      -82.739755,
      38.659566
     ],
     [
      -82.740577,
      38.659441
     ],
     [
      -82.741398,
      38.659156
     ],
     [
      -82.742402,
      38.658212
     ],
     [
      -82.742744,
      38.657517
     ],
     [
      -82.742767,
      38.656555
     ],
     [
      -82.740875,
      38.648487
     ],
     [
      -82.740783,
      38.641719
     ],
     [
      -82.740533,
      38.638951
     ],
     [
      -82.740233,
      38.637775
     ],
     [
      -82.738813,
      38.634842
     ],
     [
      -82.737973,
      38.633993
     ],
     [
      -82.73159,
      38.630306
     ],
     [
      -82.730206,
      38.629696
     ],
     [
      -82.729106,
      38.629405
     ],
     [
      -82.72751,
      38.62935
     ],
     [
      -82.725949,
      38.62953
     ],
     [
      -82.723306,
      38.630306
     ],
     [
      -82.721438,
      38.630629
     ],
     [
      -82.71785,
      38.630876
     ],
     [
      -82.716857,
      38.631278
     ],
     [
      -82.70969,
      38.636225
     ],
     [
      -82.695765,
      38.642765
     ],
     [
      -82.695056,
      38.643014
     ],
     [
      -82.693672,
      38.643083
     ],
     [
      -82.682476,
      38.640182
     ],
     [
      -82.681438,
      38.638906
     ],
     [
      -82.681104,
      38.636176
     ],
     [
      -82.680873,
      38.635615
     ],
     [
      -82.680439,
      38.635159
     ],
     [
      -82.676654,
      38.632234
     ],
     [
      -82.675962,
      38.631885
     ],
     [
      -82.671079,
      38.630984
     ],
     [
      -82.670496,
      38.630624
     ],
     [
      -82.670021,
      38.630062
     ],
     [
      -82.66922,
      38.628568
     ],
     [
      -82.669302,
      38.627243
     ],
     [
      -82.670009,
      38.625054
     ],
     [
      -82.673185,
      38.622018
     ],
     [
      -82.674622,
      38.619286
     ],
     [
      -82.674694,
      38.61869
     ],
     [
      -82.674445,
      38.618052
     ],
     [
      -82.673771,
      38.617124
     ],
     [
      -82.673292,
      38.61589
     ],
     [
      -82.672316,
      38.614669
     ],
     [
      -82.67212,
      38.614087
     ],
     [
      -82.67212,
      38.613532
     ],
     [
      -82.672316,
      38.613116
     ],
     [
      -82.672955,
      38.612631
     ],
     [
      -82.675474,
      38.612007
     ],
     [
      -82.67629,
      38.611647
     ],
     [
      -82.677036,
      38.61112
     ],
     [
      -82.677568,
      38.610357
     ],
     [
      -82.677692,
      38.609761
     ],
     [
      -82.677533,
      38.609123
     ],
     [
      -82.677018,
      38.608458
     ],
     [
      -82.676024,
      38.607542
     ],
     [
      -82.674853,
      38.605934
     ],
     [
      -82.669608,
      38.601916
     ],
     [
      -82.66866,
      38.600054
     ],
     [
      -82.668713,
      38.598404
     ],
     [
      -82.670044,
      38.596518
     ],
     [
      -82.670488,
      38.596226
     ],
     [
      -82.672546,
      38.595866
     ],
     [
      -82.673096,
      38.595547
     ],
     [
      -82.67354,
      38.595075
     ],
     [
      -82.673842,
      38.594229
     ],
     [
      -82.673877,
      38.59355
     ],
     [
      -82.674321,
      38.591913
     ],
     [
      -82.674285,
      38.5914
     ],
     [
      -82.674037,
      38.591012
     ],
     [
      -82.673221,
      38.590318
     ],
     [
      -82.672813,
      38.589666
     ],
     [
      -82.672706,
      38.589098
     ],
     [
      -82.672777,
      38.588446
     ],
     [
      -82.674339,
      38.586046
     ],
     [
      -82.674498,
      38.585519
     ],
     [
      -82.674161,
      38.584007
     ],
     [
      -82.67496,
      38.582439
     ],
     [
      -82.675031,
      38.581857
     ],
     [
      -82.674729,
      38.581025
     ],
     [
      -82.674711,
      38.580442
     ],
     [
      -82.675208,
      38.577765
     ],
     [
      -82.675456,
      38.577376
     ],
     [
      -82.676273,
      38.576794
     ],
     [
      -82.677018,
      38.576544
     ],
     [
      -82.679715,
      38.576308
     ],
     [
      -82.680496,
      38.576086
     ],
     [
      -82.680975,
      38.575739
     ],
     [
      -82.681312,
      38.57524
     ],
     [
      -82.681277,
      38.574213
     ],
     [
      -82.677231,
      38.570065
     ],
     [
      -82.677107,
      38.569552
     ],
     [
      -82.677231,
      38.569122
     ],
     [
      -82.678934,
      38.567165
     ],
     [
      -82.68078,
      38.565528
     ],
     [
      -82.681685,
      38.564404
     ],
     [
      -82.682945,
      38.562587
     ],
     [
      -82.683797,
      38.560741
     ],
     [
      -82.684187,
      38.560283
     ],
     [
      -82.686015,
      38.559312
     ],
     [
      -82.686458,
      38.558702
     ],
     [
      -82.686387,
      38.558188
     ],
     [
      -82.686121,
      38.55773
     ],
     [
      -82.685678,
      38.557467
     ],
     [
      -82.683442,
      38.557147
     ],
     [
      -82.681845,
      38.556467
     ],
     [
      -82.681277,
      38.555885
     ],
     [
      -82.680319,
      38.554081
     ],
     [
      -82.679751,
      38.55347
     ],
     [
      -82.679254,
      38.553207
     ],
     [
      -82.677391,
      38.552762
     ],
     [
      -82.676752,
      38.552485
     ],
     [
      -82.675847,
      38.551805
     ],
     [
      -82.674392,
      38.550195
     ],
     [
      -82.673895,
      38.549168
     ],
     [
      -82.673895,
      38.547544
     ],
     [
      -82.674179,
      38.546962
     ],
     [
      -82.6748,
      38.546254
     ],
     [
      -82.675474,
      38.545768
     ],
     [
      -82.676539,
      38.545379
     ],
     [
      -82.677036,
      38.545032
     ],
     [
      -82.677426,
      38.544547
     ],
     [
      -82.677568,
      38.543561
     ],
     [
      -82.677284,
      38.541979
     ],
     [
      -82.677302,
      38.541382
     ],
     [
      -82.677497,
      38.540883
     ],
     [
      -82.67826,
      38.540216
     ],
     [
      -82.67936,
      38.539633
     ]
    ]
   }
  },
  {
   "type": "Feature",
   "properties": {
    "company": "Detroit Southern Railroad",
    "line": "Detroit Southern: Detroit – Lima (via Tecumseh)",
    "id": "ds-detroit-lima",
    "color": "#3F6E8C",
    "mode": "intercity_rail",
    "avg_speed_kmh": 40,
    "speed_source": "estimated; not computed from a real timetable (Rule 3)",
    "geometry_source": "OpenStreetMap via Overpass (mail.ru mirror, cached degree tiles) plus OpenHistoricalMap (CC0) for lifted grades, traced with opstrace.py: Dijkstra over all railway ways, ways tagged old_railway_operator=DT&I (or OHM ways named for the DT&I or a predecessor) costed 1x, untagged 1.25x, OHM ways named for a successor 2x, cycleways 3x and any other named operator 12x; waypoints from the research report's via lists, each leg confined to a corridor round its own chord, and a leg longer than 1.6x its chord rejected in favour of a labelled straight line. Jackson - Bloom Junction was traced separately with the B&O as the preferred operator, because the DT&I ran it as trackage over the B&O Portsmouth Branch.",
    "geometry_quality": "Shares the DT&I features' geometry (Delray - Flat Rock - Durban, Durban - Malinta via Tecumseh, Malinta - Lima): 155.9 mi against about 153 mi (Fowler Lima 2nd MP 152.9). Carries every caveat of those pieces: Adrian - Sand Creek 7.1 mi drawn on the Wabash; Dundee - Tecumseh on the OHM-drawn Detroit, Toledo & Milwaukee (NYC) grade; 3.5 mi at Ottawa on the parallel B&O. No straight-line leg. The Detroit end stops at Delray; the Detroit Southern used Fort St Union Station (Fowler-MI), about 3-4 mi further, whose approach is not drawn. Durban is not in Nominatim; it is placed at the Diann junction (41.933, -83.636) where OSM's DT&I 'Flat Rock Subdivision' ends and the 'DT&I Subdivision' (the Malinta cutoff) begins, consistent with Fowler's Durban MP 41.3 from Detroit Union Station (traced Delray - Durban 39.4 mi, plus ~3-4 mi Delray - Fort St).",
    "segments": [
     {
      "start": 1902,
      "end": 1903,
      "headway_min": 720,
      "note": "Detroit Southern (formed 1 June 1901 from the Ohio Southern and Detroit & Lima Northern; foreclosed and reorganised as the DT&I in May 1905). BOTH ENDS ARE OPEN: 1902-1903 are the only CONFIRMED years - Fowler dates Detroit Southern Junction (on the Ann Arbor at Tecumseh) 1902G, Erie Junction and Lima (2nd) 1902G, Tecumseh 1903t. Service certainly ran 1901-1905 under this company, but no other year is confirmed; do not widen without evidence. Headway and avg_speed_kmh are estimates and are NOT sourced.",
      "sources": [
       "Segment-level: Fowler-MI lines 50/189/190 and Fowler-OH line 135 year letters (1902 Guide, 1903 timetable). Headway and avg_speed_kmh are estimates and are NOT sourced.",
       "https://branchline.uk/jfpdf/michiganrrs2lwrp.pdf (John Fowler, Michigan passenger stations, DT&I lines 189-191 and Ann Arbor line 50, with the Detroit terminal note)",
       "https://branchline.uk/jfpdf/ohiorrs3.pdf (John Fowler, Ohio passenger stations, DT&I lines 135-138: year letters z=1896 Guide, a=1910 timetable, w=1915 working timetable, x=1858 Dinsmore, y=1875 Guide, q=1884 Guide)"
      ]
     }
    ]
   },
   "geometry": {
    "type": "LineString",
    "coordinates": [
     [
      -83.114317,
      42.296227
     ],
     [
      -83.110211,
      42.290695
     ],
     [
      -83.109475,
      42.289949
     ],
     [
      -83.109335,
      42.289442
     ],
     [
      -83.109424,
      42.288495
     ],
     [
      -83.114483,
      42.279636
     ],
     [
      -83.134148,
      42.256052
     ],
     [
      -83.138042,
      42.25114
     ],
     [
      -83.142395,
      42.244636
     ],
     [
      -83.142833,
      42.244269
     ],
     [
      -83.143473,
      42.244071
     ],
     [
      -83.146175,
      42.243882
     ],
     [
      -83.146969,
      42.243716
     ],
     [
      -83.147896,
      42.243227
     ],
     [
      -83.148466,
      42.242596
     ],
     [
      -83.159173,
      42.208984
     ],
     [
      -83.159764,
      42.206735
     ],
     [
      -83.159904,
      42.20441
     ],
     [
      -83.161595,
      42.19968
     ],
     [
      -83.163045,
      42.196713
     ],
     [
      -83.174718,
      42.160142
     ],
     [
      -83.178303,
      42.152256
     ],
     [
      -83.17998,
      42.150284
     ],
     [
      -83.184238,
      42.14153
     ],
     [
      -83.185211,
      42.140239
     ],
     [
      -83.193272,
      42.1314
     ],
     [
      -83.194859,
      42.129692
     ],
     [
      -83.195573,
      42.129134
     ],
     [
      -83.196772,
      42.128566
     ],
     [
      -83.198052,
      42.128262
     ],
     [
      -83.199202,
      42.128198
     ],
     [
      -83.213651,
      42.128678
     ],
     [
      -83.217146,
      42.128636
     ],
     [
      -83.220161,
      42.128452
     ],
     [
      -83.224175,
      42.128001
     ],
     [
      -83.228422,
      42.127245
     ],
     [
      -83.231062,
      42.126627
     ],
     [
      -83.235634,
      42.125338
     ],
     [
      -83.246079,
      42.120912
     ],
     [
      -83.251669,
      42.117884
     ],
     [
      -83.253362,
      42.116846
     ],
     [
      -83.259805,
      42.11409
     ],
     [
      -83.265488,
      42.11251
     ],
     [
      -83.268371,
      42.110825
     ],
     [
      -83.27333,
      42.109328
     ],
     [
      -83.297419,
      42.099048
     ],
     [
      -83.428544,
      42.042875
     ],
     [
      -83.505217,
      42.009744
     ],
     [
      -83.565134,
      41.983702
     ],
     [
      -83.567264,
      41.982456
     ],
     [
      -83.635638,
      41.933283
     ],
     [
      -83.646991,
      41.95198
     ],
     [
      -83.647506,
      41.953575
     ],
     [
      -83.648686,
      41.959963
     ],
     [
      -83.650231,
      41.961793
     ],
     [
      -83.651518,
      41.962543
     ],
     [
      -83.652698,
      41.962958
     ],
     [
      -83.671431,
      41.966229
     ],
     [
      -83.682503,
      41.96784
     ],
     [
      -83.694605,
      41.97009
     ],
     [
      -83.730711,
      41.976419
     ],
     [
      -83.734823,
      41.976924
     ],
     [
      -83.761491,
      41.978853
     ],
     [
      -83.779544,
      41.980386
     ],
     [
      -83.828417,
      41.987294
     ],
     [
      -83.836353,
      41.98828
     ],
     [
      -83.859744,
      41.991499
     ],
     [
      -83.871247,
      41.993582
     ],
     [
      -83.873265,
      41.99379
     ],
     [
      -83.874572,
      41.993846
     ],
     [
      -83.88735,
      41.993527
     ],
     [
      -83.909784,
      41.993193
     ],
     [
      -83.91169,
      41.99361
     ],
     [
      -83.926447,
      41.999746
     ],
     [
      -83.927568,
      42.000162
     ],
     [
      -83.928819,
      42.000398
     ],
     [
      -83.930015,
      42.000509
     ],
     [
      -83.944897,
      42.000073
     ],
     [
      -83.949743,
      42.000092
     ],
     [
      -83.950967,
      41.999663
     ],
     [
      -83.951452,
      41.999066
     ],
     [
      -83.951639,
      41.998413
     ],
     [
      -83.950798,
      41.992485
     ],
     [
      -83.950985,
      41.981322
     ],
     [
      -83.95134,
      41.9806
     ],
     [
      -83.951994,
      41.979919
     ],
     [
      -83.955082,
      41.978466
     ],
     [
      -83.977057,
      41.968742
     ],
     [
      -83.980716,
      41.966965
     ],
     [
      -83.98205,
      41.966167
     ],
     [
      -83.983107,
      41.965357
     ],
     [
      -83.99092,
      41.957523
     ],
     [
      -83.994427,
      41.953822
     ],
     [
      -84.008996,
      41.935829
     ],
     [
      -84.013882,
      41.930002
     ],
     [
      -84.015622,
      41.928672
     ],
     [
      -84.026122,
      41.922823
     ],
     [
      -84.027683,
      41.921613
     ],
     [
      -84.031586,
      41.916917
     ],
     [
      -84.031976,
      41.916167
     ],
     [
      -84.033698,
      41.909562
     ],
     [
      -84.034535,
      41.907103
     ],
     [
      -84.035586,
      41.904692
     ],
     [
      -84.036251,
      41.903638
     ],
     [
      -84.036873,
      41.902983
     ],
     [
      -84.040886,
      41.900699
     ],
     [
      -84.041616,
      41.899949
     ],
     [
      -84.041931,
      41.899225
     ],
     [
      -84.042822,
      41.89854
     ],
     [
      -84.044042,
      41.896153
     ],
     [
      -84.044734,
      41.895537
     ],
     [
      -84.04571,
      41.894915
     ],
     [
      -84.046121,
      41.894315
     ],
     [
      -84.046262,
      41.893967
     ],
     [
      -84.045866,
      41.893176
     ],
     [
      -84.043049,
      41.891301
     ],
     [
      -84.042497,
      41.891058
     ],
     [
      -84.041874,
      41.890963
     ],
     [
      -84.041039,
      41.890974
     ],
     [
      -84.029172,
      41.893708
     ],
     [
      -84.02646,
      41.893643
     ],
     [
      -84.02446,
      41.893297
     ],
     [
      -84.024104,
      41.893338
     ],
     [
      -84.020516,
      41.893737
     ],
     [
      -84.01983,
      41.893453
     ],
     [
      -84.018708,
      41.893196
     ],
     [
      -84.017368,
      41.892114
     ],
     [
      -84.016059,
      41.891853
     ],
     [
      -84.031886,
      41.866749
     ],
     [
      -84.033339,
      41.864832
     ],
     [
      -84.034815,
      41.86361
     ],
     [
      -84.051515,
      41.851357
     ],
     [
      -84.053174,
      41.850422
     ],
     [
      -84.14663,
      41.802968
     ],
     [
      -84.147906,
      41.801765
     ],
     [
      -84.148129,
      41.801118
     ],
     [
      -84.148208,
      41.800186
     ],
     [
      -84.147075,
      41.776174
     ],
     [
      -84.147161,
      41.775233
     ],
     [
      -84.147622,
      41.774108
     ],
     [
      -84.150773,
      41.770759
     ],
     [
      -84.151291,
      41.769854
     ],
     [
      -84.151486,
      41.769069
     ],
     [
      -84.151491,
      41.767378
     ],
     [
      -84.149739,
      41.731991
     ],
     [
      -84.149683,
      41.725657
     ],
     [
      -84.148551,
      41.701358
     ],
     [
      -84.147852,
      41.680621
     ],
     [
      -84.148001,
      41.679687
     ],
     [
      -84.156525,
      41.662529
     ],
     [
      -84.1569,
      41.661595
     ],
     [
      -84.157,
      41.660885
     ],
     [
      -84.15565,
      41.623302
     ],
     [
      -84.15555,
      41.622012
     ],
     [
      -84.1553,
      41.621153
     ],
     [
      -84.153979,
      41.618755
     ],
     [
      -84.153775,
      41.617771
     ],
     [
      -84.153751,
      41.568999
     ],
     [
      -84.1536,
      41.56797
     ],
     [
      -84.153151,
      41.567054
     ],
     [
      -84.14936,
      41.562742
     ],
     [
      -84.148982,
      41.561969
     ],
     [
      -84.148838,
      41.561231
     ],
     [
      -84.148766,
      41.551892
     ],
     [
      -84.148509,
      41.548896
     ],
     [
      -84.147083,
      41.543787
     ],
     [
      -84.146629,
      41.542968
     ],
     [
      -84.144359,
      41.539904
     ],
     [
      -84.144076,
      41.539364
     ],
     [
      -84.143821,
      41.538221
     ],
     [
      -84.143955,
      41.435747
     ],
     [
      -84.143862,
      41.427391
     ],
     [
      -84.143815,
      41.42658
     ],
     [
      -84.143406,
      41.425566
     ],
     [
      -84.142115,
      41.423938
     ],
     [
      -84.141506,
      41.422509
     ],
     [
      -84.141695,
      41.415637
     ],
     [
      -84.141582,
      41.412145
     ],
     [
      -84.141321,
      41.4114
     ],
     [
      -84.140604,
      41.410398
     ],
     [
      -84.139257,
      41.409208
     ],
     [
      -84.126521,
      41.3995
     ],
     [
      -84.123986,
      41.397751
     ],
     [
      -84.122386,
      41.3971
     ],
     [
      -84.121214,
      41.396799
     ],
     [
      -84.112898,
      41.395439
     ],
     [
      -84.104671,
      41.393856
     ],
     [
      -84.10352,
      41.393493
     ],
     [
      -84.103028,
      41.393216
     ],
     [
      -84.100617,
      41.391538
     ],
     [
      -84.093723,
      41.385202
     ],
     [
      -84.080693,
      41.372696
     ],
     [
      -84.076984,
      41.369341
     ],
     [
      -84.073387,
      41.365701
     ],
     [
      -84.063433,
      41.356195
     ],
     [
      -84.060669,
      41.353384
     ],
     [
      -84.055732,
      41.348909
     ],
     [
      -84.034612,
      41.328742
     ],
     [
      -84.033811,
      41.327794
     ],
     [
      -84.033181,
      41.32652
     ],
     [
      -84.032978,
      41.325585
     ],
     [
      -84.032881,
      41.322687
     ],
     [
      -84.031449,
      41.23801
     ],
     [
      -84.031165,
      41.236281
     ],
     [
      -84.029763,
      41.233302
     ],
     [
      -84.029527,
      41.232001
     ],
     [
      -84.029667,
      41.230854
     ],
     [
      -84.031062,
      41.22657
     ],
     [
      -84.031258,
      41.225084
     ],
     [
      -84.030795,
      41.186812
     ],
     [
      -84.030626,
      41.185125
     ],
     [
      -84.029849,
      41.182653
     ],
     [
      -84.029651,
      41.181474
     ],
     [
      -84.029398,
      41.167721
     ],
     [
      -84.029052,
      41.166542
     ],
     [
      -84.028433,
      41.165444
     ],
     [
      -84.000863,
      41.123498
     ],
     [
      -83.999699,
      41.121523
     ],
     [
      -83.994555,
      41.108433
     ],
     [
      -83.994084,
      41.10681
     ],
     [
      -83.993983,
      41.085825
     ],
     [
      -83.994141,
      41.084997
     ],
     [
      -83.994768,
      41.083871
     ],
     [
      -84.028083,
      41.039837
     ],
     [
      -84.029492,
      41.037526
     ],
     [
      -84.03393,
      41.031615
     ],
     [
      -84.034374,
      41.030617
     ],
     [
      -84.034516,
      41.029689
     ],
     [
      -84.034525,
      41.018448
     ],
     [
      -84.035598,
      41.015118
     ],
     [
      -84.035334,
      41.013827
     ],
     [
      -84.034092,
      41.012009
     ],
     [
      -84.033773,
      41.011239
     ],
     [
      -84.033738,
      41.010208
     ],
     [
      -84.034106,
      41.008898
     ],
     [
      -84.034784,
      41.007673
     ],
     [
      -84.035835,
      41.006524
     ],
     [
      -84.049121,
      40.995767
     ],
     [
      -84.049722,
      40.995
     ],
     [
      -84.050152,
      40.994149
     ],
     [
      -84.050533,
      40.991933
     ],
     [
      -84.051216,
      40.99141
     ],
     [
      -84.05924,
      40.921381
     ],
     [
      -84.059462,
      40.920399
     ],
     [
      -84.060111,
      40.91934
     ],
     [
      -84.062238,
      40.917372
     ],
     [
      -84.06282,
      40.916618
     ],
     [
      -84.063086,
      40.916061
     ],
     [
      -84.063487,
      40.914405
     ],
     [
      -84.063433,
      40.913603
     ],
     [
      -84.06324,
      40.913133
     ],
     [
      -84.061545,
      40.910376
     ],
     [
      -84.061459,
      40.909857
     ],
     [
      -84.080278,
      40.836096
     ],
     [
      -84.080149,
      40.834266
     ],
     [
      -84.080242,
      40.833234
     ],
     [
      -84.079999,
      40.831538
     ],
     [
      -84.08013,
      40.829729
     ],
     [
      -84.080672,
      40.828372
     ],
     [
      -84.082035,
      40.826605
     ],
     [
      -84.082334,
      40.825983
     ],
     [
      -84.089283,
      40.798937
     ],
     [
      -84.089524,
      40.798801
     ],
     [
      -84.089786,
      40.797292
     ],
     [
      -84.08986,
      40.78285
     ],
     [
      -84.090316,
      40.780363
     ],
     [
      -84.090281,
      40.768567
     ],
     [
      -84.089827,
      40.765918
     ],
     [
      -84.089774,
      40.764171
     ],
     [
      -84.08938,
      40.762359
     ],
     [
      -84.089261,
      40.750872
     ],
     [
      -84.089347,
      40.741478
     ],
     [
      -84.089538,
      40.737595
     ],
     [
      -84.089399,
      40.734496
     ]
    ]
   }
  },
  {
   "type": "Feature",
   "properties": {
    "company": "Detroit Southern Railroad",
    "line": "Detroit Southern: Lima – Springfield",
    "id": "ds-lima-springfield",
    "color": "#3F6E8C",
    "mode": "intercity_rail",
    "avg_speed_kmh": 40,
    "speed_source": "estimated; not computed from a real timetable (Rule 3)",
    "geometry_source": "OpenStreetMap via Overpass (mail.ru mirror, cached degree tiles) plus OpenHistoricalMap (CC0) for lifted grades, traced with opstrace.py: Dijkstra over all railway ways, ways tagged old_railway_operator=DT&I (or OHM ways named for the DT&I or a predecessor) costed 1x, untagged 1.25x, OHM ways named for a successor 2x, cycleways 3x and any other named operator 12x; waypoints from the research report's via lists, each leg confined to a corridor round its own chord, and a leg longer than 1.6x its chord rejected in favour of a labelled straight line. Jackson - Bloom Junction was traced separately with the B&O as the preferred operator, because the DT&I ran it as trackage over the B&O Portsmouth Branch.",
    "geometry_quality": "Shares the DT&I Lima - Springfield geometry: 62.4 mi, all on DT&I-tagged OSM track, against 62.8 mi documented. No straight-line leg.",
    "segments": [
     {
      "start": 1902,
      "end": 1904,
      "headway_min": 720,
      "note": "BOTH ENDS ARE OPEN: 1902-1904 are the only CONFIRMED Detroit Southern years (Fowler: Lima (2nd) 1902G; Darnells and Dibert 1904t). The company ran 1901-1905; no other year is confirmed. Do not widen without evidence. Headway and avg_speed_kmh are estimates and are NOT sourced.",
      "sources": [
       "Segment-level: Fowler-OH line 135 year letters (1902 Guide, 1904 timetable). Headway and avg_speed_kmh are estimates and are NOT sourced.",
       "https://branchline.uk/jfpdf/ohiorrs3.pdf (John Fowler, Ohio passenger stations, DT&I lines 135-138: year letters z=1896 Guide, a=1910 timetable, w=1915 working timetable, x=1858 Dinsmore, y=1875 Guide, q=1884 Guide)"
      ]
     }
    ]
   },
   "geometry": {
    "type": "LineString",
    "coordinates": [
     [
      -84.089399,
      40.734496
     ],
     [
      -84.088872,
      40.733569
     ],
     [
      -84.086773,
      40.732037
     ],
     [
      -84.086191,
      40.731137
     ],
     [
      -84.086144,
      40.723256
     ],
     [
      -84.085267,
      40.718991
     ],
     [
      -84.085096,
      40.717321
     ],
     [
      -84.085135,
      40.698608
     ],
     [
      -84.084502,
      40.635779
     ],
     [
      -84.084869,
      40.630255
     ],
     [
      -84.08472,
      40.599078
     ],
     [
      -84.084364,
      40.597428
     ],
     [
      -84.079528,
      40.58365
     ],
     [
      -84.079108,
      40.582104
     ],
     [
      -84.07891,
      40.579854
     ],
     [
      -84.078796,
      40.55043
     ],
     [
      -84.07858,
      40.548136
     ],
     [
      -84.078007,
      40.545411
     ],
     [
      -84.076551,
      40.541271
     ],
     [
      -84.039084,
      40.449453
     ],
     [
      -84.038527,
      40.447211
     ],
     [
      -84.024422,
      40.37672
     ],
     [
      -84.024109,
      40.375833
     ],
     [
      -84.023292,
      40.374435
     ],
     [
      -83.974935,
      40.315802
     ],
     [
      -83.973854,
      40.314096
     ],
     [
      -83.973385,
      40.312267
     ],
     [
      -83.97341,
      40.310897
     ],
     [
      -83.973983,
      40.30868
     ],
     [
      -83.975324,
      40.305051
     ],
     [
      -83.975464,
      40.303233
     ],
     [
      -83.975154,
      40.301962
     ],
     [
      -83.974283,
      40.30035
     ],
     [
      -83.971597,
      40.297134
     ],
     [
      -83.970939,
      40.296135
     ],
     [
      -83.970489,
      40.295051
     ],
     [
      -83.969977,
      40.291657
     ],
     [
      -83.96954,
      40.290456
     ],
     [
      -83.968888,
      40.289327
     ],
     [
      -83.966432,
      40.28662
     ],
     [
      -83.964992,
      40.284551
     ],
     [
      -83.964446,
      40.283356
     ],
     [
      -83.963851,
      40.280852
     ],
     [
      -83.963823,
      40.279527
     ],
     [
      -83.968284,
      40.234582
     ],
     [
      -83.968254,
      40.232789
     ],
     [
      -83.967617,
      40.230962
     ],
     [
      -83.945374,
      40.187902
     ],
     [
      -83.944441,
      40.185943
     ],
     [
      -83.944097,
      40.18464
     ],
     [
      -83.943636,
      40.180648
     ],
     [
      -83.943035,
      40.178361
     ],
     [
      -83.941201,
      40.175836
     ],
     [
      -83.939859,
      40.174328
     ],
     [
      -83.939183,
      40.173049
     ],
     [
      -83.938964,
      40.172267
     ],
     [
      -83.938787,
      40.170319
     ],
     [
      -83.939033,
      40.168999
     ],
     [
      -83.939634,
      40.167614
     ],
     [
      -83.940456,
      40.166466
     ],
     [
      -83.941222,
      40.165679
     ],
     [
      -83.945685,
      40.162333
     ],
     [
      -83.947799,
      40.160046
     ],
     [
      -83.948958,
      40.158226
     ],
     [
      -83.949998,
      40.155224
     ],
     [
      -83.950154,
      40.153054
     ],
     [
      -83.949943,
      40.151154
     ],
     [
      -83.949179,
      40.148791
     ],
     [
      -83.947958,
      40.145826
     ],
     [
      -83.947761,
      40.144186
     ],
     [
      -83.953416,
      40.088353
     ],
     [
      -83.953369,
      40.086472
     ],
     [
      -83.952923,
      40.084744
     ],
     [
      -83.952091,
      40.083053
     ],
     [
      -83.951281,
      40.081938
     ],
     [
      -83.950155,
      40.080783
     ],
     [
      -83.94923,
      40.080042
     ],
     [
      -83.9263,
      40.066025
     ],
     [
      -83.925079,
      40.065053
     ],
     [
      -83.924304,
      40.064216
     ],
     [
      -83.923362,
      40.062717
     ],
     [
      -83.92284,
      40.060983
     ],
     [
      -83.922689,
      40.058664
     ],
     [
      -83.922383,
      40.057307
     ],
     [
      -83.921782,
      40.056039
     ],
     [
      -83.920872,
      40.054825
     ],
     [
      -83.919003,
      40.053282
     ],
     [
      -83.913661,
      40.050282
     ],
     [
      -83.912365,
      40.049338
     ],
     [
      -83.890334,
      40.027158
     ],
     [
      -83.888821,
      40.025726
     ],
     [
      -83.886903,
      40.024316
     ],
     [
      -83.885344,
      40.023407
     ],
     [
      -83.88347,
      40.022536
     ],
     [
      -83.867269,
      40.01678
     ],
     [
      -83.86491,
      40.016175
     ],
     [
      -83.855533,
      40.014686
     ],
     [
      -83.853675,
      40.014183
     ],
     [
      -83.851754,
      40.013334
     ],
     [
      -83.847999,
      40.011217
     ],
     [
      -83.846847,
      40.010688
     ],
     [
      -83.838406,
      40.008386
     ],
     [
      -83.837152,
      40.007933
     ],
     [
      -83.836069,
      40.007333
     ],
     [
      -83.834791,
      40.006245
     ],
     [
      -83.834137,
      40.005392
     ],
     [
      -83.833587,
      40.004194
     ],
     [
      -83.833382,
      40.002887
     ],
     [
      -83.833522,
      40.001695
     ],
     [
      -83.847793,
      39.937944
     ],
     [
      -83.847761,
      39.936998
     ],
     [
      -83.847404,
      39.936257
     ],
     [
      -83.846697,
      39.93557
     ],
     [
      -83.845231,
      39.934979
     ],
     [
      -83.832983,
      39.934238
     ],
     [
      -83.823751,
      39.933043
     ],
     [
      -83.819989,
      39.93308
     ],
     [
      -83.819139,
      39.932981
     ],
     [
      -83.818039,
      39.932414
     ],
     [
      -83.814744,
      39.929238
     ],
     [
      -83.814084,
      39.928748
     ],
     [
      -83.81283,
      39.928333
     ],
     [
      -83.811674,
      39.928344
     ]
    ]
   }
  },
  {
   "type": "Feature",
   "properties": {
    "company": "Detroit Southern Railroad",
    "line": "Detroit Southern: Springfield – Washington Court House",
    "id": "ds-springfield-washington-ch",
    "color": "#3F6E8C",
    "mode": "intercity_rail",
    "avg_speed_kmh": 40,
    "speed_source": "estimated; not computed from a real timetable (Rule 3)",
    "geometry_source": "OpenStreetMap via Overpass (mail.ru mirror, cached degree tiles) plus OpenHistoricalMap (CC0) for lifted grades, traced with opstrace.py: Dijkstra over all railway ways, ways tagged old_railway_operator=DT&I (or OHM ways named for the DT&I or a predecessor) costed 1x, untagged 1.25x, OHM ways named for a successor 2x, cycleways 3x and any other named operator 12x; waypoints from the research report's via lists, each leg confined to a corridor round its own chord, and a leg longer than 1.6x its chord rejected in favour of a labelled straight line. Jackson - Bloom Junction was traced separately with the B&O as the preferred operator, because the DT&I ran it as trackage over the B&O Portsmouth Branch.",
    "geometry_quality": "Shares the DT&I Springfield - Jackson geometry, cut at Washington C.H.: 37.5 mi, all on DT&I-tagged OSM track, against 37.6 mi documented (joint/parallel with the CH&D to Washington C.H.). No straight-line leg.",
    "segments": [
     {
      "start": 1904,
      "end": 1904,
      "headway_min": 720,
      "note": "ANCHOR: one single proven year. Fowler dates Midland Crossing (Washington C.H.) to the 1904 timetable. Service certainly ran wider both ways (and on south to Jackson), but no other Detroit Southern year is confirmed on this or any part of Springfield - Jackson; Washington C.H. - Jackson has no Detroit Southern-dated stop and is not drawn for this company. Never widen an anchor to look plausible. Headway and avg_speed_kmh are estimates and are NOT sourced.",
      "sources": [
       "Segment-level: Fowler-OH line 135, 'Midland Crossing 1904t'. Headway and avg_speed_kmh are estimates and are NOT sourced.",
       "https://branchline.uk/jfpdf/ohiorrs3.pdf (John Fowler, Ohio passenger stations, DT&I lines 135-138: year letters z=1896 Guide, a=1910 timetable, w=1915 working timetable, x=1858 Dinsmore, y=1875 Guide, q=1884 Guide)"
      ]
     }
    ]
   },
   "geometry": {
    "type": "LineString",
    "coordinates": [
     [
      -83.811674,
      39.928344
     ],
     [
      -83.809976,
      39.928638
     ],
     [
      -83.809168,
      39.928588
     ],
     [
      -83.806979,
      39.927732
     ],
     [
      -83.806003,
      39.927599
     ],
     [
      -83.798513,
      39.927969
     ],
     [
      -83.797633,
      39.928161
     ],
     [
      -83.796657,
      39.928634
     ],
     [
      -83.795863,
      39.929448
     ],
     [
      -83.791507,
      39.93539
     ],
     [
      -83.790488,
      39.936104
     ],
     [
      -83.789493,
      39.936394
     ],
     [
      -83.788024,
      39.936376
     ],
     [
      -83.775735,
      39.93491
     ],
     [
      -83.774505,
      39.934971
     ],
     [
      -83.770186,
      39.935709
     ],
     [
      -83.768136,
      39.935735
     ],
     [
      -83.765927,
      39.935302
     ],
     [
      -83.764075,
      39.934499
     ],
     [
      -83.762805,
      39.933562
     ],
     [
      -83.761837,
      39.932473
     ],
     [
      -83.761108,
      39.931031
     ],
     [
      -83.760877,
      39.929639
     ],
     [
      -83.761008,
      39.928294
     ],
     [
      -83.766424,
      39.900915
     ],
     [
      -83.765792,
      39.892013
     ],
     [
      -83.765303,
      39.89071
     ],
     [
      -83.76451,
      39.889781
     ],
     [
      -83.763449,
      39.88908
     ],
     [
      -83.762619,
      39.888761
     ],
     [
      -83.761546,
      39.888531
     ],
     [
      -83.709182,
      39.881327
     ],
     [
      -83.707137,
      39.880866
     ],
     [
      -83.705821,
      39.880389
     ],
     [
      -83.703779,
      39.879137
     ],
     [
      -83.69488,
      39.8721
     ],
     [
      -83.691924,
      39.869575
     ],
     [
      -83.690895,
      39.86806
     ],
     [
      -83.687939,
      39.861505
     ],
     [
      -83.68671,
      39.86033
     ],
     [
      -83.665128,
      39.8444
     ],
     [
      -83.643904,
      39.829754
     ],
     [
      -83.641832,
      39.828184
     ],
     [
      -83.640544,
      39.826558
     ],
     [
      -83.630941,
      39.809823
     ],
     [
      -83.629815,
      39.807527
     ],
     [
      -83.608608,
      39.75504
     ],
     [
      -83.608348,
      39.753699
     ],
     [
      -83.608337,
      39.752698
     ],
     [
      -83.609547,
      39.739006
     ],
     [
      -83.60946,
      39.736837
     ],
     [
      -83.603286,
      39.715531
     ],
     [
      -83.602308,
      39.713811
     ],
     [
      -83.599228,
      39.710116
     ],
     [
      -83.59842,
      39.708928
     ],
     [
      -83.593059,
      39.690858
     ],
     [
      -83.592047,
      39.689562
     ],
     [
      -83.586865,
      39.684485
     ],
     [
      -83.559686,
      39.653521
     ],
     [
      -83.538053,
      39.634034
     ],
     [
      -83.537209,
      39.633074
     ],
     [
      -83.536145,
      39.631106
     ],
     [
      -83.527423,
      39.600065
     ],
     [
      -83.52657,
      39.598106
     ],
     [
      -83.524928,
      39.59568
     ],
     [
      -83.522686,
      39.593427
     ],
     [
      -83.515579,
      39.587919
     ],
     [
      -83.514907,
      39.587067
     ],
     [
      -83.50831,
      39.576746
     ],
     [
      -83.50756,
      39.57597
     ],
     [
      -83.503732,
      39.573183
     ],
     [
      -83.476877,
      39.555532
     ],
     [
      -83.475396,
      39.55479
     ],
     [
      -83.459955,
      39.549316
     ],
     [
      -83.458069,
      39.548166
     ],
     [
      -83.454622,
      39.545237
     ],
     [
      -83.450023,
      39.543221
     ],
     [
      -83.449245,
      39.542683
     ],
     [
      -83.448178,
      39.541691
     ]
    ]
   }
  },
  {
   "type": "Feature",
   "properties": {
    "company": "Detroit and Lima Northern Railway",
    "line": "Detroit and Lima Northern: Lima – Detroit (via Tecumseh)",
    "id": "dln-lima-detroit",
    "color": "#B07A2A",
    "mode": "intercity_rail",
    "avg_speed_kmh": 40,
    "speed_source": "estimated; not computed from a real timetable (Rule 3)",
    "geometry_source": "OpenStreetMap via Overpass (mail.ru mirror, cached degree tiles) plus OpenHistoricalMap (CC0) for lifted grades, traced with opstrace.py: Dijkstra over all railway ways, ways tagged old_railway_operator=DT&I (or OHM ways named for the DT&I or a predecessor) costed 1x, untagged 1.25x, OHM ways named for a successor 2x, cycleways 3x and any other named operator 12x; waypoints from the research report's via lists, each leg confined to a corridor round its own chord, and a leg longer than 1.6x its chord rejected in favour of a labelled straight line. Jackson - Bloom Junction was traced separately with the B&O as the preferred operator, because the DT&I ran it as trackage over the B&O Portsmouth Branch.",
    "geometry_quality": "Shares the DT&I geometry Lima - Malinta - Napoleon - Adrian - Tecumseh - Dundee - Durban - Flat Rock - Delray: 155.9 mi against about 153 mi (Fowler Lima 2nd MP 152.9). Adrian - Sand Creek 7.1 mi drawn on the Wabash; Dundee - Tecumseh on the OHM-drawn Detroit, Toledo & Milwaukee (NYC) grade; 3.5 mi at Ottawa on the parallel B&O. No straight-line leg. The Detroit end stops at Delray; the DL&N used Fort St Union Station (Fowler-MI), whose approach is not drawn. Durban is not in Nominatim; it is placed at the Diann junction (41.933, -83.636) where OSM's DT&I 'Flat Rock Subdivision' ends and the 'DT&I Subdivision' (the Malinta cutoff) begins, consistent with Fowler's Durban MP 41.3 from Detroit Union Station (traced Delray - Durban 39.4 mi, plus ~3-4 mi Delray - Fort St).",
    "segments": [
     {
      "start": 1897,
      "end": 1899,
      "headway_min": 720,
      "note": "Lima Northern (opened Lima - Michigan line 1 Aug 1896, AR), renamed Detroit & Lima Northern 1897 (a rename, not a new company), merged into the Detroit Southern 1 June 1901. BOTH ENDS ARE OPEN: 1897 (Fowler-MI 'Detroit & Lima Northern Junction 1897t' on the Ann Arbor near Tecumseh) and 1899 (two daily passenger trains Columbus - Detroit via Adrian, Tecumseh and Dundee, MRR-TEC) are the only CONFIRMED years. How the DL&N reached Columbus south of Lima is not established and is not drawn. Do not widen without evidence. Headway and avg_speed_kmh are estimates and are NOT sourced.",
      "sources": [
       "Segment-level: Fowler-MI line 50 (1897 timetable) and MRR-TEC (1899 schedule). Headway and avg_speed_kmh are estimates and are NOT sourced.",
       "https://branchline.uk/jfpdf/michiganrrs2lwrp.pdf (John Fowler, Michigan passenger stations, DT&I lines 189-191 and Ann Arbor line 50, with the Detroit terminal note)",
       "https://michiganrailroads.com/timetables-routes/319-detroit-toledo-ironton-railroad-timetables/4949-time-table-tecumseh-branch (Feb 14 1937 ETT; 1899 DL&N two daily passenger trains via Adrian, Tecumseh and Dundee)",
       "https://www.american-rails.com/detroit-toledo-and-ironton-railroad.html"
      ]
     }
    ]
   },
   "geometry": {
    "type": "LineString",
    "coordinates": [
     [
      -83.114317,
      42.296227
     ],
     [
      -83.110211,
      42.290695
     ],
     [
      -83.109475,
      42.289949
     ],
     [
      -83.109335,
      42.289442
     ],
     [
      -83.109424,
      42.288495
     ],
     [
      -83.114483,
      42.279636
     ],
     [
      -83.134148,
      42.256052
     ],
     [
      -83.138042,
      42.25114
     ],
     [
      -83.142395,
      42.244636
     ],
     [
      -83.142833,
      42.244269
     ],
     [
      -83.143473,
      42.244071
     ],
     [
      -83.146175,
      42.243882
     ],
     [
      -83.146969,
      42.243716
     ],
     [
      -83.147896,
      42.243227
     ],
     [
      -83.148466,
      42.242596
     ],
     [
      -83.159173,
      42.208984
     ],
     [
      -83.159764,
      42.206735
     ],
     [
      -83.159904,
      42.20441
     ],
     [
      -83.161595,
      42.19968
     ],
     [
      -83.163045,
      42.196713
     ],
     [
      -83.174718,
      42.160142
     ],
     [
      -83.178303,
      42.152256
     ],
     [
      -83.17998,
      42.150284
     ],
     [
      -83.184238,
      42.14153
     ],
     [
      -83.185211,
      42.140239
     ],
     [
      -83.193272,
      42.1314
     ],
     [
      -83.194859,
      42.129692
     ],
     [
      -83.195573,
      42.129134
     ],
     [
      -83.196772,
      42.128566
     ],
     [
      -83.198052,
      42.128262
     ],
     [
      -83.199202,
      42.128198
     ],
     [
      -83.213651,
      42.128678
     ],
     [
      -83.217146,
      42.128636
     ],
     [
      -83.220161,
      42.128452
     ],
     [
      -83.224175,
      42.128001
     ],
     [
      -83.228422,
      42.127245
     ],
     [
      -83.231062,
      42.126627
     ],
     [
      -83.235634,
      42.125338
     ],
     [
      -83.246079,
      42.120912
     ],
     [
      -83.251669,
      42.117884
     ],
     [
      -83.253362,
      42.116846
     ],
     [
      -83.259805,
      42.11409
     ],
     [
      -83.265488,
      42.11251
     ],
     [
      -83.268371,
      42.110825
     ],
     [
      -83.27333,
      42.109328
     ],
     [
      -83.297419,
      42.099048
     ],
     [
      -83.428544,
      42.042875
     ],
     [
      -83.505217,
      42.009744
     ],
     [
      -83.565134,
      41.983702
     ],
     [
      -83.567264,
      41.982456
     ],
     [
      -83.635638,
      41.933283
     ],
     [
      -83.646991,
      41.95198
     ],
     [
      -83.647506,
      41.953575
     ],
     [
      -83.648686,
      41.959963
     ],
     [
      -83.650231,
      41.961793
     ],
     [
      -83.651518,
      41.962543
     ],
     [
      -83.652698,
      41.962958
     ],
     [
      -83.671431,
      41.966229
     ],
     [
      -83.682503,
      41.96784
     ],
     [
      -83.694605,
      41.97009
     ],
     [
      -83.730711,
      41.976419
     ],
     [
      -83.734823,
      41.976924
     ],
     [
      -83.761491,
      41.978853
     ],
     [
      -83.779544,
      41.980386
     ],
     [
      -83.828417,
      41.987294
     ],
     [
      -83.836353,
      41.98828
     ],
     [
      -83.859744,
      41.991499
     ],
     [
      -83.871247,
      41.993582
     ],
     [
      -83.873265,
      41.99379
     ],
     [
      -83.874572,
      41.993846
     ],
     [
      -83.88735,
      41.993527
     ],
     [
      -83.909784,
      41.993193
     ],
     [
      -83.91169,
      41.99361
     ],
     [
      -83.926447,
      41.999746
     ],
     [
      -83.927568,
      42.000162
     ],
     [
      -83.928819,
      42.000398
     ],
     [
      -83.930015,
      42.000509
     ],
     [
      -83.944897,
      42.000073
     ],
     [
      -83.949743,
      42.000092
     ],
     [
      -83.950967,
      41.999663
     ],
     [
      -83.951452,
      41.999066
     ],
     [
      -83.951639,
      41.998413
     ],
     [
      -83.950798,
      41.992485
     ],
     [
      -83.950985,
      41.981322
     ],
     [
      -83.95134,
      41.9806
     ],
     [
      -83.951994,
      41.979919
     ],
     [
      -83.955082,
      41.978466
     ],
     [
      -83.977057,
      41.968742
     ],
     [
      -83.980716,
      41.966965
     ],
     [
      -83.98205,
      41.966167
     ],
     [
      -83.983107,
      41.965357
     ],
     [
      -83.99092,
      41.957523
     ],
     [
      -83.994427,
      41.953822
     ],
     [
      -84.008996,
      41.935829
     ],
     [
      -84.013882,
      41.930002
     ],
     [
      -84.015622,
      41.928672
     ],
     [
      -84.026122,
      41.922823
     ],
     [
      -84.027683,
      41.921613
     ],
     [
      -84.031586,
      41.916917
     ],
     [
      -84.031976,
      41.916167
     ],
     [
      -84.033698,
      41.909562
     ],
     [
      -84.034535,
      41.907103
     ],
     [
      -84.035586,
      41.904692
     ],
     [
      -84.036251,
      41.903638
     ],
     [
      -84.036873,
      41.902983
     ],
     [
      -84.040886,
      41.900699
     ],
     [
      -84.041616,
      41.899949
     ],
     [
      -84.041931,
      41.899225
     ],
     [
      -84.042822,
      41.89854
     ],
     [
      -84.044042,
      41.896153
     ],
     [
      -84.044734,
      41.895537
     ],
     [
      -84.04571,
      41.894915
     ],
     [
      -84.046121,
      41.894315
     ],
     [
      -84.046262,
      41.893967
     ],
     [
      -84.045866,
      41.893176
     ],
     [
      -84.043049,
      41.891301
     ],
     [
      -84.042497,
      41.891058
     ],
     [
      -84.041874,
      41.890963
     ],
     [
      -84.041039,
      41.890974
     ],
     [
      -84.029172,
      41.893708
     ],
     [
      -84.02646,
      41.893643
     ],
     [
      -84.02446,
      41.893297
     ],
     [
      -84.024104,
      41.893338
     ],
     [
      -84.020516,
      41.893737
     ],
     [
      -84.01983,
      41.893453
     ],
     [
      -84.018708,
      41.893196
     ],
     [
      -84.017368,
      41.892114
     ],
     [
      -84.016059,
      41.891853
     ],
     [
      -84.031886,
      41.866749
     ],
     [
      -84.033339,
      41.864832
     ],
     [
      -84.034815,
      41.86361
     ],
     [
      -84.051515,
      41.851357
     ],
     [
      -84.053174,
      41.850422
     ],
     [
      -84.14663,
      41.802968
     ],
     [
      -84.147906,
      41.801765
     ],
     [
      -84.148129,
      41.801118
     ],
     [
      -84.148208,
      41.800186
     ],
     [
      -84.147075,
      41.776174
     ],
     [
      -84.147161,
      41.775233
     ],
     [
      -84.147622,
      41.774108
     ],
     [
      -84.150773,
      41.770759
     ],
     [
      -84.151291,
      41.769854
     ],
     [
      -84.151486,
      41.769069
     ],
     [
      -84.151491,
      41.767378
     ],
     [
      -84.149739,
      41.731991
     ],
     [
      -84.149683,
      41.725657
     ],
     [
      -84.148551,
      41.701358
     ],
     [
      -84.147852,
      41.680621
     ],
     [
      -84.148001,
      41.679687
     ],
     [
      -84.156525,
      41.662529
     ],
     [
      -84.1569,
      41.661595
     ],
     [
      -84.157,
      41.660885
     ],
     [
      -84.15565,
      41.623302
     ],
     [
      -84.15555,
      41.622012
     ],
     [
      -84.1553,
      41.621153
     ],
     [
      -84.153979,
      41.618755
     ],
     [
      -84.153775,
      41.617771
     ],
     [
      -84.153751,
      41.568999
     ],
     [
      -84.1536,
      41.56797
     ],
     [
      -84.153151,
      41.567054
     ],
     [
      -84.14936,
      41.562742
     ],
     [
      -84.148982,
      41.561969
     ],
     [
      -84.148838,
      41.561231
     ],
     [
      -84.148766,
      41.551892
     ],
     [
      -84.148509,
      41.548896
     ],
     [
      -84.147083,
      41.543787
     ],
     [
      -84.146629,
      41.542968
     ],
     [
      -84.144359,
      41.539904
     ],
     [
      -84.144076,
      41.539364
     ],
     [
      -84.143821,
      41.538221
     ],
     [
      -84.143955,
      41.435747
     ],
     [
      -84.143862,
      41.427391
     ],
     [
      -84.143815,
      41.42658
     ],
     [
      -84.143406,
      41.425566
     ],
     [
      -84.142115,
      41.423938
     ],
     [
      -84.141506,
      41.422509
     ],
     [
      -84.141695,
      41.415637
     ],
     [
      -84.141582,
      41.412145
     ],
     [
      -84.141321,
      41.4114
     ],
     [
      -84.140604,
      41.410398
     ],
     [
      -84.139257,
      41.409208
     ],
     [
      -84.126521,
      41.3995
     ],
     [
      -84.123986,
      41.397751
     ],
     [
      -84.122386,
      41.3971
     ],
     [
      -84.121214,
      41.396799
     ],
     [
      -84.112898,
      41.395439
     ],
     [
      -84.104671,
      41.393856
     ],
     [
      -84.10352,
      41.393493
     ],
     [
      -84.103028,
      41.393216
     ],
     [
      -84.100617,
      41.391538
     ],
     [
      -84.093723,
      41.385202
     ],
     [
      -84.080693,
      41.372696
     ],
     [
      -84.076984,
      41.369341
     ],
     [
      -84.073387,
      41.365701
     ],
     [
      -84.063433,
      41.356195
     ],
     [
      -84.060669,
      41.353384
     ],
     [
      -84.055732,
      41.348909
     ],
     [
      -84.034612,
      41.328742
     ],
     [
      -84.033811,
      41.327794
     ],
     [
      -84.033181,
      41.32652
     ],
     [
      -84.032978,
      41.325585
     ],
     [
      -84.032881,
      41.322687
     ],
     [
      -84.031449,
      41.23801
     ],
     [
      -84.031165,
      41.236281
     ],
     [
      -84.029763,
      41.233302
     ],
     [
      -84.029527,
      41.232001
     ],
     [
      -84.029667,
      41.230854
     ],
     [
      -84.031062,
      41.22657
     ],
     [
      -84.031258,
      41.225084
     ],
     [
      -84.030795,
      41.186812
     ],
     [
      -84.030626,
      41.185125
     ],
     [
      -84.029849,
      41.182653
     ],
     [
      -84.029651,
      41.181474
     ],
     [
      -84.029398,
      41.167721
     ],
     [
      -84.029052,
      41.166542
     ],
     [
      -84.028433,
      41.165444
     ],
     [
      -84.000863,
      41.123498
     ],
     [
      -83.999699,
      41.121523
     ],
     [
      -83.994555,
      41.108433
     ],
     [
      -83.994084,
      41.10681
     ],
     [
      -83.993983,
      41.085825
     ],
     [
      -83.994141,
      41.084997
     ],
     [
      -83.994768,
      41.083871
     ],
     [
      -84.028083,
      41.039837
     ],
     [
      -84.029492,
      41.037526
     ],
     [
      -84.03393,
      41.031615
     ],
     [
      -84.034374,
      41.030617
     ],
     [
      -84.034516,
      41.029689
     ],
     [
      -84.034525,
      41.018448
     ],
     [
      -84.035598,
      41.015118
     ],
     [
      -84.035334,
      41.013827
     ],
     [
      -84.034092,
      41.012009
     ],
     [
      -84.033773,
      41.011239
     ],
     [
      -84.033738,
      41.010208
     ],
     [
      -84.034106,
      41.008898
     ],
     [
      -84.034784,
      41.007673
     ],
     [
      -84.035835,
      41.006524
     ],
     [
      -84.049121,
      40.995767
     ],
     [
      -84.049722,
      40.995
     ],
     [
      -84.050152,
      40.994149
     ],
     [
      -84.050533,
      40.991933
     ],
     [
      -84.051216,
      40.99141
     ],
     [
      -84.05924,
      40.921381
     ],
     [
      -84.059462,
      40.920399
     ],
     [
      -84.060111,
      40.91934
     ],
     [
      -84.062238,
      40.917372
     ],
     [
      -84.06282,
      40.916618
     ],
     [
      -84.063086,
      40.916061
     ],
     [
      -84.063487,
      40.914405
     ],
     [
      -84.063433,
      40.913603
     ],
     [
      -84.06324,
      40.913133
     ],
     [
      -84.061545,
      40.910376
     ],
     [
      -84.061459,
      40.909857
     ],
     [
      -84.080278,
      40.836096
     ],
     [
      -84.080149,
      40.834266
     ],
     [
      -84.080242,
      40.833234
     ],
     [
      -84.079999,
      40.831538
     ],
     [
      -84.08013,
      40.829729
     ],
     [
      -84.080672,
      40.828372
     ],
     [
      -84.082035,
      40.826605
     ],
     [
      -84.082334,
      40.825983
     ],
     [
      -84.089283,
      40.798937
     ],
     [
      -84.089524,
      40.798801
     ],
     [
      -84.089786,
      40.797292
     ],
     [
      -84.08986,
      40.78285
     ],
     [
      -84.090316,
      40.780363
     ],
     [
      -84.090281,
      40.768567
     ],
     [
      -84.089827,
      40.765918
     ],
     [
      -84.089774,
      40.764171
     ],
     [
      -84.08938,
      40.762359
     ],
     [
      -84.089261,
      40.750872
     ],
     [
      -84.089347,
      40.741478
     ],
     [
      -84.089538,
      40.737595
     ],
     [
      -84.089399,
      40.734496
     ]
    ]
   }
  },
  {
   "type": "Feature",
   "properties": {
    "company": "Ohio Southern Railroad",
    "line": "Ohio Southern: Springfield – Jackson",
    "id": "ohs-springfield-jackson",
    "color": "#5C7A3A",
    "mode": "intercity_rail",
    "avg_speed_kmh": 35,
    "speed_source": "estimated; not computed from a real timetable (Rule 3)",
    "geometry_source": "OpenStreetMap via Overpass (mail.ru mirror, cached degree tiles) plus OpenHistoricalMap (CC0) for lifted grades, traced with opstrace.py: Dijkstra over all railway ways, ways tagged old_railway_operator=DT&I (or OHM ways named for the DT&I or a predecessor) costed 1x, untagged 1.25x, OHM ways named for a successor 2x, cycleways 3x and any other named operator 12x; waypoints from the research report's via lists, each leg confined to a corridor round its own chord, and a leg longer than 1.6x its chord rejected in favour of a labelled straight line. Jackson - Bloom Junction was traced separately with the B&O as the preferred operator, because the DT&I ran it as trackage over the B&O Portsmouth Branch.",
    "geometry_quality": "Shares the DT&I Springfield - Jackson geometry: 111.5 mi, all on DT&I-tagged OSM track, against 111.6 mi documented (Fowler-OH). No straight-line leg. This is the DT&I-era alignment; the line was built 1876-78 as the narrow-gauge Springfield, Jackson & Pomeroy and standard-gauged by 1880, so local deviations of the 1884-1896 line from the later one are possible but not established.",
    "segments": [
     {
      "start": 1884,
      "end": 1896,
      "headway_min": 720,
      "note": "Ohio Southern Railroad (renamed from the Springfield Southern 23 May 1881; receivership 1895-98; Ohio Southern Railway 1898-1901; to the Detroit Southern 1 June 1901). BOTH ENDS ARE OPEN: 1884 (Fowler 'Simpson's q' = 1884 Guide) and 1896 (many stops 'z' = 1896 Guide) are the first and last CONFIRMED years. The line opened c.1878 and the company ran to 1901, but the SJ&P and Springfield Southern years have no cleanly attributable passenger year and are not drawn. Do not widen without evidence. Headway and avg_speed_kmh are estimates and are NOT sourced.",
      "sources": [
       "Segment-level: Fowler-OH line 135 year letters (1884 and 1896 Guides; also Gravel Pit and Minahans Bend 1887G, Island Grove 1893). Headway and avg_speed_kmh are estimates and are NOT sourced.",
       "https://branchline.uk/jfpdf/ohiorrs3.pdf (John Fowler, Ohio passenger stations, DT&I lines 135-138: year letters z=1896 Guide, a=1910 timetable, w=1915 working timetable, x=1858 Dinsmore, y=1875 Guide, q=1884 Guide)",
       "https://en.wikipedia.org/wiki/Ohio_Southern_Railroad_(1881%E2%80%931898)"
      ]
     }
    ]
   },
   "geometry": {
    "type": "LineString",
    "coordinates": [
     [
      -83.811674,
      39.928344
     ],
     [
      -83.809976,
      39.928638
     ],
     [
      -83.809168,
      39.928588
     ],
     [
      -83.806979,
      39.927732
     ],
     [
      -83.806003,
      39.927599
     ],
     [
      -83.798513,
      39.927969
     ],
     [
      -83.797633,
      39.928161
     ],
     [
      -83.796657,
      39.928634
     ],
     [
      -83.795863,
      39.929448
     ],
     [
      -83.791507,
      39.93539
     ],
     [
      -83.790488,
      39.936104
     ],
     [
      -83.789493,
      39.936394
     ],
     [
      -83.788024,
      39.936376
     ],
     [
      -83.775735,
      39.93491
     ],
     [
      -83.774505,
      39.934971
     ],
     [
      -83.770186,
      39.935709
     ],
     [
      -83.768136,
      39.935735
     ],
     [
      -83.765927,
      39.935302
     ],
     [
      -83.764075,
      39.934499
     ],
     [
      -83.762805,
      39.933562
     ],
     [
      -83.761837,
      39.932473
     ],
     [
      -83.761108,
      39.931031
     ],
     [
      -83.760877,
      39.929639
     ],
     [
      -83.761008,
      39.928294
     ],
     [
      -83.766424,
      39.900915
     ],
     [
      -83.765792,
      39.892013
     ],
     [
      -83.765303,
      39.89071
     ],
     [
      -83.76451,
      39.889781
     ],
     [
      -83.763449,
      39.88908
     ],
     [
      -83.762619,
      39.888761
     ],
     [
      -83.761546,
      39.888531
     ],
     [
      -83.709182,
      39.881327
     ],
     [
      -83.707137,
      39.880866
     ],
     [
      -83.705821,
      39.880389
     ],
     [
      -83.703779,
      39.879137
     ],
     [
      -83.69488,
      39.8721
     ],
     [
      -83.691924,
      39.869575
     ],
     [
      -83.690895,
      39.86806
     ],
     [
      -83.687939,
      39.861505
     ],
     [
      -83.68671,
      39.86033
     ],
     [
      -83.665128,
      39.8444
     ],
     [
      -83.643904,
      39.829754
     ],
     [
      -83.641832,
      39.828184
     ],
     [
      -83.640544,
      39.826558
     ],
     [
      -83.630941,
      39.809823
     ],
     [
      -83.629815,
      39.807527
     ],
     [
      -83.608608,
      39.75504
     ],
     [
      -83.608348,
      39.753699
     ],
     [
      -83.608337,
      39.752698
     ],
     [
      -83.609547,
      39.739006
     ],
     [
      -83.60946,
      39.736837
     ],
     [
      -83.603286,
      39.715531
     ],
     [
      -83.602308,
      39.713811
     ],
     [
      -83.599228,
      39.710116
     ],
     [
      -83.59842,
      39.708928
     ],
     [
      -83.593059,
      39.690858
     ],
     [
      -83.592047,
      39.689562
     ],
     [
      -83.586865,
      39.684485
     ],
     [
      -83.559686,
      39.653521
     ],
     [
      -83.538053,
      39.634034
     ],
     [
      -83.537209,
      39.633074
     ],
     [
      -83.536145,
      39.631106
     ],
     [
      -83.527423,
      39.600065
     ],
     [
      -83.52657,
      39.598106
     ],
     [
      -83.524928,
      39.59568
     ],
     [
      -83.522686,
      39.593427
     ],
     [
      -83.515579,
      39.587919
     ],
     [
      -83.514907,
      39.587067
     ],
     [
      -83.50831,
      39.576746
     ],
     [
      -83.50756,
      39.57597
     ],
     [
      -83.503732,
      39.573183
     ],
     [
      -83.476877,
      39.555532
     ],
     [
      -83.475396,
      39.55479
     ],
     [
      -83.459955,
      39.549316
     ],
     [
      -83.458069,
      39.548166
     ],
     [
      -83.454622,
      39.545237
     ],
     [
      -83.450023,
      39.543221
     ],
     [
      -83.449245,
      39.542683
     ],
     [
      -83.448178,
      39.541691
     ],
     [
      -83.445399,
      39.537155
     ],
     [
      -83.44103,
      39.533252
     ],
     [
      -83.437638,
      39.529664
     ],
     [
      -83.436359,
      39.52853
     ],
     [
      -83.4275,
      39.521697
     ],
     [
      -83.412674,
      39.510661
     ],
     [
      -83.410943,
      39.509596
     ],
     [
      -83.385885,
      39.497925
     ],
     [
      -83.3851,
      39.497444
     ],
     [
      -83.384397,
      39.496588
     ],
     [
      -83.369135,
      39.475808
     ],
     [
      -83.368594,
      39.474409
     ],
     [
      -83.364264,
      39.459452
     ],
     [
      -83.363939,
      39.4573
     ],
     [
      -83.363994,
      39.455733
     ],
     [
      -83.364426,
      39.454082
     ],
     [
      -83.367376,
      39.44493
     ],
     [
      -83.368107,
      39.442276
     ],
     [
      -83.368134,
      39.440416
     ],
     [
      -83.367863,
      39.437511
     ],
     [
      -83.367971,
      39.436759
     ],
     [
      -83.368431,
      39.435672
     ],
     [
      -83.373113,
      39.428127
     ],
     [
      -83.378092,
      39.42056
     ],
     [
      -83.378444,
      39.419661
     ],
     [
      -83.378281,
      39.414791
     ],
     [
      -83.378335,
      39.410923
     ],
     [
      -83.379012,
      39.400364
     ],
     [
      -83.379363,
      39.398524
     ],
     [
      -83.381312,
      39.392418
     ],
     [
      -83.381548,
      39.390904
     ],
     [
      -83.379874,
      39.384435
     ],
     [
      -83.379476,
      39.383724
     ],
     [
      -83.375785,
      39.379301
     ],
     [
      -83.374331,
      39.369277
     ],
     [
      -83.37455,
      39.368057
     ],
     [
      -83.376567,
      39.364801
     ],
     [
      -83.377679,
      39.362095
     ],
     [
      -83.379959,
      39.358568
     ],
     [
      -83.380566,
      39.356384
     ],
     [
      -83.380512,
      39.355787
     ],
     [
      -83.380244,
      39.355264
     ],
     [
      -83.379707,
      39.354775
     ],
     [
      -83.376875,
      39.353132
     ],
     [
      -83.375705,
      39.352319
     ],
     [
      -83.36989,
      39.347308
     ],
     [
      -83.369354,
      39.346005
     ],
     [
      -83.36944,
      39.345458
     ],
     [
      -83.370116,
      39.344188
     ],
     [
      -83.370191,
      39.34374
     ],
     [
      -83.369812,
      39.341414
     ],
     [
      -83.369247,
      39.34041
     ],
     [
      -83.368396,
      39.33938
     ],
     [
      -83.359071,
      39.329706
     ],
     [
      -83.358357,
      39.328709
     ],
     [
      -83.357506,
      39.327074
     ],
     [
      -83.354473,
      39.32065
     ],
     [
      -83.353675,
      39.319552
     ],
     [
      -83.352491,
      39.318751
     ],
     [
      -83.35051,
      39.317996
     ],
     [
      -83.346842,
      39.317035
     ],
     [
      -83.345718,
      39.316591
     ],
     [
      -83.344965,
      39.316057
     ],
     [
      -83.344505,
      39.31549
     ],
     [
      -83.343878,
      39.313905
     ],
     [
      -83.340657,
      39.301444
     ],
     [
      -83.340615,
      39.300764
     ],
     [
      -83.340992,
      39.298288
     ],
     [
      -83.339674,
      39.290292
     ],
     [
      -83.339486,
      39.289693
     ],
     [
      -83.337039,
      39.286407
     ],
     [
      -83.336432,
      39.285873
     ],
     [
      -83.335658,
      39.285549
     ],
     [
      -83.33478,
      39.285404
     ],
     [
      -83.327899,
      39.285226
     ],
     [
      -83.326142,
      39.285258
     ],
     [
      -83.32267,
      39.285582
     ],
     [
      -83.321102,
      39.285517
     ],
     [
      -83.319742,
      39.285242
     ],
     [
      -83.318759,
      39.284886
     ],
     [
      -83.317881,
      39.284384
     ],
     [
      -83.316751,
      39.283056
     ],
     [
      -83.310414,
      39.271383
     ],
     [
      -83.310122,
      39.270542
     ],
     [
      -83.309933,
      39.268793
     ],
     [
      -83.30962,
      39.267854
     ],
     [
      -83.306106,
      39.262753
     ],
     [
      -83.305353,
      39.261992
     ],
     [
      -83.291675,
      39.252146
     ],
     [
      -83.290044,
      39.251433
     ],
     [
      -83.286091,
      39.250397
     ],
     [
      -83.285066,
      39.249959
     ],
     [
      -83.284229,
      39.249376
     ],
     [
      -83.283811,
      39.248728
     ],
     [
      -83.282828,
      39.246412
     ],
     [
      -83.28241,
      39.245797
     ],
     [
      -83.281113,
      39.244841
     ],
     [
      -83.280632,
      39.244242
     ],
     [
      -83.279607,
      39.241521
     ],
     [
      -83.278603,
      39.235106
     ],
     [
      -83.278352,
      39.234361
     ],
     [
      -83.277913,
      39.233697
     ],
     [
      -83.277181,
      39.233032
     ],
     [
      -83.276261,
      39.232579
     ],
     [
      -83.275194,
      39.23232
     ],
     [
      -83.264632,
      39.230116
     ],
     [
      -83.261432,
      39.229954
     ],
     [
      -83.260136,
      39.2301
     ],
     [
      -83.258588,
      39.230424
     ],
     [
      -83.247378,
      39.233939
     ],
     [
      -83.214186,
      39.244598
     ],
     [
      -83.212639,
      39.245019
     ],
     [
      -83.210401,
      39.245408
     ],
     [
      -83.20764,
      39.245635
     ],
     [
      -83.205883,
      39.245602
     ],
     [
      -83.203855,
      39.245424
     ],
     [
      -83.201847,
      39.245019
     ],
     [
      -83.199881,
      39.244469
     ],
     [
      -83.198271,
      39.243869
     ],
     [
      -83.170538,
      39.23057
     ],
     [
      -83.169931,
      39.229971
     ],
     [
      -83.167359,
      39.226601
     ],
     [
      -83.167066,
      39.226001
     ],
     [
      -83.167275,
      39.223944
     ],
     [
      -83.167108,
      39.223425
     ],
     [
      -83.16669,
      39.223101
     ],
     [
      -83.166146,
      39.22289
     ],
     [
      -83.165497,
      39.222907
     ],
     [
      -83.164954,
      39.223166
     ],
     [
      -83.163782,
      39.224349
     ],
     [
      -83.163155,
      39.224802
     ],
     [
      -83.162486,
      39.224997
     ],
     [
      -83.161231,
      39.22477
     ],
     [
      -83.160583,
      39.224332
     ],
     [
      -83.159056,
      39.222291
     ],
     [
      -83.15847,
      39.220703
     ],
     [
      -83.157341,
      39.217138
     ],
     [
      -83.157194,
      39.216118
     ],
     [
      -83.157278,
      39.214222
     ],
     [
      -83.157132,
      39.213573
     ],
     [
      -83.155647,
      39.211256
     ],
     [
      -83.154894,
      39.209619
     ],
     [
      -83.154454,
      39.209198
     ],
     [
      -83.153764,
      39.209004
     ],
     [
      -83.152949,
      39.209101
     ],
     [
      -83.152363,
      39.209376
     ],
     [
      -83.152175,
      39.209798
     ],
     [
      -83.152384,
      39.210608
     ],
     [
      -83.153095,
      39.211208
     ],
     [
      -83.153534,
      39.211807
     ],
     [
      -83.153911,
      39.212877
     ],
     [
      -83.153953,
      39.213865
     ],
     [
      -83.153513,
      39.215777
     ],
     [
      -83.153158,
      39.216312
     ],
     [
      -83.152217,
      39.217203
     ],
     [
      -83.152091,
      39.21756
     ],
     [
      -83.152269,
      39.218456
     ],
     [
      -83.153518,
      39.21946
     ],
     [
      -83.153832,
      39.219994
     ],
     [
      -83.154026,
      39.222164
     ],
     [
      -83.153702,
      39.222745
     ],
     [
      -83.1532,
      39.223198
     ],
     [
      -83.152698,
      39.223295
     ],
     [
      -83.151736,
      39.223101
     ],
     [
      -83.151025,
      39.222712
     ],
     [
      -83.149874,
      39.221205
     ],
     [
      -83.149038,
      39.220525
     ],
     [
      -83.148034,
      39.21999
     ],
     [
      -83.146507,
      39.219617
     ],
     [
      -83.144144,
      39.218402
     ],
     [
      -83.143663,
      39.217867
     ],
     [
      -83.143474,
      39.217154
     ],
     [
      -83.143202,
      39.216733
     ],
     [
      -83.142429,
      39.216474
     ],
     [
      -83.141467,
      39.216328
     ],
     [
      -83.141027,
      39.216069
     ],
     [
      -83.139459,
      39.212941
     ],
     [
      -83.13697,
      39.211062
     ],
     [
      -83.136112,
      39.210705
     ],
     [
      -83.135129,
      39.210576
     ],
     [
      -83.133352,
      39.21111
     ],
     [
      -83.132536,
      39.211694
     ],
     [
      -83.13149,
      39.21333
     ],
     [
      -83.130382,
      39.214222
     ],
     [
      -83.12919,
      39.214578
     ],
     [
      -83.127977,
      39.215226
     ],
     [
      -83.127307,
      39.215453
     ],
     [
      -83.125697,
      39.215729
     ],
     [
      -83.124986,
      39.21602
     ],
     [
      -83.124379,
      39.216474
     ],
     [
      -83.12348,
      39.217835
     ],
     [
      -83.12302,
      39.218175
     ],
     [
      -83.122371,
      39.218418
     ],
     [
      -83.121765,
      39.218321
     ],
     [
      -83.120406,
      39.217754
     ],
     [
      -83.119381,
      39.217495
     ],
     [
      -83.117896,
      39.21743
     ],
     [
      -83.116745,
      39.217624
     ],
     [
      -83.113525,
      39.218872
     ],
     [
      -83.112876,
      39.219229
     ],
     [
      -83.110283,
      39.221854
     ],
     [
      -83.109635,
      39.222194
     ],
     [
      -83.109133,
      39.222275
     ],
     [
      -83.108401,
      39.222064
     ],
     [
      -83.107773,
      39.221432
     ],
     [
      -83.107062,
      39.221076
     ],
     [
      -83.10633,
      39.220946
     ],
     [
      -83.102126,
      39.221594
     ],
     [
      -83.101332,
      39.221546
     ],
     [
      -83.10039,
      39.221254
     ],
     [
      -83.098968,
      39.220233
     ],
     [
      -83.096584,
      39.216523
     ],
     [
      -83.095977,
      39.215793
     ],
     [
      -83.095015,
      39.215178
     ],
     [
      -83.091983,
      39.214351
     ],
     [
      -83.08621,
      39.21333
     ],
     [
      -83.084328,
      39.212731
     ],
     [
      -83.083491,
      39.212277
     ],
     [
      -83.082257,
      39.211224
     ],
     [
      -83.080982,
      39.209862
     ],
     [
      -83.078451,
      39.206022
     ],
     [
      -83.077886,
      39.205584
     ],
     [
      -83.076276,
      39.205163
     ],
     [
      -83.075167,
      39.204725
     ],
     [
      -83.071884,
      39.202537
     ],
     [
      -83.070796,
      39.202019
     ],
     [
      -83.06379,
      39.200171
     ],
     [
      -83.062514,
      39.199669
     ],
     [
      -83.060883,
      39.198826
     ],
     [
      -83.058645,
      39.196816
     ],
     [
      -83.055905,
      39.192877
     ],
     [
      -83.05511,
      39.192083
     ],
     [
      -83.051367,
      39.189311
     ],
     [
      -83.050216,
      39.188695
     ],
     [
      -83.048794,
      39.187398
     ],
     [
      -83.046891,
      39.186312
     ],
     [
      -83.045866,
      39.185404
     ],
     [
      -83.044318,
      39.18367
     ],
     [
      -83.040951,
      39.178806
     ],
     [
      -83.036057,
      39.174639
     ],
     [
      -83.03543,
      39.173975
     ],
     [
      -83.034719,
      39.172289
     ],
     [
      -83.034405,
      39.171851
     ],
     [
      -83.031958,
      39.170699
     ],
     [
      -83.031163,
      39.170035
     ],
     [
      -83.030661,
      39.169208
     ],
     [
      -83.030368,
      39.167992
     ],
     [
      -83.030285,
      39.166792
     ],
     [
      -83.030766,
      39.164051
     ],
     [
      -83.030703,
      39.162997
     ],
     [
      -83.030348,
      39.161797
     ],
     [
      -83.029971,
      39.161132
     ],
     [
      -83.028716,
      39.159576
     ],
     [
      -83.027879,
      39.159073
     ],
     [
      -83.026792,
      39.158765
     ],
     [
      -83.022881,
      39.157954
     ],
     [
      -83.019242,
      39.157013
     ],
     [
      -83.014348,
      39.154694
     ],
     [
      -83.013741,
      39.154175
     ],
     [
      -83.012737,
      39.152878
     ],
     [
      -83.012089,
      39.151905
     ],
     [
      -83.011336,
      39.150218
     ],
     [
      -83.010813,
      39.149537
     ],
     [
      -83.008324,
      39.147996
     ],
     [
      -83.006902,
      39.146325
     ],
     [
      -83.004936,
      39.144638
     ],
     [
      -83.003138,
      39.14347
     ],
     [
      -83.000168,
      39.142238
     ],
     [
      -82.997072,
      39.140031
     ],
     [
      -82.996152,
      39.139512
     ],
     [
      -82.992827,
      39.138263
     ],
     [
      -82.991049,
      39.137112
     ],
     [
      -82.990275,
      39.136414
     ],
     [
      -82.989878,
      39.135781
     ],
     [
      -82.989564,
      39.133283
     ],
     [
      -82.988707,
      39.130817
     ],
     [
      -82.988497,
      39.129633
     ],
     [
      -82.988644,
      39.128692
     ],
     [
      -82.98902,
      39.127718
     ],
     [
      -82.990422,
      39.124798
     ],
     [
      -82.990589,
      39.1241
     ],
     [
      -82.990484,
      39.123484
     ],
     [
      -82.985401,
      39.11616
     ],
     [
      -82.984264,
      39.115128
     ],
     [
      -82.982998,
      39.114512
     ],
     [
      -82.981024,
      39.113913
     ],
     [
      -82.978868,
      39.113694
     ],
     [
      -82.977451,
      39.113358
     ],
     [
      -82.976657,
      39.112928
     ],
     [
      -82.976274,
      39.112544
     ],
     [
      -82.973049,
      39.105493
     ],
     [
      -82.970775,
      39.102688
     ],
     [
      -82.97015,
      39.101391
     ],
     [
      -82.970118,
      39.10068
     ],
     [
      -82.970288,
      39.100052
     ],
     [
      -82.971081,
      39.098847
     ],
     [
      -82.973797,
      39.095734
     ],
     [
      -82.973944,
      39.095399
     ],
     [
      -82.973997,
      39.09444
     ],
     [
      -82.973667,
      39.093886
     ],
     [
      -82.972953,
      39.09329
     ],
     [
      -82.967137,
      39.090711
     ],
     [
      -82.966399,
      39.090345
     ],
     [
      -82.96576,
      39.089766
     ],
     [
      -82.961521,
      39.083648
     ],
     [
      -82.961244,
      39.083069
     ],
     [
      -82.961286,
      39.080539
     ],
     [
      -82.961073,
      39.078835
     ],
     [
      -82.960626,
      39.077247
     ],
     [
      -82.95988,
      39.075709
     ],
     [
      -82.959092,
      39.074287
     ],
     [
      -82.957984,
      39.072814
     ],
     [
      -82.956024,
      39.07078
     ],
     [
      -82.953339,
      39.068927
     ],
     [
      -82.913379,
      39.048212
     ],
     [
      -82.91134,
      39.047292
     ],
     [
      -82.905781,
      39.045139
     ],
     [
      -82.903358,
      39.044354
     ],
     [
      -82.901023,
      39.043813
     ],
     [
      -82.886994,
      39.041674
     ],
     [
      -82.885582,
      39.041349
     ],
     [
      -82.877008,
      39.037627
     ],
     [
      -82.861706,
      39.033349
     ],
     [
      -82.859824,
      39.032496
     ],
     [
      -82.856286,
      39.030276
     ],
     [
      -82.855519,
      39.029938
     ],
     [
      -82.761787,
      39.008726
     ],
     [
      -82.760411,
      39.008481
     ],
     [
      -82.758989,
      39.008385
     ],
     [
      -82.75674,
      39.008513
     ],
     [
      -82.754276,
      39.009028
     ],
     [
      -82.752771,
      39.009535
     ],
     [
      -82.751064,
      39.010394
     ],
     [
      -82.749686,
      39.011352
     ],
     [
      -82.748528,
      39.01256
     ],
     [
      -82.747592,
      39.014041
     ],
     [
      -82.746753,
      39.016316
     ],
     [
      -82.746421,
      39.019677
     ],
     [
      -82.745762,
      39.030553
     ],
     [
      -82.745299,
      39.032591
     ],
     [
      -82.744697,
      39.033911
     ],
     [
      -82.7408,
      39.040065
     ],
     [
      -82.73955,
      39.04149
     ],
     [
      -82.737916,
      39.042956
     ],
     [
      -82.727514,
      39.050354
     ],
     [
      -82.723502,
      39.052581
     ],
     [
      -82.719141,
      39.054461
     ],
     [
      -82.715556,
      39.055617
     ],
     [
      -82.712268,
      39.056414
     ],
     [
      -82.698579,
      39.058957
     ],
     [
      -82.692199,
      39.059982
     ],
     [
      -82.688677,
      39.0602
     ],
     [
      -82.668659,
      39.060689
     ],
     [
      -82.665988,
      39.060573
     ],
     [
      -82.662603,
      39.060236
     ],
     [
      -82.657136,
      39.059356
     ],
     [
      -82.640002,
      39.055957
     ],
     [
      -82.637979,
      39.055301
     ],
     [
      -82.635963,
      39.054151
     ],
     [
      -82.6332,
      39.0513
     ]
    ]
   }
  },
  {
   "type": "Feature",
   "properties": {
    "company": "Ohio Southern Railroad",
    "line": "Ohio Southern: Lima – Springfield",
    "id": "ohs-lima-springfield",
    "color": "#5C7A3A",
    "mode": "intercity_rail",
    "avg_speed_kmh": 35,
    "speed_source": "estimated; not computed from a real timetable (Rule 3)",
    "geometry_source": "OpenStreetMap via Overpass (mail.ru mirror, cached degree tiles) plus OpenHistoricalMap (CC0) for lifted grades, traced with opstrace.py: Dijkstra over all railway ways, ways tagged old_railway_operator=DT&I (or OHM ways named for the DT&I or a predecessor) costed 1x, untagged 1.25x, OHM ways named for a successor 2x, cycleways 3x and any other named operator 12x; waypoints from the research report's via lists, each leg confined to a corridor round its own chord, and a leg longer than 1.6x its chord rejected in favour of a labelled straight line. Jackson - Bloom Junction was traced separately with the B&O as the preferred operator, because the DT&I ran it as trackage over the B&O Portsmouth Branch.",
    "geometry_quality": "Shares the DT&I Lima - Springfield geometry: 62.4 mi, all on DT&I-tagged OSM track, against 62.8 mi documented. No straight-line leg.",
    "segments": [
     {
      "start": 1896,
      "end": 1896,
      "headway_min": 720,
      "note": "ANCHOR: one single proven year. The Lima extension was completed Dec 1893 (WP-OS) and Fowler dates Lima 1st, Uniopolis, St. John's, Geyers, Jackson Center, Maplewood, Quincy, Rosewood, St. Paris, Thackery and Tremont City to the 1896 Guide ('z'). Service certainly ran wider both ways (1894-1901), but no other year is confirmed. Never widen an anchor to look plausible. Headway and avg_speed_kmh are estimates and are NOT sourced.",
      "sources": [
       "Segment-level: Fowler-OH line 135 'z' letters (1896 Guide). Headway and avg_speed_kmh are estimates and are NOT sourced.",
       "https://branchline.uk/jfpdf/ohiorrs3.pdf (John Fowler, Ohio passenger stations, DT&I lines 135-138: year letters z=1896 Guide, a=1910 timetable, w=1915 working timetable, x=1858 Dinsmore, y=1875 Guide, q=1884 Guide)",
       "https://en.wikipedia.org/wiki/Ohio_Southern_Railroad_(1881%E2%80%931898)"
      ]
     }
    ]
   },
   "geometry": {
    "type": "LineString",
    "coordinates": [
     [
      -84.089399,
      40.734496
     ],
     [
      -84.088872,
      40.733569
     ],
     [
      -84.086773,
      40.732037
     ],
     [
      -84.086191,
      40.731137
     ],
     [
      -84.086144,
      40.723256
     ],
     [
      -84.085267,
      40.718991
     ],
     [
      -84.085096,
      40.717321
     ],
     [
      -84.085135,
      40.698608
     ],
     [
      -84.084502,
      40.635779
     ],
     [
      -84.084869,
      40.630255
     ],
     [
      -84.08472,
      40.599078
     ],
     [
      -84.084364,
      40.597428
     ],
     [
      -84.079528,
      40.58365
     ],
     [
      -84.079108,
      40.582104
     ],
     [
      -84.07891,
      40.579854
     ],
     [
      -84.078796,
      40.55043
     ],
     [
      -84.07858,
      40.548136
     ],
     [
      -84.078007,
      40.545411
     ],
     [
      -84.076551,
      40.541271
     ],
     [
      -84.039084,
      40.449453
     ],
     [
      -84.038527,
      40.447211
     ],
     [
      -84.024422,
      40.37672
     ],
     [
      -84.024109,
      40.375833
     ],
     [
      -84.023292,
      40.374435
     ],
     [
      -83.974935,
      40.315802
     ],
     [
      -83.973854,
      40.314096
     ],
     [
      -83.973385,
      40.312267
     ],
     [
      -83.97341,
      40.310897
     ],
     [
      -83.973983,
      40.30868
     ],
     [
      -83.975324,
      40.305051
     ],
     [
      -83.975464,
      40.303233
     ],
     [
      -83.975154,
      40.301962
     ],
     [
      -83.974283,
      40.30035
     ],
     [
      -83.971597,
      40.297134
     ],
     [
      -83.970939,
      40.296135
     ],
     [
      -83.970489,
      40.295051
     ],
     [
      -83.969977,
      40.291657
     ],
     [
      -83.96954,
      40.290456
     ],
     [
      -83.968888,
      40.289327
     ],
     [
      -83.966432,
      40.28662
     ],
     [
      -83.964992,
      40.284551
     ],
     [
      -83.964446,
      40.283356
     ],
     [
      -83.963851,
      40.280852
     ],
     [
      -83.963823,
      40.279527
     ],
     [
      -83.968284,
      40.234582
     ],
     [
      -83.968254,
      40.232789
     ],
     [
      -83.967617,
      40.230962
     ],
     [
      -83.945374,
      40.187902
     ],
     [
      -83.944441,
      40.185943
     ],
     [
      -83.944097,
      40.18464
     ],
     [
      -83.943636,
      40.180648
     ],
     [
      -83.943035,
      40.178361
     ],
     [
      -83.941201,
      40.175836
     ],
     [
      -83.939859,
      40.174328
     ],
     [
      -83.939183,
      40.173049
     ],
     [
      -83.938964,
      40.172267
     ],
     [
      -83.938787,
      40.170319
     ],
     [
      -83.939033,
      40.168999
     ],
     [
      -83.939634,
      40.167614
     ],
     [
      -83.940456,
      40.166466
     ],
     [
      -83.941222,
      40.165679
     ],
     [
      -83.945685,
      40.162333
     ],
     [
      -83.947799,
      40.160046
     ],
     [
      -83.948958,
      40.158226
     ],
     [
      -83.949998,
      40.155224
     ],
     [
      -83.950154,
      40.153054
     ],
     [
      -83.949943,
      40.151154
     ],
     [
      -83.949179,
      40.148791
     ],
     [
      -83.947958,
      40.145826
     ],
     [
      -83.947761,
      40.144186
     ],
     [
      -83.953416,
      40.088353
     ],
     [
      -83.953369,
      40.086472
     ],
     [
      -83.952923,
      40.084744
     ],
     [
      -83.952091,
      40.083053
     ],
     [
      -83.951281,
      40.081938
     ],
     [
      -83.950155,
      40.080783
     ],
     [
      -83.94923,
      40.080042
     ],
     [
      -83.9263,
      40.066025
     ],
     [
      -83.925079,
      40.065053
     ],
     [
      -83.924304,
      40.064216
     ],
     [
      -83.923362,
      40.062717
     ],
     [
      -83.92284,
      40.060983
     ],
     [
      -83.922689,
      40.058664
     ],
     [
      -83.922383,
      40.057307
     ],
     [
      -83.921782,
      40.056039
     ],
     [
      -83.920872,
      40.054825
     ],
     [
      -83.919003,
      40.053282
     ],
     [
      -83.913661,
      40.050282
     ],
     [
      -83.912365,
      40.049338
     ],
     [
      -83.890334,
      40.027158
     ],
     [
      -83.888821,
      40.025726
     ],
     [
      -83.886903,
      40.024316
     ],
     [
      -83.885344,
      40.023407
     ],
     [
      -83.88347,
      40.022536
     ],
     [
      -83.867269,
      40.01678
     ],
     [
      -83.86491,
      40.016175
     ],
     [
      -83.855533,
      40.014686
     ],
     [
      -83.853675,
      40.014183
     ],
     [
      -83.851754,
      40.013334
     ],
     [
      -83.847999,
      40.011217
     ],
     [
      -83.846847,
      40.010688
     ],
     [
      -83.838406,
      40.008386
     ],
     [
      -83.837152,
      40.007933
     ],
     [
      -83.836069,
      40.007333
     ],
     [
      -83.834791,
      40.006245
     ],
     [
      -83.834137,
      40.005392
     ],
     [
      -83.833587,
      40.004194
     ],
     [
      -83.833382,
      40.002887
     ],
     [
      -83.833522,
      40.001695
     ],
     [
      -83.847793,
      39.937944
     ],
     [
      -83.847761,
      39.936998
     ],
     [
      -83.847404,
      39.936257
     ],
     [
      -83.846697,
      39.93557
     ],
     [
      -83.845231,
      39.934979
     ],
     [
      -83.832983,
      39.934238
     ],
     [
      -83.823751,
      39.933043
     ],
     [
      -83.819989,
      39.93308
     ],
     [
      -83.819139,
      39.932981
     ],
     [
      -83.818039,
      39.932414
     ],
     [
      -83.814744,
      39.929238
     ],
     [
      -83.814084,
      39.928748
     ],
     [
      -83.81283,
      39.928333
     ],
     [
      -83.811674,
      39.928344
     ]
    ]
   }
  },
  {
   "type": "Feature",
   "properties": {
    "company": "Ohio Southern Railroad",
    "line": "Ohio Southern: Wellston Branch (Jackson – Cornelia)",
    "id": "ohs-jackson-cornelia",
    "color": "#5C7A3A",
    "mode": "intercity_rail",
    "avg_speed_kmh": 30,
    "speed_source": "estimated; not computed from a real timetable (Rule 3)",
    "geometry_source": "OpenStreetMap via Overpass (mail.ru mirror, cached degree tiles) plus OpenHistoricalMap (CC0) for lifted grades, traced with opstrace.py: Dijkstra over all railway ways, ways tagged old_railway_operator=DT&I (or OHM ways named for the DT&I or a predecessor) costed 1x, untagged 1.25x, OHM ways named for a successor 2x, cycleways 3x and any other named operator 12x; waypoints from the research report's via lists, each leg confined to a corridor round its own chord, and a leg longer than 1.6x its chord rejected in favour of a labelled straight line. Jackson - Bloom Junction was traced separately with the B&O as the preferred operator, because the DT&I ran it as trackage over the B&O Portsmouth Branch.",
    "geometry_quality": "Traced from OpenStreetMap and OpenHistoricalMap: 19.2 mi against 20 mi documented (Fowler-OH line 138). Wellston - Cornelia, 8.6 mi, is on OSM's lifted DT&I-tagged grade; Jackson - Coalton 3.3 mi and Glen Roy - Wellston 1.0 mi on untagged OHM grade; about 5.6 mi between Coalton and Wellston is drawn on the ex-C&O (1.7 mi) and ex-B&O (3.8 mi) tracks that share the valley, as stand-ins for an Ohio Southern grade OSM and OHM do not map - a LATER and possibly different alignment. Cornelia cannot be geocoded; it is placed at the east end of the DT&I-tagged grade (39.130, -82.417). No straight-line leg.",
    "segments": [
     {
      "start": 1896,
      "end": 1896,
      "headway_min": 720,
      "note": "ANCHOR: one single proven year. Fowler dates Coalton, Glen Roy, Wellston, Wainwright, Lincoln and Cornelia to the 1896 Guide ('z'). No year after 1896 is confirmed under any owner, and none before; the DT&I-era branch has no passenger year at all and is not drawn for the DT&I. Never widen an anchor to look plausible. Headway and avg_speed_kmh are estimates and are NOT sourced.",
      "sources": [
       "Segment-level: Fowler-OH line 138 'z' letters (1896 Guide). Headway and avg_speed_kmh are estimates and are NOT sourced.",
       "https://branchline.uk/jfpdf/ohiorrs3.pdf (John Fowler, Ohio passenger stations, DT&I lines 135-138: year letters z=1896 Guide, a=1910 timetable, w=1915 working timetable, x=1858 Dinsmore, y=1875 Guide, q=1884 Guide)",
       "https://en.wikipedia.org/wiki/Ohio_Southern_Railroad_(1881%E2%80%931898)"
      ]
     }
    ]
   },
   "geometry": {
    "type": "LineString",
    "coordinates": [
     [
      -82.6332,
      39.0513
     ],
     [
      -82.63416,
      39.052302
     ],
     [
      -82.634752,
      39.053334
     ],
     [
      -82.635958,
      39.057879
     ],
     [
      -82.636007,
      39.058435
     ],
     [
      -82.635851,
      39.05899
     ],
     [
      -82.625011,
      39.075576
     ],
     [
      -82.618907,
      39.086463
     ],
     [
      -82.617336,
      39.089001
     ],
     [
      -82.616869,
      39.089573
     ],
     [
      -82.614604,
      39.091067
     ],
     [
      -82.611022,
      39.095451
     ],
     [
      -82.610346,
      39.097372
     ],
     [
      -82.61042,
      39.101344
     ],
     [
      -82.610568,
      39.1021
     ],
     [
      -82.611289,
      39.103338
     ],
     [
      -82.611536,
      39.104105
     ],
     [
      -82.611625,
      39.110491
     ],
     [
      -82.61138,
      39.111295
     ],
     [
      -82.610773,
      39.112127
     ],
     [
      -82.608491,
      39.113674
     ],
     [
      -82.606402,
      39.114083
     ],
     [
      -82.604491,
      39.114664
     ],
     [
      -82.602126,
      39.115885
     ],
     [
      -82.60014,
      39.116539
     ],
     [
      -82.598747,
      39.116693
     ],
     [
      -82.597386,
      39.116473
     ],
     [
      -82.596461,
      39.116075
     ],
     [
      -82.594858,
      39.114989
     ],
     [
      -82.593718,
      39.114451
     ],
     [
      -82.586896,
      39.11266
     ],
     [
      -82.581366,
      39.110672
     ],
     [
      -82.579747,
      39.109937
     ],
     [
      -82.57797,
      39.108682
     ],
     [
      -82.569368,
      39.101171
     ],
     [
      -82.568409,
      39.100539
     ],
     [
      -82.565935,
      39.099292
     ],
     [
      -82.564025,
      39.097693
     ],
     [
      -82.563274,
      39.097277
     ],
     [
      -82.561601,
      39.096811
     ],
     [
      -82.553361,
      39.096128
     ],
     [
      -82.552009,
      39.096078
     ],
     [
      -82.551621,
      39.096163
     ],
     [
      -82.550657,
      39.09643
     ],
     [
      -82.549801,
      39.096932
     ],
     [
      -82.547976,
      39.09868
     ],
     [
      -82.544595,
      39.100928
     ],
     [
      -82.543835,
      39.101543
     ],
     [
      -82.542212,
      39.103279
     ],
     [
      -82.540186,
      39.104844
     ],
     [
      -82.53914,
      39.106052
     ],
     [
      -82.537373,
      39.108855
     ],
     [
      -82.536835,
      39.110968
     ],
     [
      -82.536536,
      39.118678
     ],
     [
      -82.53568,
      39.123317
     ],
     [
      -82.536843,
      39.123606
     ],
     [
      -82.536275,
      39.12991
     ],
     [
      -82.535903,
      39.130305
     ],
     [
      -82.524771,
      39.134827
     ],
     [
      -82.521256,
      39.135841
     ],
     [
      -82.518923,
      39.136915
     ],
     [
      -82.517581,
      39.137149
     ],
     [
      -82.515949,
      39.13705
     ],
     [
      -82.512809,
      39.136046
     ],
     [
      -82.509316,
      39.135339
     ],
     [
      -82.508432,
      39.134891
     ],
     [
      -82.50786,
      39.134299
     ],
     [
      -82.50755,
      39.133343
     ],
     [
      -82.507807,
      39.132344
     ],
     [
      -82.508366,
      39.131729
     ],
     [
      -82.511243,
      39.12934
     ],
     [
      -82.511638,
      39.128848
     ],
     [
      -82.511922,
      39.128187
     ],
     [
      -82.512007,
      39.127316
     ],
     [
      -82.511771,
      39.126576
     ],
     [
      -82.511211,
      39.125808
     ],
     [
      -82.510366,
      39.125197
     ],
     [
      -82.50888,
      39.12477
     ],
     [
      -82.506401,
      39.124726
     ],
     [
      -82.505135,
      39.124589
     ],
     [
      -82.501172,
      39.123708
     ],
     [
      -82.499942,
      39.123021
     ],
     [
      -82.498728,
      39.121251
     ],
     [
      -82.49817,
      39.120973
     ],
     [
      -82.497334,
      39.120896
     ],
     [
      -82.495025,
      39.12119
     ],
     [
      -82.493044,
      39.121637
     ],
     [
      -82.490736,
      39.121284
     ],
     [
      -82.482192,
      39.117715
     ],
     [
      -82.481463,
      39.117288
     ],
     [
      -82.479901,
      39.116969
     ],
     [
      -82.478244,
      39.116319
     ],
     [
      -82.475815,
      39.116449
     ],
     [
      -82.468813,
      39.117123
     ],
     [
      -82.467798,
      39.117465
     ],
     [
      -82.46709,
      39.118041
     ],
     [
      -82.466773,
      39.118649
     ],
     [
      -82.466954,
      39.122368
     ],
     [
      -82.466721,
      39.123169
     ],
     [
      -82.46622,
      39.123925
     ],
     [
      -82.465413,
      39.124544
     ],
     [
      -82.464046,
      39.125238
     ],
     [
      -82.457759,
      39.127609
     ],
     [
      -82.455523,
      39.128265
     ],
     [
      -82.453808,
      39.128438
     ],
     [
      -82.451646,
      39.128226
     ],
     [
      -82.44941,
      39.128246
     ],
     [
      -82.443396,
      39.129884
     ],
     [
      -82.43942,
      39.130327
     ],
     [
      -82.431916,
      39.130135
     ],
     [
      -82.427592,
      39.130347
     ],
     [
      -82.423169,
      39.129884
     ],
     [
      -82.420534,
      39.129479
     ],
     [
      -82.416608,
      39.129942
     ]
    ]
   }
  },
  {
   "type": "Feature",
   "properties": {
    "company": "Iron Railroad",
    "line": "Iron Railroad: Ironton – Pedro",
    "id": "iron-ironton-pedro",
    "color": "#9A5B2E",
    "mode": "intercity_rail",
    "avg_speed_kmh": 25,
    "speed_source": "estimated; not computed from a real timetable (Rule 3)",
    "geometry_source": "OpenStreetMap via Overpass (mail.ru mirror, cached degree tiles) plus OpenHistoricalMap (CC0) for lifted grades, traced with opstrace.py: Dijkstra over all railway ways, ways tagged old_railway_operator=DT&I (or OHM ways named for the DT&I or a predecessor) costed 1x, untagged 1.25x, OHM ways named for a successor 2x, cycleways 3x and any other named operator 12x; waypoints from the research report's via lists, each leg confined to a corridor round its own chord, and a leg longer than 1.6x its chord rejected in favour of a labelled straight line. Jackson - Bloom Junction was traced separately with the B&O as the preferred operator, because the DT&I ran it as trackage over the B&O Portsmouth Branch.",
    "geometry_quality": "Traced on OSM's lifted DT&I-tagged grade: 7.8 mi; Ironton - Centre Furnace together trace 12.2 mi against 13 mi (AR). No straight-line leg. Drawn on the DT&I-era alignment of the Iron Railroad grade; the 1858-1880 line was 4 ft 10 in gauge and any local realignment by the Detroit Southern/DT&I after 1902 is not established.",
    "segments": [
     {
      "start": 1858,
      "end": 1880,
      "headway_min": 1440,
      "note": "Iron Railroad (built 1849 - Dec 1851, AR; Iron Railway from 1884; bought by the Detroit Southern Sept 1902), an iron-furnace road: Ironton, La Grange (Lagrange Furnace), Vesuvius, Royersville (Coal Yard), Pine Grove, Pedro (Etna). BOTH ENDS ARE OPEN: 1858 (Fowler 'x' = 1858 Dinsmore at Ironton, Lagrange Furnace, Etna, Pine Grove) is the first CONFIRMED year and 1880 (Etna Station 1880, Rand McNally) the last; the Iron Railway's 1884-1902 passenger years are not confirmed. Do not widen without evidence. Headway is a guess.",
      "sources": [
       "Segment-level: Fowler-OH lines 135-136 year letters (1858 Dinsmore, 1875 Guide, 1880 Rand McNally). Headway and avg_speed_kmh are estimates and are NOT sourced.",
       "https://branchline.uk/jfpdf/ohiorrs3.pdf (John Fowler, Ohio passenger stations, DT&I lines 135-138: year letters z=1896 Guide, a=1910 timetable, w=1915 working timetable, x=1858 Dinsmore, y=1875 Guide, q=1884 Guide)",
       "https://www.american-rails.com/detroit-toledo-and-ironton-railroad.html"
      ]
     }
    ]
   },
   "geometry": {
    "type": "LineString",
    "coordinates": [
     [
      -82.67936,
      38.539633
     ],
     [
      -82.67826,
      38.540216
     ],
     [
      -82.677497,
      38.540883
     ],
     [
      -82.677302,
      38.541382
     ],
     [
      -82.677284,
      38.541979
     ],
     [
      -82.677568,
      38.543561
     ],
     [
      -82.677426,
      38.544547
     ],
     [
      -82.677036,
      38.545032
     ],
     [
      -82.676539,
      38.545379
     ],
     [
      -82.675474,
      38.545768
     ],
     [
      -82.6748,
      38.546254
     ],
     [
      -82.674179,
      38.546962
     ],
     [
      -82.673895,
      38.547544
     ],
     [
      -82.673895,
      38.549168
     ],
     [
      -82.674392,
      38.550195
     ],
     [
      -82.675847,
      38.551805
     ],
     [
      -82.676752,
      38.552485
     ],
     [
      -82.677391,
      38.552762
     ],
     [
      -82.679254,
      38.553207
     ],
     [
      -82.679751,
      38.55347
     ],
     [
      -82.680319,
      38.554081
     ],
     [
      -82.681277,
      38.555885
     ],
     [
      -82.681845,
      38.556467
     ],
     [
      -82.683442,
      38.557147
     ],
     [
      -82.685678,
      38.557467
     ],
     [
      -82.686121,
      38.55773
     ],
     [
      -82.686387,
      38.558188
     ],
     [
      -82.686458,
      38.558702
     ],
     [
      -82.686015,
      38.559312
     ],
     [
      -82.684187,
      38.560283
     ],
     [
      -82.683797,
      38.560741
     ],
     [
      -82.682945,
      38.562587
     ],
     [
      -82.681685,
      38.564404
     ],
     [
      -82.68078,
      38.565528
     ],
     [
      -82.678934,
      38.567165
     ],
     [
      -82.677231,
      38.569122
     ],
     [
      -82.677107,
      38.569552
     ],
     [
      -82.677231,
      38.570065
     ],
     [
      -82.681277,
      38.574213
     ],
     [
      -82.681312,
      38.57524
     ],
     [
      -82.680975,
      38.575739
     ],
     [
      -82.680496,
      38.576086
     ],
     [
      -82.679715,
      38.576308
     ],
     [
      -82.677018,
      38.576544
     ],
     [
      -82.676273,
      38.576794
     ],
     [
      -82.675456,
      38.577376
     ],
     [
      -82.675208,
      38.577765
     ],
     [
      -82.674711,
      38.580442
     ],
     [
      -82.674729,
      38.581025
     ],
     [
      -82.675031,
      38.581857
     ],
     [
      -82.67496,
      38.582439
     ],
     [
      -82.674161,
      38.584007
     ],
     [
      -82.674498,
      38.585519
     ],
     [
      -82.674339,
      38.586046
     ],
     [
      -82.672777,
      38.588446
     ],
     [
      -82.672706,
      38.589098
     ],
     [
      -82.672813,
      38.589666
     ],
     [
      -82.673221,
      38.590318
     ],
     [
      -82.674037,
      38.591012
     ],
     [
      -82.674285,
      38.5914
     ],
     [
      -82.674321,
      38.591913
     ],
     [
      -82.673877,
      38.59355
     ],
     [
      -82.673842,
      38.594229
     ],
     [
      -82.67354,
      38.595075
     ],
     [
      -82.673096,
      38.595547
     ],
     [
      -82.672546,
      38.595866
     ],
     [
      -82.670488,
      38.596226
     ],
     [
      -82.670044,
      38.596518
     ],
     [
      -82.668713,
      38.598404
     ],
     [
      -82.66866,
      38.600054
     ],
     [
      -82.669608,
      38.601916
     ],
     [
      -82.674853,
      38.605934
     ],
     [
      -82.676024,
      38.607542
     ],
     [
      -82.677018,
      38.608458
     ],
     [
      -82.677533,
      38.609123
     ],
     [
      -82.677692,
      38.609761
     ],
     [
      -82.677568,
      38.610357
     ],
     [
      -82.677036,
      38.61112
     ],
     [
      -82.67629,
      38.611647
     ],
     [
      -82.675474,
      38.612007
     ],
     [
      -82.672955,
      38.612631
     ],
     [
      -82.672316,
      38.613116
     ],
     [
      -82.67212,
      38.613532
     ],
     [
      -82.67212,
      38.614087
     ],
     [
      -82.672316,
      38.614669
     ],
     [
      -82.673292,
      38.61589
     ],
     [
      -82.673771,
      38.617124
     ],
     [
      -82.674445,
      38.618052
     ],
     [
      -82.674694,
      38.61869
     ],
     [
      -82.674622,
      38.619286
     ],
     [
      -82.673185,
      38.622018
     ],
     [
      -82.670009,
      38.625054
     ],
     [
      -82.669302,
      38.627243
     ],
     [
      -82.668696,
      38.628145
     ],
     [
      -82.668181,
      38.628589
     ],
     [
      -82.667436,
      38.628949
     ]
    ]
   }
  },
  {
   "type": "Feature",
   "properties": {
    "company": "Iron Railroad",
    "line": "Iron Railroad: Pedro – Centre Furnace",
    "id": "iron-pedro-centre",
    "color": "#9A5B2E",
    "mode": "intercity_rail",
    "avg_speed_kmh": 25,
    "speed_source": "estimated; not computed from a real timetable (Rule 3)",
    "geometry_source": "OpenStreetMap via Overpass (mail.ru mirror, cached degree tiles) plus OpenHistoricalMap (CC0) for lifted grades, traced with opstrace.py: Dijkstra over all railway ways, ways tagged old_railway_operator=DT&I (or OHM ways named for the DT&I or a predecessor) costed 1x, untagged 1.25x, OHM ways named for a successor 2x, cycleways 3x and any other named operator 12x; waypoints from the research report's via lists, each leg confined to a corridor round its own chord, and a leg longer than 1.6x its chord rejected in favour of a labelled straight line. Jackson - Bloom Junction was traced separately with the B&O as the preferred operator, because the DT&I ran it as trackage over the B&O Portsmouth Branch.",
    "geometry_quality": "Traced on OSM's lifted DT&I-tagged grade: 4.4 mi; Ironton - Centre Furnace together trace 12.2 mi against 13 mi (AR). No straight-line leg. Centre (Center) Furnace cannot be geocoded; it is placed at the north end of the DT&I-tagged stub beyond Lisman (38.680, -82.660). Drawn on the DT&I-era alignment.",
    "segments": [
     {
      "start": 1858,
      "end": 1875,
      "headway_min": 1440,
      "note": "Iron Railroad, Pedro - Lisman - Lawrence Furnace - Bartle's - Centre Furnace. BOTH ENDS ARE OPEN: 1858 (Fowler 'x' at Lawrence Furnace and Center) and 1875 (Fowler 'y' letters) are the first and last CONFIRMED years. After 1902 Lisman - Centre became a DT&I stub with no DT&I-era passenger date, and is not drawn for the DT&I. Do not widen without evidence. Headway is a guess.",
      "sources": [
       "Segment-level: Fowler-OH lines 135-136 year letters (1858 Dinsmore, 1875 Guide). Headway and avg_speed_kmh are estimates and are NOT sourced.",
       "https://branchline.uk/jfpdf/ohiorrs3.pdf (John Fowler, Ohio passenger stations, DT&I lines 135-138: year letters z=1896 Guide, a=1910 timetable, w=1915 working timetable, x=1858 Dinsmore, y=1875 Guide, q=1884 Guide)",
       "https://www.american-rails.com/detroit-toledo-and-ironton-railroad.html"
      ]
     }
    ]
   },
   "geometry": {
    "type": "LineString",
    "coordinates": [
     [
      -82.670021,
      38.630062
     ],
     [
      -82.670496,
      38.630624
     ],
     [
      -82.671079,
      38.630984
     ],
     [
      -82.675962,
      38.631885
     ],
     [
      -82.676654,
      38.632234
     ],
     [
      -82.680439,
      38.635159
     ],
     [
      -82.680873,
      38.635615
     ],
     [
      -82.681104,
      38.636176
     ],
     [
      -82.681438,
      38.638906
     ],
     [
      -82.681337,
      38.639398
     ],
     [
      -82.680713,
      38.640225
     ],
     [
      -82.671814,
      38.645999
     ],
     [
      -82.666849,
      38.65012
     ],
     [
      -82.665479,
      38.651529
     ],
     [
      -82.663932,
      38.653796
     ],
     [
      -82.662359,
      38.656222
     ],
     [
      -82.661002,
      38.658807
     ],
     [
      -82.659535,
      38.662441
     ],
     [
      -82.659803,
      38.663055
     ],
     [
      -82.662153,
      38.666044
     ],
     [
      -82.662489,
      38.66671
     ],
     [
      -82.663103,
      38.668777
     ],
     [
      -82.663161,
      38.669541
     ],
     [
      -82.662997,
      38.670297
     ],
     [
      -82.661837,
      38.672012
     ],
     [
      -82.661568,
      38.672821
     ],
     [
      -82.661731,
      38.674259
     ],
     [
      -82.662988,
      38.676925
     ],
     [
      -82.662704,
      38.678373
     ],
     [
      -82.662186,
      38.678987
     ],
     [
      -82.661476,
      38.679511
     ],
     [
      -82.660306,
      38.680066
     ]
    ]
   }
  }
 ]
}