{
  "type": "FeatureCollection",
  "metadata": {
    "note": "The Delaware and Hudson's Ausable Branch, 21 miles southwest from Plattsburgh up the Ausable valley to Au Sable Forks. It was built in 1869 by the Whitehall and Plattsburgh Railroad as what was meant to be that company's main line toward Albany; the through route went along the Lake Champlain shore instead and this was left a branch, never extended beyond the Forks. It carried the Peru Iron Company's ore, the output of the J&J Rogers works at Au Sable Forks, farm goods from Peru bound for Montreal and New York, and tourists into the Adirondacks, with two passenger trains a day each way. Its ending is unusually well documented: the D&H withdrew the passenger trains in 1929, and the painter Rockwell Kent, who lived at Au Sable Forks, came home from Greenland to find them gone. With the lawyer Philip Wager Lowry he took the railroad to the New York Public Service Commission, which ordered service restored in November 1930 - then reversed itself in 1931 as the D&H's income collapsed, and the trains stopped for good. Freight lasted into the late 1970s and the rails came up starting in 1981; those years are not drawn here, per the passenger-only rule. Station order: South Junction - Laphams Mills - Peru - Harkness - Rogers - Ausable Forks.",
    "sources": [
      "https://en.wikipedia.org/wiki/Whitehall_and_Plattsburgh_Railroad (incorporated March 20 1868; the northern segment was built in 1869, 21 miles / 34 km from Plattsburgh to Ausable, New York, following the Ausable River; leased to the Montreal and Plattsburgh in 1870; in early 1873 the Delaware and Hudson took the leases of both Whitehall and Plattsburgh lines and consolidated them with the Montreal and Plattsburgh into a new New York and Canada Railroad; the D&H built its through route along the Lake Champlain shore instead, leaving this a branch; abandoned 1981)",
      "http://www.perutown.com/DHRailLine-080210.pdf (Town of Peru interpretive panel, 'The Ausable Branch of the Delaware & Hudson Railroad': 'Passenger service was offered twice daily; the trip from Peru to Plattsburgh took 25 minutes and had 5 stops'; the branch 'was first built by the Whitehall and Plattsburgh Railroad Company', ran southwest from Plattsburgh through Peru 'ending at the iron ore beds of Arnold and Palmer Hills', served the Peru Iron Company mines; 'Passenger service along the Ausable Branch ended in 1931, and freight service ended in the late 1970s. The rails were removed starting in 1981.')",
      "https://time.com/archive/6747738/business-finance-ausable-upshot/ (TIME, 'Ausable Upshot', Sept 7 1931: the D&H stopped the Ausable branch passenger trains in 1929, claiming one made 50 round trips without a passenger and averaged two fares a trip; Rockwell Kent, returning from Greenland, and lawyer Philip Wager Lowry fought for a valley of some 10,000 people; the Public Service Commission ordered service resumed in November 1930 and reversed itself in 1931 as the road's net operating income fell, ending it permanently, travellers directed to omnibuses on the parallel concrete highway)",
      "https://www.nashuacitystation.org/station/new-york/clinton/black-brook/ausable-forks/ (Ausable Forks station; the branch left the main line at South Junction about 4 miles south of Plattsburgh, with stations South Junction, Laphams Mills, Peru, Harkness, Rogers and Ausable Forks)"
    ],
    "geometry_sources": [
      "OpenStreetMap route relation https://www.openstreetmap.org/relation/1401273 (\"Ausable Branch\", old_railway_operator=D&H), pulled via https://www.openstreetmap.org/api/0.6/relation/1401273/full.json and chained by shared node ids. The relation yielded two chains; the 455-point 33.2 km chain is the branch and is what is drawn. Way tags include \"Ausable Branch\" (railway=abandoned) and \"Little Ausable River Trail\", the rail trail now on the right of way."
    ],
    "not_yet_sourced": "The exact month in 1931 when the restored service was withdrawn again (TIME reported the Commission's reversal on Sept 7 1931). Also unsourced: the opening month in 1869; the headways before and after the 1873 D&H consolidation, which are assumed to match the documented twice-daily service; whether the Montreal and Plattsburgh lease of 1870 changed who actually crewed the passenger trains; and the alignment by which the line reached Plattsburgh before the Champlain shore main line opened in 1875.",
    "pulled": "2026-08-24, at the user's request after asking whether there was passenger rail to Au Sable Forks."
  },
  "features": [
    {
      "type": "Feature",
      "properties": {
        "company": "Whitehall and Plattsburgh Railroad",
        "line": "Whitehall and Plattsburgh: Plattsburgh – Au Sable Forks",
        "id": "wp-plattsburgh-ausable-forks",
        "color": "#ff9505",
        "mode": "intercity_rail",
        "avg_speed_kmh": 39,
        "speed_source": "derived, not estimated: the Town of Peru panel gives Peru to Plattsburgh as 25 minutes with 5 stops; Peru sits 9.9 km along this trace from South Junction, plus the documented 4 miles of main line into Plattsburgh, giving 16.4 km in 25 minutes = 39 km/h average including stops",
        "geometry_quality": "Traced from OpenStreetMap route relation 1401273 (\"Ausable Branch\", old_railway_operator=D&H), members chained by shared nodes: 455 points, 33.2 km / 20.6 mi against a documented 20-21 miles. ALL 15 ways used carry old_railway_operator=D&H. No straight-line approximation; longest single tangent between consecutive OSM nodes is 0.59 km. Drawn extent is South Junction to Au Sable Forks - the branch itself. The last ~4 miles into Plattsburgh are NOT drawn here because the trains ran over the Champlain shore main line for that stretch, which is already on the map as \"Delaware and Hudson: Albany - Montreal\" (this trace begins 0.19 km from it). How the line reached Plattsburgh in its 1869-1875 years, before that main line existed, is not resolved.",
        "segments": [
          {
            "start": 1869,
            "end": 1870,
            "headway_min": 720,
            "note": "The Whitehall and Plattsburgh Railroad, incorporated March 20 1868, built this line in 1869 - 21 miles southwest from Plattsburgh up the Ausable valley to Au Sable Forks, ending at the iron ore beds of Arnold and Palmer Hills. It was intended as the company's main line toward Albany and was never extended past the Forks. Frequency estimated, unsourced for this era.",
            "sources": [
              "https://en.wikipedia.org/wiki/Whitehall_and_Plattsburgh_Railroad (incorporated March 20 1868; the northern segment was built in 1869, 21 miles / 34 km from Plattsburgh to Ausable, New York, following the Ausable River; leased to the Montreal and Plattsburgh in 1870; in early 1873 the Delaware and Hudson took the leases of both Whitehall and Plattsburgh lines and consolidated them with the Montreal and Plattsburgh into a new New York and Canada Railroad; the D&H built its through route along the Lake Champlain shore instead, leaving this a branch; abandoned 1981)",
              "http://www.perutown.com/DHRailLine-080210.pdf (Town of Peru interpretive panel, 'The Ausable Branch of the Delaware & Hudson Railroad': 'Passenger service was offered twice daily; the trip from Peru to Plattsburgh took 25 minutes and had 5 stops'; the branch 'was first built by the Whitehall and Plattsburgh Railroad Company', ran southwest from Plattsburgh through Peru 'ending at the iron ore beds of Arnold and Palmer Hills', served the Peru Iron Company mines; 'Passenger service along the Ausable Branch ended in 1931, and freight service ended in the late 1970s. The rails were removed starting in 1981.')",
              "https://time.com/archive/6747738/business-finance-ausable-upshot/ (TIME, 'Ausable Upshot', Sept 7 1931: the D&H stopped the Ausable branch passenger trains in 1929, claiming one made 50 round trips without a passenger and averaged two fares a trip; Rockwell Kent, returning from Greenland, and lawyer Philip Wager Lowry fought for a valley of some 10,000 people; the Public Service Commission ordered service resumed in November 1930 and reversed itself in 1931 as the road's net operating income fell, ending it permanently, travellers directed to omnibuses on the parallel concrete highway)",
              "https://www.nashuacitystation.org/station/new-york/clinton/black-brook/ausable-forks/ (Ausable Forks station; the branch left the main line at South Junction about 4 miles south of Plattsburgh, with stations South Junction, Laphams Mills, Peru, Harkness, Rogers and Ausable Forks)"
            ]
          }
        ]
      },
      "geometry": {
        "type": "LineString",
        "coordinates": [
          [
            -73.4540644,
            44.6330436
          ],
          [
            -73.4540668,
            44.6327351
          ],
          [
            -73.45412,
            44.632438
          ],
          [
            -73.454174,
            44.632258
          ],
          [
            -73.454271,
            44.632037
          ],
          [
            -73.454314,
            44.631968
          ],
          [
            -73.454487,
            44.631713
          ],
          [
            -73.4546695,
            44.63151
          ],
          [
            -73.4548135,
            44.631372
          ],
          [
            -73.4550089,
            44.6312079
          ],
          [
            -73.4551792,
            44.6310849
          ],
          [
            -73.4554393,
            44.6309269
          ],
          [
            -73.4557235,
            44.6307897
          ],
          [
            -73.4559947,
            44.6306776
          ],
          [
            -73.4562332,
            44.6305962
          ],
          [
            -73.456547,
            44.6305085
          ],
          [
            -73.45662,
            44.630485
          ],
          [
            -73.456938,
            44.630435
          ],
          [
            -73.457278,
            44.630404
          ],
          [
            -73.457636,
            44.630384
          ],
          [
            -73.458038,
            44.630392
          ],
          [
            -73.4584863,
            44.6304474
          ],
          [
            -73.4590957,
            44.6305767
          ],
          [
            -73.463617,
            44.631583
          ],
          [
            -73.468741,
            44.632725
          ],
          [
            -73.470974,
            44.633227
          ],
          [
            -73.471363,
            44.633314
          ],
          [
            -73.474564,
            44.634036
          ],
          [
            -73.4760164,
            44.6343616
          ],
          [
            -73.4766828,
            44.6345262
          ],
          [
            -73.4772439,
            44.6346042
          ],
          [
            -73.4779806,
            44.6346171
          ],
          [
            -73.4783505,
            44.6345888
          ],
          [
            -73.4788563,
            44.634507
          ],
          [
            -73.4791572,
            44.6344222
          ],
          [
            -73.4794871,
            44.6343134
          ],
          [
            -73.4797701,
            44.6341888
          ],
          [
            -73.4799368,
            44.6340957
          ],
          [
            -73.4801093,
            44.6340008
          ],
          [
            -73.4803211,
            44.633866
          ],
          [
            -73.4805353,
            44.6337004
          ],
          [
            -73.4807441,
            44.6335057
          ],
          [
            -73.480929,
            44.6332954
          ],
          [
            -73.4811461,
            44.6329585
          ],
          [
            -73.4814988,
            44.6323306
          ],
          [
            -73.4818149,
            44.6317581
          ],
          [
            -73.482217,
            44.630856
          ],
          [
            -73.482534,
            44.63028
          ],
          [
            -73.482732,
            44.629889
          ],
          [
            -73.483134,
            44.629155
          ],
          [
            -73.483361,
            44.628772
          ],
          [
            -73.483616,
            44.628386
          ],
          [
            -73.484347,
            44.627427
          ],
          [
            -73.484793,
            44.626875
          ],
          [
            -73.48545,
            44.625985
          ],
          [
            -73.486007,
            44.625135
          ],
          [
            -73.486164,
            44.624819
          ],
          [
            -73.486423,
            44.624296
          ],
          [
            -73.487653,
            44.621829
          ],
          [
            -73.488164,
            44.620865
          ],
          [
            -73.489091,
            44.618935
          ],
          [
            -73.489523,
            44.617948
          ],
          [
            -73.490508,
            44.616011
          ],
          [
            -73.490972,
            44.615039
          ],
          [
            -73.491483,
            44.614052
          ],
          [
            -73.491888,
            44.613229
          ],
          [
            -73.493392,
            44.610171
          ],
          [
            -73.493861,
            44.609196
          ],
          [
            -73.494342,
            44.608233
          ],
          [
            -73.494775,
            44.607263
          ],
          [
            -73.495964,
            44.604849
          ],
          [
            -73.496222,
            44.604335
          ],
          [
            -73.496667,
            44.603384
          ],
          [
            -73.496791,
            44.603188
          ],
          [
            -73.497084,
            44.602726
          ],
          [
            -73.498301,
            44.599939
          ],
          [
            -73.498377,
            44.599792
          ],
          [
            -73.499023,
            44.598534
          ],
          [
            -73.499237,
            44.598117
          ],
          [
            -73.499535,
            44.59765
          ],
          [
            -73.5003189,
            44.5962922
          ],
          [
            -73.5004904,
            44.5959871
          ],
          [
            -73.500843,
            44.5954219
          ],
          [
            -73.5010195,
            44.5950956
          ],
          [
            -73.501349,
            44.594332
          ],
          [
            -73.501575,
            44.594025
          ],
          [
            -73.502056,
            44.593487
          ],
          [
            -73.502287,
            44.593272
          ],
          [
            -73.50271,
            44.592925
          ],
          [
            -73.502878,
            44.592809
          ],
          [
            -73.503133,
            44.592654
          ],
          [
            -73.503284,
            44.59258
          ],
          [
            -73.50354,
            44.592404
          ],
          [
            -73.504242,
            44.591845
          ],
          [
            -73.504532,
            44.591585
          ],
          [
            -73.505285,
            44.5907854
          ],
          [
            -73.5065219,
            44.5893814
          ],
          [
            -73.5071557,
            44.5886423
          ],
          [
            -73.510088,
            44.58533
          ],
          [
            -73.511564,
            44.583647
          ],
          [
            -73.51246,
            44.582594
          ],
          [
            -73.5135928,
            44.5813169
          ],
          [
            -73.5138816,
            44.5810349
          ],
          [
            -73.5144685,
            44.5804807
          ],
          [
            -73.514873,
            44.5801552
          ],
          [
            -73.5152469,
            44.5798915
          ],
          [
            -73.5157527,
            44.5795486
          ],
          [
            -73.5161393,
            44.5793147
          ],
          [
            -73.5165549,
            44.5790583
          ],
          [
            -73.5167607,
            44.5789622
          ],
          [
            -73.5169599,
            44.5788584
          ],
          [
            -73.5172134,
            44.5787342
          ],
          [
            -73.5175488,
            44.5785958
          ],
          [
            -73.5179122,
            44.5784544
          ],
          [
            -73.518147,
            44.578368
          ],
          [
            -73.5183344,
            44.5783096
          ],
          [
            -73.518624,
            44.578213
          ],
          [
            -73.518865,
            44.578143
          ],
          [
            -73.5201338,
            44.5778228
          ],
          [
            -73.522267,
            44.5773462
          ],
          [
            -73.5230528,
            44.5771464
          ],
          [
            -73.524698,
            44.576798
          ],
          [
            -73.5252217,
            44.5767034
          ],
          [
            -73.525387,
            44.576663
          ],
          [
            -73.525852,
            44.57651
          ],
          [
            -73.525987,
            44.576465
          ],
          [
            -73.527047,
            44.576015
          ],
          [
            -73.5275,
            44.575782
          ],
          [
            -73.528729,
            44.57515
          ],
          [
            -73.529438,
            44.574824
          ],
          [
            -73.535406,
            44.572079
          ],
          [
            -73.535892,
            44.571843
          ],
          [
            -73.537975,
            44.570831
          ],
          [
            -73.538787,
            44.570398
          ],
          [
            -73.539428,
            44.569915
          ],
          [
            -73.539997,
            44.569295
          ],
          [
            -73.54061,
            44.56843
          ],
          [
            -73.541404,
            44.5672
          ],
          [
            -73.54208,
            44.56609
          ],
          [
            -73.543053,
            44.564562
          ],
          [
            -73.543695,
            44.563282
          ],
          [
            -73.544091,
            44.56195
          ],
          [
            -73.544266,
            44.561025
          ],
          [
            -73.54447,
            44.559733
          ],
          [
            -73.5449844,
            44.5575515
          ],
          [
            -73.5453079,
            44.5563687
          ],
          [
            -73.545426,
            44.555925
          ],
          [
            -73.5459519,
            44.5540999
          ],
          [
            -73.5461146,
            44.5534993
          ],
          [
            -73.5464787,
            44.5522684
          ],
          [
            -73.5470848,
            44.5502142
          ],
          [
            -73.5475596,
            44.5489744
          ],
          [
            -73.5478533,
            44.548398
          ],
          [
            -73.5483597,
            44.5474843
          ],
          [
            -73.5485938,
            44.5470895
          ],
          [
            -73.5491232,
            44.5462962
          ],
          [
            -73.5495638,
            44.5457138
          ],
          [
            -73.5498728,
            44.5452857
          ],
          [
            -73.5501306,
            44.5449984
          ],
          [
            -73.5504898,
            44.5446133
          ],
          [
            -73.5507341,
            44.544342
          ],
          [
            -73.5510434,
            44.5440393
          ],
          [
            -73.552618,
            44.542617
          ],
          [
            -73.552672,
            44.542553
          ],
          [
            -73.552727,
            44.542506
          ],
          [
            -73.552774,
            44.542459
          ],
          [
            -73.553643,
            44.541584
          ],
          [
            -73.555789,
            44.539301
          ],
          [
            -73.5565766,
            44.5384934
          ],
          [
            -73.5568676,
            44.5381735
          ],
          [
            -73.557449,
            44.5375246
          ],
          [
            -73.5582852,
            44.5365978
          ],
          [
            -73.5586731,
            44.5361479
          ],
          [
            -73.559141,
            44.535642
          ],
          [
            -73.560547,
            44.534064
          ],
          [
            -73.561323,
            44.533255
          ],
          [
            -73.561747,
            44.532756
          ],
          [
            -73.562487,
            44.531948
          ],
          [
            -73.5631519,
            44.5312016
          ],
          [
            -73.5640302,
            44.5302359
          ],
          [
            -73.5648759,
            44.5293207
          ],
          [
            -73.5656704,
            44.528444
          ],
          [
            -73.5668175,
            44.5271439
          ],
          [
            -73.567132,
            44.52678
          ],
          [
            -73.569842,
            44.523802
          ],
          [
            -73.570012,
            44.523616
          ],
          [
            -73.570826,
            44.522656
          ],
          [
            -73.573377,
            44.519856
          ],
          [
            -73.574108,
            44.519025
          ],
          [
            -73.5748802,
            44.5182021
          ],
          [
            -73.578911,
            44.51376
          ],
          [
            -73.579403,
            44.513242
          ],
          [
            -73.580242,
            44.512303
          ],
          [
            -73.5822327,
            44.5100735
          ],
          [
            -73.5825573,
            44.5097225
          ],
          [
            -73.58346,
            44.508686
          ],
          [
            -73.5838983,
            44.5082217
          ],
          [
            -73.5846479,
            44.5075082
          ],
          [
            -73.5851465,
            44.5070433
          ],
          [
            -73.5854752,
            44.5067272
          ],
          [
            -73.5858081,
            44.5064181
          ],
          [
            -73.5863784,
            44.5058696
          ],
          [
            -73.5868803,
            44.5053815
          ],
          [
            -73.5871486,
            44.5051479
          ],
          [
            -73.5873741,
            44.504939
          ],
          [
            -73.5876386,
            44.5047392
          ],
          [
            -73.5879576,
            44.5045183
          ],
          [
            -73.589292,
            44.5037428
          ],
          [
            -73.5900318,
            44.5032826
          ],
          [
            -73.5903447,
            44.5030479
          ],
          [
            -73.5910845,
            44.5023924
          ],
          [
            -73.5918504,
            44.5016997
          ],
          [
            -73.5921376,
            44.5014157
          ],
          [
            -73.5925717,
            44.5010338
          ],
          [
            -73.5928691,
            44.5007812
          ],
          [
            -73.5931984,
            44.5004937
          ],
          [
            -73.5934963,
            44.5002157
          ],
          [
            -73.5937513,
            44.4999377
          ],
          [
            -73.5939273,
            44.4996835
          ],
          [
            -73.5940991,
            44.4993589
          ],
          [
            -73.5944576,
            44.4986895
          ],
          [
            -73.5947509,
            44.4982199
          ],
          [
            -73.5949469,
            44.4979582
          ],
          [
            -73.5951944,
            44.4976415
          ],
          [
            -73.5953419,
            44.4974386
          ],
          [
            -73.5954508,
            44.497248
          ],
          [
            -73.5957256,
            44.4966547
          ],
          [
            -73.5958329,
            44.496423
          ],
          [
            -73.5960658,
            44.495998
          ],
          [
            -73.5961914,
            44.4956954
          ],
          [
            -73.59634,
            44.4952326
          ],
          [
            -73.5963634,
            44.4950373
          ],
          [
            -73.5963544,
            44.4947422
          ],
          [
            -73.5963244,
            44.4945904
          ],
          [
            -73.5962686,
            44.494389
          ],
          [
            -73.5962004,
            44.4942402
          ],
          [
            -73.5960917,
            44.4940406
          ],
          [
            -73.59581,
            44.4936155
          ],
          [
            -73.5954268,
            44.493026
          ],
          [
            -73.5952789,
            44.4927698
          ],
          [
            -73.5952044,
            44.4926113
          ],
          [
            -73.5951513,
            44.4923793
          ],
          [
            -73.5950494,
            44.4917123
          ],
          [
            -73.5949565,
            44.4910964
          ],
          [
            -73.5949243,
            44.4908314
          ],
          [
            -73.5949077,
            44.4906537
          ],
          [
            -73.5947644,
            44.4895071
          ],
          [
            -73.5947228,
            44.4891675
          ],
          [
            -73.5946512,
            44.488801
          ],
          [
            -73.5946684,
            44.4879774
          ],
          [
            -73.5946482,
            44.4875019
          ],
          [
            -73.5946136,
            44.4871547
          ],
          [
            -73.594601,
            44.4870282
          ],
          [
            -73.5946401,
            44.4867623
          ],
          [
            -73.5947138,
            44.4864121
          ],
          [
            -73.595016,
            44.4852644
          ],
          [
            -73.59509,
            44.4848082
          ],
          [
            -73.595114,
            44.484596
          ],
          [
            -73.5951202,
            44.4844372
          ],
          [
            -73.595105,
            44.4842125
          ],
          [
            -73.5950914,
            44.4840308
          ],
          [
            -73.5950116,
            44.483574
          ],
          [
            -73.5949876,
            44.4834158
          ],
          [
            -73.5949609,
            44.4832293
          ],
          [
            -73.5949422,
            44.4830742
          ],
          [
            -73.594945,
            44.482867
          ],
          [
            -73.5949599,
            44.48274
          ],
          [
            -73.595022,
            44.482469
          ],
          [
            -73.595141,
            44.4820119
          ],
          [
            -73.5953149,
            44.4812866
          ],
          [
            -73.5954601,
            44.4806808
          ],
          [
            -73.5955036,
            44.4804214
          ],
          [
            -73.5955155,
            44.4803217
          ],
          [
            -73.595523,
            44.4801562
          ],
          [
            -73.5955272,
            44.4799771
          ],
          [
            -73.5955185,
            44.479795
          ],
          [
            -73.595484,
            44.479493
          ],
          [
            -73.5954078,
            44.4790091
          ],
          [
            -73.5953636,
            44.4787746
          ],
          [
            -73.5952706,
            44.4782488
          ],
          [
            -73.5951842,
            44.4777658
          ],
          [
            -73.5951274,
            44.477476
          ],
          [
            -73.5951132,
            44.4773288
          ],
          [
            -73.5951046,
            44.4771086
          ],
          [
            -73.595121,
            44.4769375
          ],
          [
            -73.5951406,
            44.4768248
          ],
          [
            -73.5951698,
            44.4767074
          ],
          [
            -73.5952119,
            44.476613
          ],
          [
            -73.5952911,
            44.4764608
          ],
          [
            -73.5954397,
            44.4762169
          ],
          [
            -73.5956349,
            44.4760084
          ],
          [
            -73.595989,
            44.475738
          ],
          [
            -73.596297,
            44.475545
          ],
          [
            -73.59682,
            44.475304
          ],
          [
            -73.599063,
            44.474231
          ],
          [
            -73.600583,
            44.473529
          ],
          [
            -73.600789,
            44.473419
          ],
          [
            -73.601318,
            44.473095
          ],
          [
            -73.601652,
            44.472843
          ],
          [
            -73.602031,
            44.472484
          ],
          [
            -73.602287,
            44.472192
          ],
          [
            -73.602504,
            44.471851
          ],
          [
            -73.602638,
            44.471606
          ],
          [
            -73.602686,
            44.471436
          ],
          [
            -73.602714,
            44.471225
          ],
          [
            -73.6027851,
            44.4709546
          ],
          [
            -73.602811,
            44.470856
          ],
          [
            -73.602879,
            44.470481
          ],
          [
            -73.6029118,
            44.4703782
          ],
          [
            -73.603063,
            44.469904
          ],
          [
            -73.603258,
            44.469532
          ],
          [
            -73.603401,
            44.469306
          ],
          [
            -73.603718,
            44.468904
          ],
          [
            -73.604127,
            44.468408
          ],
          [
            -73.604373,
            44.468167
          ],
          [
            -73.606275,
            44.466101
          ],
          [
            -73.606909,
            44.465481
          ],
          [
            -73.607339,
            44.465101
          ],
          [
            -73.608423,
            44.464196
          ],
          [
            -73.608976,
            44.463795
          ],
          [
            -73.609334,
            44.463525
          ],
          [
            -73.609722,
            44.463262
          ],
          [
            -73.610581,
            44.462787
          ],
          [
            -73.612003,
            44.462123
          ],
          [
            -73.612822,
            44.461685
          ],
          [
            -73.613988,
            44.460986
          ],
          [
            -73.6146061,
            44.4605705
          ],
          [
            -73.615367,
            44.460059
          ],
          [
            -73.616053,
            44.459642
          ],
          [
            -73.616329,
            44.459504
          ],
          [
            -73.616759,
            44.459336
          ],
          [
            -73.617086,
            44.459234
          ],
          [
            -73.617362,
            44.459175
          ],
          [
            -73.617884,
            44.459117
          ],
          [
            -73.618814,
            44.459132
          ],
          [
            -73.619152,
            44.459183
          ],
          [
            -73.620594,
            44.459533
          ],
          [
            -73.621014,
            44.459606
          ],
          [
            -73.621484,
            44.45965
          ],
          [
            -73.621908,
            44.459715
          ],
          [
            -73.622148,
            44.459721
          ],
          [
            -73.62229,
            44.459713
          ],
          [
            -73.622846,
            44.459631
          ],
          [
            -73.6231,
            44.459564
          ],
          [
            -73.624398,
            44.459045
          ],
          [
            -73.624915,
            44.458908
          ],
          [
            -73.62531,
            44.458861
          ],
          [
            -73.625445,
            44.458856
          ],
          [
            -73.625602,
            44.458851
          ],
          [
            -73.625884,
            44.458863
          ],
          [
            -73.626323,
            44.458905
          ],
          [
            -73.627697,
            44.459207
          ],
          [
            -73.628044,
            44.459272
          ],
          [
            -73.628367,
            44.459355
          ],
          [
            -73.628752,
            44.459432
          ],
          [
            -73.629122,
            44.459493
          ],
          [
            -73.629507,
            44.459528
          ],
          [
            -73.629838,
            44.45953
          ],
          [
            -73.630099,
            44.459522
          ],
          [
            -73.630323,
            44.459492
          ],
          [
            -73.630669,
            44.459426
          ],
          [
            -73.631066,
            44.459303
          ],
          [
            -73.631304,
            44.459197
          ],
          [
            -73.631736,
            44.458913
          ],
          [
            -73.632652,
            44.458361
          ],
          [
            -73.633387,
            44.457961
          ],
          [
            -73.6341,
            44.457622
          ],
          [
            -73.6358454,
            44.4570353
          ],
          [
            -73.6360571,
            44.4569348
          ],
          [
            -73.6364334,
            44.4567534
          ],
          [
            -73.636991,
            44.456439
          ],
          [
            -73.637488,
            44.45617
          ],
          [
            -73.6385447,
            44.4555288
          ],
          [
            -73.6392929,
            44.4551005
          ],
          [
            -73.639784,
            44.4548066
          ],
          [
            -73.6402579,
            44.4545372
          ],
          [
            -73.640736,
            44.454251
          ],
          [
            -73.641629,
            44.453752
          ],
          [
            -73.642236,
            44.453391
          ],
          [
            -73.642852,
            44.453041
          ],
          [
            -73.6434027,
            44.4526965
          ],
          [
            -73.6441637,
            44.4522776
          ],
          [
            -73.6449486,
            44.4518304
          ],
          [
            -73.6454242,
            44.4515757
          ],
          [
            -73.6456702,
            44.4514689
          ],
          [
            -73.6459055,
            44.4513654
          ],
          [
            -73.646318,
            44.451215
          ],
          [
            -73.6464713,
            44.451162
          ],
          [
            -73.6468111,
            44.4511192
          ],
          [
            -73.6478495,
            44.4509902
          ],
          [
            -73.6489037,
            44.4508207
          ],
          [
            -73.6505345,
            44.4504334
          ],
          [
            -73.6509721,
            44.4503152
          ],
          [
            -73.6511497,
            44.4502697
          ],
          [
            -73.6519238,
            44.4501175
          ],
          [
            -73.6526726,
            44.4499397
          ],
          [
            -73.6533871,
            44.449831
          ],
          [
            -73.6539187,
            44.4497407
          ],
          [
            -73.6541819,
            44.4496514
          ],
          [
            -73.6547111,
            44.449496
          ],
          [
            -73.6548351,
            44.4494121
          ],
          [
            -73.655154,
            44.448947
          ],
          [
            -73.6556207,
            44.4485611
          ],
          [
            -73.6562809,
            44.4480927
          ],
          [
            -73.6563687,
            44.4480103
          ],
          [
            -73.656473,
            44.447918
          ],
          [
            -73.6570903,
            44.4472598
          ],
          [
            -73.6576432,
            44.4467284
          ],
          [
            -73.6583778,
            44.4460689
          ],
          [
            -73.6590393,
            44.445441
          ],
          [
            -73.6597056,
            44.4448091
          ],
          [
            -73.6598772,
            44.4446684
          ],
          [
            -73.6600622,
            44.4445316
          ],
          [
            -73.6604113,
            44.444315
          ],
          [
            -73.6610166,
            44.4440195
          ],
          [
            -73.6614172,
            44.4438579
          ],
          [
            -73.662309,
            44.443488
          ],
          [
            -73.6626344,
            44.4433645
          ],
          [
            -73.6630482,
            44.4432297
          ],
          [
            -73.6633041,
            44.4431556
          ],
          [
            -73.6635399,
            44.4430995
          ],
          [
            -73.6637848,
            44.443051
          ],
          [
            -73.6641209,
            44.4430019
          ],
          [
            -73.665986,
            44.442755
          ],
          [
            -73.6672933,
            44.442568
          ],
          [
            -73.668379,
            44.4424255
          ],
          [
            -73.6689741,
            44.4423907
          ],
          [
            -73.6707514,
            44.4423395
          ],
          [
            -73.6709303,
            44.4423387
          ],
          [
            -73.6714806,
            44.4422552
          ],
          [
            -73.672741,
            44.441898
          ],
          [
            -73.674232,
            44.441573
          ],
          [
            -73.675717,
            44.441464
          ],
          [
            -73.677268,
            44.441788
          ],
          [
            -73.679192,
            44.442279
          ],
          [
            -73.68074,
            44.442747
          ],
          [
            -73.6820221,
            44.4428468
          ],
          [
            -73.6825196,
            44.4428617
          ],
          [
            -73.6829181,
            44.4428344
          ],
          [
            -73.683296,
            44.4427421
          ],
          [
            -73.6836563,
            44.4426035
          ],
          [
            -73.6838199,
            44.4425119
          ],
          [
            -73.6841466,
            44.4423039
          ],
          [
            -73.6846056,
            44.4421117
          ],
          [
            -73.6852277,
            44.442042
          ],
          [
            -73.688371,
            44.442042
          ],
          [
            -73.6895799,
            44.4420454
          ],
          [
            -73.6910749,
            44.4421208
          ],
          [
            -73.6938557,
            44.4427298
          ],
          [
            -73.694662,
            44.442835
          ],
          [
            -73.696475,
            44.442657
          ],
          [
            -73.698047,
            44.442063
          ],
          [
            -73.699492,
            44.441485
          ],
          [
            -73.70079,
            44.440744
          ],
          [
            -73.701258,
            44.440047
          ]
        ]
      }
    },
    {
      "type": "Feature",
      "properties": {
        "company": "Montreal and Plattsburgh Railroad",
        "line": "Montreal and Plattsburgh: Plattsburgh – Au Sable Forks",
        "id": "mp-plattsburgh-ausable-forks",
        "color": "#7b2cbf",
        "mode": "intercity_rail",
        "avg_speed_kmh": 39,
        "speed_source": "derived, not estimated: the Town of Peru panel gives Peru to Plattsburgh as 25 minutes with 5 stops; Peru sits 9.9 km along this trace from South Junction, plus the documented 4 miles of main line into Plattsburgh, giving 16.4 km in 25 minutes = 39 km/h average including stops",
        "geometry_quality": "Traced from OpenStreetMap route relation 1401273 (\"Ausable Branch\", old_railway_operator=D&H), members chained by shared nodes: 455 points, 33.2 km / 20.6 mi against a documented 20-21 miles. ALL 15 ways used carry old_railway_operator=D&H. No straight-line approximation; longest single tangent between consecutive OSM nodes is 0.59 km. Drawn extent is South Junction to Au Sable Forks - the branch itself. The last ~4 miles into Plattsburgh are NOT drawn here because the trains ran over the Champlain shore main line for that stretch, which is already on the map as \"Delaware and Hudson: Albany - Montreal\" (this trace begins 0.19 km from it). How the line reached Plattsburgh in its 1869-1875 years, before that main line existed, is not resolved.",
        "segments": [
          {
            "start": 1870,
            "end": 1873,
            "headway_min": 720,
            "note": "Leased to the Montreal and Plattsburgh Railroad, successor to the Plattsburgh and Montreal, in 1870. Whether the lease changed who actually worked the passenger trains is not sourced; the line is drawn in the lessee's colour here per the repo rule that a lease counts as an operator change. Frequency estimated, unsourced.",
            "sources": [
              "https://en.wikipedia.org/wiki/Whitehall_and_Plattsburgh_Railroad (incorporated March 20 1868; the northern segment was built in 1869, 21 miles / 34 km from Plattsburgh to Ausable, New York, following the Ausable River; leased to the Montreal and Plattsburgh in 1870; in early 1873 the Delaware and Hudson took the leases of both Whitehall and Plattsburgh lines and consolidated them with the Montreal and Plattsburgh into a new New York and Canada Railroad; the D&H built its through route along the Lake Champlain shore instead, leaving this a branch; abandoned 1981)",
              "http://www.perutown.com/DHRailLine-080210.pdf (Town of Peru interpretive panel, 'The Ausable Branch of the Delaware & Hudson Railroad': 'Passenger service was offered twice daily; the trip from Peru to Plattsburgh took 25 minutes and had 5 stops'; the branch 'was first built by the Whitehall and Plattsburgh Railroad Company', ran southwest from Plattsburgh through Peru 'ending at the iron ore beds of Arnold and Palmer Hills', served the Peru Iron Company mines; 'Passenger service along the Ausable Branch ended in 1931, and freight service ended in the late 1970s. The rails were removed starting in 1981.')",
              "https://time.com/archive/6747738/business-finance-ausable-upshot/ (TIME, 'Ausable Upshot', Sept 7 1931: the D&H stopped the Ausable branch passenger trains in 1929, claiming one made 50 round trips without a passenger and averaged two fares a trip; Rockwell Kent, returning from Greenland, and lawyer Philip Wager Lowry fought for a valley of some 10,000 people; the Public Service Commission ordered service resumed in November 1930 and reversed itself in 1931 as the road's net operating income fell, ending it permanently, travellers directed to omnibuses on the parallel concrete highway)",
              "https://www.nashuacitystation.org/station/new-york/clinton/black-brook/ausable-forks/ (Ausable Forks station; the branch left the main line at South Junction about 4 miles south of Plattsburgh, with stations South Junction, Laphams Mills, Peru, Harkness, Rogers and Ausable Forks)"
            ]
          }
        ]
      },
      "geometry": {
        "type": "LineString",
        "coordinates": [
          [
            -73.4540644,
            44.6330436
          ],
          [
            -73.4540668,
            44.6327351
          ],
          [
            -73.45412,
            44.632438
          ],
          [
            -73.454174,
            44.632258
          ],
          [
            -73.454271,
            44.632037
          ],
          [
            -73.454314,
            44.631968
          ],
          [
            -73.454487,
            44.631713
          ],
          [
            -73.4546695,
            44.63151
          ],
          [
            -73.4548135,
            44.631372
          ],
          [
            -73.4550089,
            44.6312079
          ],
          [
            -73.4551792,
            44.6310849
          ],
          [
            -73.4554393,
            44.6309269
          ],
          [
            -73.4557235,
            44.6307897
          ],
          [
            -73.4559947,
            44.6306776
          ],
          [
            -73.4562332,
            44.6305962
          ],
          [
            -73.456547,
            44.6305085
          ],
          [
            -73.45662,
            44.630485
          ],
          [
            -73.456938,
            44.630435
          ],
          [
            -73.457278,
            44.630404
          ],
          [
            -73.457636,
            44.630384
          ],
          [
            -73.458038,
            44.630392
          ],
          [
            -73.4584863,
            44.6304474
          ],
          [
            -73.4590957,
            44.6305767
          ],
          [
            -73.463617,
            44.631583
          ],
          [
            -73.468741,
            44.632725
          ],
          [
            -73.470974,
            44.633227
          ],
          [
            -73.471363,
            44.633314
          ],
          [
            -73.474564,
            44.634036
          ],
          [
            -73.4760164,
            44.6343616
          ],
          [
            -73.4766828,
            44.6345262
          ],
          [
            -73.4772439,
            44.6346042
          ],
          [
            -73.4779806,
            44.6346171
          ],
          [
            -73.4783505,
            44.6345888
          ],
          [
            -73.4788563,
            44.634507
          ],
          [
            -73.4791572,
            44.6344222
          ],
          [
            -73.4794871,
            44.6343134
          ],
          [
            -73.4797701,
            44.6341888
          ],
          [
            -73.4799368,
            44.6340957
          ],
          [
            -73.4801093,
            44.6340008
          ],
          [
            -73.4803211,
            44.633866
          ],
          [
            -73.4805353,
            44.6337004
          ],
          [
            -73.4807441,
            44.6335057
          ],
          [
            -73.480929,
            44.6332954
          ],
          [
            -73.4811461,
            44.6329585
          ],
          [
            -73.4814988,
            44.6323306
          ],
          [
            -73.4818149,
            44.6317581
          ],
          [
            -73.482217,
            44.630856
          ],
          [
            -73.482534,
            44.63028
          ],
          [
            -73.482732,
            44.629889
          ],
          [
            -73.483134,
            44.629155
          ],
          [
            -73.483361,
            44.628772
          ],
          [
            -73.483616,
            44.628386
          ],
          [
            -73.484347,
            44.627427
          ],
          [
            -73.484793,
            44.626875
          ],
          [
            -73.48545,
            44.625985
          ],
          [
            -73.486007,
            44.625135
          ],
          [
            -73.486164,
            44.624819
          ],
          [
            -73.486423,
            44.624296
          ],
          [
            -73.487653,
            44.621829
          ],
          [
            -73.488164,
            44.620865
          ],
          [
            -73.489091,
            44.618935
          ],
          [
            -73.489523,
            44.617948
          ],
          [
            -73.490508,
            44.616011
          ],
          [
            -73.490972,
            44.615039
          ],
          [
            -73.491483,
            44.614052
          ],
          [
            -73.491888,
            44.613229
          ],
          [
            -73.493392,
            44.610171
          ],
          [
            -73.493861,
            44.609196
          ],
          [
            -73.494342,
            44.608233
          ],
          [
            -73.494775,
            44.607263
          ],
          [
            -73.495964,
            44.604849
          ],
          [
            -73.496222,
            44.604335
          ],
          [
            -73.496667,
            44.603384
          ],
          [
            -73.496791,
            44.603188
          ],
          [
            -73.497084,
            44.602726
          ],
          [
            -73.498301,
            44.599939
          ],
          [
            -73.498377,
            44.599792
          ],
          [
            -73.499023,
            44.598534
          ],
          [
            -73.499237,
            44.598117
          ],
          [
            -73.499535,
            44.59765
          ],
          [
            -73.5003189,
            44.5962922
          ],
          [
            -73.5004904,
            44.5959871
          ],
          [
            -73.500843,
            44.5954219
          ],
          [
            -73.5010195,
            44.5950956
          ],
          [
            -73.501349,
            44.594332
          ],
          [
            -73.501575,
            44.594025
          ],
          [
            -73.502056,
            44.593487
          ],
          [
            -73.502287,
            44.593272
          ],
          [
            -73.50271,
            44.592925
          ],
          [
            -73.502878,
            44.592809
          ],
          [
            -73.503133,
            44.592654
          ],
          [
            -73.503284,
            44.59258
          ],
          [
            -73.50354,
            44.592404
          ],
          [
            -73.504242,
            44.591845
          ],
          [
            -73.504532,
            44.591585
          ],
          [
            -73.505285,
            44.5907854
          ],
          [
            -73.5065219,
            44.5893814
          ],
          [
            -73.5071557,
            44.5886423
          ],
          [
            -73.510088,
            44.58533
          ],
          [
            -73.511564,
            44.583647
          ],
          [
            -73.51246,
            44.582594
          ],
          [
            -73.5135928,
            44.5813169
          ],
          [
            -73.5138816,
            44.5810349
          ],
          [
            -73.5144685,
            44.5804807
          ],
          [
            -73.514873,
            44.5801552
          ],
          [
            -73.5152469,
            44.5798915
          ],
          [
            -73.5157527,
            44.5795486
          ],
          [
            -73.5161393,
            44.5793147
          ],
          [
            -73.5165549,
            44.5790583
          ],
          [
            -73.5167607,
            44.5789622
          ],
          [
            -73.5169599,
            44.5788584
          ],
          [
            -73.5172134,
            44.5787342
          ],
          [
            -73.5175488,
            44.5785958
          ],
          [
            -73.5179122,
            44.5784544
          ],
          [
            -73.518147,
            44.578368
          ],
          [
            -73.5183344,
            44.5783096
          ],
          [
            -73.518624,
            44.578213
          ],
          [
            -73.518865,
            44.578143
          ],
          [
            -73.5201338,
            44.5778228
          ],
          [
            -73.522267,
            44.5773462
          ],
          [
            -73.5230528,
            44.5771464
          ],
          [
            -73.524698,
            44.576798
          ],
          [
            -73.5252217,
            44.5767034
          ],
          [
            -73.525387,
            44.576663
          ],
          [
            -73.525852,
            44.57651
          ],
          [
            -73.525987,
            44.576465
          ],
          [
            -73.527047,
            44.576015
          ],
          [
            -73.5275,
            44.575782
          ],
          [
            -73.528729,
            44.57515
          ],
          [
            -73.529438,
            44.574824
          ],
          [
            -73.535406,
            44.572079
          ],
          [
            -73.535892,
            44.571843
          ],
          [
            -73.537975,
            44.570831
          ],
          [
            -73.538787,
            44.570398
          ],
          [
            -73.539428,
            44.569915
          ],
          [
            -73.539997,
            44.569295
          ],
          [
            -73.54061,
            44.56843
          ],
          [
            -73.541404,
            44.5672
          ],
          [
            -73.54208,
            44.56609
          ],
          [
            -73.543053,
            44.564562
          ],
          [
            -73.543695,
            44.563282
          ],
          [
            -73.544091,
            44.56195
          ],
          [
            -73.544266,
            44.561025
          ],
          [
            -73.54447,
            44.559733
          ],
          [
            -73.5449844,
            44.5575515
          ],
          [
            -73.5453079,
            44.5563687
          ],
          [
            -73.545426,
            44.555925
          ],
          [
            -73.5459519,
            44.5540999
          ],
          [
            -73.5461146,
            44.5534993
          ],
          [
            -73.5464787,
            44.5522684
          ],
          [
            -73.5470848,
            44.5502142
          ],
          [
            -73.5475596,
            44.5489744
          ],
          [
            -73.5478533,
            44.548398
          ],
          [
            -73.5483597,
            44.5474843
          ],
          [
            -73.5485938,
            44.5470895
          ],
          [
            -73.5491232,
            44.5462962
          ],
          [
            -73.5495638,
            44.5457138
          ],
          [
            -73.5498728,
            44.5452857
          ],
          [
            -73.5501306,
            44.5449984
          ],
          [
            -73.5504898,
            44.5446133
          ],
          [
            -73.5507341,
            44.544342
          ],
          [
            -73.5510434,
            44.5440393
          ],
          [
            -73.552618,
            44.542617
          ],
          [
            -73.552672,
            44.542553
          ],
          [
            -73.552727,
            44.542506
          ],
          [
            -73.552774,
            44.542459
          ],
          [
            -73.553643,
            44.541584
          ],
          [
            -73.555789,
            44.539301
          ],
          [
            -73.5565766,
            44.5384934
          ],
          [
            -73.5568676,
            44.5381735
          ],
          [
            -73.557449,
            44.5375246
          ],
          [
            -73.5582852,
            44.5365978
          ],
          [
            -73.5586731,
            44.5361479
          ],
          [
            -73.559141,
            44.535642
          ],
          [
            -73.560547,
            44.534064
          ],
          [
            -73.561323,
            44.533255
          ],
          [
            -73.561747,
            44.532756
          ],
          [
            -73.562487,
            44.531948
          ],
          [
            -73.5631519,
            44.5312016
          ],
          [
            -73.5640302,
            44.5302359
          ],
          [
            -73.5648759,
            44.5293207
          ],
          [
            -73.5656704,
            44.528444
          ],
          [
            -73.5668175,
            44.5271439
          ],
          [
            -73.567132,
            44.52678
          ],
          [
            -73.569842,
            44.523802
          ],
          [
            -73.570012,
            44.523616
          ],
          [
            -73.570826,
            44.522656
          ],
          [
            -73.573377,
            44.519856
          ],
          [
            -73.574108,
            44.519025
          ],
          [
            -73.5748802,
            44.5182021
          ],
          [
            -73.578911,
            44.51376
          ],
          [
            -73.579403,
            44.513242
          ],
          [
            -73.580242,
            44.512303
          ],
          [
            -73.5822327,
            44.5100735
          ],
          [
            -73.5825573,
            44.5097225
          ],
          [
            -73.58346,
            44.508686
          ],
          [
            -73.5838983,
            44.5082217
          ],
          [
            -73.5846479,
            44.5075082
          ],
          [
            -73.5851465,
            44.5070433
          ],
          [
            -73.5854752,
            44.5067272
          ],
          [
            -73.5858081,
            44.5064181
          ],
          [
            -73.5863784,
            44.5058696
          ],
          [
            -73.5868803,
            44.5053815
          ],
          [
            -73.5871486,
            44.5051479
          ],
          [
            -73.5873741,
            44.504939
          ],
          [
            -73.5876386,
            44.5047392
          ],
          [
            -73.5879576,
            44.5045183
          ],
          [
            -73.589292,
            44.5037428
          ],
          [
            -73.5900318,
            44.5032826
          ],
          [
            -73.5903447,
            44.5030479
          ],
          [
            -73.5910845,
            44.5023924
          ],
          [
            -73.5918504,
            44.5016997
          ],
          [
            -73.5921376,
            44.5014157
          ],
          [
            -73.5925717,
            44.5010338
          ],
          [
            -73.5928691,
            44.5007812
          ],
          [
            -73.5931984,
            44.5004937
          ],
          [
            -73.5934963,
            44.5002157
          ],
          [
            -73.5937513,
            44.4999377
          ],
          [
            -73.5939273,
            44.4996835
          ],
          [
            -73.5940991,
            44.4993589
          ],
          [
            -73.5944576,
            44.4986895
          ],
          [
            -73.5947509,
            44.4982199
          ],
          [
            -73.5949469,
            44.4979582
          ],
          [
            -73.5951944,
            44.4976415
          ],
          [
            -73.5953419,
            44.4974386
          ],
          [
            -73.5954508,
            44.497248
          ],
          [
            -73.5957256,
            44.4966547
          ],
          [
            -73.5958329,
            44.496423
          ],
          [
            -73.5960658,
            44.495998
          ],
          [
            -73.5961914,
            44.4956954
          ],
          [
            -73.59634,
            44.4952326
          ],
          [
            -73.5963634,
            44.4950373
          ],
          [
            -73.5963544,
            44.4947422
          ],
          [
            -73.5963244,
            44.4945904
          ],
          [
            -73.5962686,
            44.494389
          ],
          [
            -73.5962004,
            44.4942402
          ],
          [
            -73.5960917,
            44.4940406
          ],
          [
            -73.59581,
            44.4936155
          ],
          [
            -73.5954268,
            44.493026
          ],
          [
            -73.5952789,
            44.4927698
          ],
          [
            -73.5952044,
            44.4926113
          ],
          [
            -73.5951513,
            44.4923793
          ],
          [
            -73.5950494,
            44.4917123
          ],
          [
            -73.5949565,
            44.4910964
          ],
          [
            -73.5949243,
            44.4908314
          ],
          [
            -73.5949077,
            44.4906537
          ],
          [
            -73.5947644,
            44.4895071
          ],
          [
            -73.5947228,
            44.4891675
          ],
          [
            -73.5946512,
            44.488801
          ],
          [
            -73.5946684,
            44.4879774
          ],
          [
            -73.5946482,
            44.4875019
          ],
          [
            -73.5946136,
            44.4871547
          ],
          [
            -73.594601,
            44.4870282
          ],
          [
            -73.5946401,
            44.4867623
          ],
          [
            -73.5947138,
            44.4864121
          ],
          [
            -73.595016,
            44.4852644
          ],
          [
            -73.59509,
            44.4848082
          ],
          [
            -73.595114,
            44.484596
          ],
          [
            -73.5951202,
            44.4844372
          ],
          [
            -73.595105,
            44.4842125
          ],
          [
            -73.5950914,
            44.4840308
          ],
          [
            -73.5950116,
            44.483574
          ],
          [
            -73.5949876,
            44.4834158
          ],
          [
            -73.5949609,
            44.4832293
          ],
          [
            -73.5949422,
            44.4830742
          ],
          [
            -73.594945,
            44.482867
          ],
          [
            -73.5949599,
            44.48274
          ],
          [
            -73.595022,
            44.482469
          ],
          [
            -73.595141,
            44.4820119
          ],
          [
            -73.5953149,
            44.4812866
          ],
          [
            -73.5954601,
            44.4806808
          ],
          [
            -73.5955036,
            44.4804214
          ],
          [
            -73.5955155,
            44.4803217
          ],
          [
            -73.595523,
            44.4801562
          ],
          [
            -73.5955272,
            44.4799771
          ],
          [
            -73.5955185,
            44.479795
          ],
          [
            -73.595484,
            44.479493
          ],
          [
            -73.5954078,
            44.4790091
          ],
          [
            -73.5953636,
            44.4787746
          ],
          [
            -73.5952706,
            44.4782488
          ],
          [
            -73.5951842,
            44.4777658
          ],
          [
            -73.5951274,
            44.477476
          ],
          [
            -73.5951132,
            44.4773288
          ],
          [
            -73.5951046,
            44.4771086
          ],
          [
            -73.595121,
            44.4769375
          ],
          [
            -73.5951406,
            44.4768248
          ],
          [
            -73.5951698,
            44.4767074
          ],
          [
            -73.5952119,
            44.476613
          ],
          [
            -73.5952911,
            44.4764608
          ],
          [
            -73.5954397,
            44.4762169
          ],
          [
            -73.5956349,
            44.4760084
          ],
          [
            -73.595989,
            44.475738
          ],
          [
            -73.596297,
            44.475545
          ],
          [
            -73.59682,
            44.475304
          ],
          [
            -73.599063,
            44.474231
          ],
          [
            -73.600583,
            44.473529
          ],
          [
            -73.600789,
            44.473419
          ],
          [
            -73.601318,
            44.473095
          ],
          [
            -73.601652,
            44.472843
          ],
          [
            -73.602031,
            44.472484
          ],
          [
            -73.602287,
            44.472192
          ],
          [
            -73.602504,
            44.471851
          ],
          [
            -73.602638,
            44.471606
          ],
          [
            -73.602686,
            44.471436
          ],
          [
            -73.602714,
            44.471225
          ],
          [
            -73.6027851,
            44.4709546
          ],
          [
            -73.602811,
            44.470856
          ],
          [
            -73.602879,
            44.470481
          ],
          [
            -73.6029118,
            44.4703782
          ],
          [
            -73.603063,
            44.469904
          ],
          [
            -73.603258,
            44.469532
          ],
          [
            -73.603401,
            44.469306
          ],
          [
            -73.603718,
            44.468904
          ],
          [
            -73.604127,
            44.468408
          ],
          [
            -73.604373,
            44.468167
          ],
          [
            -73.606275,
            44.466101
          ],
          [
            -73.606909,
            44.465481
          ],
          [
            -73.607339,
            44.465101
          ],
          [
            -73.608423,
            44.464196
          ],
          [
            -73.608976,
            44.463795
          ],
          [
            -73.609334,
            44.463525
          ],
          [
            -73.609722,
            44.463262
          ],
          [
            -73.610581,
            44.462787
          ],
          [
            -73.612003,
            44.462123
          ],
          [
            -73.612822,
            44.461685
          ],
          [
            -73.613988,
            44.460986
          ],
          [
            -73.6146061,
            44.4605705
          ],
          [
            -73.615367,
            44.460059
          ],
          [
            -73.616053,
            44.459642
          ],
          [
            -73.616329,
            44.459504
          ],
          [
            -73.616759,
            44.459336
          ],
          [
            -73.617086,
            44.459234
          ],
          [
            -73.617362,
            44.459175
          ],
          [
            -73.617884,
            44.459117
          ],
          [
            -73.618814,
            44.459132
          ],
          [
            -73.619152,
            44.459183
          ],
          [
            -73.620594,
            44.459533
          ],
          [
            -73.621014,
            44.459606
          ],
          [
            -73.621484,
            44.45965
          ],
          [
            -73.621908,
            44.459715
          ],
          [
            -73.622148,
            44.459721
          ],
          [
            -73.62229,
            44.459713
          ],
          [
            -73.622846,
            44.459631
          ],
          [
            -73.6231,
            44.459564
          ],
          [
            -73.624398,
            44.459045
          ],
          [
            -73.624915,
            44.458908
          ],
          [
            -73.62531,
            44.458861
          ],
          [
            -73.625445,
            44.458856
          ],
          [
            -73.625602,
            44.458851
          ],
          [
            -73.625884,
            44.458863
          ],
          [
            -73.626323,
            44.458905
          ],
          [
            -73.627697,
            44.459207
          ],
          [
            -73.628044,
            44.459272
          ],
          [
            -73.628367,
            44.459355
          ],
          [
            -73.628752,
            44.459432
          ],
          [
            -73.629122,
            44.459493
          ],
          [
            -73.629507,
            44.459528
          ],
          [
            -73.629838,
            44.45953
          ],
          [
            -73.630099,
            44.459522
          ],
          [
            -73.630323,
            44.459492
          ],
          [
            -73.630669,
            44.459426
          ],
          [
            -73.631066,
            44.459303
          ],
          [
            -73.631304,
            44.459197
          ],
          [
            -73.631736,
            44.458913
          ],
          [
            -73.632652,
            44.458361
          ],
          [
            -73.633387,
            44.457961
          ],
          [
            -73.6341,
            44.457622
          ],
          [
            -73.6358454,
            44.4570353
          ],
          [
            -73.6360571,
            44.4569348
          ],
          [
            -73.6364334,
            44.4567534
          ],
          [
            -73.636991,
            44.456439
          ],
          [
            -73.637488,
            44.45617
          ],
          [
            -73.6385447,
            44.4555288
          ],
          [
            -73.6392929,
            44.4551005
          ],
          [
            -73.639784,
            44.4548066
          ],
          [
            -73.6402579,
            44.4545372
          ],
          [
            -73.640736,
            44.454251
          ],
          [
            -73.641629,
            44.453752
          ],
          [
            -73.642236,
            44.453391
          ],
          [
            -73.642852,
            44.453041
          ],
          [
            -73.6434027,
            44.4526965
          ],
          [
            -73.6441637,
            44.4522776
          ],
          [
            -73.6449486,
            44.4518304
          ],
          [
            -73.6454242,
            44.4515757
          ],
          [
            -73.6456702,
            44.4514689
          ],
          [
            -73.6459055,
            44.4513654
          ],
          [
            -73.646318,
            44.451215
          ],
          [
            -73.6464713,
            44.451162
          ],
          [
            -73.6468111,
            44.4511192
          ],
          [
            -73.6478495,
            44.4509902
          ],
          [
            -73.6489037,
            44.4508207
          ],
          [
            -73.6505345,
            44.4504334
          ],
          [
            -73.6509721,
            44.4503152
          ],
          [
            -73.6511497,
            44.4502697
          ],
          [
            -73.6519238,
            44.4501175
          ],
          [
            -73.6526726,
            44.4499397
          ],
          [
            -73.6533871,
            44.449831
          ],
          [
            -73.6539187,
            44.4497407
          ],
          [
            -73.6541819,
            44.4496514
          ],
          [
            -73.6547111,
            44.449496
          ],
          [
            -73.6548351,
            44.4494121
          ],
          [
            -73.655154,
            44.448947
          ],
          [
            -73.6556207,
            44.4485611
          ],
          [
            -73.6562809,
            44.4480927
          ],
          [
            -73.6563687,
            44.4480103
          ],
          [
            -73.656473,
            44.447918
          ],
          [
            -73.6570903,
            44.4472598
          ],
          [
            -73.6576432,
            44.4467284
          ],
          [
            -73.6583778,
            44.4460689
          ],
          [
            -73.6590393,
            44.445441
          ],
          [
            -73.6597056,
            44.4448091
          ],
          [
            -73.6598772,
            44.4446684
          ],
          [
            -73.6600622,
            44.4445316
          ],
          [
            -73.6604113,
            44.444315
          ],
          [
            -73.6610166,
            44.4440195
          ],
          [
            -73.6614172,
            44.4438579
          ],
          [
            -73.662309,
            44.443488
          ],
          [
            -73.6626344,
            44.4433645
          ],
          [
            -73.6630482,
            44.4432297
          ],
          [
            -73.6633041,
            44.4431556
          ],
          [
            -73.6635399,
            44.4430995
          ],
          [
            -73.6637848,
            44.443051
          ],
          [
            -73.6641209,
            44.4430019
          ],
          [
            -73.665986,
            44.442755
          ],
          [
            -73.6672933,
            44.442568
          ],
          [
            -73.668379,
            44.4424255
          ],
          [
            -73.6689741,
            44.4423907
          ],
          [
            -73.6707514,
            44.4423395
          ],
          [
            -73.6709303,
            44.4423387
          ],
          [
            -73.6714806,
            44.4422552
          ],
          [
            -73.672741,
            44.441898
          ],
          [
            -73.674232,
            44.441573
          ],
          [
            -73.675717,
            44.441464
          ],
          [
            -73.677268,
            44.441788
          ],
          [
            -73.679192,
            44.442279
          ],
          [
            -73.68074,
            44.442747
          ],
          [
            -73.6820221,
            44.4428468
          ],
          [
            -73.6825196,
            44.4428617
          ],
          [
            -73.6829181,
            44.4428344
          ],
          [
            -73.683296,
            44.4427421
          ],
          [
            -73.6836563,
            44.4426035
          ],
          [
            -73.6838199,
            44.4425119
          ],
          [
            -73.6841466,
            44.4423039
          ],
          [
            -73.6846056,
            44.4421117
          ],
          [
            -73.6852277,
            44.442042
          ],
          [
            -73.688371,
            44.442042
          ],
          [
            -73.6895799,
            44.4420454
          ],
          [
            -73.6910749,
            44.4421208
          ],
          [
            -73.6938557,
            44.4427298
          ],
          [
            -73.694662,
            44.442835
          ],
          [
            -73.696475,
            44.442657
          ],
          [
            -73.698047,
            44.442063
          ],
          [
            -73.699492,
            44.441485
          ],
          [
            -73.70079,
            44.440744
          ],
          [
            -73.701258,
            44.440047
          ]
        ]
      }
    },
    {
      "type": "Feature",
      "properties": {
        "company": "Delaware and Hudson Railroad",
        "line": "Delaware and Hudson: Ausable Branch",
        "id": "dh-ausable-branch",
        "color": "#146B70",
        "mode": "intercity_rail",
        "avg_speed_kmh": 39,
        "speed_source": "derived, not estimated: the Town of Peru panel gives Peru to Plattsburgh as 25 minutes with 5 stops; Peru sits 9.9 km along this trace from South Junction, plus the documented 4 miles of main line into Plattsburgh, giving 16.4 km in 25 minutes = 39 km/h average including stops",
        "geometry_quality": "Traced from OpenStreetMap route relation 1401273 (\"Ausable Branch\", old_railway_operator=D&H), members chained by shared nodes: 455 points, 33.2 km / 20.6 mi against a documented 20-21 miles. ALL 15 ways used carry old_railway_operator=D&H. No straight-line approximation; longest single tangent between consecutive OSM nodes is 0.59 km. Drawn extent is South Junction to Au Sable Forks - the branch itself. The last ~4 miles into Plattsburgh are NOT drawn here because the trains ran over the Champlain shore main line for that stretch, which is already on the map as \"Delaware and Hudson: Albany - Montreal\" (this trace begins 0.19 km from it). How the line reached Plattsburgh in its 1869-1875 years, before that main line existed, is not resolved.",
        "segments": [
          {
            "start": 1873,
            "end": 1929,
            "headway_min": 720,
            "note": "In early 1873 the Delaware and Hudson took the leases of both Whitehall and Plattsburgh lines and consolidated them, with the Montreal and Plattsburgh, into a new New York and Canada Railroad; the line ran as the D&H's Ausable Branch from then on. Two passenger trains a day each way, calling at South Junction, Laphams Mills, Peru, Harkness, Rogers and Ausable Forks - Peru to Plattsburgh took 25 minutes with five stops. It carried Peru Iron Company ore, J&J Rogers output from the Forks, farm produce for Montreal and New York, and Adirondack tourists. The D&H withdrew the passenger trains in 1929, which is where this segment ends.",
            "sources": [
              "https://en.wikipedia.org/wiki/Whitehall_and_Plattsburgh_Railroad (incorporated March 20 1868; the northern segment was built in 1869, 21 miles / 34 km from Plattsburgh to Ausable, New York, following the Ausable River; leased to the Montreal and Plattsburgh in 1870; in early 1873 the Delaware and Hudson took the leases of both Whitehall and Plattsburgh lines and consolidated them with the Montreal and Plattsburgh into a new New York and Canada Railroad; the D&H built its through route along the Lake Champlain shore instead, leaving this a branch; abandoned 1981)",
              "http://www.perutown.com/DHRailLine-080210.pdf (Town of Peru interpretive panel, 'The Ausable Branch of the Delaware & Hudson Railroad': 'Passenger service was offered twice daily; the trip from Peru to Plattsburgh took 25 minutes and had 5 stops'; the branch 'was first built by the Whitehall and Plattsburgh Railroad Company', ran southwest from Plattsburgh through Peru 'ending at the iron ore beds of Arnold and Palmer Hills', served the Peru Iron Company mines; 'Passenger service along the Ausable Branch ended in 1931, and freight service ended in the late 1970s. The rails were removed starting in 1981.')",
              "https://time.com/archive/6747738/business-finance-ausable-upshot/ (TIME, 'Ausable Upshot', Sept 7 1931: the D&H stopped the Ausable branch passenger trains in 1929, claiming one made 50 round trips without a passenger and averaged two fares a trip; Rockwell Kent, returning from Greenland, and lawyer Philip Wager Lowry fought for a valley of some 10,000 people; the Public Service Commission ordered service resumed in November 1930 and reversed itself in 1931 as the road's net operating income fell, ending it permanently, travellers directed to omnibuses on the parallel concrete highway)",
              "https://www.nashuacitystation.org/station/new-york/clinton/black-brook/ausable-forks/ (Ausable Forks station; the branch left the main line at South Junction about 4 miles south of Plattsburgh, with stations South Junction, Laphams Mills, Peru, Harkness, Rogers and Ausable Forks)"
            ]
          },
          {
            "start": 1930,
            "end": 1931,
            "headway_min": 720,
            "note": "Restored service. After the 1929 withdrawal the painter Rockwell Kent, who lived at Au Sable Forks, returned from Greenland to find no train, and with the lawyer Philip Wager Lowry took the D&H to the New York Public Service Commission on behalf of a valley of some 10,000 people; the railroad answered that one train had made 50 round trips without a passenger and averaged two fares a trip. The Commission sided with Kent and ordered service resumed in November 1930 - the service drawn here - then reversed itself in 1931 as the road's net operating income fell, ending Ausable Forks passenger service permanently; riders were directed to buses on the parallel concrete highway. Note on the drawn years: app.js treats a segment's end year as inclusive, so the 1873-1929 and 1930-1931 segments abut and the interruption is NOT visible on the slider. That is deliberate rather than an oversight - trains did run during part of 1929 before the withdrawal and during part of 1930 after the November restoration, so no single year on this map is service-free, and ending the first segment at 1928 to force a visible gap would assert an absence of service in 1929 that is not true. Freight continued into the late 1970s and the rails were lifted starting 1981, but a freight-only era is not drawn on this map.",
            "sources": [
              "https://en.wikipedia.org/wiki/Whitehall_and_Plattsburgh_Railroad (incorporated March 20 1868; the northern segment was built in 1869, 21 miles / 34 km from Plattsburgh to Ausable, New York, following the Ausable River; leased to the Montreal and Plattsburgh in 1870; in early 1873 the Delaware and Hudson took the leases of both Whitehall and Plattsburgh lines and consolidated them with the Montreal and Plattsburgh into a new New York and Canada Railroad; the D&H built its through route along the Lake Champlain shore instead, leaving this a branch; abandoned 1981)",
              "http://www.perutown.com/DHRailLine-080210.pdf (Town of Peru interpretive panel, 'The Ausable Branch of the Delaware & Hudson Railroad': 'Passenger service was offered twice daily; the trip from Peru to Plattsburgh took 25 minutes and had 5 stops'; the branch 'was first built by the Whitehall and Plattsburgh Railroad Company', ran southwest from Plattsburgh through Peru 'ending at the iron ore beds of Arnold and Palmer Hills', served the Peru Iron Company mines; 'Passenger service along the Ausable Branch ended in 1931, and freight service ended in the late 1970s. The rails were removed starting in 1981.')",
              "https://time.com/archive/6747738/business-finance-ausable-upshot/ (TIME, 'Ausable Upshot', Sept 7 1931: the D&H stopped the Ausable branch passenger trains in 1929, claiming one made 50 round trips without a passenger and averaged two fares a trip; Rockwell Kent, returning from Greenland, and lawyer Philip Wager Lowry fought for a valley of some 10,000 people; the Public Service Commission ordered service resumed in November 1930 and reversed itself in 1931 as the road's net operating income fell, ending it permanently, travellers directed to omnibuses on the parallel concrete highway)",
              "https://www.nashuacitystation.org/station/new-york/clinton/black-brook/ausable-forks/ (Ausable Forks station; the branch left the main line at South Junction about 4 miles south of Plattsburgh, with stations South Junction, Laphams Mills, Peru, Harkness, Rogers and Ausable Forks)"
            ]
          }
        ]
      },
      "geometry": {
        "type": "LineString",
        "coordinates": [
          [
            -73.4540644,
            44.6330436
          ],
          [
            -73.4540668,
            44.6327351
          ],
          [
            -73.45412,
            44.632438
          ],
          [
            -73.454174,
            44.632258
          ],
          [
            -73.454271,
            44.632037
          ],
          [
            -73.454314,
            44.631968
          ],
          [
            -73.454487,
            44.631713
          ],
          [
            -73.4546695,
            44.63151
          ],
          [
            -73.4548135,
            44.631372
          ],
          [
            -73.4550089,
            44.6312079
          ],
          [
            -73.4551792,
            44.6310849
          ],
          [
            -73.4554393,
            44.6309269
          ],
          [
            -73.4557235,
            44.6307897
          ],
          [
            -73.4559947,
            44.6306776
          ],
          [
            -73.4562332,
            44.6305962
          ],
          [
            -73.456547,
            44.6305085
          ],
          [
            -73.45662,
            44.630485
          ],
          [
            -73.456938,
            44.630435
          ],
          [
            -73.457278,
            44.630404
          ],
          [
            -73.457636,
            44.630384
          ],
          [
            -73.458038,
            44.630392
          ],
          [
            -73.4584863,
            44.6304474
          ],
          [
            -73.4590957,
            44.6305767
          ],
          [
            -73.463617,
            44.631583
          ],
          [
            -73.468741,
            44.632725
          ],
          [
            -73.470974,
            44.633227
          ],
          [
            -73.471363,
            44.633314
          ],
          [
            -73.474564,
            44.634036
          ],
          [
            -73.4760164,
            44.6343616
          ],
          [
            -73.4766828,
            44.6345262
          ],
          [
            -73.4772439,
            44.6346042
          ],
          [
            -73.4779806,
            44.6346171
          ],
          [
            -73.4783505,
            44.6345888
          ],
          [
            -73.4788563,
            44.634507
          ],
          [
            -73.4791572,
            44.6344222
          ],
          [
            -73.4794871,
            44.6343134
          ],
          [
            -73.4797701,
            44.6341888
          ],
          [
            -73.4799368,
            44.6340957
          ],
          [
            -73.4801093,
            44.6340008
          ],
          [
            -73.4803211,
            44.633866
          ],
          [
            -73.4805353,
            44.6337004
          ],
          [
            -73.4807441,
            44.6335057
          ],
          [
            -73.480929,
            44.6332954
          ],
          [
            -73.4811461,
            44.6329585
          ],
          [
            -73.4814988,
            44.6323306
          ],
          [
            -73.4818149,
            44.6317581
          ],
          [
            -73.482217,
            44.630856
          ],
          [
            -73.482534,
            44.63028
          ],
          [
            -73.482732,
            44.629889
          ],
          [
            -73.483134,
            44.629155
          ],
          [
            -73.483361,
            44.628772
          ],
          [
            -73.483616,
            44.628386
          ],
          [
            -73.484347,
            44.627427
          ],
          [
            -73.484793,
            44.626875
          ],
          [
            -73.48545,
            44.625985
          ],
          [
            -73.486007,
            44.625135
          ],
          [
            -73.486164,
            44.624819
          ],
          [
            -73.486423,
            44.624296
          ],
          [
            -73.487653,
            44.621829
          ],
          [
            -73.488164,
            44.620865
          ],
          [
            -73.489091,
            44.618935
          ],
          [
            -73.489523,
            44.617948
          ],
          [
            -73.490508,
            44.616011
          ],
          [
            -73.490972,
            44.615039
          ],
          [
            -73.491483,
            44.614052
          ],
          [
            -73.491888,
            44.613229
          ],
          [
            -73.493392,
            44.610171
          ],
          [
            -73.493861,
            44.609196
          ],
          [
            -73.494342,
            44.608233
          ],
          [
            -73.494775,
            44.607263
          ],
          [
            -73.495964,
            44.604849
          ],
          [
            -73.496222,
            44.604335
          ],
          [
            -73.496667,
            44.603384
          ],
          [
            -73.496791,
            44.603188
          ],
          [
            -73.497084,
            44.602726
          ],
          [
            -73.498301,
            44.599939
          ],
          [
            -73.498377,
            44.599792
          ],
          [
            -73.499023,
            44.598534
          ],
          [
            -73.499237,
            44.598117
          ],
          [
            -73.499535,
            44.59765
          ],
          [
            -73.5003189,
            44.5962922
          ],
          [
            -73.5004904,
            44.5959871
          ],
          [
            -73.500843,
            44.5954219
          ],
          [
            -73.5010195,
            44.5950956
          ],
          [
            -73.501349,
            44.594332
          ],
          [
            -73.501575,
            44.594025
          ],
          [
            -73.502056,
            44.593487
          ],
          [
            -73.502287,
            44.593272
          ],
          [
            -73.50271,
            44.592925
          ],
          [
            -73.502878,
            44.592809
          ],
          [
            -73.503133,
            44.592654
          ],
          [
            -73.503284,
            44.59258
          ],
          [
            -73.50354,
            44.592404
          ],
          [
            -73.504242,
            44.591845
          ],
          [
            -73.504532,
            44.591585
          ],
          [
            -73.505285,
            44.5907854
          ],
          [
            -73.5065219,
            44.5893814
          ],
          [
            -73.5071557,
            44.5886423
          ],
          [
            -73.510088,
            44.58533
          ],
          [
            -73.511564,
            44.583647
          ],
          [
            -73.51246,
            44.582594
          ],
          [
            -73.5135928,
            44.5813169
          ],
          [
            -73.5138816,
            44.5810349
          ],
          [
            -73.5144685,
            44.5804807
          ],
          [
            -73.514873,
            44.5801552
          ],
          [
            -73.5152469,
            44.5798915
          ],
          [
            -73.5157527,
            44.5795486
          ],
          [
            -73.5161393,
            44.5793147
          ],
          [
            -73.5165549,
            44.5790583
          ],
          [
            -73.5167607,
            44.5789622
          ],
          [
            -73.5169599,
            44.5788584
          ],
          [
            -73.5172134,
            44.5787342
          ],
          [
            -73.5175488,
            44.5785958
          ],
          [
            -73.5179122,
            44.5784544
          ],
          [
            -73.518147,
            44.578368
          ],
          [
            -73.5183344,
            44.5783096
          ],
          [
            -73.518624,
            44.578213
          ],
          [
            -73.518865,
            44.578143
          ],
          [
            -73.5201338,
            44.5778228
          ],
          [
            -73.522267,
            44.5773462
          ],
          [
            -73.5230528,
            44.5771464
          ],
          [
            -73.524698,
            44.576798
          ],
          [
            -73.5252217,
            44.5767034
          ],
          [
            -73.525387,
            44.576663
          ],
          [
            -73.525852,
            44.57651
          ],
          [
            -73.525987,
            44.576465
          ],
          [
            -73.527047,
            44.576015
          ],
          [
            -73.5275,
            44.575782
          ],
          [
            -73.528729,
            44.57515
          ],
          [
            -73.529438,
            44.574824
          ],
          [
            -73.535406,
            44.572079
          ],
          [
            -73.535892,
            44.571843
          ],
          [
            -73.537975,
            44.570831
          ],
          [
            -73.538787,
            44.570398
          ],
          [
            -73.539428,
            44.569915
          ],
          [
            -73.539997,
            44.569295
          ],
          [
            -73.54061,
            44.56843
          ],
          [
            -73.541404,
            44.5672
          ],
          [
            -73.54208,
            44.56609
          ],
          [
            -73.543053,
            44.564562
          ],
          [
            -73.543695,
            44.563282
          ],
          [
            -73.544091,
            44.56195
          ],
          [
            -73.544266,
            44.561025
          ],
          [
            -73.54447,
            44.559733
          ],
          [
            -73.5449844,
            44.5575515
          ],
          [
            -73.5453079,
            44.5563687
          ],
          [
            -73.545426,
            44.555925
          ],
          [
            -73.5459519,
            44.5540999
          ],
          [
            -73.5461146,
            44.5534993
          ],
          [
            -73.5464787,
            44.5522684
          ],
          [
            -73.5470848,
            44.5502142
          ],
          [
            -73.5475596,
            44.5489744
          ],
          [
            -73.5478533,
            44.548398
          ],
          [
            -73.5483597,
            44.5474843
          ],
          [
            -73.5485938,
            44.5470895
          ],
          [
            -73.5491232,
            44.5462962
          ],
          [
            -73.5495638,
            44.5457138
          ],
          [
            -73.5498728,
            44.5452857
          ],
          [
            -73.5501306,
            44.5449984
          ],
          [
            -73.5504898,
            44.5446133
          ],
          [
            -73.5507341,
            44.544342
          ],
          [
            -73.5510434,
            44.5440393
          ],
          [
            -73.552618,
            44.542617
          ],
          [
            -73.552672,
            44.542553
          ],
          [
            -73.552727,
            44.542506
          ],
          [
            -73.552774,
            44.542459
          ],
          [
            -73.553643,
            44.541584
          ],
          [
            -73.555789,
            44.539301
          ],
          [
            -73.5565766,
            44.5384934
          ],
          [
            -73.5568676,
            44.5381735
          ],
          [
            -73.557449,
            44.5375246
          ],
          [
            -73.5582852,
            44.5365978
          ],
          [
            -73.5586731,
            44.5361479
          ],
          [
            -73.559141,
            44.535642
          ],
          [
            -73.560547,
            44.534064
          ],
          [
            -73.561323,
            44.533255
          ],
          [
            -73.561747,
            44.532756
          ],
          [
            -73.562487,
            44.531948
          ],
          [
            -73.5631519,
            44.5312016
          ],
          [
            -73.5640302,
            44.5302359
          ],
          [
            -73.5648759,
            44.5293207
          ],
          [
            -73.5656704,
            44.528444
          ],
          [
            -73.5668175,
            44.5271439
          ],
          [
            -73.567132,
            44.52678
          ],
          [
            -73.569842,
            44.523802
          ],
          [
            -73.570012,
            44.523616
          ],
          [
            -73.570826,
            44.522656
          ],
          [
            -73.573377,
            44.519856
          ],
          [
            -73.574108,
            44.519025
          ],
          [
            -73.5748802,
            44.5182021
          ],
          [
            -73.578911,
            44.51376
          ],
          [
            -73.579403,
            44.513242
          ],
          [
            -73.580242,
            44.512303
          ],
          [
            -73.5822327,
            44.5100735
          ],
          [
            -73.5825573,
            44.5097225
          ],
          [
            -73.58346,
            44.508686
          ],
          [
            -73.5838983,
            44.5082217
          ],
          [
            -73.5846479,
            44.5075082
          ],
          [
            -73.5851465,
            44.5070433
          ],
          [
            -73.5854752,
            44.5067272
          ],
          [
            -73.5858081,
            44.5064181
          ],
          [
            -73.5863784,
            44.5058696
          ],
          [
            -73.5868803,
            44.5053815
          ],
          [
            -73.5871486,
            44.5051479
          ],
          [
            -73.5873741,
            44.504939
          ],
          [
            -73.5876386,
            44.5047392
          ],
          [
            -73.5879576,
            44.5045183
          ],
          [
            -73.589292,
            44.5037428
          ],
          [
            -73.5900318,
            44.5032826
          ],
          [
            -73.5903447,
            44.5030479
          ],
          [
            -73.5910845,
            44.5023924
          ],
          [
            -73.5918504,
            44.5016997
          ],
          [
            -73.5921376,
            44.5014157
          ],
          [
            -73.5925717,
            44.5010338
          ],
          [
            -73.5928691,
            44.5007812
          ],
          [
            -73.5931984,
            44.5004937
          ],
          [
            -73.5934963,
            44.5002157
          ],
          [
            -73.5937513,
            44.4999377
          ],
          [
            -73.5939273,
            44.4996835
          ],
          [
            -73.5940991,
            44.4993589
          ],
          [
            -73.5944576,
            44.4986895
          ],
          [
            -73.5947509,
            44.4982199
          ],
          [
            -73.5949469,
            44.4979582
          ],
          [
            -73.5951944,
            44.4976415
          ],
          [
            -73.5953419,
            44.4974386
          ],
          [
            -73.5954508,
            44.497248
          ],
          [
            -73.5957256,
            44.4966547
          ],
          [
            -73.5958329,
            44.496423
          ],
          [
            -73.5960658,
            44.495998
          ],
          [
            -73.5961914,
            44.4956954
          ],
          [
            -73.59634,
            44.4952326
          ],
          [
            -73.5963634,
            44.4950373
          ],
          [
            -73.5963544,
            44.4947422
          ],
          [
            -73.5963244,
            44.4945904
          ],
          [
            -73.5962686,
            44.494389
          ],
          [
            -73.5962004,
            44.4942402
          ],
          [
            -73.5960917,
            44.4940406
          ],
          [
            -73.59581,
            44.4936155
          ],
          [
            -73.5954268,
            44.493026
          ],
          [
            -73.5952789,
            44.4927698
          ],
          [
            -73.5952044,
            44.4926113
          ],
          [
            -73.5951513,
            44.4923793
          ],
          [
            -73.5950494,
            44.4917123
          ],
          [
            -73.5949565,
            44.4910964
          ],
          [
            -73.5949243,
            44.4908314
          ],
          [
            -73.5949077,
            44.4906537
          ],
          [
            -73.5947644,
            44.4895071
          ],
          [
            -73.5947228,
            44.4891675
          ],
          [
            -73.5946512,
            44.488801
          ],
          [
            -73.5946684,
            44.4879774
          ],
          [
            -73.5946482,
            44.4875019
          ],
          [
            -73.5946136,
            44.4871547
          ],
          [
            -73.594601,
            44.4870282
          ],
          [
            -73.5946401,
            44.4867623
          ],
          [
            -73.5947138,
            44.4864121
          ],
          [
            -73.595016,
            44.4852644
          ],
          [
            -73.59509,
            44.4848082
          ],
          [
            -73.595114,
            44.484596
          ],
          [
            -73.5951202,
            44.4844372
          ],
          [
            -73.595105,
            44.4842125
          ],
          [
            -73.5950914,
            44.4840308
          ],
          [
            -73.5950116,
            44.483574
          ],
          [
            -73.5949876,
            44.4834158
          ],
          [
            -73.5949609,
            44.4832293
          ],
          [
            -73.5949422,
            44.4830742
          ],
          [
            -73.594945,
            44.482867
          ],
          [
            -73.5949599,
            44.48274
          ],
          [
            -73.595022,
            44.482469
          ],
          [
            -73.595141,
            44.4820119
          ],
          [
            -73.5953149,
            44.4812866
          ],
          [
            -73.5954601,
            44.4806808
          ],
          [
            -73.5955036,
            44.4804214
          ],
          [
            -73.5955155,
            44.4803217
          ],
          [
            -73.595523,
            44.4801562
          ],
          [
            -73.5955272,
            44.4799771
          ],
          [
            -73.5955185,
            44.479795
          ],
          [
            -73.595484,
            44.479493
          ],
          [
            -73.5954078,
            44.4790091
          ],
          [
            -73.5953636,
            44.4787746
          ],
          [
            -73.5952706,
            44.4782488
          ],
          [
            -73.5951842,
            44.4777658
          ],
          [
            -73.5951274,
            44.477476
          ],
          [
            -73.5951132,
            44.4773288
          ],
          [
            -73.5951046,
            44.4771086
          ],
          [
            -73.595121,
            44.4769375
          ],
          [
            -73.5951406,
            44.4768248
          ],
          [
            -73.5951698,
            44.4767074
          ],
          [
            -73.5952119,
            44.476613
          ],
          [
            -73.5952911,
            44.4764608
          ],
          [
            -73.5954397,
            44.4762169
          ],
          [
            -73.5956349,
            44.4760084
          ],
          [
            -73.595989,
            44.475738
          ],
          [
            -73.596297,
            44.475545
          ],
          [
            -73.59682,
            44.475304
          ],
          [
            -73.599063,
            44.474231
          ],
          [
            -73.600583,
            44.473529
          ],
          [
            -73.600789,
            44.473419
          ],
          [
            -73.601318,
            44.473095
          ],
          [
            -73.601652,
            44.472843
          ],
          [
            -73.602031,
            44.472484
          ],
          [
            -73.602287,
            44.472192
          ],
          [
            -73.602504,
            44.471851
          ],
          [
            -73.602638,
            44.471606
          ],
          [
            -73.602686,
            44.471436
          ],
          [
            -73.602714,
            44.471225
          ],
          [
            -73.6027851,
            44.4709546
          ],
          [
            -73.602811,
            44.470856
          ],
          [
            -73.602879,
            44.470481
          ],
          [
            -73.6029118,
            44.4703782
          ],
          [
            -73.603063,
            44.469904
          ],
          [
            -73.603258,
            44.469532
          ],
          [
            -73.603401,
            44.469306
          ],
          [
            -73.603718,
            44.468904
          ],
          [
            -73.604127,
            44.468408
          ],
          [
            -73.604373,
            44.468167
          ],
          [
            -73.606275,
            44.466101
          ],
          [
            -73.606909,
            44.465481
          ],
          [
            -73.607339,
            44.465101
          ],
          [
            -73.608423,
            44.464196
          ],
          [
            -73.608976,
            44.463795
          ],
          [
            -73.609334,
            44.463525
          ],
          [
            -73.609722,
            44.463262
          ],
          [
            -73.610581,
            44.462787
          ],
          [
            -73.612003,
            44.462123
          ],
          [
            -73.612822,
            44.461685
          ],
          [
            -73.613988,
            44.460986
          ],
          [
            -73.6146061,
            44.4605705
          ],
          [
            -73.615367,
            44.460059
          ],
          [
            -73.616053,
            44.459642
          ],
          [
            -73.616329,
            44.459504
          ],
          [
            -73.616759,
            44.459336
          ],
          [
            -73.617086,
            44.459234
          ],
          [
            -73.617362,
            44.459175
          ],
          [
            -73.617884,
            44.459117
          ],
          [
            -73.618814,
            44.459132
          ],
          [
            -73.619152,
            44.459183
          ],
          [
            -73.620594,
            44.459533
          ],
          [
            -73.621014,
            44.459606
          ],
          [
            -73.621484,
            44.45965
          ],
          [
            -73.621908,
            44.459715
          ],
          [
            -73.622148,
            44.459721
          ],
          [
            -73.62229,
            44.459713
          ],
          [
            -73.622846,
            44.459631
          ],
          [
            -73.6231,
            44.459564
          ],
          [
            -73.624398,
            44.459045
          ],
          [
            -73.624915,
            44.458908
          ],
          [
            -73.62531,
            44.458861
          ],
          [
            -73.625445,
            44.458856
          ],
          [
            -73.625602,
            44.458851
          ],
          [
            -73.625884,
            44.458863
          ],
          [
            -73.626323,
            44.458905
          ],
          [
            -73.627697,
            44.459207
          ],
          [
            -73.628044,
            44.459272
          ],
          [
            -73.628367,
            44.459355
          ],
          [
            -73.628752,
            44.459432
          ],
          [
            -73.629122,
            44.459493
          ],
          [
            -73.629507,
            44.459528
          ],
          [
            -73.629838,
            44.45953
          ],
          [
            -73.630099,
            44.459522
          ],
          [
            -73.630323,
            44.459492
          ],
          [
            -73.630669,
            44.459426
          ],
          [
            -73.631066,
            44.459303
          ],
          [
            -73.631304,
            44.459197
          ],
          [
            -73.631736,
            44.458913
          ],
          [
            -73.632652,
            44.458361
          ],
          [
            -73.633387,
            44.457961
          ],
          [
            -73.6341,
            44.457622
          ],
          [
            -73.6358454,
            44.4570353
          ],
          [
            -73.6360571,
            44.4569348
          ],
          [
            -73.6364334,
            44.4567534
          ],
          [
            -73.636991,
            44.456439
          ],
          [
            -73.637488,
            44.45617
          ],
          [
            -73.6385447,
            44.4555288
          ],
          [
            -73.6392929,
            44.4551005
          ],
          [
            -73.639784,
            44.4548066
          ],
          [
            -73.6402579,
            44.4545372
          ],
          [
            -73.640736,
            44.454251
          ],
          [
            -73.641629,
            44.453752
          ],
          [
            -73.642236,
            44.453391
          ],
          [
            -73.642852,
            44.453041
          ],
          [
            -73.6434027,
            44.4526965
          ],
          [
            -73.6441637,
            44.4522776
          ],
          [
            -73.6449486,
            44.4518304
          ],
          [
            -73.6454242,
            44.4515757
          ],
          [
            -73.6456702,
            44.4514689
          ],
          [
            -73.6459055,
            44.4513654
          ],
          [
            -73.646318,
            44.451215
          ],
          [
            -73.6464713,
            44.451162
          ],
          [
            -73.6468111,
            44.4511192
          ],
          [
            -73.6478495,
            44.4509902
          ],
          [
            -73.6489037,
            44.4508207
          ],
          [
            -73.6505345,
            44.4504334
          ],
          [
            -73.6509721,
            44.4503152
          ],
          [
            -73.6511497,
            44.4502697
          ],
          [
            -73.6519238,
            44.4501175
          ],
          [
            -73.6526726,
            44.4499397
          ],
          [
            -73.6533871,
            44.449831
          ],
          [
            -73.6539187,
            44.4497407
          ],
          [
            -73.6541819,
            44.4496514
          ],
          [
            -73.6547111,
            44.449496
          ],
          [
            -73.6548351,
            44.4494121
          ],
          [
            -73.655154,
            44.448947
          ],
          [
            -73.6556207,
            44.4485611
          ],
          [
            -73.6562809,
            44.4480927
          ],
          [
            -73.6563687,
            44.4480103
          ],
          [
            -73.656473,
            44.447918
          ],
          [
            -73.6570903,
            44.4472598
          ],
          [
            -73.6576432,
            44.4467284
          ],
          [
            -73.6583778,
            44.4460689
          ],
          [
            -73.6590393,
            44.445441
          ],
          [
            -73.6597056,
            44.4448091
          ],
          [
            -73.6598772,
            44.4446684
          ],
          [
            -73.6600622,
            44.4445316
          ],
          [
            -73.6604113,
            44.444315
          ],
          [
            -73.6610166,
            44.4440195
          ],
          [
            -73.6614172,
            44.4438579
          ],
          [
            -73.662309,
            44.443488
          ],
          [
            -73.6626344,
            44.4433645
          ],
          [
            -73.6630482,
            44.4432297
          ],
          [
            -73.6633041,
            44.4431556
          ],
          [
            -73.6635399,
            44.4430995
          ],
          [
            -73.6637848,
            44.443051
          ],
          [
            -73.6641209,
            44.4430019
          ],
          [
            -73.665986,
            44.442755
          ],
          [
            -73.6672933,
            44.442568
          ],
          [
            -73.668379,
            44.4424255
          ],
          [
            -73.6689741,
            44.4423907
          ],
          [
            -73.6707514,
            44.4423395
          ],
          [
            -73.6709303,
            44.4423387
          ],
          [
            -73.6714806,
            44.4422552
          ],
          [
            -73.672741,
            44.441898
          ],
          [
            -73.674232,
            44.441573
          ],
          [
            -73.675717,
            44.441464
          ],
          [
            -73.677268,
            44.441788
          ],
          [
            -73.679192,
            44.442279
          ],
          [
            -73.68074,
            44.442747
          ],
          [
            -73.6820221,
            44.4428468
          ],
          [
            -73.6825196,
            44.4428617
          ],
          [
            -73.6829181,
            44.4428344
          ],
          [
            -73.683296,
            44.4427421
          ],
          [
            -73.6836563,
            44.4426035
          ],
          [
            -73.6838199,
            44.4425119
          ],
          [
            -73.6841466,
            44.4423039
          ],
          [
            -73.6846056,
            44.4421117
          ],
          [
            -73.6852277,
            44.442042
          ],
          [
            -73.688371,
            44.442042
          ],
          [
            -73.6895799,
            44.4420454
          ],
          [
            -73.6910749,
            44.4421208
          ],
          [
            -73.6938557,
            44.4427298
          ],
          [
            -73.694662,
            44.442835
          ],
          [
            -73.696475,
            44.442657
          ],
          [
            -73.698047,
            44.442063
          ],
          [
            -73.699492,
            44.441485
          ],
          [
            -73.70079,
            44.440744
          ],
          [
            -73.701258,
            44.440047
          ]
        ]
      }
    }
  ]
}
