{
 "type": "FeatureCollection",
 "metadata": {
  "note": "The Duluth, Missabe and Iron Range ('Missabe Road') and the two companies that ran its passenger trains before it: the Duluth and Iron Range Rail Road (Duluth - Two Harbors - Tower - Ely and its Mesabi branches, 1884-1930) and the Duluth, Missabe and Northern Railway (Duluth - Wolf - Hibbing / Virginia and branches, 1893-1937). Drawn from research/branches/duluth_missabe_and_iron_range_railway.txt in the site repo (DanielMConnolly/historical-trains) (2026-10-06). Before this layer the map drew no DM&IR, DM&N or D&IR route. Only the report's drawable spans are drawn, which keep to years a source confirms. Rule 4 splits, all sharing geometry: D&IR lines -> DM&N on the 10 Jan 1930 lease (the 1930 and 1932 Ely Miner ads are headed by the DM&N, so the lessee held itself out as the operator); DM&N -> DM&IR on 1 July 1937 (merger with the Spirit Lake Transfer Railway). The March 1938 conveyance of the D&IR's property to the DM&IR changes nothing operationally and is not a split. U.S. Steel's 1901 stock purchase of both roads is not a split. The last Missabe Division train ran 31 Dec 1957 (with no trains 15 May 1953 - 5 Nov 1956, drawn as a real gap); the last Iron Range Division train 15 July 1961. Freight continues under Canadian National (2004) and is not drawn. The North Shore Scenic Railroad (1990-) is drawn as tourist_rail on Duluth - Lester River only, split by operator per Rule 4.",
  "sources": [
   "https://www.american-rails.com/missabe.html (american-rails.com, Missabe Road history)",
   "Official Guide of the Railways, Feb 1952 (DM&IR schedules of 9 Sep 1951) - https://archive.org/details/the-official-guide-of-the-railways-images",
   "https://www.branchline.uk/jfpdf/minnesotarrs.pdf (John Fowler, Minnesota passenger stations, DM&IR legend b=1921t DM&N, d=1951t)",
   "Virginia Enterprise (Virginia MN) 7 Dec 1894 p4, DM&N passenger timetable in effect 18 Dec 1893 - https://www.loc.gov/collections/chronicling-america/ (sn90059180)",
   "Virginia Enterprise 19 Apr 1895 p4, DM&N timetable in effect 4 Feb 1895 and D&IR timetable in effect 23 Jan 1895 - https://www.loc.gov/collections/chronicling-america/ (sn90059180)",
   "Virginia Enterprise 27 Dec 1901 p9, DM&N and D&IR timetables - http://www.loc.gov/resource/sn90059180/1901-12-27/ed-1/?sp=9",
   "Ely Miner (Ely MN) 6 Jun - 7 Nov 1930, 'Duluth Missabe and Northern Railway Company Daily Passenger Service' Ely - Duluth - https://www.loc.gov/collections/chronicling-america/",
   "Ely Miner 5 Aug 1932 p5, DM&N daily passenger service Nos. 5/6 Duluth - Ely - https://www.loc.gov/collections/chronicling-america/",
   "Trainman News 31 Jan 1955 p5 (court order reestablishing DM&IR passenger trains Nos. 1 and 2)",
   "Grand Rapids Herald-Review 9 Dec 1914 p7, auto-stage ad 'Leave Coleraine Missabe Depot' meeting the Missabe train to Duluth - https://www.loc.gov/collections/chronicling-america/",
   "https://www.missabe.com/history (Missabe Railroad Historical Society)",
   "https://en.wikipedia.org/wiki/Endion_station",
   "https://www.duluthtownship.gov/pdf/newsletter/history/lindahl/march2005_clifton_depot.pdf (Todd Lindahl, 'The Clifton Depot', 2005)",
   "https://en.wikipedia.org/wiki/Timeline_of_Class_I_railroads_(1930%E2%80%931976)",
   "https://en.wikipedia.org/wiki/Duluth,_Missabe_and_Northern_Railway",
   "https://en.wikipedia.org/wiki/North_Shore_Scenic_Railroad",
   "https://en.wikipedia.org/wiki/Duluth_and_Iron_Range_Railroad",
   "https://en.wikipedia.org/wiki/Duluth,_Missabe_and_Iron_Range_Railway"
  ],
  "geometry_method": "OpenStreetMap via Overpass (mail.ru mirror, cached degree tiles) plus OpenHistoricalMap (CC0) for lifted grades, routed with opstrace.py: Dijkstra over all railway ways, ways named or tagged for the railroad family (CN Missabe / Iron Range / Two Harbors subdivisions, 'Duluth Missabe & Iron Range Ry', the North Shore Scenic Railroad, Hinsdale Spur, Alborn-Pengilly Railroad Trail, OHM ways named for the DM&N, D&IR or DM&IR) costed 1x, untagged track 1.25x, untagged OHM ways 1.6x, trails 3x and any other named operator (BNSF / ex-Great Northern, DW&P, Erie Mining, Reserve / Northshore Mining, etc.) 10x; waypoints from the research report's via lists, snapped by a dynamic program over candidate nodes, each leg confined to a corridor round its own chord, then Douglas-Peucker (8 m) and trim_reversals. Branches are joined to their parent line at the nearest point on it, so junctions coincide.",
  "geometry_caveats": [
   "Union Depot - Missabe Junction (about 2 mi, 46.778,-92.106 to about 46.757,-92.15) was Northern Pacific trackage used by DM&N/DM&IR trains; drawn in this company's colour on the surviving waterfront track.",
   "Hibbing: drawn to the post-1920 station south of the Hull-Rust pit (the report's South Hibbing), ending 47.4241,-92.9478; 1901-c.1920 trains used the original Hibbing (later North Hibbing) station about 1.5 mi north, now in the pit.",
   "Great Northern parallels: Mitchell - Hibbing (47.437,-92.915; drawn on an OHM grade within 60 m of the BNSF Hib Tac Subdivision, not on it), Wilpen - Chisholm (last 1.3 mi on the Mesabi Trail, 47.474,-92.852 to 47.483,-92.876, possibly the GN grade) and Taconite - Coleraine (2.5 mi on the Mesabi Trail, 47.300,-93.384 to 47.292,-93.424, possibly the GN grade).",
   "Straight-line legs over 300 m: Spruce - Eveleth 2.3 mi; Mesaba junction 0.8 mi; Duluth depot throat 0.5 mi (laid along straight track); Two Harbors yard 0.4 mi; Mountain Iron junction 0.3 mi; Alborn junction 0.3 mi.",
   "Later alignments: Mountain Iron branch on the 1960s Minntac Subdivision; Biwabik branch on the CN Iron Range Subdivision; Mesaba - Babbitt on the taconite-era branch to the Northshore pits; Union Depot is drawn as the Lake Division terminal from 1886 though it opened in 1892."
  ],
  "not_yet_sourced": [
   "End years that are the last CONFIRMED year, not a known end ([OPEN]): Iron Junction - Eveleth (DM&IR) 1951, Wolf - Virginia 1901, Biwabik Branch 1911, Western Mesaba Branch 1909, Lake Division Union Depot - Endion (DM&IR) 1951.",
   "Start years that are the first CONFIRMED year, not the opening ([OPEN]): Wolf - Hibbing 1901 (bracket 1893-1901), Iron Junction - Eveleth 1901, Biwabik Branch 1901, Western Mesaba Branch 1895.",
   "Single proven years ([ANCHOR]): Eveleth - Virginia 1951, Mountain Iron Branch 1901, Wilpen - Chisholm 1951 (rail vs bus not certain), Coleraine Branch 1914, Mesaba - Babbitt 1924 (low confidence).",
   "Passenger end on every D&IR Mesabi branch and every DM&N branch: all before 1951 where the Feb 1952 Guide says freight only. Sources to try: DM&N/D&IR employee timetables, Minnesota Railroad & Warehouse Commission discontinuance orders, the Ely Miner / Virginia Enterprise / Mesaba Ore in Chronicling America.",
   "End of the Virginia service (Nos. 11/12): between Sept 1951 and May 1953. Route of the 1901 Eveleth trains (via Spruce or via Wolf - Virginia - Rainy Junction) and of the 1951 trains into Virginia (traced 4.9 mi against about 7).",
   "DM&N passenger start: american-rails.com says Duluth - Hibbing service began 1892, but the DM&N had no Duluth track until 22 July 1893 and no Hibbing rails until 24 Oct 1893; earliest dated evidence is the timetable effective 18 Dec 1893 (Duluth - Virginia). Conflict recorded, 1893 drawn.",
   "Last Iron Range Division train: 15 July 1961 (american-rails.com, Wikipedia Endion station) vs 20 July 1961 (Lindahl). Same year.",
   "D&IR -> DM&IR corporate date: conveyance March 1938 / 21 March 1938 vs mnopedia 'officially merged' July 1938. Irrelevant to drawing (the operating split is the 10 Jan 1930 lease).",
   "Which Duluth station the Iron Range Division used year by year (Union Depot in 1951, Endion in 1961, the D&IR's own arrangements before 1892).",
   "Whether the 1956-57 reinstated Nos. 1/2 made every stop of the 1951 schedule.",
   "Sites not verified on the ground: the DM&N Eveleth and Virginia stations, the D&IR Tower station, Endion's original site, the 1924 Babbitt terminal."
  ],
  "omitted": [
   "Ely - Winton (report block 13): no confirmable passenger year; every timetable read ends at Ely, and the one web caption putting the RDC on 'Ely-Winton' is unsourced.",
   "McKinley - Virginia (D&IR, via Gilbert) and McKinley - Sparta - Eveleth (report block 15): the Jan 1895 D&IR timetable reaches Virginia 32 min after McKinley, which fits either route; the route is unresolved, so neither is drawn.",
   "Wales Branch, Wales - Scott Junction / Whyte (report block 17): a 1917 logging branch; the Oct 1951 Guide prints a 'WALES BRANCH' table but its times are not recoverable - could be a mixed train or a freight station list. No confirmed passenger year.",
   "Waldo - Britton - Drummond - Rollins: FOWLER marks Rollins 'pass?'; no evidence.",
   "Sherwood - Buhl: the 1951 Guide has a 'SHERWOOD TO BUHL' header with no recoverable times, and the adjoining table puts a bus between Wilpen and Buhl; no confirmed rail passenger year.",
   "North Shore Scenic Railroad Lester River - Two Harbors: excursions beyond Lester River (to Palmers, Knife River, Two Harbors) ran in some seasons, but which seasons is not sourced, so only Duluth - Lester River is drawn.",
   "Duluth - Lester Park commuter trains of the 1880s ('up to 15 daily', dropped 1892): start year not separately sourced; not drawn as a commuter_rail overlay.",
   "A 'last passenger train' out of Ely on 19 Sept 1981: probably a farewell special before abandonment; operator and nature not established.",
   "Freight-only lines (Rule 1): ore spurs and mine leads, the Proctor yard and dock tracks, the Interstate and Spirit Lake Transfer terminal roads, and the whole system after 1961 except the 1990+ tourist operation."
  ]
 },
 "features": [
  {
   "type": "Feature",
   "properties": {
    "company": "Duluth, Missabe and Northern Railway",
    "line": "Duluth, Missabe and Northern: Missabe Division (Duluth – Wolf)",
    "id": "dmn-missabe-duluth-wolf",
    "color": "#9C6B1F",
    "mode": "intercity_rail",
    "avg_speed_kmh": 40,
    "speed_source": "derived from timetables, not a measured average for every era: DM&N Feb 1895 Duluth 7:45 - Virginia 10:43 (~74 mi, ~40 km/h) [VE95]; Sept 1951 Duluth 8:20 - Hibbing 11:38 (84 mi, ~41 km/h) [OG51]",
    "geometry_source": "OpenStreetMap via Overpass (mail.ru mirror, cached degree tiles) plus OpenHistoricalMap (CC0) for lifted grades, routed with opstrace.py: Dijkstra over all railway ways, ways named or tagged for the railroad family (CN Missabe / Iron Range / Two Harbors subdivisions, 'Duluth Missabe & Iron Range Ry', the North Shore Scenic Railroad, Hinsdale Spur, Alborn-Pengilly Railroad Trail, OHM ways named for the DM&N, D&IR or DM&IR) costed 1x, untagged track 1.25x, untagged OHM ways 1.6x, trails 3x and any other named operator (BNSF / ex-Great Northern, DW&P, Erie Mining, Reserve / Northshore Mining, etc.) 10x; waypoints from the research report's via lists, snapped by a dynamic program over candidate nodes, each leg confined to a corridor round its own chord, then Douglas-Peucker (8 m) and trim_reversals. Branches are joined to their parent line at the nearest point on it, so junctions coincide.",
    "geometry_quality": "Traced from OpenStreetMap, 67.4 mi against the documented 67.6 mi Duluth Union Depot - Wolf (FOWLER mileposts; waypoint checks: Proctor 9.0 vs 9.1, Saginaw 23.0 vs 23.0, Alborn 34.4 vs 34.3, Iron Junction 65.2 vs 65.4). About 66 mi runs on ways named CN Missabe Subdivision / Duluth Missabe & Iron Range Ry or OHM 'Duluth, Missabe and Northern Railway'; the rest is untagged track on the same corridor. APPROXIMATED: the first 0.5 mi out of the depot (46.7781,-92.1060 to 46.7728,-92.1138) is a straight line laid along the straight NP/BNSF lakefront track, because the router snapped its start 0.8 km down the line. FOREIGN TRACK: Union Depot - Missabe Junction (about 2 mi, 46.778,-92.106 to roughly 46.757,-92.15) was Northern Pacific trackage that DM&N/DM&IR trains used under trackage rights; it is drawn on the surviving waterfront track in this company's colour because this company ran the trains. The Duluth terminal is Union Depot (opened 1892) throughout; the DM&N had no Duluth track before 22 July 1893. Where the original alignment was lifted and a successor survives on the same corridor, the trace follows the surviving track, so short stretches may draw a LATER alignment than the era shown.",
    "segments": [
     {
      "start": 1893,
      "end": 1937,
      "headway_min": 1440,
      "note": "Duluth, Missabe and Northern Missabe Division trains Duluth - Virginia, later Duluth - Hibbing. The 1893 start is the DM&N passenger timetable 'In effect Dec 18th 1893' (Duluth - Virginia) [VE94]; DM&N track reached Duluth 22 July 1893. american-rails.com claims Duluth - Hibbing passenger service in 1892, which cannot be right (no DM&N Duluth track until July 1893) - conflict recorded in metadata. Feb 1895: one train each way daily except Sunday, Duluth 7:45 - Virginia 10:43 [VE95]. The DM&N became the Duluth, Missabe and Iron Range on 1 July 1937 (merger with the Spirit Lake Transfer Railway), so this segment ends there and the DM&IR feature on the same geometry carries on. Headway is an estimate from the one or two daily trains the cited timetables show and is NOT sourced for every year.",
      "sources": [
       "Segment-level: start 1893 from the DM&N timetable effective 18 Dec 1893 [VE94]; end at the 1 July 1937 DM&N -> DM&IR merger [AR, WPT]. Headway and avg_speed_kmh are NOT sourced for every year.",
       "Virginia Enterprise (Virginia MN) 7 Dec 1894 p4, DM&N passenger timetable in effect 18 Dec 1893 - https://www.loc.gov/collections/chronicling-america/ (sn90059180)",
       "Virginia Enterprise 19 Apr 1895 p4, DM&N timetable in effect 4 Feb 1895 and D&IR timetable in effect 23 Jan 1895 - https://www.loc.gov/collections/chronicling-america/ (sn90059180)",
       "https://www.american-rails.com/missabe.html (american-rails.com, Missabe Road history)",
       "https://en.wikipedia.org/wiki/Timeline_of_Class_I_railroads_(1930%E2%80%931976)",
       "https://www.missabe.com/history (Missabe Railroad Historical Society)",
       "https://www.branchline.uk/jfpdf/minnesotarrs.pdf (John Fowler, Minnesota passenger stations, DM&IR legend b=1921t DM&N, d=1951t)"
      ]
     }
    ]
   },
   "geometry": {
    "type": "LineString",
    "coordinates": [
     [
      -92.105958,
      46.778097
     ],
     [
      -92.113836,
      46.772769
     ],
     [
      -92.118385,
      46.768919
     ],
     [
      -92.12287,
      46.764657
     ],
     [
      -92.12493,
      46.761246
     ],
     [
      -92.129157,
      46.757792
     ],
     [
      -92.129391,
      46.757475
     ],
     [
      -92.129917,
      46.757616
     ],
     [
      -92.131666,
      46.756347
     ],
     [
      -92.135108,
      46.755029
     ],
     [
      -92.136504,
      46.754689
     ],
     [
      -92.137585,
      46.754702
     ],
     [
      -92.138742,
      46.755099
     ],
     [
      -92.144095,
      46.758356
     ],
     [
      -92.145723,
      46.758837
     ],
     [
      -92.147253,
      46.758994
     ],
     [
      -92.148529,
      46.758901
     ],
     [
      -92.149563,
      46.758692
     ],
     [
      -92.157373,
      46.756325
     ],
     [
      -92.159487,
      46.755416
     ],
     [
      -92.163073,
      46.753093
     ],
     [
      -92.17846,
      46.746471
     ],
     [
      -92.179928,
      46.745944
     ],
     [
      -92.185081,
      46.744498
     ],
     [
      -92.186142,
      46.74403
     ],
     [
      -92.18697,
      46.743471
     ],
     [
      -92.190424,
      46.740165
     ],
     [
      -92.196337,
      46.737103
     ],
     [
      -92.197965,
      46.735907
     ],
     [
      -92.199053,
      46.734743
     ],
     [
      -92.201392,
      46.731467
     ],
     [
      -92.203867,
      46.728786
     ],
     [
      -92.204873,
      46.728213
     ],
     [
      -92.209217,
      46.726386
     ],
     [
      -92.211583,
      46.725036
     ],
     [
      -92.212673,
      46.724652
     ],
     [
      -92.213948,
      46.724424
     ],
     [
      -92.219,
      46.724273
     ],
     [
      -92.22024,
      46.724481
     ],
     [
      -92.223316,
      46.725462
     ],
     [
      -92.22712,
      46.72631
     ],
     [
      -92.228825,
      46.727284
     ],
     [
      -92.229866,
      46.72867
     ],
     [
      -92.231167,
      46.733797
     ],
     [
      -92.231263,
      46.734825
     ],
     [
      -92.230872,
      46.736275
     ],
     [
      -92.226795,
      46.743585
     ],
     [
      -92.226673,
      46.745689
     ],
     [
      -92.226865,
      46.74648
     ],
     [
      -92.227222,
      46.74707
     ],
     [
      -92.227939,
      46.74773
     ],
     [
      -92.228359,
      46.748087
     ],
     [
      -92.242108,
      46.757427
     ],
     [
      -92.249849,
      46.761887
     ],
     [
      -92.271792,
      46.77686
     ],
     [
      -92.27535,
      46.778556
     ],
     [
      -92.279076,
      46.779709
     ],
     [
      -92.283515,
      46.7804
     ],
     [
      -92.288629,
      46.780616
     ],
     [
      -92.290404,
      46.780788
     ],
     [
      -92.292357,
      46.781148
     ],
     [
      -92.29463,
      46.78184
     ],
     [
      -92.295905,
      46.782364
     ],
     [
      -92.321589,
      46.794987
     ],
     [
      -92.333559,
      46.799785
     ],
     [
      -92.335259,
      46.8003
     ],
     [
      -92.338206,
      46.800684
     ],
     [
      -92.364617,
      46.801106
     ],
     [
      -92.368597,
      46.801324
     ],
     [
      -92.371836,
      46.801875
     ],
     [
      -92.384359,
      46.804743
     ],
     [
      -92.385804,
      46.805169
     ],
     [
      -92.387476,
      46.805891
     ],
     [
      -92.38879,
      46.806685
     ],
     [
      -92.389876,
      46.807587
     ],
     [
      -92.393069,
      46.810894
     ],
     [
      -92.393948,
      46.812163
     ],
     [
      -92.394696,
      46.814224
     ],
     [
      -92.399088,
      46.828985
     ],
     [
      -92.39999,
      46.830639
     ],
     [
      -92.401605,
      46.832298
     ],
     [
      -92.411461,
      46.839542
     ],
     [
      -92.426788,
      46.848254
     ],
     [
      -92.449127,
      46.861942
     ],
     [
      -92.450816,
      46.862809
     ],
     [
      -92.45326,
      46.863565
     ],
     [
      -92.489591,
      46.871423
     ],
     [
      -92.491463,
      46.872002
     ],
     [
      -92.492892,
      46.872676
     ],
     [
      -92.494105,
      46.873458
     ],
     [
      -92.495028,
      46.874243
     ],
     [
      -92.505707,
      46.885194
     ],
     [
      -92.507586,
      46.887411
     ],
     [
      -92.515837,
      46.898231
     ],
     [
      -92.51709,
      46.899355
     ],
     [
      -92.518765,
      46.900146
     ],
     [
      -92.520743,
      46.900626
     ],
     [
      -92.528992,
      46.90102
     ],
     [
      -92.5311,
      46.901312
     ],
     [
      -92.542547,
      46.90421
     ],
     [
      -92.544327,
      46.904823
     ],
     [
      -92.545881,
      46.90563
     ],
     [
      -92.547255,
      46.906632
     ],
     [
      -92.553507,
      46.913009
     ],
     [
      -92.557982,
      46.916446
     ],
     [
      -92.558957,
      46.917504
     ],
     [
      -92.559521,
      46.91865
     ],
     [
      -92.559637,
      46.919931
     ],
     [
      -92.559435,
      46.922132
     ],
     [
      -92.558402,
      46.926414
     ],
     [
      -92.557831,
      46.931673
     ],
     [
      -92.55793,
      46.937801
     ],
     [
      -92.558264,
      46.939912
     ],
     [
      -92.558689,
      46.940836
     ],
     [
      -92.559355,
      46.941599
     ],
     [
      -92.565156,
      46.945554
     ],
     [
      -92.566451,
      46.946653
     ],
     [
      -92.567183,
      46.947503
     ],
     [
      -92.570591,
      46.952825
     ],
     [
      -92.571004,
      46.954561
     ],
     [
      -92.570093,
      46.963316
     ],
     [
      -92.57038,
      46.965015
     ],
     [
      -92.580125,
      46.978802
     ],
     [
      -92.587079,
      46.990516
     ],
     [
      -92.587282,
      46.991508
     ],
     [
      -92.587066,
      46.9926
     ],
     [
      -92.584321,
      46.997046
     ],
     [
      -92.583666,
      46.998931
     ],
     [
      -92.583519,
      47.00023
     ],
     [
      -92.583629,
      47.006937
     ],
     [
      -92.584002,
      47.007968
     ],
     [
      -92.59089,
      47.018993
     ],
     [
      -92.591522,
      47.020364
     ],
     [
      -92.591765,
      47.02176
     ],
     [
      -92.592116,
      47.03395
     ],
     [
      -92.59246,
      47.035435
     ],
     [
      -92.592877,
      47.036233
     ],
     [
      -92.598623,
      47.043627
     ],
     [
      -92.599089,
      47.044602
     ],
     [
      -92.599438,
      47.046059
     ],
     [
      -92.599072,
      47.103848
     ],
     [
      -92.603503,
      47.201491
     ],
     [
      -92.603462,
      47.328192
     ],
     [
      -92.603928,
      47.377938
     ],
     [
      -92.607297,
      47.405258
     ],
     [
      -92.606797,
      47.41057
     ],
     [
      -92.603503,
      47.417955
     ],
     [
      -92.603232,
      47.419626
     ],
     [
      -92.603421,
      47.420667
     ],
     [
      -92.604114,
      47.421912
     ],
     [
      -92.608018,
      47.425883
     ],
     [
      -92.608697,
      47.427231
     ],
     [
      -92.607966,
      47.434898
     ],
     [
      -92.608074,
      47.435701
     ],
     [
      -92.60864,
      47.437184
     ],
     [
      -92.60866,
      47.437878
     ],
     [
      -92.608309,
      47.438841
     ],
     [
      -92.606834,
      47.441025
     ],
     [
      -92.60655,
      47.442388
     ],
     [
      -92.608578,
      47.448777
     ],
     [
      -92.609443,
      47.450006
     ]
    ]
   }
  },
  {
   "type": "Feature",
   "properties": {
    "company": "Duluth, Missabe and Iron Range Railway",
    "line": "Duluth, Missabe and Iron Range: Missabe Division (Duluth – Wolf)",
    "id": "dmir-missabe-duluth-wolf",
    "color": "#7A2E12",
    "mode": "intercity_rail",
    "avg_speed_kmh": 40,
    "speed_source": "derived from timetables, not a measured average for every era: DM&N Feb 1895 Duluth 7:45 - Virginia 10:43 (~74 mi, ~40 km/h) [VE95]; Sept 1951 Duluth 8:20 - Hibbing 11:38 (84 mi, ~41 km/h) [OG51]",
    "geometry_source": "OpenStreetMap via Overpass (mail.ru mirror, cached degree tiles) plus OpenHistoricalMap (CC0) for lifted grades, routed with opstrace.py: Dijkstra over all railway ways, ways named or tagged for the railroad family (CN Missabe / Iron Range / Two Harbors subdivisions, 'Duluth Missabe & Iron Range Ry', the North Shore Scenic Railroad, Hinsdale Spur, Alborn-Pengilly Railroad Trail, OHM ways named for the DM&N, D&IR or DM&IR) costed 1x, untagged track 1.25x, untagged OHM ways 1.6x, trails 3x and any other named operator (BNSF / ex-Great Northern, DW&P, Erie Mining, Reserve / Northshore Mining, etc.) 10x; waypoints from the research report's via lists, snapped by a dynamic program over candidate nodes, each leg confined to a corridor round its own chord, then Douglas-Peucker (8 m) and trim_reversals. Branches are joined to their parent line at the nearest point on it, so junctions coincide.",
    "geometry_quality": "Traced from OpenStreetMap, 67.4 mi against the documented 67.6 mi Duluth Union Depot - Wolf (FOWLER mileposts; waypoint checks: Proctor 9.0 vs 9.1, Saginaw 23.0 vs 23.0, Alborn 34.4 vs 34.3, Iron Junction 65.2 vs 65.4). About 66 mi runs on ways named CN Missabe Subdivision / Duluth Missabe & Iron Range Ry or OHM 'Duluth, Missabe and Northern Railway'; the rest is untagged track on the same corridor. APPROXIMATED: the first 0.5 mi out of the depot (46.7781,-92.1060 to 46.7728,-92.1138) is a straight line laid along the straight NP/BNSF lakefront track, because the router snapped its start 0.8 km down the line. FOREIGN TRACK: Union Depot - Missabe Junction (about 2 mi, 46.778,-92.106 to roughly 46.757,-92.15) was Northern Pacific trackage that DM&N/DM&IR trains used under trackage rights; it is drawn on the surviving waterfront track in this company's colour because this company ran the trains. The Duluth terminal is Union Depot (opened 1892) throughout; the DM&N had no Duluth track before 22 July 1893. Where the original alignment was lifted and a successor survives on the same corridor, the trace follows the surviving track, so short stretches may draw a LATER alignment than the era shown.",
    "segments": [
     {
      "start": 1937,
      "end": 1953,
      "headway_min": 1440,
      "note": "Duluth, Missabe and Iron Range Missabe Division Nos. 1/2 Duluth - Hibbing (and the Virginia connection Nos. 11/12 off them at Iron Junction). Sept 1951: No. 1 Duluth 8:20 AM - Hibbing 11:38 AM; No. 2 Hibbing - Duluth (Union Depot) arr 4:10 PM [OG51]. The railroad tried to drop Nos. 1/2 from early 1952; the Minnesota Railroad & Warehouse Commission refused, and they ran until 15 May 1953 [AR]. Nothing is drawn 1954-1955: no trains ran between 15 May 1953 and 5 Nov 1956. Headway is an estimate from the one or two daily trains the cited timetables show and is NOT sourced for every year.",
      "sources": [
       "Segment-level: start 1 July 1937 (DM&IR formed) [AR, WPT]; Sept 1951 service [OG51]; end 15 May 1953 when Nos. 1/2 were cancelled [AR, TN55]. Headway and avg_speed_kmh are NOT sourced for every year.",
       "Official Guide of the Railways, Feb 1952 (DM&IR schedules of 9 Sep 1951) - https://archive.org/details/the-official-guide-of-the-railways-images",
       "https://www.american-rails.com/missabe.html (american-rails.com, Missabe Road history)",
       "Trainman News 31 Jan 1955 p5 (court order reestablishing DM&IR passenger trains Nos. 1 and 2)",
       "https://en.wikipedia.org/wiki/Timeline_of_Class_I_railroads_(1930%E2%80%931976)",
       "https://www.missabe.com/history (Missabe Railroad Historical Society)"
      ]
     },
     {
      "start": 1956,
      "end": 1957,
      "headway_min": 1440,
      "note": "Nos. 1/2 Duluth - Hibbing reinstated 5 Nov 1956 by court order after the Brotherhoods' case [AR; TN55 reports the order sustaining the Commission], and discontinued for good 31 Dec 1957 [AR; missabe.com: Missabe Division passenger service ends 1957]. Whether the reinstated trains made every stop of the 1951 schedule is not established. Headway is an estimate from the one or two daily trains the cited timetables show and is NOT sourced for every year.",
      "sources": [
       "Segment-level: 5 Nov 1956 reinstatement and 31 Dec 1957 end from [AR], court order from [TN55], 1957 end also [MC]. Headway and avg_speed_kmh are NOT sourced.",
       "https://www.american-rails.com/missabe.html (american-rails.com, Missabe Road history)",
       "Trainman News 31 Jan 1955 p5 (court order reestablishing DM&IR passenger trains Nos. 1 and 2)",
       "https://www.missabe.com/history (Missabe Railroad Historical Society)"
      ]
     }
    ]
   },
   "geometry": {
    "type": "LineString",
    "coordinates": [
     [
      -92.105958,
      46.778097
     ],
     [
      -92.113836,
      46.772769
     ],
     [
      -92.118385,
      46.768919
     ],
     [
      -92.12287,
      46.764657
     ],
     [
      -92.12493,
      46.761246
     ],
     [
      -92.129157,
      46.757792
     ],
     [
      -92.129391,
      46.757475
     ],
     [
      -92.129917,
      46.757616
     ],
     [
      -92.131666,
      46.756347
     ],
     [
      -92.135108,
      46.755029
     ],
     [
      -92.136504,
      46.754689
     ],
     [
      -92.137585,
      46.754702
     ],
     [
      -92.138742,
      46.755099
     ],
     [
      -92.144095,
      46.758356
     ],
     [
      -92.145723,
      46.758837
     ],
     [
      -92.147253,
      46.758994
     ],
     [
      -92.148529,
      46.758901
     ],
     [
      -92.149563,
      46.758692
     ],
     [
      -92.157373,
      46.756325
     ],
     [
      -92.159487,
      46.755416
     ],
     [
      -92.163073,
      46.753093
     ],
     [
      -92.17846,
      46.746471
     ],
     [
      -92.179928,
      46.745944
     ],
     [
      -92.185081,
      46.744498
     ],
     [
      -92.186142,
      46.74403
     ],
     [
      -92.18697,
      46.743471
     ],
     [
      -92.190424,
      46.740165
     ],
     [
      -92.196337,
      46.737103
     ],
     [
      -92.197965,
      46.735907
     ],
     [
      -92.199053,
      46.734743
     ],
     [
      -92.201392,
      46.731467
     ],
     [
      -92.203867,
      46.728786
     ],
     [
      -92.204873,
      46.728213
     ],
     [
      -92.209217,
      46.726386
     ],
     [
      -92.211583,
      46.725036
     ],
     [
      -92.212673,
      46.724652
     ],
     [
      -92.213948,
      46.724424
     ],
     [
      -92.219,
      46.724273
     ],
     [
      -92.22024,
      46.724481
     ],
     [
      -92.223316,
      46.725462
     ],
     [
      -92.22712,
      46.72631
     ],
     [
      -92.228825,
      46.727284
     ],
     [
      -92.229866,
      46.72867
     ],
     [
      -92.231167,
      46.733797
     ],
     [
      -92.231263,
      46.734825
     ],
     [
      -92.230872,
      46.736275
     ],
     [
      -92.226795,
      46.743585
     ],
     [
      -92.226673,
      46.745689
     ],
     [
      -92.226865,
      46.74648
     ],
     [
      -92.227222,
      46.74707
     ],
     [
      -92.227939,
      46.74773
     ],
     [
      -92.228359,
      46.748087
     ],
     [
      -92.242108,
      46.757427
     ],
     [
      -92.249849,
      46.761887
     ],
     [
      -92.271792,
      46.77686
     ],
     [
      -92.27535,
      46.778556
     ],
     [
      -92.279076,
      46.779709
     ],
     [
      -92.283515,
      46.7804
     ],
     [
      -92.288629,
      46.780616
     ],
     [
      -92.290404,
      46.780788
     ],
     [
      -92.292357,
      46.781148
     ],
     [
      -92.29463,
      46.78184
     ],
     [
      -92.295905,
      46.782364
     ],
     [
      -92.321589,
      46.794987
     ],
     [
      -92.333559,
      46.799785
     ],
     [
      -92.335259,
      46.8003
     ],
     [
      -92.338206,
      46.800684
     ],
     [
      -92.364617,
      46.801106
     ],
     [
      -92.368597,
      46.801324
     ],
     [
      -92.371836,
      46.801875
     ],
     [
      -92.384359,
      46.804743
     ],
     [
      -92.385804,
      46.805169
     ],
     [
      -92.387476,
      46.805891
     ],
     [
      -92.38879,
      46.806685
     ],
     [
      -92.389876,
      46.807587
     ],
     [
      -92.393069,
      46.810894
     ],
     [
      -92.393948,
      46.812163
     ],
     [
      -92.394696,
      46.814224
     ],
     [
      -92.399088,
      46.828985
     ],
     [
      -92.39999,
      46.830639
     ],
     [
      -92.401605,
      46.832298
     ],
     [
      -92.411461,
      46.839542
     ],
     [
      -92.426788,
      46.848254
     ],
     [
      -92.449127,
      46.861942
     ],
     [
      -92.450816,
      46.862809
     ],
     [
      -92.45326,
      46.863565
     ],
     [
      -92.489591,
      46.871423
     ],
     [
      -92.491463,
      46.872002
     ],
     [
      -92.492892,
      46.872676
     ],
     [
      -92.494105,
      46.873458
     ],
     [
      -92.495028,
      46.874243
     ],
     [
      -92.505707,
      46.885194
     ],
     [
      -92.507586,
      46.887411
     ],
     [
      -92.515837,
      46.898231
     ],
     [
      -92.51709,
      46.899355
     ],
     [
      -92.518765,
      46.900146
     ],
     [
      -92.520743,
      46.900626
     ],
     [
      -92.528992,
      46.90102
     ],
     [
      -92.5311,
      46.901312
     ],
     [
      -92.542547,
      46.90421
     ],
     [
      -92.544327,
      46.904823
     ],
     [
      -92.545881,
      46.90563
     ],
     [
      -92.547255,
      46.906632
     ],
     [
      -92.553507,
      46.913009
     ],
     [
      -92.557982,
      46.916446
     ],
     [
      -92.558957,
      46.917504
     ],
     [
      -92.559521,
      46.91865
     ],
     [
      -92.559637,
      46.919931
     ],
     [
      -92.559435,
      46.922132
     ],
     [
      -92.558402,
      46.926414
     ],
     [
      -92.557831,
      46.931673
     ],
     [
      -92.55793,
      46.937801
     ],
     [
      -92.558264,
      46.939912
     ],
     [
      -92.558689,
      46.940836
     ],
     [
      -92.559355,
      46.941599
     ],
     [
      -92.565156,
      46.945554
     ],
     [
      -92.566451,
      46.946653
     ],
     [
      -92.567183,
      46.947503
     ],
     [
      -92.570591,
      46.952825
     ],
     [
      -92.571004,
      46.954561
     ],
     [
      -92.570093,
      46.963316
     ],
     [
      -92.57038,
      46.965015
     ],
     [
      -92.580125,
      46.978802
     ],
     [
      -92.587079,
      46.990516
     ],
     [
      -92.587282,
      46.991508
     ],
     [
      -92.587066,
      46.9926
     ],
     [
      -92.584321,
      46.997046
     ],
     [
      -92.583666,
      46.998931
     ],
     [
      -92.583519,
      47.00023
     ],
     [
      -92.583629,
      47.006937
     ],
     [
      -92.584002,
      47.007968
     ],
     [
      -92.59089,
      47.018993
     ],
     [
      -92.591522,
      47.020364
     ],
     [
      -92.591765,
      47.02176
     ],
     [
      -92.592116,
      47.03395
     ],
     [
      -92.59246,
      47.035435
     ],
     [
      -92.592877,
      47.036233
     ],
     [
      -92.598623,
      47.043627
     ],
     [
      -92.599089,
      47.044602
     ],
     [
      -92.599438,
      47.046059
     ],
     [
      -92.599072,
      47.103848
     ],
     [
      -92.603503,
      47.201491
     ],
     [
      -92.603462,
      47.328192
     ],
     [
      -92.603928,
      47.377938
     ],
     [
      -92.607297,
      47.405258
     ],
     [
      -92.606797,
      47.41057
     ],
     [
      -92.603503,
      47.417955
     ],
     [
      -92.603232,
      47.419626
     ],
     [
      -92.603421,
      47.420667
     ],
     [
      -92.604114,
      47.421912
     ],
     [
      -92.608018,
      47.425883
     ],
     [
      -92.608697,
      47.427231
     ],
     [
      -92.607966,
      47.434898
     ],
     [
      -92.608074,
      47.435701
     ],
     [
      -92.60864,
      47.437184
     ],
     [
      -92.60866,
      47.437878
     ],
     [
      -92.608309,
      47.438841
     ],
     [
      -92.606834,
      47.441025
     ],
     [
      -92.60655,
      47.442388
     ],
     [
      -92.608578,
      47.448777
     ],
     [
      -92.609443,
      47.450006
     ]
    ]
   }
  },
  {
   "type": "Feature",
   "properties": {
    "company": "Duluth, Missabe and Northern Railway",
    "line": "Duluth, Missabe and Northern: Missabe Division (Wolf – Hibbing)",
    "id": "dmn-missabe-wolf-hibbing",
    "color": "#9C6B1F",
    "mode": "intercity_rail",
    "avg_speed_kmh": 40,
    "speed_source": "derived from timetables, not a measured average for every era: DM&N Feb 1895 Duluth 7:45 - Virginia 10:43 (~74 mi, ~40 km/h) [VE95]; Sept 1951 Duluth 8:20 - Hibbing 11:38 (84 mi, ~41 km/h) [OG51]",
    "geometry_source": "OpenStreetMap via Overpass (mail.ru mirror, cached degree tiles) plus OpenHistoricalMap (CC0) for lifted grades, routed with opstrace.py: Dijkstra over all railway ways, ways named or tagged for the railroad family (CN Missabe / Iron Range / Two Harbors subdivisions, 'Duluth Missabe & Iron Range Ry', the North Shore Scenic Railroad, Hinsdale Spur, Alborn-Pengilly Railroad Trail, OHM ways named for the DM&N, D&IR or DM&IR) costed 1x, untagged track 1.25x, untagged OHM ways 1.6x, trails 3x and any other named operator (BNSF / ex-Great Northern, DW&P, Erie Mining, Reserve / Northshore Mining, etc.) 10x; waypoints from the research report's via lists, snapped by a dynamic program over candidate nodes, each leg confined to a corridor round its own chord, then Douglas-Peucker (8 m) and trim_reversals. Branches are joined to their parent line at the nearest point on it, so junctions coincide.",
    "geometry_quality": "Traced from OpenStreetMap plus OpenHistoricalMap, 17.1 mi against the documented 16.7 mi Wolf - Hibbing (FOWLER: Duluth - Hibbing 84.3, Wolf 67.6; Sherwood 74.4 and Wilpen 78.6 match the trace to within 0.9 mi). Wolf - Sherwood is lifted grade (unnamed abandoned railway and an untagged OHM way); Sherwood - Mitchell is CN Keenan Subdivision / Duluth Missabe & Iron Range Ry track. No straight-line leg longer than 300 m. PARALLEL GN: between Mitchell and Hibbing (about 47.438,-92.912 to 47.436,-92.917) the drawn line is an untagged OHM grade running within 60 m of the BNSF Hib Tac Subdivision (ex-Great Northern); the trace does not use the GN track, but at this scale the two are indistinguishable. HIBBING STATION: Hibbing's station moved when the town was relocated south of the Hull-Rust pit (c. 1919-21). The line is drawn to the later station, the report's 'South Hibbing (GN/DMIR)', ending at 47.4241,-92.9478 (location approximate). For 1901 to about 1920 trains used the original Hibbing station (later 'North Hibbing'), about 1.5 mi north, now inside the mine; for those years the last mile is a LATER arrangement than the era shown. Where the original alignment was lifted and a successor survives on the same corridor, the trace follows the surviving track, so short stretches may draw a LATER alignment than the era shown.",
    "segments": [
     {
      "start": 1901,
      "end": 1937,
      "headway_min": 1440,
      "note": "Hibbing end of the DM&N Missabe Division trains. The 1901 start is the first CONFIRMED passenger year, not the opening: rails reached Hibbing 24 Oct 1893 and service surely began between 1893 and 1901, but the earliest timetable found that names Hibbing is the DM&N ad of 27 Dec 1901 [VE01]; the 1893-95 ads [VE94, VE95] show only Virginia. Do not move the start earlier without a timetable. Ends at the 1 July 1937 DM&N -> DM&IR merger. Headway is an estimate from the one or two daily trains the cited timetables show and is NOT sourced for every year.",
      "sources": [
       "Segment-level: start 1901 [VE01] (first confirmed year; bracket 1893-1901); end 1 July 1937 merger [AR, WPT]. Headway and avg_speed_kmh are NOT sourced.",
       "Virginia Enterprise 27 Dec 1901 p9, DM&N and D&IR timetables - http://www.loc.gov/resource/sn90059180/1901-12-27/ed-1/?sp=9",
       "https://en.wikipedia.org/wiki/Duluth,_Missabe_and_Northern_Railway",
       "https://www.american-rails.com/missabe.html (american-rails.com, Missabe Road history)",
       "https://en.wikipedia.org/wiki/Timeline_of_Class_I_railroads_(1930%E2%80%931976)",
       "https://www.branchline.uk/jfpdf/minnesotarrs.pdf (John Fowler, Minnesota passenger stations, DM&IR legend b=1921t DM&N, d=1951t)"
      ]
     }
    ]
   },
   "geometry": {
    "type": "LineString",
    "coordinates": [
     [
      -92.609443,
      47.450006
     ],
     [
      -92.610879,
      47.450686
     ],
     [
      -92.612358,
      47.451128
     ],
     [
      -92.612959,
      47.451182
     ],
     [
      -92.638794,
      47.457248
     ],
     [
      -92.641524,
      47.457426
     ],
     [
      -92.661197,
      47.456928
     ],
     [
      -92.663996,
      47.457147
     ],
     [
      -92.666855,
      47.457878
     ],
     [
      -92.668069,
      47.458374
     ],
     [
      -92.674941,
      47.462874
     ],
     [
      -92.677079,
      47.463767
     ],
     [
      -92.689081,
      47.466707
     ],
     [
      -92.690054,
      47.466861
     ],
     [
      -92.691916,
      47.466918
     ],
     [
      -92.694127,
      47.466536
     ],
     [
      -92.695196,
      47.466171
     ],
     [
      -92.703044,
      47.461597
     ],
     [
      -92.704828,
      47.46071
     ],
     [
      -92.705944,
      47.460317
     ],
     [
      -92.708397,
      47.459822
     ],
     [
      -92.715983,
      47.459043
     ],
     [
      -92.71814,
      47.458584
     ],
     [
      -92.733512,
      47.452933
     ],
     [
      -92.735782,
      47.452254
     ],
     [
      -92.738243,
      47.451902
     ],
     [
      -92.766478,
      47.450388
     ],
     [
      -92.770384,
      47.449625
     ],
     [
      -92.779597,
      47.446886
     ],
     [
      -92.786765,
      47.445483
     ],
     [
      -92.789608,
      47.445106
     ],
     [
      -92.846348,
      47.440352
     ],
     [
      -92.849163,
      47.440564
     ],
     [
      -92.886148,
      47.44481
     ],
     [
      -92.891511,
      47.445539
     ],
     [
      -92.895453,
      47.445648
     ],
     [
      -92.897845,
      47.445508
     ],
     [
      -92.898686,
      47.445187
     ],
     [
      -92.899614,
      47.444412
     ],
     [
      -92.899995,
      47.443204
     ],
     [
      -92.900489,
      47.442307
     ],
     [
      -92.901185,
      47.441648
     ],
     [
      -92.90229,
      47.440989
     ],
     [
      -92.94652,
      47.426776
     ],
     [
      -92.947352,
      47.426273
     ],
     [
      -92.947863,
      47.425441
     ],
     [
      -92.947992,
      47.424903
     ],
     [
      -92.947765,
      47.424134
     ]
    ]
   }
  },
  {
   "type": "Feature",
   "properties": {
    "company": "Duluth, Missabe and Iron Range Railway",
    "line": "Duluth, Missabe and Iron Range: Missabe Division (Wolf – Hibbing)",
    "id": "dmir-missabe-wolf-hibbing",
    "color": "#7A2E12",
    "mode": "intercity_rail",
    "avg_speed_kmh": 40,
    "speed_source": "derived from timetables, not a measured average for every era: DM&N Feb 1895 Duluth 7:45 - Virginia 10:43 (~74 mi, ~40 km/h) [VE95]; Sept 1951 Duluth 8:20 - Hibbing 11:38 (84 mi, ~41 km/h) [OG51]",
    "geometry_source": "OpenStreetMap via Overpass (mail.ru mirror, cached degree tiles) plus OpenHistoricalMap (CC0) for lifted grades, routed with opstrace.py: Dijkstra over all railway ways, ways named or tagged for the railroad family (CN Missabe / Iron Range / Two Harbors subdivisions, 'Duluth Missabe & Iron Range Ry', the North Shore Scenic Railroad, Hinsdale Spur, Alborn-Pengilly Railroad Trail, OHM ways named for the DM&N, D&IR or DM&IR) costed 1x, untagged track 1.25x, untagged OHM ways 1.6x, trails 3x and any other named operator (BNSF / ex-Great Northern, DW&P, Erie Mining, Reserve / Northshore Mining, etc.) 10x; waypoints from the research report's via lists, snapped by a dynamic program over candidate nodes, each leg confined to a corridor round its own chord, then Douglas-Peucker (8 m) and trim_reversals. Branches are joined to their parent line at the nearest point on it, so junctions coincide.",
    "geometry_quality": "Traced from OpenStreetMap plus OpenHistoricalMap, 17.1 mi against the documented 16.7 mi Wolf - Hibbing (FOWLER: Duluth - Hibbing 84.3, Wolf 67.6; Sherwood 74.4 and Wilpen 78.6 match the trace to within 0.9 mi). Wolf - Sherwood is lifted grade (unnamed abandoned railway and an untagged OHM way); Sherwood - Mitchell is CN Keenan Subdivision / Duluth Missabe & Iron Range Ry track. No straight-line leg longer than 300 m. PARALLEL GN: between Mitchell and Hibbing (about 47.438,-92.912 to 47.436,-92.917) the drawn line is an untagged OHM grade running within 60 m of the BNSF Hib Tac Subdivision (ex-Great Northern); the trace does not use the GN track, but at this scale the two are indistinguishable. HIBBING STATION: Hibbing's station moved when the town was relocated south of the Hull-Rust pit (c. 1919-21). The line is drawn to the later station, the report's 'South Hibbing (GN/DMIR)', ending at 47.4241,-92.9478 (location approximate). For 1901 to about 1920 trains used the original Hibbing station (later 'North Hibbing'), about 1.5 mi north, now inside the mine; for those years the last mile is a LATER arrangement than the era shown. Where the original alignment was lifted and a successor survives on the same corridor, the trace follows the surviving track, so short stretches may draw a LATER alignment than the era shown.",
    "segments": [
     {
      "start": 1937,
      "end": 1953,
      "headway_min": 1440,
      "note": "Hibbing terminal of Nos. 1/2, the last Missabe Division passenger run (Hibbing arr 11:38 AM, Sept 1951 [OG51]). Cancelled 15 May 1953 [AR]; nothing is drawn 1954-1955. Headway is an estimate from the one or two daily trains the cited timetables show and is NOT sourced for every year.",
      "sources": [
       "Segment-level: 1951 service [OG51]; end 15 May 1953 [AR, TN55]. Headway and avg_speed_kmh are NOT sourced.",
       "Official Guide of the Railways, Feb 1952 (DM&IR schedules of 9 Sep 1951) - https://archive.org/details/the-official-guide-of-the-railways-images",
       "https://www.american-rails.com/missabe.html (american-rails.com, Missabe Road history)",
       "Trainman News 31 Jan 1955 p5 (court order reestablishing DM&IR passenger trains Nos. 1 and 2)"
      ]
     },
     {
      "start": 1956,
      "end": 1957,
      "headway_min": 1440,
      "note": "Nos. 1/2 reinstated 5 Nov 1956 by court order and ended 31 Dec 1957 [AR, TN55]. Headway is an estimate from the one or two daily trains the cited timetables show and is NOT sourced for every year.",
      "sources": [
       "Segment-level: [AR] for both dates, [TN55] for the court order. Headway NOT sourced.",
       "https://www.american-rails.com/missabe.html (american-rails.com, Missabe Road history)",
       "Trainman News 31 Jan 1955 p5 (court order reestablishing DM&IR passenger trains Nos. 1 and 2)"
      ]
     }
    ]
   },
   "geometry": {
    "type": "LineString",
    "coordinates": [
     [
      -92.609443,
      47.450006
     ],
     [
      -92.610879,
      47.450686
     ],
     [
      -92.612358,
      47.451128
     ],
     [
      -92.612959,
      47.451182
     ],
     [
      -92.638794,
      47.457248
     ],
     [
      -92.641524,
      47.457426
     ],
     [
      -92.661197,
      47.456928
     ],
     [
      -92.663996,
      47.457147
     ],
     [
      -92.666855,
      47.457878
     ],
     [
      -92.668069,
      47.458374
     ],
     [
      -92.674941,
      47.462874
     ],
     [
      -92.677079,
      47.463767
     ],
     [
      -92.689081,
      47.466707
     ],
     [
      -92.690054,
      47.466861
     ],
     [
      -92.691916,
      47.466918
     ],
     [
      -92.694127,
      47.466536
     ],
     [
      -92.695196,
      47.466171
     ],
     [
      -92.703044,
      47.461597
     ],
     [
      -92.704828,
      47.46071
     ],
     [
      -92.705944,
      47.460317
     ],
     [
      -92.708397,
      47.459822
     ],
     [
      -92.715983,
      47.459043
     ],
     [
      -92.71814,
      47.458584
     ],
     [
      -92.733512,
      47.452933
     ],
     [
      -92.735782,
      47.452254
     ],
     [
      -92.738243,
      47.451902
     ],
     [
      -92.766478,
      47.450388
     ],
     [
      -92.770384,
      47.449625
     ],
     [
      -92.779597,
      47.446886
     ],
     [
      -92.786765,
      47.445483
     ],
     [
      -92.789608,
      47.445106
     ],
     [
      -92.846348,
      47.440352
     ],
     [
      -92.849163,
      47.440564
     ],
     [
      -92.886148,
      47.44481
     ],
     [
      -92.891511,
      47.445539
     ],
     [
      -92.895453,
      47.445648
     ],
     [
      -92.897845,
      47.445508
     ],
     [
      -92.898686,
      47.445187
     ],
     [
      -92.899614,
      47.444412
     ],
     [
      -92.899995,
      47.443204
     ],
     [
      -92.900489,
      47.442307
     ],
     [
      -92.901185,
      47.441648
     ],
     [
      -92.90229,
      47.440989
     ],
     [
      -92.94652,
      47.426776
     ],
     [
      -92.947352,
      47.426273
     ],
     [
      -92.947863,
      47.425441
     ],
     [
      -92.947992,
      47.424903
     ],
     [
      -92.947765,
      47.424134
     ]
    ]
   }
  },
  {
   "type": "Feature",
   "properties": {
    "company": "Duluth, Missabe and Northern Railway",
    "line": "Duluth, Missabe and Northern: Iron Junction – Eveleth",
    "id": "dmn-iron-junction-eveleth",
    "color": "#9C6B1F",
    "mode": "intercity_rail",
    "avg_speed_kmh": 35,
    "speed_source": "estimated; no timetable for this branch was read closely enough to compute a speed (Rule 3)",
    "geometry_source": "OpenStreetMap via Overpass (mail.ru mirror, cached degree tiles) plus OpenHistoricalMap (CC0) for lifted grades, routed with opstrace.py: Dijkstra over all railway ways, ways named or tagged for the railroad family (CN Missabe / Iron Range / Two Harbors subdivisions, 'Duluth Missabe & Iron Range Ry', the North Shore Scenic Railroad, Hinsdale Spur, Alborn-Pengilly Railroad Trail, OHM ways named for the DM&N, D&IR or DM&IR) costed 1x, untagged track 1.25x, untagged OHM ways 1.6x, trails 3x and any other named operator (BNSF / ex-Great Northern, DW&P, Erie Mining, Reserve / Northshore Mining, etc.) 10x; waypoints from the research report's via lists, snapped by a dynamic program over candidate nodes, each leg confined to a corridor round its own chord, then Douglas-Peucker (8 m) and trim_reversals. Branches are joined to their parent line at the nearest point on it, so junctions coincide.",
    "geometry_quality": "Traced from OpenStreetMap, 4.4 mi against the documented 4.0 mi Iron Junction - Eveleth (FOWLER). Iron Junction - Spruce (1.9 mi) is on CN Iron Range Subdivision / OHM 'Duluth, Missabe and Northern Railway' track. APPROXIMATED: Spruce - Eveleth, 2.3 mi (47.427,-92.563 to 47.461,-92.570), is a straight line - no surviving or mapped grade, the ground is now taconite pits. EVELETH STATION: the DM&N's Eveleth station is not located; the split is placed at Leonidas, on the west edge of Eveleth (47.4606,-92.5695), where the traced line toward Virginia begins. Treat the Eveleth end as approximate to about 1.5 mi.",
    "segments": [
     {
      "start": 1901,
      "end": 1937,
      "headway_min": 1440,
      "note": "DM&N service to Eveleth via Spruce. The 1901 start is the first CONFIRMED year, not the opening: Eveleth appears on the DM&N timetable of 27 Dec 1901 [VE01] and no earlier timetable naming it was found. Whether the 1901 Eveleth trains ran this way (via Spruce) or via Wolf - Virginia - Rainy Junction is not established. Ramshaw on this line is in the 1939 Guide [JF]. Ends at the 1 July 1937 DM&N -> DM&IR merger. Headway is an estimate from the one or two daily trains the cited timetables show and is NOT sourced for every year.",
      "sources": [
       "Segment-level: start 1901 [VE01] (first confirmed year); route in 1901 NOT established; end 1937 merger [AR, WPT]. Headway NOT sourced.",
       "Virginia Enterprise 27 Dec 1901 p9, DM&N and D&IR timetables - http://www.loc.gov/resource/sn90059180/1901-12-27/ed-1/?sp=9",
       "https://www.branchline.uk/jfpdf/minnesotarrs.pdf (John Fowler, Minnesota passenger stations, DM&IR legend b=1921t DM&N, d=1951t)",
       "https://www.american-rails.com/missabe.html (american-rails.com, Missabe Road history)",
       "https://en.wikipedia.org/wiki/Timeline_of_Class_I_railroads_(1930%E2%80%931976)"
      ]
     }
    ]
   },
   "geometry": {
    "type": "LineString",
    "coordinates": [
     [
      -92.604114,
      47.421912
     ],
     [
      -92.601286,
      47.422714
     ],
     [
      -92.599788,
      47.424517
     ],
     [
      -92.597881,
      47.425889
     ],
     [
      -92.59539,
      47.426977
     ],
     [
      -92.592876,
      47.427547
     ],
     [
      -92.590626,
      47.427719
     ],
     [
      -92.563758,
      47.427548
     ],
     [
      -92.563182,
      47.427624
     ],
     [
      -92.569547,
      47.460631
     ]
    ]
   }
  },
  {
   "type": "Feature",
   "properties": {
    "company": "Duluth, Missabe and Iron Range Railway",
    "line": "Duluth, Missabe and Iron Range: Iron Junction – Eveleth",
    "id": "dmir-iron-junction-eveleth",
    "color": "#7A2E12",
    "mode": "intercity_rail",
    "avg_speed_kmh": 35,
    "speed_source": "estimated; no timetable for this branch was read closely enough to compute a speed (Rule 3)",
    "geometry_source": "OpenStreetMap via Overpass (mail.ru mirror, cached degree tiles) plus OpenHistoricalMap (CC0) for lifted grades, routed with opstrace.py: Dijkstra over all railway ways, ways named or tagged for the railroad family (CN Missabe / Iron Range / Two Harbors subdivisions, 'Duluth Missabe & Iron Range Ry', the North Shore Scenic Railroad, Hinsdale Spur, Alborn-Pengilly Railroad Trail, OHM ways named for the DM&N, D&IR or DM&IR) costed 1x, untagged track 1.25x, untagged OHM ways 1.6x, trails 3x and any other named operator (BNSF / ex-Great Northern, DW&P, Erie Mining, Reserve / Northshore Mining, etc.) 10x; waypoints from the research report's via lists, snapped by a dynamic program over candidate nodes, each leg confined to a corridor round its own chord, then Douglas-Peucker (8 m) and trim_reversals. Branches are joined to their parent line at the nearest point on it, so junctions coincide.",
    "geometry_quality": "Traced from OpenStreetMap, 4.4 mi against the documented 4.0 mi Iron Junction - Eveleth (FOWLER). Iron Junction - Spruce (1.9 mi) is on CN Iron Range Subdivision / OHM 'Duluth, Missabe and Northern Railway' track. APPROXIMATED: Spruce - Eveleth, 2.3 mi (47.427,-92.563 to 47.461,-92.570), is a straight line - no surviving or mapped grade, the ground is now taconite pits. EVELETH STATION: the DM&N's Eveleth station is not located; the split is placed at Leonidas, on the west edge of Eveleth (47.4606,-92.5695), where the traced line toward Virginia begins. Treat the Eveleth end as approximate to about 1.5 mi.",
    "segments": [
     {
      "start": 1937,
      "end": 1951,
      "headway_min": 1440,
      "note": "In Sept 1951 the Virginia train ran as No. 1 to Iron Junction and No. 11 on via Spruce and Eveleth to Virginia (Duluth 8:20, Iron Jn 10:46, Virginia 11:22 AM; No. 12 Virginia 9:45 AM) [OG51]. 1951 is the last CONFIRMED year, not a known end: the service had gone by 15 May 1953, when Nos. 1/2 Duluth - Hibbing were 'the last remaining run on the Missabe Division' [AR], but no source dates when Nos. 11/12 stopped. Do not extend without evidence. Headway is an estimate from the one or two daily trains the cited timetables show and is NOT sourced for every year.",
      "sources": [
       "Segment-level: 1951 service [OG51]; end is the last confirmed year [OPEN]; 1937 start is the DM&IR formation [AR, WPT]. Headway NOT sourced.",
       "Official Guide of the Railways, Feb 1952 (DM&IR schedules of 9 Sep 1951) - https://archive.org/details/the-official-guide-of-the-railways-images",
       "https://www.american-rails.com/missabe.html (american-rails.com, Missabe Road history)",
       "https://en.wikipedia.org/wiki/Timeline_of_Class_I_railroads_(1930%E2%80%931976)",
       "https://www.branchline.uk/jfpdf/minnesotarrs.pdf (John Fowler, Minnesota passenger stations, DM&IR legend b=1921t DM&N, d=1951t)"
      ]
     }
    ]
   },
   "geometry": {
    "type": "LineString",
    "coordinates": [
     [
      -92.604114,
      47.421912
     ],
     [
      -92.601286,
      47.422714
     ],
     [
      -92.599788,
      47.424517
     ],
     [
      -92.597881,
      47.425889
     ],
     [
      -92.59539,
      47.426977
     ],
     [
      -92.592876,
      47.427547
     ],
     [
      -92.590626,
      47.427719
     ],
     [
      -92.563758,
      47.427548
     ],
     [
      -92.563182,
      47.427624
     ],
     [
      -92.569547,
      47.460631
     ]
    ]
   }
  },
  {
   "type": "Feature",
   "properties": {
    "company": "Duluth, Missabe and Iron Range Railway",
    "line": "Duluth, Missabe and Iron Range: Eveleth – Virginia",
    "id": "dmir-eveleth-virginia",
    "color": "#7A2E12",
    "mode": "intercity_rail",
    "avg_speed_kmh": 35,
    "speed_source": "estimated; no timetable for this branch was read closely enough to compute a speed (Rule 3)",
    "geometry_source": "OpenStreetMap via Overpass (mail.ru mirror, cached degree tiles) plus OpenHistoricalMap (CC0) for lifted grades, routed with opstrace.py: Dijkstra over all railway ways, ways named or tagged for the railroad family (CN Missabe / Iron Range / Two Harbors subdivisions, 'Duluth Missabe & Iron Range Ry', the North Shore Scenic Railroad, Hinsdale Spur, Alborn-Pengilly Railroad Trail, OHM ways named for the DM&N, D&IR or DM&IR) costed 1x, untagged track 1.25x, untagged OHM ways 1.6x, trails 3x and any other named operator (BNSF / ex-Great Northern, DW&P, Erie Mining, Reserve / Northshore Mining, etc.) 10x; waypoints from the research report's via lists, snapped by a dynamic program over candidate nodes, each leg confined to a corridor round its own chord, then Douglas-Peucker (8 m) and trim_reversals. Branches are joined to their parent line at the nearest point on it, so junctions coincide.",
    "geometry_quality": "Traced from OpenStreetMap plus OpenHistoricalMap, 4.9 mi against about 7 mi documented (FOWLER Iron Junction - Virginia 11 mi less Iron Junction - Eveleth 4.0; the 1951 Guide's Duluth - Virginia 78 mi implies up to 8.6 mi). The shortfall suggests the 1951 trains took a longer way into Virginia via Rainy Junction than is drawn; the route through Virginia is not established. Drawn Leonidas - Largo (untagged and OHM grade) - north on OHM grade to Virginia, ending at 47.5239,-92.5411; shares its Largo - Virginia end with the Wolf - Virginia feature. No straight-line leg longer than 300 m. Eveleth end placed at Leonidas (see Iron Junction - Eveleth). Where the original alignment was lifted and a successor survives on the same corridor, the trace follows the surviving track, so short stretches may draw a LATER alignment than the era shown.",
    "segments": [
     {
      "start": 1951,
      "end": 1951,
      "headway_min": 1440,
      "note": "Single proven year [ANCHOR]: the Sept 1951 schedule carries Nos. 11/12 Duluth - Iron Junction - Spruce - Eveleth - Rainy Junction - Virginia with surviving times (Virginia 11:22 AM; No. 12 Virginia 9:45 AM) [OG51]. Service certainly ran wider both ways - it began earlier and lasted to some time before 15 May 1953 - but no other year is confirmed for this route. FOWLER's own note on the line reads 'check with 109 & 110!', i.e. he could not separate it from the D&IR's parallel Eveleth - Virginia track. Do not widen without evidence. Headway is an estimate from the one or two daily trains the cited timetables show and is NOT sourced for every year.",
      "sources": [
       "Segment-level: 1951 from [OG51]; route attribution from [JF]. Headway NOT sourced.",
       "Official Guide of the Railways, Feb 1952 (DM&IR schedules of 9 Sep 1951) - https://archive.org/details/the-official-guide-of-the-railways-images",
       "https://www.branchline.uk/jfpdf/minnesotarrs.pdf (John Fowler, Minnesota passenger stations, DM&IR legend b=1921t DM&N, d=1951t)",
       "https://www.american-rails.com/missabe.html (american-rails.com, Missabe Road history)"
      ]
     }
    ]
   },
   "geometry": {
    "type": "LineString",
    "coordinates": [
     [
      -92.569547,
      47.460631
     ],
     [
      -92.568875,
      47.462639
     ],
     [
      -92.568875,
      47.463851
     ],
     [
      -92.569622,
      47.467753
     ],
     [
      -92.571087,
      47.470329
     ],
     [
      -92.571958,
      47.474188
     ],
     [
      -92.571502,
      47.477772
     ],
     [
      -92.570983,
      47.479109
     ],
     [
      -92.569519,
      47.481011
     ],
     [
      -92.558934,
      47.48843
     ],
     [
      -92.556976,
      47.490011
     ],
     [
      -92.551577,
      47.4953
     ],
     [
      -92.54758,
      47.499717
     ],
     [
      -92.547094,
      47.50079
     ],
     [
      -92.547075,
      47.501269
     ],
     [
      -92.547356,
      47.509383
     ],
     [
      -92.541322,
      47.515767
     ],
     [
      -92.541135,
      47.516183
     ],
     [
      -92.541266,
      47.522277
     ],
     [
      -92.54106,
      47.523942
     ]
    ]
   }
  },
  {
   "type": "Feature",
   "properties": {
    "company": "Duluth, Missabe and Northern Railway",
    "line": "Duluth, Missabe and Northern: Virginia Branch (Wolf – Virginia)",
    "id": "dmn-virginia-branch",
    "color": "#9C6B1F",
    "mode": "intercity_rail",
    "avg_speed_kmh": 35,
    "speed_source": "estimated; no timetable for this branch was read closely enough to compute a speed (Rule 3)",
    "geometry_source": "OpenStreetMap via Overpass (mail.ru mirror, cached degree tiles) plus OpenHistoricalMap (CC0) for lifted grades, routed with opstrace.py: Dijkstra over all railway ways, ways named or tagged for the railroad family (CN Missabe / Iron Range / Two Harbors subdivisions, 'Duluth Missabe & Iron Range Ry', the North Shore Scenic Railroad, Hinsdale Spur, Alborn-Pengilly Railroad Trail, OHM ways named for the DM&N, D&IR or DM&IR) costed 1x, untagged track 1.25x, untagged OHM ways 1.6x, trails 3x and any other named operator (BNSF / ex-Great Northern, DW&P, Erie Mining, Reserve / Northshore Mining, etc.) 10x; waypoints from the research report's via lists, snapped by a dynamic program over candidate nodes, each leg confined to a corridor round its own chord, then Douglas-Peucker (8 m) and trim_reversals. Branches are joined to their parent line at the nearest point on it, so junctions coincide.",
    "geometry_quality": "Traced from OpenStreetMap plus OpenHistoricalMap, 6.3 mi against the documented 6.3 mi Wolf - Virginia (FOWLER). Wolf - Largo is CN Missabe Subdivision; Largo - Virginia an untagged OHM grade, ending at 47.5239,-92.5411. No straight-line leg longer than 300 m. The DM&N's Virginia station location is not verified; the line ends near downtown Virginia. Where the original alignment was lifted and a successor survives on the same corridor, the trace follows the surviving track, so short stretches may draw a LATER alignment than the era shown.",
    "segments": [
     {
      "start": 1893,
      "end": 1901,
      "headway_min": 1440,
      "note": "The DM&N's first passenger route to Virginia. The timetable 'In effect Dec 18th 1893' runs Duluth - Virginia [VE94]; in 1893 the DM&N's only lines were its 1892 ore lines to Mountain Iron, Virginia and Biwabik, so the Virginia trains must have used this Wolf - Virginia leg (inference from the network, not stated by the ad). Feb 1895: one train each way daily except Sunday [VE95]. 1901 is the last CONFIRMED year, not a known end (Wolf and Virginia both on the DM&N timetable of 27 Dec 1901 [VE01]); by 1951 Virginia trains ran via Spruce and Eveleth instead. No source dates the change. Do not extend without evidence. Headway is an estimate from the one or two daily trains the cited timetables show and is NOT sourced for every year.",
      "sources": [
       "Segment-level: 1893 [VE94], 1895 [VE95], 1901 [VE01]; end is the last confirmed year [OPEN]; route inferred from [MC]. Headway NOT sourced.",
       "Virginia Enterprise (Virginia MN) 7 Dec 1894 p4, DM&N passenger timetable in effect 18 Dec 1893 - https://www.loc.gov/collections/chronicling-america/ (sn90059180)",
       "Virginia Enterprise 19 Apr 1895 p4, DM&N timetable in effect 4 Feb 1895 and D&IR timetable in effect 23 Jan 1895 - https://www.loc.gov/collections/chronicling-america/ (sn90059180)",
       "Virginia Enterprise 27 Dec 1901 p9, DM&N and D&IR timetables - http://www.loc.gov/resource/sn90059180/1901-12-27/ed-1/?sp=9",
       "https://www.missabe.com/history (Missabe Railroad Historical Society)",
       "https://www.branchline.uk/jfpdf/minnesotarrs.pdf (John Fowler, Minnesota passenger stations, DM&IR legend b=1921t DM&N, d=1951t)"
      ]
     }
    ]
   },
   "geometry": {
    "type": "LineString",
    "coordinates": [
     [
      -92.609443,
      47.450006
     ],
     [
      -92.608981,
      47.450434
     ],
     [
      -92.60907,
      47.451165
     ],
     [
      -92.608835,
      47.452246
     ],
     [
      -92.608347,
      47.453184
     ],
     [
      -92.607318,
      47.454278
     ],
     [
      -92.570264,
      47.480192
     ],
     [
      -92.569519,
      47.481011
     ],
     [
      -92.558934,
      47.48843
     ],
     [
      -92.556976,
      47.490011
     ],
     [
      -92.551577,
      47.4953
     ],
     [
      -92.54758,
      47.499717
     ],
     [
      -92.547094,
      47.50079
     ],
     [
      -92.547356,
      47.509383
     ],
     [
      -92.541322,
      47.515767
     ],
     [
      -92.541135,
      47.516183
     ],
     [
      -92.541266,
      47.522277
     ],
     [
      -92.54106,
      47.523942
     ]
    ]
   }
  },
  {
   "type": "Feature",
   "properties": {
    "company": "Duluth, Missabe and Northern Railway",
    "line": "Duluth, Missabe and Northern: Mountain Iron Branch",
    "id": "dmn-mountain-iron-branch",
    "color": "#9C6B1F",
    "mode": "intercity_rail",
    "avg_speed_kmh": 30,
    "speed_source": "estimated; no timetable for this branch was read closely enough to compute a speed (Rule 3)",
    "geometry_source": "OpenStreetMap via Overpass (mail.ru mirror, cached degree tiles) plus OpenHistoricalMap (CC0) for lifted grades, routed with opstrace.py: Dijkstra over all railway ways, ways named or tagged for the railroad family (CN Missabe / Iron Range / Two Harbors subdivisions, 'Duluth Missabe & Iron Range Ry', the North Shore Scenic Railroad, Hinsdale Spur, Alborn-Pengilly Railroad Trail, OHM ways named for the DM&N, D&IR or DM&IR) costed 1x, untagged track 1.25x, untagged OHM ways 1.6x, trails 3x and any other named operator (BNSF / ex-Great Northern, DW&P, Erie Mining, Reserve / Northshore Mining, etc.) 10x; waypoints from the research report's via lists, snapped by a dynamic program over candidate nodes, each leg confined to a corridor round its own chord, then Douglas-Peucker (8 m) and trim_reversals. Branches are joined to their parent line at the nearest point on it, so junctions coincide.",
    "geometry_quality": "Traced from OpenStreetMap, 5.6 mi against about 6 mi documented (FOWLER: Mountain Iron 73.6 from Duluth, Wolf 67.6; the 1951 Guide's 'Mountain Iron Branch' 6 mi). Drawn on the CN Minntac Subdivision north from Wolf, ending at 47.5281,-92.6265. APPROXIMATED: the first 0.3 mi joins the branch to the main line at Wolf with a straight line. LATER ALIGNMENT: the Minntac Subdivision serves the taconite plant built in the 1960s; it may not follow the 1892 grade exactly.",
    "segments": [
     {
      "start": 1901,
      "end": 1901,
      "headway_min": 1440,
      "note": "Single proven year [ANCHOR]: Mountain Iron is on the DM&N passenger timetable of 27 Dec 1901 [VE01]. Service certainly ran wider both ways - the branch was the DM&N's first line (1892) - but no other passenger year is confirmed. By Sept 1951 the branch was 'Freight Service only' [OG51]; when passenger service ended is unknown. Do not widen without evidence. Headway is an estimate from the one or two daily trains the cited timetables show and is NOT sourced for every year.",
      "sources": [
       "Segment-level: 1901 from [VE01]; freight-only by 1951 [OG51]. Headway NOT sourced.",
       "Virginia Enterprise 27 Dec 1901 p9, DM&N and D&IR timetables - http://www.loc.gov/resource/sn90059180/1901-12-27/ed-1/?sp=9",
       "Official Guide of the Railways, Feb 1952 (DM&IR schedules of 9 Sep 1951) - https://archive.org/details/the-official-guide-of-the-railways-images",
       "https://www.missabe.com/history (Missabe Railroad Historical Society)"
      ]
     }
    ]
   },
   "geometry": {
    "type": "LineString",
    "coordinates": [
     [
      -92.612358,
      47.451128
     ],
     [
      -92.610296,
      47.455293
     ],
     [
      -92.610915,
      47.456013
     ],
     [
      -92.611471,
      47.457439
     ],
     [
      -92.62244,
      47.48979
     ],
     [
      -92.622587,
      47.491242
     ],
     [
      -92.621434,
      47.495451
     ],
     [
      -92.621525,
      47.496751
     ],
     [
      -92.622434,
      47.498149
     ],
     [
      -92.624468,
      47.499727
     ],
     [
      -92.625281,
      47.50063
     ],
     [
      -92.625767,
      47.501575
     ],
     [
      -92.626502,
      47.504075
     ],
     [
      -92.626506,
      47.505065
     ],
     [
      -92.626031,
      47.506198
     ],
     [
      -92.620868,
      47.511293
     ],
     [
      -92.620124,
      47.51258
     ],
     [
      -92.619892,
      47.513842
     ],
     [
      -92.620048,
      47.514875
     ],
     [
      -92.620492,
      47.515861
     ],
     [
      -92.621938,
      47.517696
     ],
     [
      -92.623891,
      47.519814
     ],
     [
      -92.624541,
      47.520922
     ],
     [
      -92.625891,
      47.524239
     ],
     [
      -92.626412,
      47.526017
     ],
     [
      -92.626499,
      47.528095
     ]
    ]
   }
  },
  {
   "type": "Feature",
   "properties": {
    "company": "Duluth, Missabe and Northern Railway",
    "line": "Duluth, Missabe and Northern: Biwabik Branch (Spruce – Biwabik)",
    "id": "dmn-biwabik-branch",
    "color": "#9C6B1F",
    "mode": "intercity_rail",
    "avg_speed_kmh": 30,
    "speed_source": "estimated; no timetable for this branch was read closely enough to compute a speed (Rule 3)",
    "geometry_source": "OpenStreetMap via Overpass (mail.ru mirror, cached degree tiles) plus OpenHistoricalMap (CC0) for lifted grades, routed with opstrace.py: Dijkstra over all railway ways, ways named or tagged for the railroad family (CN Missabe / Iron Range / Two Harbors subdivisions, 'Duluth Missabe & Iron Range Ry', the North Shore Scenic Railroad, Hinsdale Spur, Alborn-Pengilly Railroad Trail, OHM ways named for the DM&N, D&IR or DM&IR) costed 1x, untagged track 1.25x, untagged OHM ways 1.6x, trails 3x and any other named operator (BNSF / ex-Great Northern, DW&P, Erie Mining, Reserve / Northshore Mining, etc.) 10x; waypoints from the research report's via lists, snapped by a dynamic program over candidate nodes, each leg confined to a corridor round its own chord, then Douglas-Peucker (8 m) and trim_reversals. Branches are joined to their parent line at the nearest point on it, so junctions coincide.",
    "geometry_quality": "Traced from OpenStreetMap, 12.4 mi against the documented 12.9 mi Spruce - Biwabik (FOWLER, Spruce 2.1 to Biwabik 15.0 from Iron Junction). Drawn almost entirely on CN Iron Range Subdivision and OHM 'Duluth, Missabe and Northern Railway' track, ending at 47.5266,-92.3456 (0.5 mi from central Biwabik). No straight-line leg longer than 300 m. Parallels the D&IR's Allen Junction - Biwabik line closely around Biwabik; the trace stayed on DM&N-family ways. LATER ALIGNMENT: the CN Iron Range Subdivision is the DM&IR's later through route between its two divisions; it may not follow the 1892 grade everywhere.",
    "segments": [
     {
      "start": 1901,
      "end": 1911,
      "headway_min": 1440,
      "note": "Both ends are withheld unknowns. 1901 is the first CONFIRMED year, not the opening (line built 1892 [MC]): Biwabik is on the DM&N's own timetable of 27 Dec 1901 [VE01] (the D&IR also served Biwabik, by another line). 1911 is the last CONFIRMED year, not a known end: FOWLER tags Hutter on this branch '1911G' (in the 1911 Official Guide). Not in the 1951 DM&IR tables, but absence is not evidence. Do not extend either end without evidence. Headway is an estimate from the one or two daily trains the cited timetables show and is NOT sourced for every year.",
      "sources": [
       "Segment-level: start [VE01], end [JF] Hutter 1911G; both [OPEN]. Headway NOT sourced.",
       "Virginia Enterprise 27 Dec 1901 p9, DM&N and D&IR timetables - http://www.loc.gov/resource/sn90059180/1901-12-27/ed-1/?sp=9",
       "https://www.branchline.uk/jfpdf/minnesotarrs.pdf (John Fowler, Minnesota passenger stations, DM&IR legend b=1921t DM&N, d=1951t)",
       "https://www.missabe.com/history (Missabe Railroad Historical Society)"
      ]
     }
    ]
   },
   "geometry": {
    "type": "LineString",
    "coordinates": [
     [
      -92.563182,
      47.427624
     ],
     [
      -92.554534,
      47.427577
     ],
     [
      -92.552027,
      47.427991
     ],
     [
      -92.549695,
      47.428799
     ],
     [
      -92.490264,
      47.457509
     ],
     [
      -92.487895,
      47.458363
     ],
     [
      -92.483606,
      47.459213
     ],
     [
      -92.48185,
      47.459907
     ],
     [
      -92.48046,
      47.460807
     ],
     [
      -92.478522,
      47.462926
     ],
     [
      -92.477214,
      47.463804
     ],
     [
      -92.438893,
      47.483281
     ],
     [
      -92.437665,
      47.484102
     ],
     [
      -92.431805,
      47.488929
     ],
     [
      -92.430283,
      47.48984
     ],
     [
      -92.361759,
      47.519597
     ],
     [
      -92.360547,
      47.52043
     ],
     [
      -92.35924,
      47.522379
     ],
     [
      -92.357969,
      47.523299
     ],
     [
      -92.353686,
      47.524574
     ],
     [
      -92.345591,
      47.526616
     ]
    ]
   }
  },
  {
   "type": "Feature",
   "properties": {
    "company": "Duluth, Missabe and Iron Range Railway",
    "line": "Duluth, Missabe and Iron Range: Wilpen – Chisholm",
    "id": "dmir-wilpen-chisholm",
    "color": "#7A2E12",
    "mode": "intercity_rail",
    "avg_speed_kmh": 30,
    "speed_source": "estimated; no timetable for this branch was read closely enough to compute a speed (Rule 3)",
    "geometry_source": "OpenStreetMap via Overpass (mail.ru mirror, cached degree tiles) plus OpenHistoricalMap (CC0) for lifted grades, routed with opstrace.py: Dijkstra over all railway ways, ways named or tagged for the railroad family (CN Missabe / Iron Range / Two Harbors subdivisions, 'Duluth Missabe & Iron Range Ry', the North Shore Scenic Railroad, Hinsdale Spur, Alborn-Pengilly Railroad Trail, OHM ways named for the DM&N, D&IR or DM&IR) costed 1x, untagged track 1.25x, untagged OHM ways 1.6x, trails 3x and any other named operator (BNSF / ex-Great Northern, DW&P, Erie Mining, Reserve / Northshore Mining, etc.) 10x; waypoints from the research report's via lists, snapped by a dynamic program over candidate nodes, each leg confined to a corridor round its own chord, then Douglas-Peucker (8 m) and trim_reversals. Branches are joined to their parent line at the nearest point on it, so junctions coincide.",
    "geometry_quality": "Traced from OpenStreetMap plus OpenHistoricalMap, 4.1 mi against the documented 4.5 mi Wilpen - Chisholm (FOWLER, Wilpen 78.6, Chisholm 83.1). Wilpen north to about 47.474,-92.852 on unnamed abandoned grade and OHM; the last 1.3 mi into Chisholm (47.474,-92.852 to 47.483,-92.876) follows the Mesabi Trail and Longyear Lake Trail. PARALLEL GN: the Great Northern also served Chisholm, and its abandoned grade (tagged Burlington Northern Santa Fe) lies within a few hundred metres here; the trail section may occupy the GN's grade rather than the DM&IR's. Shenango (passed 1.7 km off the drawn line) is not pinned. No straight-line leg longer than 300 m.",
    "segments": [
     {
      "start": 1951,
      "end": 1951,
      "headway_min": 720,
      "note": "Single proven year [ANCHOR], medium confidence: the Sept 1951 table 'BUHL-CHISHOLM-SHENANGO' is headed 'Bus Service between Wilpen and Buhl', but times survive on the Wilpen - Shenango - Chisholm rows (11:18-11:34 AM; 1:10-1:25 PM) and the bus flag names only Wilpen - Buhl, so this short leg reads as rail [OG51]. Bus tables inside a railroad's section are a known trap, so rail vs bus is not certain. Service certainly ran wider both ways but no other year is confirmed. Do not widen without evidence. Headway reflects the two surviving times and is an estimate.",
      "sources": [
       "Segment-level: 1951 from [OG51] (rail vs bus not certain). Headway NOT sourced.",
       "Official Guide of the Railways, Feb 1952 (DM&IR schedules of 9 Sep 1951) - https://archive.org/details/the-official-guide-of-the-railways-images",
       "https://www.branchline.uk/jfpdf/minnesotarrs.pdf (John Fowler, Minnesota passenger stations, DM&IR legend b=1921t DM&N, d=1951t)"
      ]
     }
    ]
   },
   "geometry": {
    "type": "LineString",
    "coordinates": [
     [
      -92.834713,
      47.441327
     ],
     [
      -92.835083,
      47.443349
     ],
     [
      -92.836766,
      47.444729
     ],
     [
      -92.846818,
      47.455319
     ],
     [
      -92.847339,
      47.456183
     ],
     [
      -92.847493,
      47.456912
     ],
     [
      -92.847322,
      47.46104
     ],
     [
      -92.846587,
      47.463492
     ],
     [
      -92.846548,
      47.464968
     ],
     [
      -92.845106,
      47.470288
     ],
     [
      -92.84675,
      47.473157
     ],
     [
      -92.848139,
      47.47359
     ],
     [
      -92.85246,
      47.474007
     ],
     [
      -92.852352,
      47.474196
     ],
     [
      -92.853635,
      47.474418
     ],
     [
      -92.854933,
      47.475268
     ],
     [
      -92.855555,
      47.475485
     ],
     [
      -92.856499,
      47.475623
     ],
     [
      -92.861252,
      47.475252
     ],
     [
      -92.862046,
      47.475245
     ],
     [
      -92.862851,
      47.475471
     ],
     [
      -92.863452,
      47.475862
     ],
     [
      -92.866831,
      47.479169
     ],
     [
      -92.8675,
      47.479531
     ],
     [
      -92.868391,
      47.479789
     ],
     [
      -92.871115,
      47.480117
     ],
     [
      -92.871234,
      47.480729
     ],
     [
      -92.871115,
      47.481612
     ],
     [
      -92.872587,
      47.48194
     ],
     [
      -92.872989,
      47.481835
     ],
     [
      -92.873947,
      47.481917
     ],
     [
      -92.876133,
      47.482872
     ],
     [
      -92.876162,
      47.483035
     ]
    ]
   }
  },
  {
   "type": "Feature",
   "properties": {
    "company": "Duluth, Missabe and Northern Railway",
    "line": "Duluth, Missabe and Northern: Coleraine Branch (Alborn – Coleraine)",
    "id": "dmn-coleraine-branch",
    "color": "#9C6B1F",
    "mode": "intercity_rail",
    "avg_speed_kmh": 35,
    "speed_source": "estimated; no timetable for this branch was read closely enough to compute a speed (Rule 3)",
    "geometry_source": "OpenStreetMap via Overpass (mail.ru mirror, cached degree tiles) plus OpenHistoricalMap (CC0) for lifted grades, routed with opstrace.py: Dijkstra over all railway ways, ways named or tagged for the railroad family (CN Missabe / Iron Range / Two Harbors subdivisions, 'Duluth Missabe & Iron Range Ry', the North Shore Scenic Railroad, Hinsdale Spur, Alborn-Pengilly Railroad Trail, OHM ways named for the DM&N, D&IR or DM&IR) costed 1x, untagged track 1.25x, untagged OHM ways 1.6x, trails 3x and any other named operator (BNSF / ex-Great Northern, DW&P, Erie Mining, Reserve / Northshore Mining, etc.) 10x; waypoints from the research report's via lists, snapped by a dynamic program over candidate nodes, each leg confined to a corridor round its own chord, then Douglas-Peucker (8 m) and trim_reversals. Branches are joined to their parent line at the nearest point on it, so junctions coincide.",
    "geometry_quality": "Traced from OpenStreetMap plus OpenHistoricalMap, 51.3 mi against the documented 53.5 mi Alborn - Coleraine (FOWLER; '53 mile double track'). About 43 mi runs on ways named Duluth, Missabe and Iron Range Railroad and the Alborn-Pengilly Railroad Trail, about 6 mi on untagged OHM grade (mostly Marble - Taconite). APPROXIMATED: the first 0.3 mi joins the branch to the main line at Alborn with a straight line. PARALLEL GN: from Taconite to Coleraine (about 47.300,-93.384 to 47.292,-93.424, 2.5 mi) the line follows the Mesabi Trail; the Great Northern also served Marble, Calumet, Bovey and Coleraine on its own parallel line, and the trail may occupy the GN grade rather than the DM&N's. No straight-line leg longer than 300 m. Where the original alignment was lifted and a successor survives on the same corridor, the trace follows the surviving track, so short stretches may draw a LATER alignment than the era shown.",
    "segments": [
     {
      "start": 1914,
      "end": 1914,
      "headway_min": 1440,
      "note": "Single proven year [ANCHOR]: a Dec 1914 auto-stage ad tells passengers to 'Leave Coleraine Missabe Depot at 11:15 a.m.' to connect 'with Missabe 11:54 train to Duluth' [GRHR14]. The branch was laid 1905-06 and service certainly ran wider both ways, but no other passenger year is confirmed. By Sept 1951 the Coleraine Branch was 'Freight Service only' [OG51] - do NOT draw it to 1951. The GN also served Coleraine, Bovey, Marble and Calumet; none of the GN's service is credited here. Line abandoned 1977. Headway is an estimate from the one or two daily trains the cited timetables show and is NOT sourced for every year.",
      "sources": [
       "Segment-level: 1914 from [GRHR14]; freight-only by 1951 [OG51]. Headway NOT sourced.",
       "Grand Rapids Herald-Review 9 Dec 1914 p7, auto-stage ad 'Leave Coleraine Missabe Depot' meeting the Missabe train to Duluth - https://www.loc.gov/collections/chronicling-america/",
       "Official Guide of the Railways, Feb 1952 (DM&IR schedules of 9 Sep 1951) - https://archive.org/details/the-official-guide-of-the-railways-images",
       "https://www.branchline.uk/jfpdf/minnesotarrs.pdf (John Fowler, Minnesota passenger stations, DM&IR legend b=1921t DM&N, d=1951t)",
       "https://www.missabe.com/history (Missabe Railroad Historical Society)"
      ]
     }
    ]
   },
   "geometry": {
    "type": "LineString",
    "coordinates": [
     [
      -92.576286,
      46.97337
     ],
     [
      -92.582168,
      46.971434
     ],
     [
      -92.581421,
      46.972577
     ],
     [
      -92.590598,
      46.977741
     ],
     [
      -92.595454,
      46.98076
     ],
     [
      -92.634103,
      47.010348
     ],
     [
      -92.734986,
      47.075793
     ],
     [
      -92.852937,
      47.15187
     ],
     [
      -92.95161,
      47.215222
     ],
     [
      -93.002647,
      47.247821
     ],
     [
      -93.006034,
      47.250599
     ],
     [
      -93.010376,
      47.254731
     ],
     [
      -93.019995,
      47.263403
     ],
     [
      -93.021907,
      47.264897
     ],
     [
      -93.077583,
      47.301077
     ],
     [
      -93.07888,
      47.301748
     ],
     [
      -93.080326,
      47.30228
     ],
     [
      -93.081707,
      47.302628
     ],
     [
      -93.156604,
      47.315022
     ],
     [
      -93.161055,
      47.315781
     ],
     [
      -93.162315,
      47.316141
     ],
     [
      -93.163481,
      47.31666
     ],
     [
      -93.165095,
      47.317849
     ],
     [
      -93.177692,
      47.330891
     ],
     [
      -93.179474,
      47.332029
     ],
     [
      -93.181816,
      47.332858
     ],
     [
      -93.183393,
      47.333053
     ],
     [
      -93.1858,
      47.333098
     ],
     [
      -93.223515,
      47.332567
     ],
     [
      -93.225445,
      47.332256
     ],
     [
      -93.236074,
      47.329924
     ],
     [
      -93.238502,
      47.329976
     ],
     [
      -93.241063,
      47.330351
     ],
     [
      -93.242344,
      47.330429
     ],
     [
      -93.244485,
      47.330222
     ],
     [
      -93.24806,
      47.32938
     ],
     [
      -93.26751,
      47.325338
     ],
     [
      -93.275486,
      47.32285
     ],
     [
      -93.295881,
      47.318203
     ],
     [
      -93.299752,
      47.317507
     ],
     [
      -93.325151,
      47.315595
     ],
     [
      -93.32901,
      47.315436
     ],
     [
      -93.359506,
      47.317933
     ],
     [
      -93.360189,
      47.317963
     ],
     [
      -93.361699,
      47.317774
     ],
     [
      -93.362291,
      47.317619
     ],
     [
      -93.363621,
      47.316979
     ],
     [
      -93.367677,
      47.314128
     ],
     [
      -93.369565,
      47.312979
     ],
     [
      -93.370831,
      47.312033
     ],
     [
      -93.375718,
      47.307654
     ],
     [
      -93.379467,
      47.307517
     ],
     [
      -93.379449,
      47.304955
     ],
     [
      -93.379708,
      47.304181
     ],
     [
      -93.383586,
      47.300184
     ],
     [
      -93.384305,
      47.300023
     ],
     [
      -93.38563,
      47.299262
     ],
     [
      -93.387841,
      47.298612
     ],
     [
      -93.389735,
      47.298394
     ],
     [
      -93.407041,
      47.298641
     ],
     [
      -93.407924,
      47.298318
     ],
     [
      -93.40893,
      47.298162
     ],
     [
      -93.410483,
      47.298419
     ],
     [
      -93.411695,
      47.298868
     ],
     [
      -93.413919,
      47.299126
     ],
     [
      -93.414485,
      47.299465
     ],
     [
      -93.41524,
      47.300572
     ],
     [
      -93.415515,
      47.300677
     ],
     [
      -93.416739,
      47.300422
     ],
     [
      -93.418887,
      47.299592
     ],
     [
      -93.420172,
      47.298272
     ],
     [
      -93.42067,
      47.296846
     ],
     [
      -93.420953,
      47.293063
     ],
     [
      -93.421108,
      47.292852
     ],
     [
      -93.42174,
      47.292533
     ],
     [
      -93.423394,
      47.291963
     ],
     [
      -93.423842,
      47.291575
     ]
    ]
   }
  },
  {
   "type": "Feature",
   "properties": {
    "company": "Duluth and Iron Range Rail Road",
    "line": "Duluth and Iron Range: Lake Division (Union Depot – Endion)",
    "id": "dir-lake-division-union-depot-endion",
    "color": "#2E4A7D",
    "mode": "intercity_rail",
    "avg_speed_kmh": 42,
    "speed_source": "derived from timetables, not a measured average for every era: D&IR Jan 1895 Duluth 3:15 PM - Ely 7:50 PM (116.5 mi, ~41 km/h) [VE95]; DM&N 1930 Duluth - Ely 4h20-4h30 (~43 km/h) [EM30]",
    "geometry_source": "OpenStreetMap via Overpass (mail.ru mirror, cached degree tiles) plus OpenHistoricalMap (CC0) for lifted grades, routed with opstrace.py: Dijkstra over all railway ways, ways named or tagged for the railroad family (CN Missabe / Iron Range / Two Harbors subdivisions, 'Duluth Missabe & Iron Range Ry', the North Shore Scenic Railroad, Hinsdale Spur, Alborn-Pengilly Railroad Trail, OHM ways named for the DM&N, D&IR or DM&IR) costed 1x, untagged track 1.25x, untagged OHM ways 1.6x, trails 3x and any other named operator (BNSF / ex-Great Northern, DW&P, Erie Mining, Reserve / Northshore Mining, etc.) 10x; waypoints from the research report's via lists, snapped by a dynamic program over candidate nodes, each leg confined to a corridor round its own chord, then Douglas-Peucker (8 m) and trim_reversals. Branches are joined to their parent line at the nearest point on it, so junctions coincide.",
    "geometry_quality": "Traced from OpenStreetMap, 1.9 mi against the documented 1.8 mi Union Depot - Endion (FOWLER). Entirely on the North Shore Scenic Railroad's track (the ex-D&IR lakefront line). No straight-line leg. The Endion end is placed at 1.8 track-miles from the depot (46.7978,-92.0794); the Endion depot building was moved to Canal Park in 1986 and its original site was not checked. The Duluth terminal is drawn at Union Depot, which opened only in 1892; for 1886-1892 the D&IR used its own downtown arrangements, so the depot end is a LATER terminal than the era shown.",
    "segments": [
     {
      "start": 1886,
      "end": 1930,
      "headway_min": 1440,
      "note": "Duluth and Iron Range trains between Duluth and Two Harbors, the Duluth end of every Duluth - Ely train. Duluth - Two Harbors opened 'December of 1886' [AR] and the D&IR 'began transporting passengers between Duluth and Two Harbors ... in 1886' [END]. In the 1880s the D&IR also ran up to 15 daily commuter trains Duluth - Lester Park, dropped in 1892 when streetcars reached Lakeside [AR] - not drawn separately, start not sourced. The D&IR stopped running its own trains when the DM&N leased it on 10 Jan 1930 [WPT]. Headway is an estimate from the one or two daily trains the cited timetables show and is NOT sourced for every year.",
      "sources": [
       "Segment-level: start 1886 [AR, END]; end at the 10 Jan 1930 DM&N lease [WPT, MC]. Headway NOT sourced.",
       "https://www.american-rails.com/missabe.html (american-rails.com, Missabe Road history)",
       "https://en.wikipedia.org/wiki/Endion_station",
       "https://en.wikipedia.org/wiki/Timeline_of_Class_I_railroads_(1930%E2%80%931976)",
       "https://www.missabe.com/history (Missabe Railroad Historical Society)",
       "https://www.branchline.uk/jfpdf/minnesotarrs.pdf (John Fowler, Minnesota passenger stations, DM&IR legend b=1921t DM&N, d=1951t)"
      ]
     }
    ]
   },
   "geometry": {
    "type": "LineString",
    "coordinates": [
     [
      -92.105958,
      46.778097
     ],
     [
      -92.098706,
      46.783868
     ],
     [
      -92.096633,
      46.786321
     ],
     [
      -92.09125,
      46.790889
     ],
     [
      -92.089694,
      46.792888
     ],
     [
      -92.088091,
      46.794312
     ],
     [
      -92.086625,
      46.795189
     ],
     [
      -92.083234,
      46.79685
     ],
     [
      -92.08189,
      46.797253
     ],
     [
      -92.079372,
      46.79777
     ]
    ]
   }
  },
  {
   "type": "Feature",
   "properties": {
    "company": "Duluth, Missabe and Northern Railway",
    "line": "Duluth, Missabe and Northern: Lake Division (Union Depot – Endion)",
    "id": "dmn-lake-division-union-depot-endion",
    "color": "#9C6B1F",
    "mode": "intercity_rail",
    "avg_speed_kmh": 42,
    "speed_source": "derived from timetables, not a measured average for every era: D&IR Jan 1895 Duluth 3:15 PM - Ely 7:50 PM (116.5 mi, ~41 km/h) [VE95]; DM&N 1930 Duluth - Ely 4h20-4h30 (~43 km/h) [EM30]",
    "geometry_source": "OpenStreetMap via Overpass (mail.ru mirror, cached degree tiles) plus OpenHistoricalMap (CC0) for lifted grades, routed with opstrace.py: Dijkstra over all railway ways, ways named or tagged for the railroad family (CN Missabe / Iron Range / Two Harbors subdivisions, 'Duluth Missabe & Iron Range Ry', the North Shore Scenic Railroad, Hinsdale Spur, Alborn-Pengilly Railroad Trail, OHM ways named for the DM&N, D&IR or DM&IR) costed 1x, untagged track 1.25x, untagged OHM ways 1.6x, trails 3x and any other named operator (BNSF / ex-Great Northern, DW&P, Erie Mining, Reserve / Northshore Mining, etc.) 10x; waypoints from the research report's via lists, snapped by a dynamic program over candidate nodes, each leg confined to a corridor round its own chord, then Douglas-Peucker (8 m) and trim_reversals. Branches are joined to their parent line at the nearest point on it, so junctions coincide.",
    "geometry_quality": "Traced from OpenStreetMap, 1.9 mi against the documented 1.8 mi Union Depot - Endion (FOWLER). Entirely on the North Shore Scenic Railroad's track (the ex-D&IR lakefront line). No straight-line leg. The Endion end is placed at 1.8 track-miles from the depot (46.7978,-92.0794); the Endion depot building was moved to Canal Park in 1986 and its original site was not checked. The Duluth terminal is drawn at Union Depot, which opened only in 1892; for 1886-1892 the D&IR used its own downtown arrangements, so the depot end is a LATER terminal than the era shown.",
    "segments": [
     {
      "start": 1930,
      "end": 1937,
      "headway_min": 720,
      "note": "Run by the Duluth, Missabe and Northern under its lease of the D&IR from 10 Jan 1930: the 1930 Ely Miner ads are headed 'Duluth Missabe and Northern Railway Company Daily Passenger Service' Ely - Duluth, two trains each way (Nos. 5-8) [EM30]; one each way (5/6) by Aug 1932 [EM32]. Ends when the DM&N became the DM&IR on 1 July 1937. Headway is an estimate from the one or two daily trains the cited timetables show and is NOT sourced for every year.",
      "sources": [
       "Segment-level: lessee operation shown by [EM30] and [EM32]; lease date [WPT]; end 1 July 1937 [AR, WPT]. Headway NOT sourced.",
       "Ely Miner (Ely MN) 6 Jun - 7 Nov 1930, 'Duluth Missabe and Northern Railway Company Daily Passenger Service' Ely - Duluth - https://www.loc.gov/collections/chronicling-america/",
       "Ely Miner 5 Aug 1932 p5, DM&N daily passenger service Nos. 5/6 Duluth - Ely - https://www.loc.gov/collections/chronicling-america/",
       "https://en.wikipedia.org/wiki/Timeline_of_Class_I_railroads_(1930%E2%80%931976)",
       "https://www.american-rails.com/missabe.html (american-rails.com, Missabe Road history)"
      ]
     }
    ]
   },
   "geometry": {
    "type": "LineString",
    "coordinates": [
     [
      -92.105958,
      46.778097
     ],
     [
      -92.098706,
      46.783868
     ],
     [
      -92.096633,
      46.786321
     ],
     [
      -92.09125,
      46.790889
     ],
     [
      -92.089694,
      46.792888
     ],
     [
      -92.088091,
      46.794312
     ],
     [
      -92.086625,
      46.795189
     ],
     [
      -92.083234,
      46.79685
     ],
     [
      -92.08189,
      46.797253
     ],
     [
      -92.079372,
      46.79777
     ]
    ]
   }
  },
  {
   "type": "Feature",
   "properties": {
    "company": "Duluth, Missabe and Iron Range Railway",
    "line": "Duluth, Missabe and Iron Range: Lake Division (Union Depot – Endion)",
    "id": "dmir-lake-division-union-depot-endion",
    "color": "#7A2E12",
    "mode": "intercity_rail",
    "avg_speed_kmh": 42,
    "speed_source": "derived from timetables, not a measured average for every era: D&IR Jan 1895 Duluth 3:15 PM - Ely 7:50 PM (116.5 mi, ~41 km/h) [VE95]; DM&N 1930 Duluth - Ely 4h20-4h30 (~43 km/h) [EM30]",
    "geometry_source": "OpenStreetMap via Overpass (mail.ru mirror, cached degree tiles) plus OpenHistoricalMap (CC0) for lifted grades, routed with opstrace.py: Dijkstra over all railway ways, ways named or tagged for the railroad family (CN Missabe / Iron Range / Two Harbors subdivisions, 'Duluth Missabe & Iron Range Ry', the North Shore Scenic Railroad, Hinsdale Spur, Alborn-Pengilly Railroad Trail, OHM ways named for the DM&N, D&IR or DM&IR) costed 1x, untagged track 1.25x, untagged OHM ways 1.6x, trails 3x and any other named operator (BNSF / ex-Great Northern, DW&P, Erie Mining, Reserve / Northshore Mining, etc.) 10x; waypoints from the research report's via lists, snapped by a dynamic program over candidate nodes, each leg confined to a corridor round its own chord, then Douglas-Peucker (8 m) and trim_reversals. Branches are joined to their parent line at the nearest point on it, so junctions coincide.",
    "geometry_quality": "Traced from OpenStreetMap, 1.9 mi against the documented 1.8 mi Union Depot - Endion (FOWLER). Entirely on the North Shore Scenic Railroad's track (the ex-D&IR lakefront line). No straight-line leg. The Endion end is placed at 1.8 track-miles from the depot (46.7978,-92.0794); the Endion depot building was moved to Canal Park in 1986 and its original site was not checked. The Duluth terminal is drawn at Union Depot, which opened only in 1892; for 1886-1892 the D&IR used its own downtown arrangements, so the depot end is a LATER terminal than the era shown.",
    "segments": [
     {
      "start": 1937,
      "end": 1951,
      "headway_min": 1440,
      "note": "Duluth, Missabe and Iron Range Iron Range Division trains on the Union Depot - Endion stretch. Sept 1951: No. 5 leaves Duluth (Union Depot), then Endion, Lakeside, Lester Park ... [OG51]. By the last train in 1961 the terminal was Endion [AR, END], so this 1.8 mi stretch lost its trains some time between Sept 1951 and July 1961. 1951 is the last CONFIRMED year, not a known end - no source dates when trains stopped using Union Depot. Do not extend without evidence. Headway is an estimate from the one or two daily trains the cited timetables show and is NOT sourced for every year.",
      "sources": [
       "Segment-level: 1951 Union Depot terminal [OG51]; 1937 start is the DM&IR formation [AR, WPT]; end is the last confirmed year [OPEN]. Headway NOT sourced.",
       "Official Guide of the Railways, Feb 1952 (DM&IR schedules of 9 Sep 1951) - https://archive.org/details/the-official-guide-of-the-railways-images",
       "https://www.american-rails.com/missabe.html (american-rails.com, Missabe Road history)",
       "https://en.wikipedia.org/wiki/Endion_station",
       "https://en.wikipedia.org/wiki/Timeline_of_Class_I_railroads_(1930%E2%80%931976)"
      ]
     }
    ]
   },
   "geometry": {
    "type": "LineString",
    "coordinates": [
     [
      -92.105958,
      46.778097
     ],
     [
      -92.098706,
      46.783868
     ],
     [
      -92.096633,
      46.786321
     ],
     [
      -92.09125,
      46.790889
     ],
     [
      -92.089694,
      46.792888
     ],
     [
      -92.088091,
      46.794312
     ],
     [
      -92.086625,
      46.795189
     ],
     [
      -92.083234,
      46.79685
     ],
     [
      -92.08189,
      46.797253
     ],
     [
      -92.079372,
      46.79777
     ]
    ]
   }
  },
  {
   "type": "Feature",
   "properties": {
    "company": "Duluth and Iron Range Rail Road",
    "line": "Duluth and Iron Range: Lake Division (Endion – Two Harbors)",
    "id": "dir-lake-division-endion-two-harbors",
    "color": "#2E4A7D",
    "mode": "intercity_rail",
    "avg_speed_kmh": 42,
    "speed_source": "derived from timetables, not a measured average for every era: D&IR Jan 1895 Duluth 3:15 PM - Ely 7:50 PM (116.5 mi, ~41 km/h) [VE95]; DM&N 1930 Duluth - Ely 4h20-4h30 (~43 km/h) [EM30]",
    "geometry_source": "OpenStreetMap via Overpass (mail.ru mirror, cached degree tiles) plus OpenHistoricalMap (CC0) for lifted grades, routed with opstrace.py: Dijkstra over all railway ways, ways named or tagged for the railroad family (CN Missabe / Iron Range / Two Harbors subdivisions, 'Duluth Missabe & Iron Range Ry', the North Shore Scenic Railroad, Hinsdale Spur, Alborn-Pengilly Railroad Trail, OHM ways named for the DM&N, D&IR or DM&IR) costed 1x, untagged track 1.25x, untagged OHM ways 1.6x, trails 3x and any other named operator (BNSF / ex-Great Northern, DW&P, Erie Mining, Reserve / Northshore Mining, etc.) 10x; waypoints from the research report's via lists, snapped by a dynamic program over candidate nodes, each leg confined to a corridor round its own chord, then Douglas-Peucker (8 m) and trim_reversals. Branches are joined to their parent line at the nearest point on it, so junctions coincide.",
    "geometry_quality": "Traced from OpenStreetMap, 24.9 mi against the documented 25.4 mi Endion - Two Harbors (FOWLER 27.2 from Union Depot less 1.8); Lakeside falls at 4.9 mi from the depot, matching FOWLER's 4.9. Entirely on the North Shore Scenic Railroad's track (and the CN yard at Two Harbors), ending in the Two Harbors yard at 47.0212,-91.6815. No straight-line leg.",
    "segments": [
     {
      "start": 1886,
      "end": 1930,
      "headway_min": 1440,
      "note": "Duluth and Iron Range lakefront line, Endion - Lakeside - Lester Park - Clifton - Knife River - Two Harbors. Opened to passengers 1886 [AR, END]. Jan 1895: Duluth 3:15 PM - Two Harbors 4:15 PM [VE95]. Ends at the 10 Jan 1930 DM&N lease [WPT]. Headway is an estimate from the one or two daily trains the cited timetables show and is NOT sourced for every year.",
      "sources": [
       "Segment-level: start 1886 [AR, END]; 1895 timetable [VE95]; end at the 1930 lease [WPT]. Headway NOT sourced.",
       "https://www.american-rails.com/missabe.html (american-rails.com, Missabe Road history)",
       "https://en.wikipedia.org/wiki/Endion_station",
       "Virginia Enterprise 19 Apr 1895 p4, DM&N timetable in effect 4 Feb 1895 and D&IR timetable in effect 23 Jan 1895 - https://www.loc.gov/collections/chronicling-america/ (sn90059180)",
       "https://en.wikipedia.org/wiki/Timeline_of_Class_I_railroads_(1930%E2%80%931976)",
       "https://www.branchline.uk/jfpdf/minnesotarrs.pdf (John Fowler, Minnesota passenger stations, DM&IR legend b=1921t DM&N, d=1951t)"
      ]
     }
    ]
   },
   "geometry": {
    "type": "LineString",
    "coordinates": [
     [
      -92.079372,
      46.79777
     ],
     [
      -92.078366,
      46.798135
     ],
     [
      -92.073992,
      46.800316
     ],
     [
      -92.071727,
      46.801307
     ],
     [
      -92.062657,
      46.806164
     ],
     [
      -92.061882,
      46.806745
     ],
     [
      -92.061302,
      46.807394
     ],
     [
      -92.059796,
      46.810401
     ],
     [
      -92.058592,
      46.81186
     ],
     [
      -92.045253,
      46.821903
     ],
     [
      -92.033018,
      46.826925
     ],
     [
      -92.017928,
      46.835085
     ],
     [
      -92.001753,
      46.839919
     ],
     [
      -92.000059,
      46.840642
     ],
     [
      -91.980749,
      46.853942
     ],
     [
      -91.902405,
      46.896703
     ],
     [
      -91.89976,
      46.898638
     ],
     [
      -91.893247,
      46.90467
     ],
     [
      -91.891423,
      46.905863
     ],
     [
      -91.875142,
      46.91384
     ],
     [
      -91.848924,
      46.925351
     ],
     [
      -91.836602,
      46.928612
     ],
     [
      -91.833267,
      46.929362
     ],
     [
      -91.831227,
      46.929513
     ],
     [
      -91.818438,
      46.929636
     ],
     [
      -91.816394,
      46.929852
     ],
     [
      -91.815124,
      46.930164
     ],
     [
      -91.813783,
      46.930687
     ],
     [
      -91.812062,
      46.931651
     ],
     [
      -91.801902,
      46.938649
     ],
     [
      -91.800832,
      46.939261
     ],
     [
      -91.798919,
      46.940035
     ],
     [
      -91.785914,
      46.944581
     ],
     [
      -91.784477,
      46.94561
     ],
     [
      -91.78102,
      46.949789
     ],
     [
      -91.780005,
      46.950777
     ],
     [
      -91.762917,
      46.962482
     ],
     [
      -91.761932,
      46.963653
     ],
     [
      -91.758265,
      46.970778
     ],
     [
      -91.757443,
      46.971714
     ],
     [
      -91.756379,
      46.972456
     ],
     [
      -91.74819,
      46.976895
     ],
     [
      -91.747337,
      46.97748
     ],
     [
      -91.735784,
      46.988099
     ],
     [
      -91.697156,
      47.018026
     ],
     [
      -91.695549,
      47.018934
     ],
     [
      -91.693583,
      47.019522
     ],
     [
      -91.681497,
      47.021242
     ]
    ]
   }
  },
  {
   "type": "Feature",
   "properties": {
    "company": "Duluth, Missabe and Northern Railway",
    "line": "Duluth, Missabe and Northern: Lake Division (Endion – Two Harbors)",
    "id": "dmn-lake-division-endion-two-harbors",
    "color": "#9C6B1F",
    "mode": "intercity_rail",
    "avg_speed_kmh": 42,
    "speed_source": "derived from timetables, not a measured average for every era: D&IR Jan 1895 Duluth 3:15 PM - Ely 7:50 PM (116.5 mi, ~41 km/h) [VE95]; DM&N 1930 Duluth - Ely 4h20-4h30 (~43 km/h) [EM30]",
    "geometry_source": "OpenStreetMap via Overpass (mail.ru mirror, cached degree tiles) plus OpenHistoricalMap (CC0) for lifted grades, routed with opstrace.py: Dijkstra over all railway ways, ways named or tagged for the railroad family (CN Missabe / Iron Range / Two Harbors subdivisions, 'Duluth Missabe & Iron Range Ry', the North Shore Scenic Railroad, Hinsdale Spur, Alborn-Pengilly Railroad Trail, OHM ways named for the DM&N, D&IR or DM&IR) costed 1x, untagged track 1.25x, untagged OHM ways 1.6x, trails 3x and any other named operator (BNSF / ex-Great Northern, DW&P, Erie Mining, Reserve / Northshore Mining, etc.) 10x; waypoints from the research report's via lists, snapped by a dynamic program over candidate nodes, each leg confined to a corridor round its own chord, then Douglas-Peucker (8 m) and trim_reversals. Branches are joined to their parent line at the nearest point on it, so junctions coincide.",
    "geometry_quality": "Traced from OpenStreetMap, 24.9 mi against the documented 25.4 mi Endion - Two Harbors (FOWLER 27.2 from Union Depot less 1.8); Lakeside falls at 4.9 mi from the depot, matching FOWLER's 4.9. Entirely on the North Shore Scenic Railroad's track (and the CN yard at Two Harbors), ending in the Two Harbors yard at 47.0212,-91.6815. No straight-line leg.",
    "segments": [
     {
      "start": 1930,
      "end": 1937,
      "headway_min": 720,
      "note": "Run by the DM&N as lessee of the D&IR, 10 Jan 1930 - 30 June 1937: DM&N-headed Duluth - Ely ads of 1930 (Nos. 5-8) [EM30] and 1932 (5/6) [EM32]. Headway is an estimate from the one or two daily trains the cited timetables show and is NOT sourced for every year.",
      "sources": [
       "Segment-level: [EM30], [EM32] for DM&N operation; dates [WPT, AR]. Headway NOT sourced.",
       "Ely Miner (Ely MN) 6 Jun - 7 Nov 1930, 'Duluth Missabe and Northern Railway Company Daily Passenger Service' Ely - Duluth - https://www.loc.gov/collections/chronicling-america/",
       "Ely Miner 5 Aug 1932 p5, DM&N daily passenger service Nos. 5/6 Duluth - Ely - https://www.loc.gov/collections/chronicling-america/",
       "https://en.wikipedia.org/wiki/Timeline_of_Class_I_railroads_(1930%E2%80%931976)",
       "https://www.american-rails.com/missabe.html (american-rails.com, Missabe Road history)"
      ]
     }
    ]
   },
   "geometry": {
    "type": "LineString",
    "coordinates": [
     [
      -92.079372,
      46.79777
     ],
     [
      -92.078366,
      46.798135
     ],
     [
      -92.073992,
      46.800316
     ],
     [
      -92.071727,
      46.801307
     ],
     [
      -92.062657,
      46.806164
     ],
     [
      -92.061882,
      46.806745
     ],
     [
      -92.061302,
      46.807394
     ],
     [
      -92.059796,
      46.810401
     ],
     [
      -92.058592,
      46.81186
     ],
     [
      -92.045253,
      46.821903
     ],
     [
      -92.033018,
      46.826925
     ],
     [
      -92.017928,
      46.835085
     ],
     [
      -92.001753,
      46.839919
     ],
     [
      -92.000059,
      46.840642
     ],
     [
      -91.980749,
      46.853942
     ],
     [
      -91.902405,
      46.896703
     ],
     [
      -91.89976,
      46.898638
     ],
     [
      -91.893247,
      46.90467
     ],
     [
      -91.891423,
      46.905863
     ],
     [
      -91.875142,
      46.91384
     ],
     [
      -91.848924,
      46.925351
     ],
     [
      -91.836602,
      46.928612
     ],
     [
      -91.833267,
      46.929362
     ],
     [
      -91.831227,
      46.929513
     ],
     [
      -91.818438,
      46.929636
     ],
     [
      -91.816394,
      46.929852
     ],
     [
      -91.815124,
      46.930164
     ],
     [
      -91.813783,
      46.930687
     ],
     [
      -91.812062,
      46.931651
     ],
     [
      -91.801902,
      46.938649
     ],
     [
      -91.800832,
      46.939261
     ],
     [
      -91.798919,
      46.940035
     ],
     [
      -91.785914,
      46.944581
     ],
     [
      -91.784477,
      46.94561
     ],
     [
      -91.78102,
      46.949789
     ],
     [
      -91.780005,
      46.950777
     ],
     [
      -91.762917,
      46.962482
     ],
     [
      -91.761932,
      46.963653
     ],
     [
      -91.758265,
      46.970778
     ],
     [
      -91.757443,
      46.971714
     ],
     [
      -91.756379,
      46.972456
     ],
     [
      -91.74819,
      46.976895
     ],
     [
      -91.747337,
      46.97748
     ],
     [
      -91.735784,
      46.988099
     ],
     [
      -91.697156,
      47.018026
     ],
     [
      -91.695549,
      47.018934
     ],
     [
      -91.693583,
      47.019522
     ],
     [
      -91.681497,
      47.021242
     ]
    ]
   }
  },
  {
   "type": "Feature",
   "properties": {
    "company": "Duluth, Missabe and Iron Range Railway",
    "line": "Duluth, Missabe and Iron Range: Lake Division (Endion – Two Harbors)",
    "id": "dmir-lake-division-endion-two-harbors",
    "color": "#7A2E12",
    "mode": "intercity_rail",
    "avg_speed_kmh": 42,
    "speed_source": "derived from timetables, not a measured average for every era: D&IR Jan 1895 Duluth 3:15 PM - Ely 7:50 PM (116.5 mi, ~41 km/h) [VE95]; DM&N 1930 Duluth - Ely 4h20-4h30 (~43 km/h) [EM30]",
    "geometry_source": "OpenStreetMap via Overpass (mail.ru mirror, cached degree tiles) plus OpenHistoricalMap (CC0) for lifted grades, routed with opstrace.py: Dijkstra over all railway ways, ways named or tagged for the railroad family (CN Missabe / Iron Range / Two Harbors subdivisions, 'Duluth Missabe & Iron Range Ry', the North Shore Scenic Railroad, Hinsdale Spur, Alborn-Pengilly Railroad Trail, OHM ways named for the DM&N, D&IR or DM&IR) costed 1x, untagged track 1.25x, untagged OHM ways 1.6x, trails 3x and any other named operator (BNSF / ex-Great Northern, DW&P, Erie Mining, Reserve / Northshore Mining, etc.) 10x; waypoints from the research report's via lists, snapped by a dynamic program over candidate nodes, each leg confined to a corridor round its own chord, then Douglas-Peucker (8 m) and trim_reversals. Branches are joined to their parent line at the nearest point on it, so junctions coincide.",
    "geometry_quality": "Traced from OpenStreetMap, 24.9 mi against the documented 25.4 mi Endion - Two Harbors (FOWLER 27.2 from Union Depot less 1.8); Lakeside falls at 4.9 mi from the depot, matching FOWLER's 4.9. Entirely on the North Shore Scenic Railroad's track (and the CN yard at Two Harbors), ending in the Two Harbors yard at 47.0212,-91.6815. No straight-line leg.",
    "segments": [
     {
      "start": 1937,
      "end": 1961,
      "headway_min": 1440,
      "note": "Iron Range Division Nos. 5/6 Duluth (Endion) - Ely. A Budd RDC replaced steam in 1953 [LIN]. The last passenger train left Endion on 15 July 1961 [AR, END]; a Duluth Township history says 20 July 1961 [LIN] - same year, recorded as a conflict. Freight continues under CN; nothing after 1961 is drawn except the separate 1990+ tourist operation. Headway is an estimate from the one or two daily trains the cited timetables show and is NOT sourced for every year.",
      "sources": [
       "Segment-level: 1937 start DM&IR formation [AR, WPT]; 1951 schedule [OG51]; end 15 July 1961 [AR, END] (20 July per [LIN]). Headway NOT sourced.",
       "https://www.american-rails.com/missabe.html (american-rails.com, Missabe Road history)",
       "https://en.wikipedia.org/wiki/Endion_station",
       "https://www.duluthtownship.gov/pdf/newsletter/history/lindahl/march2005_clifton_depot.pdf (Todd Lindahl, 'The Clifton Depot', 2005)",
       "Official Guide of the Railways, Feb 1952 (DM&IR schedules of 9 Sep 1951) - https://archive.org/details/the-official-guide-of-the-railways-images",
       "https://en.wikipedia.org/wiki/Timeline_of_Class_I_railroads_(1930%E2%80%931976)"
      ]
     }
    ]
   },
   "geometry": {
    "type": "LineString",
    "coordinates": [
     [
      -92.079372,
      46.79777
     ],
     [
      -92.078366,
      46.798135
     ],
     [
      -92.073992,
      46.800316
     ],
     [
      -92.071727,
      46.801307
     ],
     [
      -92.062657,
      46.806164
     ],
     [
      -92.061882,
      46.806745
     ],
     [
      -92.061302,
      46.807394
     ],
     [
      -92.059796,
      46.810401
     ],
     [
      -92.058592,
      46.81186
     ],
     [
      -92.045253,
      46.821903
     ],
     [
      -92.033018,
      46.826925
     ],
     [
      -92.017928,
      46.835085
     ],
     [
      -92.001753,
      46.839919
     ],
     [
      -92.000059,
      46.840642
     ],
     [
      -91.980749,
      46.853942
     ],
     [
      -91.902405,
      46.896703
     ],
     [
      -91.89976,
      46.898638
     ],
     [
      -91.893247,
      46.90467
     ],
     [
      -91.891423,
      46.905863
     ],
     [
      -91.875142,
      46.91384
     ],
     [
      -91.848924,
      46.925351
     ],
     [
      -91.836602,
      46.928612
     ],
     [
      -91.833267,
      46.929362
     ],
     [
      -91.831227,
      46.929513
     ],
     [
      -91.818438,
      46.929636
     ],
     [
      -91.816394,
      46.929852
     ],
     [
      -91.815124,
      46.930164
     ],
     [
      -91.813783,
      46.930687
     ],
     [
      -91.812062,
      46.931651
     ],
     [
      -91.801902,
      46.938649
     ],
     [
      -91.800832,
      46.939261
     ],
     [
      -91.798919,
      46.940035
     ],
     [
      -91.785914,
      46.944581
     ],
     [
      -91.784477,
      46.94561
     ],
     [
      -91.78102,
      46.949789
     ],
     [
      -91.780005,
      46.950777
     ],
     [
      -91.762917,
      46.962482
     ],
     [
      -91.761932,
      46.963653
     ],
     [
      -91.758265,
      46.970778
     ],
     [
      -91.757443,
      46.971714
     ],
     [
      -91.756379,
      46.972456
     ],
     [
      -91.74819,
      46.976895
     ],
     [
      -91.747337,
      46.97748
     ],
     [
      -91.735784,
      46.988099
     ],
     [
      -91.697156,
      47.018026
     ],
     [
      -91.695549,
      47.018934
     ],
     [
      -91.693583,
      47.019522
     ],
     [
      -91.681497,
      47.021242
     ]
    ]
   }
  },
  {
   "type": "Feature",
   "properties": {
    "company": "Duluth and Iron Range Rail Road",
    "line": "Duluth and Iron Range: Vermilion Line (Two Harbors – Tower)",
    "id": "dir-vermilion-two-harbors-tower",
    "color": "#2E4A7D",
    "mode": "intercity_rail",
    "avg_speed_kmh": 42,
    "speed_source": "derived from timetables, not a measured average for every era: D&IR Jan 1895 Duluth 3:15 PM - Ely 7:50 PM (116.5 mi, ~41 km/h) [VE95]; DM&N 1930 Duluth - Ely 4h20-4h30 (~43 km/h) [EM30]",
    "geometry_source": "OpenStreetMap via Overpass (mail.ru mirror, cached degree tiles) plus OpenHistoricalMap (CC0) for lifted grades, routed with opstrace.py: Dijkstra over all railway ways, ways named or tagged for the railroad family (CN Missabe / Iron Range / Two Harbors subdivisions, 'Duluth Missabe & Iron Range Ry', the North Shore Scenic Railroad, Hinsdale Spur, Alborn-Pengilly Railroad Trail, OHM ways named for the DM&N, D&IR or DM&IR) costed 1x, untagged track 1.25x, untagged OHM ways 1.6x, trails 3x and any other named operator (BNSF / ex-Great Northern, DW&P, Erie Mining, Reserve / Northshore Mining, etc.) 10x; waypoints from the research report's via lists, snapped by a dynamic program over candidate nodes, each leg confined to a corridor round its own chord, then Douglas-Peucker (8 m) and trim_reversals. Branches are joined to their parent line at the nearest point on it, so junctions coincide.",
    "geometry_quality": "Traced from OpenStreetMap, 69.7 mi against the documented 70.3 mi Two Harbors - Tower (FOWLER mileposts 27.2 to 97.5; Wikipedia D&IR '68 miles'); waypoint checks from Two Harbors: Wales 17.6 vs 16.8, Allen Junction 46.0 vs 45.3, Mesaba 50.3 vs 49.8. About 64 mi on CN Iron Range Subdivision / Duluth Missabe & Iron Range Ry / Hinsdale Spur ways; the Hinsdale - Tower end (lifted 1982) is abandoned grade, partly the Mesabi Trail and David Dill-Taconite State Trail. APPROXIMATED: the first 0.4 mi (47.0212,-91.6815 to 47.0185,-91.6730) is a straight line through the Two Harbors yard joining the end of the Lake Division trace, because the two traces snapped to different yard tracks; no other straight-line leg longer than 300 m. The Tower end is placed at 47.8001,-92.2606, about 0.8 mi from central Tower; the D&IR's Tower station site was not checked. Where the original alignment was lifted and a successor survives on the same corridor, the trace follows the surviving track, so short stretches may draw a LATER alignment than the era shown.",
    "segments": [
     {
      "start": 1884,
      "end": 1930,
      "headway_min": 1440,
      "note": "The D&IR's original line, Agate Bay (Two Harbors) to the Vermilion Range mines at Tower/Soudan. Passenger service began 11 Aug 1884 [AR] (first ore train 31 July 1884). Jan 1895: Two Harbors 4:15 PM, Allen Junction 6:00, Tower 7:00 [VE95]. Ends at the 10 Jan 1930 DM&N lease [WPT]. Headway is an estimate from the one or two daily trains the cited timetables show and is NOT sourced for every year.",
      "sources": [
       "Segment-level: start 11 Aug 1884 [AR]; 1895 timetable [VE95]; end at the 1930 lease [WPT]. Headway NOT sourced.",
       "https://www.american-rails.com/missabe.html (american-rails.com, Missabe Road history)",
       "Virginia Enterprise 19 Apr 1895 p4, DM&N timetable in effect 4 Feb 1895 and D&IR timetable in effect 23 Jan 1895 - https://www.loc.gov/collections/chronicling-america/ (sn90059180)",
       "https://en.wikipedia.org/wiki/Timeline_of_Class_I_railroads_(1930%E2%80%931976)",
       "https://www.branchline.uk/jfpdf/minnesotarrs.pdf (John Fowler, Minnesota passenger stations, DM&IR legend b=1921t DM&N, d=1951t)"
      ]
     }
    ]
   },
   "geometry": {
    "type": "LineString",
    "coordinates": [
     [
      -91.681497,
      47.021242
     ],
     [
      -91.672978,
      47.01855
     ],
     [
      -91.675967,
      47.020097
     ],
     [
      -91.676811,
      47.020811
     ],
     [
      -91.67698,
      47.021298
     ],
     [
      -91.676716,
      47.022331
     ],
     [
      -91.676774,
      47.023091
     ],
     [
      -91.67917,
      47.028666
     ],
     [
      -91.680721,
      47.052742
     ],
     [
      -91.681029,
      47.054164
     ],
     [
      -91.681996,
      47.055934
     ],
     [
      -91.683913,
      47.057715
     ],
     [
      -91.695136,
      47.06472
     ],
     [
      -91.696808,
      47.065409
     ],
     [
      -91.71405,
      47.071109
     ],
     [
      -91.715318,
      47.071768
     ],
     [
      -91.716065,
      47.072327
     ],
     [
      -91.716665,
      47.073054
     ],
     [
      -91.71704,
      47.074066
     ],
     [
      -91.717053,
      47.074818
     ],
     [
      -91.716706,
      47.076766
     ],
     [
      -91.715685,
      47.08157
     ],
     [
      -91.714637,
      47.082811
     ],
     [
      -91.709974,
      47.086246
     ],
     [
      -91.709444,
      47.086886
     ],
     [
      -91.709008,
      47.087864
     ],
     [
      -91.709414,
      47.1192
     ],
     [
      -91.709267,
      47.120156
     ],
     [
      -91.708379,
      47.121783
     ],
     [
      -91.701695,
      47.128485
     ],
     [
      -91.700996,
      47.12938
     ],
     [
      -91.700566,
      47.130364
     ],
     [
      -91.700428,
      47.131135
     ],
     [
      -91.700457,
      47.136246
     ],
     [
      -91.699922,
      47.137469
     ],
     [
      -91.698959,
      47.138451
     ],
     [
      -91.693311,
      47.142298
     ],
     [
      -91.692648,
      47.143029
     ],
     [
      -91.692107,
      47.144331
     ],
     [
      -91.692124,
      47.145248
     ],
     [
      -91.695273,
      47.16353
     ],
     [
      -91.698524,
      47.174693
     ],
     [
      -91.697412,
      47.1885
     ],
     [
      -91.697648,
      47.189952
     ],
     [
      -91.698414,
      47.191259
     ],
     [
      -91.707792,
      47.199373
     ],
     [
      -91.709038,
      47.20017
     ],
     [
      -91.725887,
      47.208914
     ],
     [
      -91.728089,
      47.209603
     ],
     [
      -91.733841,
      47.210527
     ],
     [
      -91.735382,
      47.211132
     ],
     [
      -91.736446,
      47.211909
     ],
     [
      -91.73727,
      47.213079
     ],
     [
      -91.737504,
      47.214123
     ],
     [
      -91.736715,
      47.219646
     ],
     [
      -91.736752,
      47.220888
     ],
     [
      -91.740718,
      47.233339
     ],
     [
      -91.741203,
      47.234316
     ],
     [
      -91.742074,
      47.235322
     ],
     [
      -91.743121,
      47.23609
     ],
     [
      -91.74429,
      47.236655
     ],
     [
      -91.746255,
      47.237241
     ],
     [
      -91.747987,
      47.237423
     ],
     [
      -91.756451,
      47.237567
     ],
     [
      -91.758126,
      47.237501
     ],
     [
      -91.776573,
      47.233382
     ],
     [
      -91.777422,
      47.233285
     ],
     [
      -91.779447,
      47.233478
     ],
     [
      -91.781159,
      47.234064
     ],
     [
      -91.798289,
      47.243243
     ],
     [
      -91.800823,
      47.243791
     ],
     [
      -91.843411,
      47.250811
     ],
     [
      -91.845746,
      47.25166
     ],
     [
      -91.855161,
      47.255958
     ],
     [
      -91.856786,
      47.256706
     ],
     [
      -91.857851,
      47.257442
     ],
     [
      -91.858636,
      47.25824
     ],
     [
      -91.859289,
      47.25928
     ],
     [
      -91.870497,
      47.284351
     ],
     [
      -91.891923,
      47.324505
     ],
     [
      -91.90343,
      47.345583
     ],
     [
      -91.9047,
      47.346811
     ],
     [
      -91.915236,
      47.352671
     ],
     [
      -91.917496,
      47.354721
     ],
     [
      -91.918355,
      47.355695
     ],
     [
      -91.950194,
      47.417975
     ],
     [
      -91.950774,
      47.418803
     ],
     [
      -91.960687,
      47.428762
     ],
     [
      -91.964657,
      47.435584
     ],
     [
      -91.970558,
      47.447978
     ],
     [
      -91.970772,
      47.448965
     ],
     [
      -91.970536,
      47.456046
     ],
     [
      -91.971116,
      47.457438
     ],
     [
      -91.974334,
      47.463401
     ],
     [
      -91.975665,
      47.464692
     ],
     [
      -91.976523,
      47.465156
     ],
     [
      -91.985922,
      47.468522
     ],
     [
      -91.986952,
      47.469203
     ],
     [
      -91.987874,
      47.470175
     ],
     [
      -91.988303,
      47.471698
     ],
     [
      -91.989136,
      47.479929
     ],
     [
      -91.989715,
      47.481307
     ],
     [
      -91.990273,
      47.482018
     ],
     [
      -91.990981,
      47.48267
     ],
     [
      -92.006967,
      47.49398
     ],
     [
      -92.00877,
      47.495024
     ],
     [
      -92.009929,
      47.49543
     ],
     [
      -92.012782,
      47.495821
     ],
     [
      -92.022868,
      47.495314
     ],
     [
      -92.02379,
      47.495372
     ],
     [
      -92.024906,
      47.495517
     ],
     [
      -92.039883,
      47.498866
     ],
     [
      -92.040806,
      47.498924
     ],
     [
      -92.046814,
      47.498634
     ],
     [
      -92.048896,
      47.498895
     ],
     [
      -92.093,
      47.513154
     ],
     [
      -92.096882,
      47.514969
     ],
     [
      -92.105066,
      47.520312
     ],
     [
      -92.10705,
      47.522468
     ],
     [
      -92.107814,
      47.523982
     ],
     [
      -92.108701,
      47.529551
     ],
     [
      -92.108627,
      47.530299
     ],
     [
      -92.108344,
      47.530973
     ],
     [
      -92.105744,
      47.53579
     ],
     [
      -92.105522,
      47.536947
     ],
     [
      -92.105645,
      47.537879
     ],
     [
      -92.106113,
      47.539027
     ],
     [
      -92.110045,
      47.544609
     ],
     [
      -92.132302,
      47.569211
     ],
     [
      -92.15191,
      47.586354
     ],
     [
      -92.15292,
      47.587701
     ],
     [
      -92.153081,
      47.588582
     ],
     [
      -92.152785,
      47.589613
     ],
     [
      -92.150604,
      47.592056
     ],
     [
      -92.14878,
      47.594998
     ],
     [
      -92.147732,
      47.596935
     ],
     [
      -92.147633,
      47.598132
     ],
     [
      -92.149026,
      47.602553
     ],
     [
      -92.154929,
      47.610621
     ],
     [
      -92.15578,
      47.614368
     ],
     [
      -92.15626,
      47.615531
     ],
     [
      -92.157271,
      47.61652
     ],
     [
      -92.157949,
      47.616902
     ],
     [
      -92.161769,
      47.618314
     ],
     [
      -92.163186,
      47.619028
     ],
     [
      -92.175942,
      47.626812
     ],
     [
      -92.177791,
      47.62824
     ],
     [
      -92.184002,
      47.633697
     ],
     [
      -92.190226,
      47.639676
     ],
     [
      -92.192259,
      47.641827
     ],
     [
      -92.194441,
      47.645862
     ],
     [
      -92.195858,
      47.653201
     ],
     [
      -92.196326,
      47.654181
     ],
     [
      -92.216289,
      47.675533
     ],
     [
      -92.244634,
      47.698632
     ],
     [
      -92.256944,
      47.711906
     ],
     [
      -92.258603,
      47.713471
     ],
     [
      -92.26044,
      47.714433
     ],
     [
      -92.261709,
      47.714948
     ],
     [
      -92.271823,
      47.71869
     ],
     [
      -92.273856,
      47.719652
     ],
     [
      -92.274458,
      47.720166
     ],
     [
      -92.283353,
      47.73023
     ],
     [
      -92.284313,
      47.73162
     ],
     [
      -92.284573,
      47.73244
     ],
     [
      -92.28441,
      47.733621
     ],
     [
      -92.278409,
      47.751053
     ],
     [
      -92.278328,
      47.75184
     ],
     [
      -92.278849,
      47.755951
     ],
     [
      -92.278605,
      47.757055
     ],
     [
      -92.277743,
      47.758224
     ],
     [
      -92.27288,
      47.762903
     ],
     [
      -92.27262,
      47.764062
     ],
     [
      -92.272832,
      47.765395
     ],
     [
      -92.271368,
      47.76921
     ],
     [
      -92.271466,
      47.771134
     ],
     [
      -92.273401,
      47.782925
     ],
     [
      -92.274604,
      47.785286
     ],
     [
      -92.274539,
      47.786302
     ],
     [
      -92.274247,
      47.787012
     ],
     [
      -92.273303,
      47.788531
     ],
     [
      -92.271238,
      47.790268
     ],
     [
      -92.269427,
      47.793142
     ],
     [
      -92.260612,
      47.800139
     ]
    ]
   }
  },
  {
   "type": "Feature",
   "properties": {
    "company": "Duluth, Missabe and Northern Railway",
    "line": "Duluth, Missabe and Northern: Vermilion Line (Two Harbors – Tower)",
    "id": "dmn-vermilion-two-harbors-tower",
    "color": "#9C6B1F",
    "mode": "intercity_rail",
    "avg_speed_kmh": 42,
    "speed_source": "derived from timetables, not a measured average for every era: D&IR Jan 1895 Duluth 3:15 PM - Ely 7:50 PM (116.5 mi, ~41 km/h) [VE95]; DM&N 1930 Duluth - Ely 4h20-4h30 (~43 km/h) [EM30]",
    "geometry_source": "OpenStreetMap via Overpass (mail.ru mirror, cached degree tiles) plus OpenHistoricalMap (CC0) for lifted grades, routed with opstrace.py: Dijkstra over all railway ways, ways named or tagged for the railroad family (CN Missabe / Iron Range / Two Harbors subdivisions, 'Duluth Missabe & Iron Range Ry', the North Shore Scenic Railroad, Hinsdale Spur, Alborn-Pengilly Railroad Trail, OHM ways named for the DM&N, D&IR or DM&IR) costed 1x, untagged track 1.25x, untagged OHM ways 1.6x, trails 3x and any other named operator (BNSF / ex-Great Northern, DW&P, Erie Mining, Reserve / Northshore Mining, etc.) 10x; waypoints from the research report's via lists, snapped by a dynamic program over candidate nodes, each leg confined to a corridor round its own chord, then Douglas-Peucker (8 m) and trim_reversals. Branches are joined to their parent line at the nearest point on it, so junctions coincide.",
    "geometry_quality": "Traced from OpenStreetMap, 69.7 mi against the documented 70.3 mi Two Harbors - Tower (FOWLER mileposts 27.2 to 97.5; Wikipedia D&IR '68 miles'); waypoint checks from Two Harbors: Wales 17.6 vs 16.8, Allen Junction 46.0 vs 45.3, Mesaba 50.3 vs 49.8. About 64 mi on CN Iron Range Subdivision / Duluth Missabe & Iron Range Ry / Hinsdale Spur ways; the Hinsdale - Tower end (lifted 1982) is abandoned grade, partly the Mesabi Trail and David Dill-Taconite State Trail. APPROXIMATED: the first 0.4 mi (47.0212,-91.6815 to 47.0185,-91.6730) is a straight line through the Two Harbors yard joining the end of the Lake Division trace, because the two traces snapped to different yard tracks; no other straight-line leg longer than 300 m. The Tower end is placed at 47.8001,-92.2606, about 0.8 mi from central Tower; the D&IR's Tower station site was not checked. Where the original alignment was lifted and a successor survives on the same corridor, the trace follows the surviving track, so short stretches may draw a LATER alignment than the era shown.",
    "segments": [
     {
      "start": 1930,
      "end": 1937,
      "headway_min": 720,
      "note": "Run by the DM&N as lessee of the D&IR: 1930 two trains each way daily (Nos. 5-8) Duluth - Ely [EM30]; 1932 one each way (5/6) [EM32]. Headway is an estimate from the one or two daily trains the cited timetables show and is NOT sourced for every year.",
      "sources": [
       "Segment-level: [EM30], [EM32]; dates [WPT, AR]. Headway NOT sourced.",
       "Ely Miner (Ely MN) 6 Jun - 7 Nov 1930, 'Duluth Missabe and Northern Railway Company Daily Passenger Service' Ely - Duluth - https://www.loc.gov/collections/chronicling-america/",
       "Ely Miner 5 Aug 1932 p5, DM&N daily passenger service Nos. 5/6 Duluth - Ely - https://www.loc.gov/collections/chronicling-america/",
       "https://en.wikipedia.org/wiki/Timeline_of_Class_I_railroads_(1930%E2%80%931976)",
       "https://www.american-rails.com/missabe.html (american-rails.com, Missabe Road history)"
      ]
     }
    ]
   },
   "geometry": {
    "type": "LineString",
    "coordinates": [
     [
      -91.681497,
      47.021242
     ],
     [
      -91.672978,
      47.01855
     ],
     [
      -91.675967,
      47.020097
     ],
     [
      -91.676811,
      47.020811
     ],
     [
      -91.67698,
      47.021298
     ],
     [
      -91.676716,
      47.022331
     ],
     [
      -91.676774,
      47.023091
     ],
     [
      -91.67917,
      47.028666
     ],
     [
      -91.680721,
      47.052742
     ],
     [
      -91.681029,
      47.054164
     ],
     [
      -91.681996,
      47.055934
     ],
     [
      -91.683913,
      47.057715
     ],
     [
      -91.695136,
      47.06472
     ],
     [
      -91.696808,
      47.065409
     ],
     [
      -91.71405,
      47.071109
     ],
     [
      -91.715318,
      47.071768
     ],
     [
      -91.716065,
      47.072327
     ],
     [
      -91.716665,
      47.073054
     ],
     [
      -91.71704,
      47.074066
     ],
     [
      -91.717053,
      47.074818
     ],
     [
      -91.716706,
      47.076766
     ],
     [
      -91.715685,
      47.08157
     ],
     [
      -91.714637,
      47.082811
     ],
     [
      -91.709974,
      47.086246
     ],
     [
      -91.709444,
      47.086886
     ],
     [
      -91.709008,
      47.087864
     ],
     [
      -91.709414,
      47.1192
     ],
     [
      -91.709267,
      47.120156
     ],
     [
      -91.708379,
      47.121783
     ],
     [
      -91.701695,
      47.128485
     ],
     [
      -91.700996,
      47.12938
     ],
     [
      -91.700566,
      47.130364
     ],
     [
      -91.700428,
      47.131135
     ],
     [
      -91.700457,
      47.136246
     ],
     [
      -91.699922,
      47.137469
     ],
     [
      -91.698959,
      47.138451
     ],
     [
      -91.693311,
      47.142298
     ],
     [
      -91.692648,
      47.143029
     ],
     [
      -91.692107,
      47.144331
     ],
     [
      -91.692124,
      47.145248
     ],
     [
      -91.695273,
      47.16353
     ],
     [
      -91.698524,
      47.174693
     ],
     [
      -91.697412,
      47.1885
     ],
     [
      -91.697648,
      47.189952
     ],
     [
      -91.698414,
      47.191259
     ],
     [
      -91.707792,
      47.199373
     ],
     [
      -91.709038,
      47.20017
     ],
     [
      -91.725887,
      47.208914
     ],
     [
      -91.728089,
      47.209603
     ],
     [
      -91.733841,
      47.210527
     ],
     [
      -91.735382,
      47.211132
     ],
     [
      -91.736446,
      47.211909
     ],
     [
      -91.73727,
      47.213079
     ],
     [
      -91.737504,
      47.214123
     ],
     [
      -91.736715,
      47.219646
     ],
     [
      -91.736752,
      47.220888
     ],
     [
      -91.740718,
      47.233339
     ],
     [
      -91.741203,
      47.234316
     ],
     [
      -91.742074,
      47.235322
     ],
     [
      -91.743121,
      47.23609
     ],
     [
      -91.74429,
      47.236655
     ],
     [
      -91.746255,
      47.237241
     ],
     [
      -91.747987,
      47.237423
     ],
     [
      -91.756451,
      47.237567
     ],
     [
      -91.758126,
      47.237501
     ],
     [
      -91.776573,
      47.233382
     ],
     [
      -91.777422,
      47.233285
     ],
     [
      -91.779447,
      47.233478
     ],
     [
      -91.781159,
      47.234064
     ],
     [
      -91.798289,
      47.243243
     ],
     [
      -91.800823,
      47.243791
     ],
     [
      -91.843411,
      47.250811
     ],
     [
      -91.845746,
      47.25166
     ],
     [
      -91.855161,
      47.255958
     ],
     [
      -91.856786,
      47.256706
     ],
     [
      -91.857851,
      47.257442
     ],
     [
      -91.858636,
      47.25824
     ],
     [
      -91.859289,
      47.25928
     ],
     [
      -91.870497,
      47.284351
     ],
     [
      -91.891923,
      47.324505
     ],
     [
      -91.90343,
      47.345583
     ],
     [
      -91.9047,
      47.346811
     ],
     [
      -91.915236,
      47.352671
     ],
     [
      -91.917496,
      47.354721
     ],
     [
      -91.918355,
      47.355695
     ],
     [
      -91.950194,
      47.417975
     ],
     [
      -91.950774,
      47.418803
     ],
     [
      -91.960687,
      47.428762
     ],
     [
      -91.964657,
      47.435584
     ],
     [
      -91.970558,
      47.447978
     ],
     [
      -91.970772,
      47.448965
     ],
     [
      -91.970536,
      47.456046
     ],
     [
      -91.971116,
      47.457438
     ],
     [
      -91.974334,
      47.463401
     ],
     [
      -91.975665,
      47.464692
     ],
     [
      -91.976523,
      47.465156
     ],
     [
      -91.985922,
      47.468522
     ],
     [
      -91.986952,
      47.469203
     ],
     [
      -91.987874,
      47.470175
     ],
     [
      -91.988303,
      47.471698
     ],
     [
      -91.989136,
      47.479929
     ],
     [
      -91.989715,
      47.481307
     ],
     [
      -91.990273,
      47.482018
     ],
     [
      -91.990981,
      47.48267
     ],
     [
      -92.006967,
      47.49398
     ],
     [
      -92.00877,
      47.495024
     ],
     [
      -92.009929,
      47.49543
     ],
     [
      -92.012782,
      47.495821
     ],
     [
      -92.022868,
      47.495314
     ],
     [
      -92.02379,
      47.495372
     ],
     [
      -92.024906,
      47.495517
     ],
     [
      -92.039883,
      47.498866
     ],
     [
      -92.040806,
      47.498924
     ],
     [
      -92.046814,
      47.498634
     ],
     [
      -92.048896,
      47.498895
     ],
     [
      -92.093,
      47.513154
     ],
     [
      -92.096882,
      47.514969
     ],
     [
      -92.105066,
      47.520312
     ],
     [
      -92.10705,
      47.522468
     ],
     [
      -92.107814,
      47.523982
     ],
     [
      -92.108701,
      47.529551
     ],
     [
      -92.108627,
      47.530299
     ],
     [
      -92.108344,
      47.530973
     ],
     [
      -92.105744,
      47.53579
     ],
     [
      -92.105522,
      47.536947
     ],
     [
      -92.105645,
      47.537879
     ],
     [
      -92.106113,
      47.539027
     ],
     [
      -92.110045,
      47.544609
     ],
     [
      -92.132302,
      47.569211
     ],
     [
      -92.15191,
      47.586354
     ],
     [
      -92.15292,
      47.587701
     ],
     [
      -92.153081,
      47.588582
     ],
     [
      -92.152785,
      47.589613
     ],
     [
      -92.150604,
      47.592056
     ],
     [
      -92.14878,
      47.594998
     ],
     [
      -92.147732,
      47.596935
     ],
     [
      -92.147633,
      47.598132
     ],
     [
      -92.149026,
      47.602553
     ],
     [
      -92.154929,
      47.610621
     ],
     [
      -92.15578,
      47.614368
     ],
     [
      -92.15626,
      47.615531
     ],
     [
      -92.157271,
      47.61652
     ],
     [
      -92.157949,
      47.616902
     ],
     [
      -92.161769,
      47.618314
     ],
     [
      -92.163186,
      47.619028
     ],
     [
      -92.175942,
      47.626812
     ],
     [
      -92.177791,
      47.62824
     ],
     [
      -92.184002,
      47.633697
     ],
     [
      -92.190226,
      47.639676
     ],
     [
      -92.192259,
      47.641827
     ],
     [
      -92.194441,
      47.645862
     ],
     [
      -92.195858,
      47.653201
     ],
     [
      -92.196326,
      47.654181
     ],
     [
      -92.216289,
      47.675533
     ],
     [
      -92.244634,
      47.698632
     ],
     [
      -92.256944,
      47.711906
     ],
     [
      -92.258603,
      47.713471
     ],
     [
      -92.26044,
      47.714433
     ],
     [
      -92.261709,
      47.714948
     ],
     [
      -92.271823,
      47.71869
     ],
     [
      -92.273856,
      47.719652
     ],
     [
      -92.274458,
      47.720166
     ],
     [
      -92.283353,
      47.73023
     ],
     [
      -92.284313,
      47.73162
     ],
     [
      -92.284573,
      47.73244
     ],
     [
      -92.28441,
      47.733621
     ],
     [
      -92.278409,
      47.751053
     ],
     [
      -92.278328,
      47.75184
     ],
     [
      -92.278849,
      47.755951
     ],
     [
      -92.278605,
      47.757055
     ],
     [
      -92.277743,
      47.758224
     ],
     [
      -92.27288,
      47.762903
     ],
     [
      -92.27262,
      47.764062
     ],
     [
      -92.272832,
      47.765395
     ],
     [
      -92.271368,
      47.76921
     ],
     [
      -92.271466,
      47.771134
     ],
     [
      -92.273401,
      47.782925
     ],
     [
      -92.274604,
      47.785286
     ],
     [
      -92.274539,
      47.786302
     ],
     [
      -92.274247,
      47.787012
     ],
     [
      -92.273303,
      47.788531
     ],
     [
      -92.271238,
      47.790268
     ],
     [
      -92.269427,
      47.793142
     ],
     [
      -92.260612,
      47.800139
     ]
    ]
   }
  },
  {
   "type": "Feature",
   "properties": {
    "company": "Duluth, Missabe and Iron Range Railway",
    "line": "Duluth, Missabe and Iron Range: Vermilion Line (Two Harbors – Tower)",
    "id": "dmir-vermilion-two-harbors-tower",
    "color": "#7A2E12",
    "mode": "intercity_rail",
    "avg_speed_kmh": 42,
    "speed_source": "derived from timetables, not a measured average for every era: D&IR Jan 1895 Duluth 3:15 PM - Ely 7:50 PM (116.5 mi, ~41 km/h) [VE95]; DM&N 1930 Duluth - Ely 4h20-4h30 (~43 km/h) [EM30]",
    "geometry_source": "OpenStreetMap via Overpass (mail.ru mirror, cached degree tiles) plus OpenHistoricalMap (CC0) for lifted grades, routed with opstrace.py: Dijkstra over all railway ways, ways named or tagged for the railroad family (CN Missabe / Iron Range / Two Harbors subdivisions, 'Duluth Missabe & Iron Range Ry', the North Shore Scenic Railroad, Hinsdale Spur, Alborn-Pengilly Railroad Trail, OHM ways named for the DM&N, D&IR or DM&IR) costed 1x, untagged track 1.25x, untagged OHM ways 1.6x, trails 3x and any other named operator (BNSF / ex-Great Northern, DW&P, Erie Mining, Reserve / Northshore Mining, etc.) 10x; waypoints from the research report's via lists, snapped by a dynamic program over candidate nodes, each leg confined to a corridor round its own chord, then Douglas-Peucker (8 m) and trim_reversals. Branches are joined to their parent line at the nearest point on it, so junctions coincide.",
    "geometry_quality": "Traced from OpenStreetMap, 69.7 mi against the documented 70.3 mi Two Harbors - Tower (FOWLER mileposts 27.2 to 97.5; Wikipedia D&IR '68 miles'); waypoint checks from Two Harbors: Wales 17.6 vs 16.8, Allen Junction 46.0 vs 45.3, Mesaba 50.3 vs 49.8. About 64 mi on CN Iron Range Subdivision / Duluth Missabe & Iron Range Ry / Hinsdale Spur ways; the Hinsdale - Tower end (lifted 1982) is abandoned grade, partly the Mesabi Trail and David Dill-Taconite State Trail. APPROXIMATED: the first 0.4 mi (47.0212,-91.6815 to 47.0185,-91.6730) is a straight line through the Two Harbors yard joining the end of the Lake Division trace, because the two traces snapped to different yard tracks; no other straight-line leg longer than 300 m. The Tower end is placed at 47.8001,-92.2606, about 0.8 mi from central Tower; the D&IR's Tower station site was not checked. Where the original alignment was lifted and a successor survives on the same corridor, the trace follows the surviving track, so short stretches may draw a LATER alignment than the era shown.",
    "segments": [
     {
      "start": 1937,
      "end": 1961,
      "headway_min": 1440,
      "note": "DM&IR Iron Range Division Nos. 5/6 Duluth - Ely. 'Hoyt Lakes-Allen Junction 1959G' [JF] confirms the line in the 1959 Guide. A single Budd RDC from 1953 [LIN]. Last train 15 July 1961 [AR, END] (20 July per [LIN]). Headway is an estimate from the one or two daily trains the cited timetables show and is NOT sourced for every year.",
      "sources": [
       "Segment-level: 1937 DM&IR formation [AR, WPT]; 1959 Guide [JF]; end 15 July 1961 [AR, END]. Headway NOT sourced.",
       "https://www.american-rails.com/missabe.html (american-rails.com, Missabe Road history)",
       "https://en.wikipedia.org/wiki/Endion_station",
       "https://www.duluthtownship.gov/pdf/newsletter/history/lindahl/march2005_clifton_depot.pdf (Todd Lindahl, 'The Clifton Depot', 2005)",
       "https://www.branchline.uk/jfpdf/minnesotarrs.pdf (John Fowler, Minnesota passenger stations, DM&IR legend b=1921t DM&N, d=1951t)",
       "https://en.wikipedia.org/wiki/Timeline_of_Class_I_railroads_(1930%E2%80%931976)"
      ]
     }
    ]
   },
   "geometry": {
    "type": "LineString",
    "coordinates": [
     [
      -91.681497,
      47.021242
     ],
     [
      -91.672978,
      47.01855
     ],
     [
      -91.675967,
      47.020097
     ],
     [
      -91.676811,
      47.020811
     ],
     [
      -91.67698,
      47.021298
     ],
     [
      -91.676716,
      47.022331
     ],
     [
      -91.676774,
      47.023091
     ],
     [
      -91.67917,
      47.028666
     ],
     [
      -91.680721,
      47.052742
     ],
     [
      -91.681029,
      47.054164
     ],
     [
      -91.681996,
      47.055934
     ],
     [
      -91.683913,
      47.057715
     ],
     [
      -91.695136,
      47.06472
     ],
     [
      -91.696808,
      47.065409
     ],
     [
      -91.71405,
      47.071109
     ],
     [
      -91.715318,
      47.071768
     ],
     [
      -91.716065,
      47.072327
     ],
     [
      -91.716665,
      47.073054
     ],
     [
      -91.71704,
      47.074066
     ],
     [
      -91.717053,
      47.074818
     ],
     [
      -91.716706,
      47.076766
     ],
     [
      -91.715685,
      47.08157
     ],
     [
      -91.714637,
      47.082811
     ],
     [
      -91.709974,
      47.086246
     ],
     [
      -91.709444,
      47.086886
     ],
     [
      -91.709008,
      47.087864
     ],
     [
      -91.709414,
      47.1192
     ],
     [
      -91.709267,
      47.120156
     ],
     [
      -91.708379,
      47.121783
     ],
     [
      -91.701695,
      47.128485
     ],
     [
      -91.700996,
      47.12938
     ],
     [
      -91.700566,
      47.130364
     ],
     [
      -91.700428,
      47.131135
     ],
     [
      -91.700457,
      47.136246
     ],
     [
      -91.699922,
      47.137469
     ],
     [
      -91.698959,
      47.138451
     ],
     [
      -91.693311,
      47.142298
     ],
     [
      -91.692648,
      47.143029
     ],
     [
      -91.692107,
      47.144331
     ],
     [
      -91.692124,
      47.145248
     ],
     [
      -91.695273,
      47.16353
     ],
     [
      -91.698524,
      47.174693
     ],
     [
      -91.697412,
      47.1885
     ],
     [
      -91.697648,
      47.189952
     ],
     [
      -91.698414,
      47.191259
     ],
     [
      -91.707792,
      47.199373
     ],
     [
      -91.709038,
      47.20017
     ],
     [
      -91.725887,
      47.208914
     ],
     [
      -91.728089,
      47.209603
     ],
     [
      -91.733841,
      47.210527
     ],
     [
      -91.735382,
      47.211132
     ],
     [
      -91.736446,
      47.211909
     ],
     [
      -91.73727,
      47.213079
     ],
     [
      -91.737504,
      47.214123
     ],
     [
      -91.736715,
      47.219646
     ],
     [
      -91.736752,
      47.220888
     ],
     [
      -91.740718,
      47.233339
     ],
     [
      -91.741203,
      47.234316
     ],
     [
      -91.742074,
      47.235322
     ],
     [
      -91.743121,
      47.23609
     ],
     [
      -91.74429,
      47.236655
     ],
     [
      -91.746255,
      47.237241
     ],
     [
      -91.747987,
      47.237423
     ],
     [
      -91.756451,
      47.237567
     ],
     [
      -91.758126,
      47.237501
     ],
     [
      -91.776573,
      47.233382
     ],
     [
      -91.777422,
      47.233285
     ],
     [
      -91.779447,
      47.233478
     ],
     [
      -91.781159,
      47.234064
     ],
     [
      -91.798289,
      47.243243
     ],
     [
      -91.800823,
      47.243791
     ],
     [
      -91.843411,
      47.250811
     ],
     [
      -91.845746,
      47.25166
     ],
     [
      -91.855161,
      47.255958
     ],
     [
      -91.856786,
      47.256706
     ],
     [
      -91.857851,
      47.257442
     ],
     [
      -91.858636,
      47.25824
     ],
     [
      -91.859289,
      47.25928
     ],
     [
      -91.870497,
      47.284351
     ],
     [
      -91.891923,
      47.324505
     ],
     [
      -91.90343,
      47.345583
     ],
     [
      -91.9047,
      47.346811
     ],
     [
      -91.915236,
      47.352671
     ],
     [
      -91.917496,
      47.354721
     ],
     [
      -91.918355,
      47.355695
     ],
     [
      -91.950194,
      47.417975
     ],
     [
      -91.950774,
      47.418803
     ],
     [
      -91.960687,
      47.428762
     ],
     [
      -91.964657,
      47.435584
     ],
     [
      -91.970558,
      47.447978
     ],
     [
      -91.970772,
      47.448965
     ],
     [
      -91.970536,
      47.456046
     ],
     [
      -91.971116,
      47.457438
     ],
     [
      -91.974334,
      47.463401
     ],
     [
      -91.975665,
      47.464692
     ],
     [
      -91.976523,
      47.465156
     ],
     [
      -91.985922,
      47.468522
     ],
     [
      -91.986952,
      47.469203
     ],
     [
      -91.987874,
      47.470175
     ],
     [
      -91.988303,
      47.471698
     ],
     [
      -91.989136,
      47.479929
     ],
     [
      -91.989715,
      47.481307
     ],
     [
      -91.990273,
      47.482018
     ],
     [
      -91.990981,
      47.48267
     ],
     [
      -92.006967,
      47.49398
     ],
     [
      -92.00877,
      47.495024
     ],
     [
      -92.009929,
      47.49543
     ],
     [
      -92.012782,
      47.495821
     ],
     [
      -92.022868,
      47.495314
     ],
     [
      -92.02379,
      47.495372
     ],
     [
      -92.024906,
      47.495517
     ],
     [
      -92.039883,
      47.498866
     ],
     [
      -92.040806,
      47.498924
     ],
     [
      -92.046814,
      47.498634
     ],
     [
      -92.048896,
      47.498895
     ],
     [
      -92.093,
      47.513154
     ],
     [
      -92.096882,
      47.514969
     ],
     [
      -92.105066,
      47.520312
     ],
     [
      -92.10705,
      47.522468
     ],
     [
      -92.107814,
      47.523982
     ],
     [
      -92.108701,
      47.529551
     ],
     [
      -92.108627,
      47.530299
     ],
     [
      -92.108344,
      47.530973
     ],
     [
      -92.105744,
      47.53579
     ],
     [
      -92.105522,
      47.536947
     ],
     [
      -92.105645,
      47.537879
     ],
     [
      -92.106113,
      47.539027
     ],
     [
      -92.110045,
      47.544609
     ],
     [
      -92.132302,
      47.569211
     ],
     [
      -92.15191,
      47.586354
     ],
     [
      -92.15292,
      47.587701
     ],
     [
      -92.153081,
      47.588582
     ],
     [
      -92.152785,
      47.589613
     ],
     [
      -92.150604,
      47.592056
     ],
     [
      -92.14878,
      47.594998
     ],
     [
      -92.147732,
      47.596935
     ],
     [
      -92.147633,
      47.598132
     ],
     [
      -92.149026,
      47.602553
     ],
     [
      -92.154929,
      47.610621
     ],
     [
      -92.15578,
      47.614368
     ],
     [
      -92.15626,
      47.615531
     ],
     [
      -92.157271,
      47.61652
     ],
     [
      -92.157949,
      47.616902
     ],
     [
      -92.161769,
      47.618314
     ],
     [
      -92.163186,
      47.619028
     ],
     [
      -92.175942,
      47.626812
     ],
     [
      -92.177791,
      47.62824
     ],
     [
      -92.184002,
      47.633697
     ],
     [
      -92.190226,
      47.639676
     ],
     [
      -92.192259,
      47.641827
     ],
     [
      -92.194441,
      47.645862
     ],
     [
      -92.195858,
      47.653201
     ],
     [
      -92.196326,
      47.654181
     ],
     [
      -92.216289,
      47.675533
     ],
     [
      -92.244634,
      47.698632
     ],
     [
      -92.256944,
      47.711906
     ],
     [
      -92.258603,
      47.713471
     ],
     [
      -92.26044,
      47.714433
     ],
     [
      -92.261709,
      47.714948
     ],
     [
      -92.271823,
      47.71869
     ],
     [
      -92.273856,
      47.719652
     ],
     [
      -92.274458,
      47.720166
     ],
     [
      -92.283353,
      47.73023
     ],
     [
      -92.284313,
      47.73162
     ],
     [
      -92.284573,
      47.73244
     ],
     [
      -92.28441,
      47.733621
     ],
     [
      -92.278409,
      47.751053
     ],
     [
      -92.278328,
      47.75184
     ],
     [
      -92.278849,
      47.755951
     ],
     [
      -92.278605,
      47.757055
     ],
     [
      -92.277743,
      47.758224
     ],
     [
      -92.27288,
      47.762903
     ],
     [
      -92.27262,
      47.764062
     ],
     [
      -92.272832,
      47.765395
     ],
     [
      -92.271368,
      47.76921
     ],
     [
      -92.271466,
      47.771134
     ],
     [
      -92.273401,
      47.782925
     ],
     [
      -92.274604,
      47.785286
     ],
     [
      -92.274539,
      47.786302
     ],
     [
      -92.274247,
      47.787012
     ],
     [
      -92.273303,
      47.788531
     ],
     [
      -92.271238,
      47.790268
     ],
     [
      -92.269427,
      47.793142
     ],
     [
      -92.260612,
      47.800139
     ]
    ]
   }
  },
  {
   "type": "Feature",
   "properties": {
    "company": "Duluth and Iron Range Rail Road",
    "line": "Duluth and Iron Range: Vermilion Line (Tower – Ely)",
    "id": "dir-vermilion-tower-ely",
    "color": "#2E4A7D",
    "mode": "intercity_rail",
    "avg_speed_kmh": 42,
    "speed_source": "derived from timetables, not a measured average for every era: D&IR Jan 1895 Duluth 3:15 PM - Ely 7:50 PM (116.5 mi, ~41 km/h) [VE95]; DM&N 1930 Duluth - Ely 4h20-4h30 (~43 km/h) [EM30]",
    "geometry_source": "OpenStreetMap via Overpass (mail.ru mirror, cached degree tiles) plus OpenHistoricalMap (CC0) for lifted grades, routed with opstrace.py: Dijkstra over all railway ways, ways named or tagged for the railroad family (CN Missabe / Iron Range / Two Harbors subdivisions, 'Duluth Missabe & Iron Range Ry', the North Shore Scenic Railroad, Hinsdale Spur, Alborn-Pengilly Railroad Trail, OHM ways named for the DM&N, D&IR or DM&IR) costed 1x, untagged track 1.25x, untagged OHM ways 1.6x, trails 3x and any other named operator (BNSF / ex-Great Northern, DW&P, Erie Mining, Reserve / Northshore Mining, etc.) 10x; waypoints from the research report's via lists, snapped by a dynamic program over candidate nodes, each leg confined to a corridor round its own chord, then Douglas-Peucker (8 m) and trim_reversals. Branches are joined to their parent line at the nearest point on it, so junctions coincide.",
    "geometry_quality": "Traced from OpenStreetMap plus OpenHistoricalMap, 20.8 mi against the documented 19 mi Tower - Ely (FOWLER Tower 97.5, Ely 116.5; missabe.com '21-mile line'). Lifted 1982; drawn on abandoned grade tagged Duluth Missabe & Iron Range Ry and short OHM pieces, ending at 47.9053,-91.8655 in Ely. No straight-line leg longer than 300 m.",
    "segments": [
     {
      "start": 1889,
      "end": 1930,
      "headway_min": 1440,
      "note": "Tower - Ely extension. Built 1888 or 1889 - 'reaching Ely in 1888' (abandonedrails.com) vs 'built in 1889' [MC]; drawn from 1889, the later of the two. Confirmed by Jan 1895: Allen Junction 6:00, Tower 7:00, Ely 7:50 PM [VE95]. Ends at the 10 Jan 1930 DM&N lease [WPT]. Headway is an estimate from the one or two daily trains the cited timetables show and is NOT sourced for every year.",
      "sources": [
       "Segment-level: start 1889 [MC] (bracket 1888-1889); 1895 [VE95]; end at the 1930 lease [WPT]. Headway NOT sourced.",
       "https://www.missabe.com/history (Missabe Railroad Historical Society)",
       "Virginia Enterprise 19 Apr 1895 p4, DM&N timetable in effect 4 Feb 1895 and D&IR timetable in effect 23 Jan 1895 - https://www.loc.gov/collections/chronicling-america/ (sn90059180)",
       "https://en.wikipedia.org/wiki/Timeline_of_Class_I_railroads_(1930%E2%80%931976)",
       "https://www.abandonedrails.com/hinsdale-to-winton"
      ]
     }
    ]
   },
   "geometry": {
    "type": "LineString",
    "coordinates": [
     [
      -92.260612,
      47.800139
     ],
     [
      -92.253673,
      47.807266
     ],
     [
      -92.252311,
      47.80802
     ],
     [
      -92.251226,
      47.808384
     ],
     [
      -92.249932,
      47.808616
     ],
     [
      -92.237448,
      47.809129
     ],
     [
      -92.210495,
      47.808235
     ],
     [
      -92.209275,
      47.808309
     ],
     [
      -92.207451,
      47.808673
     ],
     [
      -92.191035,
      47.814525
     ],
     [
      -92.18889,
      47.815063
     ],
     [
      -92.163405,
      47.818453
     ],
     [
      -92.144501,
      47.819187
     ],
     [
      -92.137934,
      47.820758
     ],
     [
      -92.115683,
      47.826492
     ],
     [
      -92.114696,
      47.826895
     ],
     [
      -92.113794,
      47.827515
     ],
     [
      -92.113322,
      47.828048
     ],
     [
      -92.111563,
      47.831462
     ],
     [
      -92.110962,
      47.831923
     ],
     [
      -92.109653,
      47.832427
     ],
     [
      -92.106606,
      47.833075
     ],
     [
      -92.105362,
      47.833551
     ],
     [
      -92.104546,
      47.834141
     ],
     [
      -92.102851,
      47.836964
     ],
     [
      -92.10225,
      47.837569
     ],
     [
      -92.101349,
      47.838102
     ],
     [
      -92.099997,
      47.838635
     ],
     [
      -92.092058,
      47.841184
     ],
     [
      -92.079591,
      47.844828
     ],
     [
      -92.078325,
      47.844957
     ],
     [
      -92.075643,
      47.844871
     ],
     [
      -92.07354,
      47.845087
     ],
     [
      -92.068991,
      47.846685
     ],
     [
      -92.063197,
      47.849781
     ],
     [
      -92.060901,
      47.850343
     ],
     [
      -92.055794,
      47.851121
     ],
     [
      -92.050838,
      47.852532
     ],
     [
      -92.048434,
      47.853885
     ],
     [
      -92.043199,
      47.857456
     ],
     [
      -92.041032,
      47.858694
     ],
     [
      -92.037834,
      47.86035
     ],
     [
      -92.026977,
      47.865245
     ],
     [
      -92.025711,
      47.865892
     ],
     [
      -92.02335,
      47.867418
     ],
     [
      -92.022213,
      47.867821
     ],
     [
      -92.011398,
      47.870024
     ],
     [
      -92.009725,
      47.870513
     ],
     [
      -92.008566,
      47.871564
     ],
     [
      -92.00833,
      47.872039
     ],
     [
      -92.008201,
      47.872715
     ],
     [
      -92.00848,
      47.874399
     ],
     [
      -92.007922,
      47.875781
     ],
     [
      -92.00685,
      47.876702
     ],
     [
      -92.005026,
      47.877652
     ],
     [
      -92.003609,
      47.878962
     ],
     [
      -92.002537,
      47.879509
     ],
     [
      -92.001549,
      47.879811
     ],
     [
      -91.999318,
      47.880026
     ],
     [
      -91.991057,
      47.87958
     ],
     [
      -91.986679,
      47.880127
     ],
     [
      -91.97972,
      47.881305
     ],
     [
      -91.967296,
      47.881992
     ],
     [
      -91.963214,
      47.882319
     ],
     [
      -91.961555,
      47.882679
     ],
     [
      -91.952871,
      47.885329
     ],
     [
      -91.951343,
      47.885885
     ],
     [
      -91.945049,
      47.888818
     ],
     [
      -91.940724,
      47.889767
     ],
     [
      -91.938772,
      47.890411
     ],
     [
      -91.93604,
      47.891599
     ],
     [
      -91.926478,
      47.894096
     ],
     [
      -91.924445,
      47.894532
     ],
     [
      -91.921681,
      47.894641
     ],
     [
      -91.920608,
      47.89451
     ],
     [
      -91.915664,
      47.893355
     ],
     [
      -91.914363,
      47.893158
     ],
     [
      -91.912526,
      47.893289
     ],
     [
      -91.901158,
      47.89595
     ],
     [
      -91.898378,
      47.896855
     ],
     [
      -91.888523,
      47.90066
     ],
     [
      -91.887254,
      47.900878
     ],
     [
      -91.883238,
      47.900801
     ],
     [
      -91.880961,
      47.901019
     ],
     [
      -91.878815,
      47.901761
     ],
     [
      -91.875562,
      47.903363
     ],
     [
      -91.87418,
      47.903843
     ],
     [
      -91.872895,
      47.904181
     ],
     [
      -91.868114,
      47.904617
     ],
     [
      -91.865496,
      47.90526
     ]
    ]
   }
  },
  {
   "type": "Feature",
   "properties": {
    "company": "Duluth, Missabe and Northern Railway",
    "line": "Duluth, Missabe and Northern: Vermilion Line (Tower – Ely)",
    "id": "dmn-vermilion-tower-ely",
    "color": "#9C6B1F",
    "mode": "intercity_rail",
    "avg_speed_kmh": 42,
    "speed_source": "derived from timetables, not a measured average for every era: D&IR Jan 1895 Duluth 3:15 PM - Ely 7:50 PM (116.5 mi, ~41 km/h) [VE95]; DM&N 1930 Duluth - Ely 4h20-4h30 (~43 km/h) [EM30]",
    "geometry_source": "OpenStreetMap via Overpass (mail.ru mirror, cached degree tiles) plus OpenHistoricalMap (CC0) for lifted grades, routed with opstrace.py: Dijkstra over all railway ways, ways named or tagged for the railroad family (CN Missabe / Iron Range / Two Harbors subdivisions, 'Duluth Missabe & Iron Range Ry', the North Shore Scenic Railroad, Hinsdale Spur, Alborn-Pengilly Railroad Trail, OHM ways named for the DM&N, D&IR or DM&IR) costed 1x, untagged track 1.25x, untagged OHM ways 1.6x, trails 3x and any other named operator (BNSF / ex-Great Northern, DW&P, Erie Mining, Reserve / Northshore Mining, etc.) 10x; waypoints from the research report's via lists, snapped by a dynamic program over candidate nodes, each leg confined to a corridor round its own chord, then Douglas-Peucker (8 m) and trim_reversals. Branches are joined to their parent line at the nearest point on it, so junctions coincide.",
    "geometry_quality": "Traced from OpenStreetMap plus OpenHistoricalMap, 20.8 mi against the documented 19 mi Tower - Ely (FOWLER Tower 97.5, Ely 116.5; missabe.com '21-mile line'). Lifted 1982; drawn on abandoned grade tagged Duluth Missabe & Iron Range Ry and short OHM pieces, ending at 47.9053,-91.8655 in Ely. No straight-line leg longer than 300 m.",
    "segments": [
     {
      "start": 1930,
      "end": 1937,
      "headway_min": 720,
      "note": "Ely was the northern terminal of the DM&N-run Duluth - Ely trains: No. 8 Ely 7:30 AM - Duluth 11:50 AM, No. 5 Duluth 8:30 AM - Ely 1:00 PM etc. (1930) [EM30]; one each way 1932 [EM32]. Headway is an estimate from the one or two daily trains the cited timetables show and is NOT sourced for every year.",
      "sources": [
       "Segment-level: [EM30], [EM32]; dates [WPT, AR]. Headway NOT sourced.",
       "Ely Miner (Ely MN) 6 Jun - 7 Nov 1930, 'Duluth Missabe and Northern Railway Company Daily Passenger Service' Ely - Duluth - https://www.loc.gov/collections/chronicling-america/",
       "Ely Miner 5 Aug 1932 p5, DM&N daily passenger service Nos. 5/6 Duluth - Ely - https://www.loc.gov/collections/chronicling-america/",
       "https://en.wikipedia.org/wiki/Timeline_of_Class_I_railroads_(1930%E2%80%931976)",
       "https://www.american-rails.com/missabe.html (american-rails.com, Missabe Road history)"
      ]
     }
    ]
   },
   "geometry": {
    "type": "LineString",
    "coordinates": [
     [
      -92.260612,
      47.800139
     ],
     [
      -92.253673,
      47.807266
     ],
     [
      -92.252311,
      47.80802
     ],
     [
      -92.251226,
      47.808384
     ],
     [
      -92.249932,
      47.808616
     ],
     [
      -92.237448,
      47.809129
     ],
     [
      -92.210495,
      47.808235
     ],
     [
      -92.209275,
      47.808309
     ],
     [
      -92.207451,
      47.808673
     ],
     [
      -92.191035,
      47.814525
     ],
     [
      -92.18889,
      47.815063
     ],
     [
      -92.163405,
      47.818453
     ],
     [
      -92.144501,
      47.819187
     ],
     [
      -92.137934,
      47.820758
     ],
     [
      -92.115683,
      47.826492
     ],
     [
      -92.114696,
      47.826895
     ],
     [
      -92.113794,
      47.827515
     ],
     [
      -92.113322,
      47.828048
     ],
     [
      -92.111563,
      47.831462
     ],
     [
      -92.110962,
      47.831923
     ],
     [
      -92.109653,
      47.832427
     ],
     [
      -92.106606,
      47.833075
     ],
     [
      -92.105362,
      47.833551
     ],
     [
      -92.104546,
      47.834141
     ],
     [
      -92.102851,
      47.836964
     ],
     [
      -92.10225,
      47.837569
     ],
     [
      -92.101349,
      47.838102
     ],
     [
      -92.099997,
      47.838635
     ],
     [
      -92.092058,
      47.841184
     ],
     [
      -92.079591,
      47.844828
     ],
     [
      -92.078325,
      47.844957
     ],
     [
      -92.075643,
      47.844871
     ],
     [
      -92.07354,
      47.845087
     ],
     [
      -92.068991,
      47.846685
     ],
     [
      -92.063197,
      47.849781
     ],
     [
      -92.060901,
      47.850343
     ],
     [
      -92.055794,
      47.851121
     ],
     [
      -92.050838,
      47.852532
     ],
     [
      -92.048434,
      47.853885
     ],
     [
      -92.043199,
      47.857456
     ],
     [
      -92.041032,
      47.858694
     ],
     [
      -92.037834,
      47.86035
     ],
     [
      -92.026977,
      47.865245
     ],
     [
      -92.025711,
      47.865892
     ],
     [
      -92.02335,
      47.867418
     ],
     [
      -92.022213,
      47.867821
     ],
     [
      -92.011398,
      47.870024
     ],
     [
      -92.009725,
      47.870513
     ],
     [
      -92.008566,
      47.871564
     ],
     [
      -92.00833,
      47.872039
     ],
     [
      -92.008201,
      47.872715
     ],
     [
      -92.00848,
      47.874399
     ],
     [
      -92.007922,
      47.875781
     ],
     [
      -92.00685,
      47.876702
     ],
     [
      -92.005026,
      47.877652
     ],
     [
      -92.003609,
      47.878962
     ],
     [
      -92.002537,
      47.879509
     ],
     [
      -92.001549,
      47.879811
     ],
     [
      -91.999318,
      47.880026
     ],
     [
      -91.991057,
      47.87958
     ],
     [
      -91.986679,
      47.880127
     ],
     [
      -91.97972,
      47.881305
     ],
     [
      -91.967296,
      47.881992
     ],
     [
      -91.963214,
      47.882319
     ],
     [
      -91.961555,
      47.882679
     ],
     [
      -91.952871,
      47.885329
     ],
     [
      -91.951343,
      47.885885
     ],
     [
      -91.945049,
      47.888818
     ],
     [
      -91.940724,
      47.889767
     ],
     [
      -91.938772,
      47.890411
     ],
     [
      -91.93604,
      47.891599
     ],
     [
      -91.926478,
      47.894096
     ],
     [
      -91.924445,
      47.894532
     ],
     [
      -91.921681,
      47.894641
     ],
     [
      -91.920608,
      47.89451
     ],
     [
      -91.915664,
      47.893355
     ],
     [
      -91.914363,
      47.893158
     ],
     [
      -91.912526,
      47.893289
     ],
     [
      -91.901158,
      47.89595
     ],
     [
      -91.898378,
      47.896855
     ],
     [
      -91.888523,
      47.90066
     ],
     [
      -91.887254,
      47.900878
     ],
     [
      -91.883238,
      47.900801
     ],
     [
      -91.880961,
      47.901019
     ],
     [
      -91.878815,
      47.901761
     ],
     [
      -91.875562,
      47.903363
     ],
     [
      -91.87418,
      47.903843
     ],
     [
      -91.872895,
      47.904181
     ],
     [
      -91.868114,
      47.904617
     ],
     [
      -91.865496,
      47.90526
     ]
    ]
   }
  },
  {
   "type": "Feature",
   "properties": {
    "company": "Duluth, Missabe and Iron Range Railway",
    "line": "Duluth, Missabe and Iron Range: Vermilion Line (Tower – Ely)",
    "id": "dmir-vermilion-tower-ely",
    "color": "#7A2E12",
    "mode": "intercity_rail",
    "avg_speed_kmh": 42,
    "speed_source": "derived from timetables, not a measured average for every era: D&IR Jan 1895 Duluth 3:15 PM - Ely 7:50 PM (116.5 mi, ~41 km/h) [VE95]; DM&N 1930 Duluth - Ely 4h20-4h30 (~43 km/h) [EM30]",
    "geometry_source": "OpenStreetMap via Overpass (mail.ru mirror, cached degree tiles) plus OpenHistoricalMap (CC0) for lifted grades, routed with opstrace.py: Dijkstra over all railway ways, ways named or tagged for the railroad family (CN Missabe / Iron Range / Two Harbors subdivisions, 'Duluth Missabe & Iron Range Ry', the North Shore Scenic Railroad, Hinsdale Spur, Alborn-Pengilly Railroad Trail, OHM ways named for the DM&N, D&IR or DM&IR) costed 1x, untagged track 1.25x, untagged OHM ways 1.6x, trails 3x and any other named operator (BNSF / ex-Great Northern, DW&P, Erie Mining, Reserve / Northshore Mining, etc.) 10x; waypoints from the research report's via lists, snapped by a dynamic program over candidate nodes, each leg confined to a corridor round its own chord, then Douglas-Peucker (8 m) and trim_reversals. Branches are joined to their parent line at the nearest point on it, so junctions coincide.",
    "geometry_quality": "Traced from OpenStreetMap plus OpenHistoricalMap, 20.8 mi against the documented 19 mi Tower - Ely (FOWLER Tower 97.5, Ely 116.5; missabe.com '21-mile line'). Lifted 1982; drawn on abandoned grade tagged Duluth Missabe & Iron Range Ry and short OHM pieces, ending at 47.9053,-91.8655 in Ely. No straight-line leg longer than 300 m.",
    "segments": [
     {
      "start": 1937,
      "end": 1961,
      "headway_min": 1440,
      "note": "Nos. 5/6 'Endion/Duluth - Ely' [AR], last run 15 July 1961 [AR, END] (20 July per [LIN]). Line abandoned 1982. A 'last passenger train' from Ely on 19 Sept 1981 (Mesabi Tribune) was probably a farewell special; its operator and nature are not established, so it is not drawn. Headway is an estimate from the one or two daily trains the cited timetables show and is NOT sourced for every year.",
      "sources": [
       "Segment-level: end 15 July 1961 [AR, END]; 1937 DM&IR formation [AR, WPT]. Headway NOT sourced.",
       "https://www.american-rails.com/missabe.html (american-rails.com, Missabe Road history)",
       "https://en.wikipedia.org/wiki/Endion_station",
       "https://www.duluthtownship.gov/pdf/newsletter/history/lindahl/march2005_clifton_depot.pdf (Todd Lindahl, 'The Clifton Depot', 2005)",
       "https://en.wikipedia.org/wiki/Timeline_of_Class_I_railroads_(1930%E2%80%931976)"
      ]
     }
    ]
   },
   "geometry": {
    "type": "LineString",
    "coordinates": [
     [
      -92.260612,
      47.800139
     ],
     [
      -92.253673,
      47.807266
     ],
     [
      -92.252311,
      47.80802
     ],
     [
      -92.251226,
      47.808384
     ],
     [
      -92.249932,
      47.808616
     ],
     [
      -92.237448,
      47.809129
     ],
     [
      -92.210495,
      47.808235
     ],
     [
      -92.209275,
      47.808309
     ],
     [
      -92.207451,
      47.808673
     ],
     [
      -92.191035,
      47.814525
     ],
     [
      -92.18889,
      47.815063
     ],
     [
      -92.163405,
      47.818453
     ],
     [
      -92.144501,
      47.819187
     ],
     [
      -92.137934,
      47.820758
     ],
     [
      -92.115683,
      47.826492
     ],
     [
      -92.114696,
      47.826895
     ],
     [
      -92.113794,
      47.827515
     ],
     [
      -92.113322,
      47.828048
     ],
     [
      -92.111563,
      47.831462
     ],
     [
      -92.110962,
      47.831923
     ],
     [
      -92.109653,
      47.832427
     ],
     [
      -92.106606,
      47.833075
     ],
     [
      -92.105362,
      47.833551
     ],
     [
      -92.104546,
      47.834141
     ],
     [
      -92.102851,
      47.836964
     ],
     [
      -92.10225,
      47.837569
     ],
     [
      -92.101349,
      47.838102
     ],
     [
      -92.099997,
      47.838635
     ],
     [
      -92.092058,
      47.841184
     ],
     [
      -92.079591,
      47.844828
     ],
     [
      -92.078325,
      47.844957
     ],
     [
      -92.075643,
      47.844871
     ],
     [
      -92.07354,
      47.845087
     ],
     [
      -92.068991,
      47.846685
     ],
     [
      -92.063197,
      47.849781
     ],
     [
      -92.060901,
      47.850343
     ],
     [
      -92.055794,
      47.851121
     ],
     [
      -92.050838,
      47.852532
     ],
     [
      -92.048434,
      47.853885
     ],
     [
      -92.043199,
      47.857456
     ],
     [
      -92.041032,
      47.858694
     ],
     [
      -92.037834,
      47.86035
     ],
     [
      -92.026977,
      47.865245
     ],
     [
      -92.025711,
      47.865892
     ],
     [
      -92.02335,
      47.867418
     ],
     [
      -92.022213,
      47.867821
     ],
     [
      -92.011398,
      47.870024
     ],
     [
      -92.009725,
      47.870513
     ],
     [
      -92.008566,
      47.871564
     ],
     [
      -92.00833,
      47.872039
     ],
     [
      -92.008201,
      47.872715
     ],
     [
      -92.00848,
      47.874399
     ],
     [
      -92.007922,
      47.875781
     ],
     [
      -92.00685,
      47.876702
     ],
     [
      -92.005026,
      47.877652
     ],
     [
      -92.003609,
      47.878962
     ],
     [
      -92.002537,
      47.879509
     ],
     [
      -92.001549,
      47.879811
     ],
     [
      -91.999318,
      47.880026
     ],
     [
      -91.991057,
      47.87958
     ],
     [
      -91.986679,
      47.880127
     ],
     [
      -91.97972,
      47.881305
     ],
     [
      -91.967296,
      47.881992
     ],
     [
      -91.963214,
      47.882319
     ],
     [
      -91.961555,
      47.882679
     ],
     [
      -91.952871,
      47.885329
     ],
     [
      -91.951343,
      47.885885
     ],
     [
      -91.945049,
      47.888818
     ],
     [
      -91.940724,
      47.889767
     ],
     [
      -91.938772,
      47.890411
     ],
     [
      -91.93604,
      47.891599
     ],
     [
      -91.926478,
      47.894096
     ],
     [
      -91.924445,
      47.894532
     ],
     [
      -91.921681,
      47.894641
     ],
     [
      -91.920608,
      47.89451
     ],
     [
      -91.915664,
      47.893355
     ],
     [
      -91.914363,
      47.893158
     ],
     [
      -91.912526,
      47.893289
     ],
     [
      -91.901158,
      47.89595
     ],
     [
      -91.898378,
      47.896855
     ],
     [
      -91.888523,
      47.90066
     ],
     [
      -91.887254,
      47.900878
     ],
     [
      -91.883238,
      47.900801
     ],
     [
      -91.880961,
      47.901019
     ],
     [
      -91.878815,
      47.901761
     ],
     [
      -91.875562,
      47.903363
     ],
     [
      -91.87418,
      47.903843
     ],
     [
      -91.872895,
      47.904181
     ],
     [
      -91.868114,
      47.904617
     ],
     [
      -91.865496,
      47.90526
     ]
    ]
   }
  },
  {
   "type": "Feature",
   "properties": {
    "company": "Duluth and Iron Range Rail Road",
    "line": "Duluth and Iron Range: Western Mesaba Branch (Allen Jct – McKinley)",
    "id": "dir-western-mesaba-branch",
    "color": "#2E4A7D",
    "mode": "intercity_rail",
    "avg_speed_kmh": 30,
    "speed_source": "estimated; no timetable for this branch was read closely enough to compute a speed (Rule 3)",
    "geometry_source": "OpenStreetMap via Overpass (mail.ru mirror, cached degree tiles) plus OpenHistoricalMap (CC0) for lifted grades, routed with opstrace.py: Dijkstra over all railway ways, ways named or tagged for the railroad family (CN Missabe / Iron Range / Two Harbors subdivisions, 'Duluth Missabe & Iron Range Ry', the North Shore Scenic Railroad, Hinsdale Spur, Alborn-Pengilly Railroad Trail, OHM ways named for the DM&N, D&IR or DM&IR) costed 1x, untagged track 1.25x, untagged OHM ways 1.6x, trails 3x and any other named operator (BNSF / ex-Great Northern, DW&P, Erie Mining, Reserve / Northshore Mining, etc.) 10x; waypoints from the research report's via lists, snapped by a dynamic program over candidate nodes, each leg confined to a corridor round its own chord, then Douglas-Peucker (8 m) and trim_reversals. Branches are joined to their parent line at the nearest point on it, so junctions coincide.",
    "geometry_quality": "Traced from OpenStreetMap, 16.4 mi against the documented 18.1 mi Allen Junction - McKinley (FOWLER; american-rails.com '18-mile extension to McKinley via Wyman'). Allen Junction - Biwabik on CN Iron Range Subdivision / Hinsdale Spur / Duluth Missabe & Iron Range Ry ways; Biwabik - McKinley (about 3 mi) on unnamed abandoned grade, ending at 47.5101,-92.4085. No straight-line leg longer than 300 m. Parallels the DM&N's Biwabik branch closely at Biwabik; the trace stayed on the D&IR-side ways. Where the original alignment was lifted and a successor survives on the same corridor, the trace follows the surviving track, so short stretches may draw a LATER alignment than the era shown.",
    "segments": [
     {
      "start": 1895,
      "end": 1909,
      "headway_min": 1440,
      "note": "The D&IR's Mesabi Range line. Both ends are withheld unknowns. 1895 is the first CONFIRMED year, not the opening (built 1890 [MC] / 1892 [AR]): the D&IR timetable in effect 23 Jan 1895 runs Duluth - Allen Junction 6:00 - Biwabik 6:40 - McKinley 6:58 - Virginia 7:30 PM [VE95]. 1909 is the last CONFIRMED year, not a known end: FOWLER tags Colby '1909t' (a 1909 public timetable). By Sept 1951 Allen Junction - Eveleth was 'Freight Service only' [OG51] - do NOT draw it to 1951. If service outlived the 1930 lease it would be DM&N-run, but nothing establishes that. Do not extend either end without evidence. Headway is an estimate from the one or two daily trains the cited timetables show and is NOT sourced for every year.",
      "sources": [
       "Segment-level: start [VE95], end [JF] Colby 1909t; both [OPEN]; freight-only by 1951 [OG51]. Headway NOT sourced.",
       "Virginia Enterprise 19 Apr 1895 p4, DM&N timetable in effect 4 Feb 1895 and D&IR timetable in effect 23 Jan 1895 - https://www.loc.gov/collections/chronicling-america/ (sn90059180)",
       "https://www.branchline.uk/jfpdf/minnesotarrs.pdf (John Fowler, Minnesota passenger stations, DM&IR legend b=1921t DM&N, d=1951t)",
       "Official Guide of the Railways, Feb 1952 (DM&IR schedules of 9 Sep 1951) - https://archive.org/details/the-official-guide-of-the-railways-images",
       "https://www.missabe.com/history (Missabe Railroad Historical Society)",
       "https://www.american-rails.com/missabe.html (american-rails.com, Missabe Road history)"
      ]
     }
    ]
   },
   "geometry": {
    "type": "LineString",
    "coordinates": [
     [
      -92.098553,
      47.516059
     ],
     [
      -92.105523,
      47.520807
     ],
     [
      -92.106824,
      47.522175
     ],
     [
      -92.107646,
      47.523589
     ],
     [
      -92.108091,
      47.525296
     ],
     [
      -92.108531,
      47.528208
     ],
     [
      -92.108617,
      47.529907
     ],
     [
      -92.108435,
      47.530622
     ],
     [
      -92.108148,
      47.533115
     ],
     [
      -92.109137,
      47.532935
     ],
     [
      -92.110261,
      47.53303
     ],
     [
      -92.112348,
      47.533839
     ],
     [
      -92.117612,
      47.535052
     ],
     [
      -92.119746,
      47.53528
     ],
     [
      -92.146323,
      47.532804
     ],
     [
      -92.14824,
      47.532825
     ],
     [
      -92.149599,
      47.533114
     ],
     [
      -92.150679,
      47.53356
     ],
     [
      -92.163694,
      47.541457
     ],
     [
      -92.165519,
      47.542112
     ],
     [
      -92.167145,
      47.542272
     ],
     [
      -92.178377,
      47.541687
     ],
     [
      -92.180269,
      47.541386
     ],
     [
      -92.181686,
      47.540906
     ],
     [
      -92.192529,
      47.535867
     ],
     [
      -92.194309,
      47.535357
     ],
     [
      -92.195352,
      47.535257
     ],
     [
      -92.212061,
      47.535158
     ],
     [
      -92.213264,
      47.535069
     ],
     [
      -92.214635,
      47.534809
     ],
     [
      -92.233469,
      47.52901
     ],
     [
      -92.238489,
      47.52733
     ],
     [
      -92.25928,
      47.521053
     ],
     [
      -92.260549,
      47.520934
     ],
     [
      -92.280039,
      47.520302
     ],
     [
      -92.281331,
      47.520052
     ],
     [
      -92.295324,
      47.516349
     ],
     [
      -92.297285,
      47.516058
     ],
     [
      -92.29934,
      47.516065
     ],
     [
      -92.329705,
      47.52135
     ],
     [
      -92.333925,
      47.523123
     ],
     [
      -92.335969,
      47.524329
     ],
     [
      -92.34002,
      47.526089
     ],
     [
      -92.342609,
      47.527123
     ],
     [
      -92.343886,
      47.527271
     ],
     [
      -92.346607,
      47.526629
     ],
     [
      -92.347638,
      47.52621
     ],
     [
      -92.408485,
      47.510123
     ]
    ]
   }
  },
  {
   "type": "Feature",
   "properties": {
    "company": "Duluth and Iron Range Rail Road",
    "line": "Duluth and Iron Range: Eastern Mesaba Branch (Mesaba – Babbitt)",
    "id": "dir-eastern-mesaba-branch",
    "color": "#2E4A7D",
    "mode": "intercity_rail",
    "avg_speed_kmh": 30,
    "speed_source": "estimated; no timetable for this branch was read closely enough to compute a speed (Rule 3)",
    "geometry_source": "OpenStreetMap via Overpass (mail.ru mirror, cached degree tiles) plus OpenHistoricalMap (CC0) for lifted grades, routed with opstrace.py: Dijkstra over all railway ways, ways named or tagged for the railroad family (CN Missabe / Iron Range / Two Harbors subdivisions, 'Duluth Missabe & Iron Range Ry', the North Shore Scenic Railroad, Hinsdale Spur, Alborn-Pengilly Railroad Trail, OHM ways named for the DM&N, D&IR or DM&IR) costed 1x, untagged track 1.25x, untagged OHM ways 1.6x, trails 3x and any other named operator (BNSF / ex-Great Northern, DW&P, Erie Mining, Reserve / Northshore Mining, etc.) 10x; waypoints from the research report's via lists, snapped by a dynamic program over candidate nodes, each leg confined to a corridor round its own chord, then Douglas-Peucker (8 m) and trim_reversals. Branches are joined to their parent line at the nearest point on it, so junctions coincide.",
    "geometry_quality": "Traced from OpenStreetMap plus OpenHistoricalMap, 13.9 mi against the documented 15.6 mi Mesaba - Babbitt (FOWLER). Drawn on the DM&IR branch east from Mesaba (a way named Duluth Missabe & Iron Range Ry) to its end at 47.5984,-91.8769. APPROXIMATED: the first 0.8 mi joins the branch to the Vermilion line at Mesaba with a straight line (47.5694,-92.1325 to 47.5766,-92.1186). BABBITT STATION: the 1924 terminal was the Mesabi Iron Company's original Babbitt, not the present city of Babbitt (founded in the 1950s, about 8 mi north); its site was not verified, and the line is drawn to the east end of the surviving DM&IR branch, near the Northshore Mining (ex-Reserve) pits. LATER ALIGNMENT: the surviving branch was rebuilt for the taconite era and may not follow the D&IR's 1920s grade.",
    "segments": [
     {
      "start": 1924,
      "end": 1924,
      "headway_min": 1440,
      "note": "Single proven year [ANCHOR], low confidence: FOWLER lists 'Babbitt 1924TG(tm)' - Babbitt shown as the terminus of a service in the 1924 Time Saver Guide, a public passenger guide. The Babbitt mine (Mesabi Iron Co.) was the first taconite plant, 1922-24. Possibly a mixed train; not established. FOWLER also notes 'irregular service (passenger?) to Dunka' in the 1914 Guide. The 1951 Guide has a 'MESABA TO BABBITT' table header but no recoverable times, which neither confirms nor denies 1951 service. Service may well have run wider, but no other year is confirmed. Do not widen without evidence. Headway is a placeholder estimate.",
      "sources": [
       "Segment-level: 1924 from [JF] (one guide entry); [OG51] header only. Headway NOT sourced.",
       "https://www.branchline.uk/jfpdf/minnesotarrs.pdf (John Fowler, Minnesota passenger stations, DM&IR legend b=1921t DM&N, d=1951t)",
       "Official Guide of the Railways, Feb 1952 (DM&IR schedules of 9 Sep 1951) - https://archive.org/details/the-official-guide-of-the-railways-images"
      ]
     }
    ]
   },
   "geometry": {
    "type": "LineString",
    "coordinates": [
     [
      -92.132475,
      47.569363
     ],
     [
      -92.118565,
      47.576604
     ],
     [
      -92.117303,
      47.576084
     ],
     [
      -92.115564,
      47.575567
     ],
     [
      -92.112602,
      47.575129
     ],
     [
      -92.110852,
      47.575117
     ],
     [
      -92.102511,
      47.575492
     ],
     [
      -92.099358,
      47.575805
     ],
     [
      -92.095398,
      47.576643
     ],
     [
      -92.059901,
      47.58714
     ],
     [
      -92.057341,
      47.587738
     ],
     [
      -92.054537,
      47.588145
     ],
     [
      -92.023055,
      47.590655
     ],
     [
      -92.020741,
      47.590923
     ],
     [
      -92.018751,
      47.591291
     ],
     [
      -92.001364,
      47.595662
     ],
     [
      -91.998877,
      47.596435
     ],
     [
      -91.99648,
      47.59744
     ],
     [
      -91.989686,
      47.600764
     ],
     [
      -91.960325,
      47.611826
     ],
     [
      -91.957405,
      47.612674
     ],
     [
      -91.954455,
      47.613123
     ],
     [
      -91.952358,
      47.613231
     ],
     [
      -91.950252,
      47.613154
     ],
     [
      -91.948039,
      47.612876
     ],
     [
      -91.945906,
      47.612407
     ],
     [
      -91.9437,
      47.611691
     ],
     [
      -91.942277,
      47.611056
     ],
     [
      -91.940873,
      47.61029
     ],
     [
      -91.939263,
      47.609173
     ],
     [
      -91.937315,
      47.607258
     ],
     [
      -91.935941,
      47.605064
     ],
     [
      -91.935485,
      47.603704
     ],
     [
      -91.934263,
      47.596496
     ],
     [
      -91.933595,
      47.594816
     ],
     [
      -91.932501,
      47.593175
     ],
     [
      -91.930933,
      47.591569
     ],
     [
      -91.928847,
      47.590078
     ],
     [
      -91.925611,
      47.588582
     ],
     [
      -91.922457,
      47.587716
     ],
     [
      -91.919719,
      47.587358
     ],
     [
      -91.917633,
      47.587283
     ],
     [
      -91.914995,
      47.58744
     ],
     [
      -91.912061,
      47.587961
     ],
     [
      -91.910279,
      47.588479
     ],
     [
      -91.885379,
      47.597297
     ],
     [
      -91.883559,
      47.59777
     ],
     [
      -91.881217,
      47.598177
     ],
     [
      -91.879062,
      47.598374
     ],
     [
      -91.876872,
      47.598411
     ]
    ]
   }
  },
  {
   "type": "Feature",
   "properties": {
    "company": "North Shore Scenic Railroad",
    "line": "North Shore Scenic Railroad: Duluth – Lester River",
    "id": "nssr-duluth-lester-river",
    "color": "#3E6B48",
    "mode": "tourist_rail",
    "avg_speed_kmh": 25,
    "speed_source": "estimated; excursion running speed not sourced (Rule 3)",
    "geometry_source": "OpenStreetMap via Overpass (mail.ru mirror, cached degree tiles) plus OpenHistoricalMap (CC0) for lifted grades, routed with opstrace.py: Dijkstra over all railway ways, ways named or tagged for the railroad family (CN Missabe / Iron Range / Two Harbors subdivisions, 'Duluth Missabe & Iron Range Ry', the North Shore Scenic Railroad, Hinsdale Spur, Alborn-Pengilly Railroad Trail, OHM ways named for the DM&N, D&IR or DM&IR) costed 1x, untagged track 1.25x, untagged OHM ways 1.6x, trails 3x and any other named operator (BNSF / ex-Great Northern, DW&P, Erie Mining, Reserve / Northshore Mining, etc.) 10x; waypoints from the research report's via lists, snapped by a dynamic program over candidate nodes, each leg confined to a corridor round its own chord, then Douglas-Peucker (8 m) and trim_reversals. Branches are joined to their parent line at the nearest point on it, so junctions coincide.",
    "geometry_quality": "Traced from OpenStreetMap, 6.7 mi Duluth Depot - Lester River against about 6 mi documented (FOWLER Lester Park 6 from Union Depot). Entirely on ways tagged North Shore Scenic Railroad; the same geometry as the first 6.7 mi of the D&IR Lake Division features. No straight-line leg. Ends at the Lester River crossing, 46.8399,-92.0018.",
    "segments": [
     {
      "start": 1990,
      "end": 1996,
      "headway_min": 180,
      "note": "Tourist excursions on the ex-D&IR lakefront line from the Duluth Depot (the former Union Depot). The North Shore Scenic Railroad 'began operating in 1990' [Wikipedia], run by Donald Shank in 1990 and the Goldfine family 1991-1996; the Lake Superior Railroad Museum took over in 1996. The two private operators share this feature and colour under one brand name. Only the short Duluth - Lester River run is drawn: which seasons ran through to Knife River or Two Harbors is NOT established. Excursions are seasonal (May - December); the headway is an estimate.",
      "sources": [
       "Segment-level: 1990 start and the 1996 change of operator from the North Shore Scenic Railroad Wikipedia article; season-by-season extent NOT sourced. Headway NOT sourced.",
       "https://en.wikipedia.org/wiki/North_Shore_Scenic_Railroad"
      ]
     }
    ]
   },
   "geometry": {
    "type": "LineString",
    "coordinates": [
     [
      -92.105958,
      46.778097
     ],
     [
      -92.098706,
      46.783868
     ],
     [
      -92.096633,
      46.786321
     ],
     [
      -92.09125,
      46.790889
     ],
     [
      -92.089694,
      46.792888
     ],
     [
      -92.088091,
      46.794312
     ],
     [
      -92.086625,
      46.795189
     ],
     [
      -92.083234,
      46.79685
     ],
     [
      -92.08189,
      46.797253
     ],
     [
      -92.079372,
      46.79777
     ],
     [
      -92.078366,
      46.798135
     ],
     [
      -92.073992,
      46.800316
     ],
     [
      -92.071727,
      46.801307
     ],
     [
      -92.062657,
      46.806164
     ],
     [
      -92.061882,
      46.806745
     ],
     [
      -92.061302,
      46.807394
     ],
     [
      -92.059796,
      46.810401
     ],
     [
      -92.058592,
      46.81186
     ],
     [
      -92.045253,
      46.821903
     ],
     [
      -92.033018,
      46.826925
     ],
     [
      -92.017928,
      46.835085
     ],
     [
      -92.001753,
      46.839919
     ]
    ]
   }
  },
  {
   "type": "Feature",
   "properties": {
    "company": "Lake Superior Railroad Museum",
    "line": "Lake Superior Railroad Museum: North Shore Scenic Railroad",
    "id": "lsrm-north-shore-scenic-railroad",
    "color": "#4B3B8F",
    "mode": "tourist_rail",
    "avg_speed_kmh": 25,
    "speed_source": "estimated; excursion running speed not sourced (Rule 3)",
    "geometry_source": "OpenStreetMap via Overpass (mail.ru mirror, cached degree tiles) plus OpenHistoricalMap (CC0) for lifted grades, routed with opstrace.py: Dijkstra over all railway ways, ways named or tagged for the railroad family (CN Missabe / Iron Range / Two Harbors subdivisions, 'Duluth Missabe & Iron Range Ry', the North Shore Scenic Railroad, Hinsdale Spur, Alborn-Pengilly Railroad Trail, OHM ways named for the DM&N, D&IR or DM&IR) costed 1x, untagged track 1.25x, untagged OHM ways 1.6x, trails 3x and any other named operator (BNSF / ex-Great Northern, DW&P, Erie Mining, Reserve / Northshore Mining, etc.) 10x; waypoints from the research report's via lists, snapped by a dynamic program over candidate nodes, each leg confined to a corridor round its own chord, then Douglas-Peucker (8 m) and trim_reversals. Branches are joined to their parent line at the nearest point on it, so junctions coincide.",
    "geometry_quality": "Traced from OpenStreetMap, 6.7 mi Duluth Depot - Lester River against about 6 mi documented (FOWLER Lester Park 6 from Union Depot). Entirely on ways tagged North Shore Scenic Railroad; the same geometry as the first 6.7 mi of the D&IR Lake Division features. No straight-line leg. Ends at the Lester River crossing, 46.8399,-92.0018.",
    "segments": [
     {
      "start": 1996,
      "end": 2026,
      "headway_min": 180,
      "note": "The Lake Superior Railroad Museum has run the North Shore Scenic Railroad since 1996 [Wikipedia; 110,000 riders in 2018]. Drawn to the current year, as other operating tourist lines in this dataset are; seasonal (May - December). Only the Duluth - Lester River run is drawn: longer trips to Palmers, Knife River and Two Harbors have run in some seasons, but which seasons is NOT established. The headway is an estimate.",
      "sources": [
       "Segment-level: 1996 operator change and continued operation from the North Shore Scenic Railroad Wikipedia article; 2026 end is the operating-line convention, not a sourced year; season-by-season extent NOT sourced. Headway NOT sourced.",
       "https://en.wikipedia.org/wiki/North_Shore_Scenic_Railroad"
      ]
     }
    ]
   },
   "geometry": {
    "type": "LineString",
    "coordinates": [
     [
      -92.105958,
      46.778097
     ],
     [
      -92.098706,
      46.783868
     ],
     [
      -92.096633,
      46.786321
     ],
     [
      -92.09125,
      46.790889
     ],
     [
      -92.089694,
      46.792888
     ],
     [
      -92.088091,
      46.794312
     ],
     [
      -92.086625,
      46.795189
     ],
     [
      -92.083234,
      46.79685
     ],
     [
      -92.08189,
      46.797253
     ],
     [
      -92.079372,
      46.79777
     ],
     [
      -92.078366,
      46.798135
     ],
     [
      -92.073992,
      46.800316
     ],
     [
      -92.071727,
      46.801307
     ],
     [
      -92.062657,
      46.806164
     ],
     [
      -92.061882,
      46.806745
     ],
     [
      -92.061302,
      46.807394
     ],
     [
      -92.059796,
      46.810401
     ],
     [
      -92.058592,
      46.81186
     ],
     [
      -92.045253,
      46.821903
     ],
     [
      -92.033018,
      46.826925
     ],
     [
      -92.017928,
      46.835085
     ],
     [
      -92.001753,
      46.839919
     ]
    ]
   }
  }
 ]
}