{"type": "FeatureCollection", "metadata": {"note": "The European and North American Railway through Danforth \u2014 Bangor to Vanceboro on the New Brunswick border, conceived by John A. Poor to join the US rail network to an ice-free Atlantic port. Completed over its 114 miles in October 1871, leased by the Maine Central in 1882 as its Eastern Division main line, and from 1889 also carrying Canadian Pacific's Montreal-Saint John trains on trackage rights, which CP converted to outright ownership in 1974. Maine Central's own passenger service ended in 1960, but Danforth kept its trains far longer than that: VIA Rail's Atlantic still set down Maine passengers there until it was discontinued on Dec 17 1994.", "sources": ["https://en.wikipedia.org/wiki/European_and_North_American_Railway (Bangor to Olamon opened 1868, Olamon to Mattawamkeag 1869, and the 114-mile line completed to Vanceboro in October 1871, linking to the E&NA Western Extension at Vanceboro-St. Croix)", "https://en.wikipedia.org/wiki/Canadian_Pacific_Lines_in_Maine (from 1889 to 1974 CP's Montreal-Saint John through route used trackage rights over the Maine Central between Mattawamkeag and Vanceboro; CP purchased the line outright from the MEC in 1974; CP formed the Canadian Atlantic Railway in 1988 and sold the remaining assets in December 1994)", "https://en.wikipedia.org/wiki/Atlantic_(train) (the route ran through Maine until 1994; in the Atlantic's last incarnation, 1985-94, most cars were sealed but one coach door allowed Maine passengers to board or detrain at Jackman, Greenville, Brownville Junction, Mattawamkeag, Danforth and Vanceboro; VIA discontinued the Atlantic on Dec 17 1994; the line was sold in sections on Jan 1 1995, the border-to-Mattawamkeag-to-Brownville Junction portion going to the Eastern Maine Railway)", "Maine Central ran its last passenger train in 1960 and became freight-only -- from secondary summaries of Maine Central passenger service, not checked against a timetable"], "not_yet_sourced": "Headways are estimates throughout and no timetable has been consulted. The 1978 boundary between the Canadian Pacific and VIA Rail features is the year VIA took over Canada's intercity passenger services generally, not a documented change on this route. Maine Central's 1960 end is a year, not a dated last train, and whether Danforth kept a local MEC stop right to the end is not established. The Bangor-Mattawamkeag portion is drawn for the E&NA and Maine Central features but NOT for the CP and VIA features, because those trains came from Montreal via Brownville Junction rather than from Bangor -- their approach west of Mattawamkeag is not drawn at all."}, "features": [{"type": "Feature", "properties": {"company": "European and North American Railway", "line": "European and North American: Bangor \u2013 Vanceboro", "id": "ena-bangor-danforth-vanceboro", "color": "#6B8F71", "mode": "intercity_rail", "avg_speed_kmh": 35, "speed_source": "estimated: 1870s Maine main line; unsourced", "geometry_source": "Real-traced from OpenStreetMap (ODbL) via Overpass along the Waterville Subdivision (Bangor to Mattawamkeag) and the Mattawamkeag Subdivision (Mattawamkeag through Danforth to Vanceboro) \u2014 the surviving line built as the European and North American Railway.", "geometry_quality": "Real-traced, 2345 points; 7% of the full line's length (8.0 mi across 26 places) is straight-line connector where the mapped way network breaks. Traced 113.7 mi against the 114 miles the company gave for Bangor to Vanceboro \u2014 a close match. LATER ALIGNMENT: the corridor as it survives today, not a verified 1871 alignment.", "segments": [{"start": 1871, "end": 1882, "headway_min": 480, "note": "John A. Poor's scheme to link the US rail network with an ice-free Atlantic port. Construction reached Olamon in 1868 and Mattawamkeag in 1869, and the 114-mile line was completed to Vanceboro in October 1871, meeting the New Brunswick E&NA at the St. Croix. Danforth's station dates from 1871. Frequency estimated/unsourced", "sources": ["Segment-level: this segment's own note carries the citation for its dates and service. Supporting references for the line:", "https://en.wikipedia.org/wiki/European_and_North_American_Railway", "https://en.wikipedia.org/wiki/Canadian_Pacific_Lines_in_Maine", "https://en.wikipedia.org/wiki/Atlantic_(train)"]}]}, "geometry": {"type": "LineString", "coordinates": [[-68.768156, 44.79842], [-68.763803, 44.800492], [-68.757524, 44.803449], [-68.757379, 44.803542], [-68.756797, 44.803945], [-68.756558, 44.804131], [-68.756511, 44.804169], [-68.755344, 44.805003], [-68.755187, 44.805121], [-68.754931, 44.805272], [-68.754472, 44.805529], [-68.753973, 44.805784], [-68.753495, 44.806028], [-68.752525, 44.806507], [-68.751634, 44.806948], [-68.750977, 44.807286], [-68.750601, 44.807492], [-68.750199, 44.807728], [-68.749784, 44.807991], [-68.749508, 44.808191], [-68.748903, 44.808676], [-68.748559, 44.808979], [-68.74822, 44.809274], [-68.747921, 44.80953], [-68.74764, 44.809753], [-68.747375, 44.809943], [-68.747049, 44.81016], [-68.746635, 44.810401], [-68.746277, 44.810587], [-68.746069, 44.810693], [-68.745811, 44.810802], [-68.745414, 44.810971], [-68.744856, 44.811169], [-68.744134, 44.811376], [-68.743695, 44.811489], [-68.743603, 44.811514], [-68.74291, 44.811701], [-68.741641, 44.81204], [-68.741263, 44.812148], [-68.740772, 44.812315], [-68.740299, 44.812489], [-68.739877, 44.81267], [-68.73969, 44.812756], [-68.739506, 44.812852], [-68.739208, 44.813039], [-68.738967, 44.81322], [-68.738681, 44.813462], [-68.738271, 44.813868], [-68.737999, 44.814149], [-68.737624, 44.814508], [-68.737372, 44.814715], [-68.737082, 44.814921], [-68.736697, 44.81513], [-68.73626, 44.81533], [-68.735893, 44.815441], [-68.735515, 44.815544], [-68.735175, 44.815633], [-68.734701, 44.815729], [-68.73354, 44.815966], [-68.733296, 44.816026], [-68.732981, 44.816122], [-68.732503, 44.816296], [-68.731958, 44.816561], [-68.731697, 44.816714], [-68.731436, 44.8169], [-68.731133, 44.817153], [-68.730446, 44.817789], [-68.730194, 44.818001], [-68.729912, 44.818193], [-68.729485, 44.818444], [-68.72905, 44.818638], [-68.72861, 44.818797], [-68.72798, 44.819038], [-68.72722, 44.819308], [-68.726397, 44.819608], [-68.725353, 44.819989], [-68.724481, 44.820296], [-68.723824, 44.820513], [-68.723062, 44.820723], [-68.722516, 44.820858], [-68.721676, 44.821042], [-68.720625, 44.821266], [-68.719904, 44.821433], [-68.7193, 44.821635], [-68.718949, 44.821803], [-68.718557, 44.822027], [-68.716891, 44.82334], [-68.715847, 44.824173], [-68.714788, 44.825019], [-68.714772, 44.825032], [-68.71413, 44.825523], [-68.711828, 44.827226], [-68.711306, 44.827623], [-68.710908, 44.827919], [-68.710641, 44.828145], [-68.709201, 44.831065], [-68.709141, 44.831387], [-68.708797, 44.832965], [-68.708778, 44.833045], [-68.708615, 44.833781], [-68.708472, 44.834461], [-68.708403, 44.834784], [-68.708305, 44.835133], [-68.708239, 44.835337], [-68.708111, 44.835711], [-68.707925, 44.836036], [-68.707827, 44.836212], [-68.707654, 44.836461], [-68.707218, 44.83706], [-68.706599, 44.837944], [-68.706374, 44.838228], [-68.706124, 44.838583], [-68.705972, 44.838864], [-68.705817, 44.839155], [-68.705696, 44.839453], [-68.705402, 44.840232], [-68.705238, 44.840623], [-68.704996, 44.841044], [-68.704736, 44.841385], [-68.704502, 44.841656], [-68.704238, 44.841918], [-68.704001, 44.842135], [-68.703693, 44.842377], [-68.703346, 44.842628], [-68.702585, 44.843085], [-68.701577, 44.843656], [-68.700877, 44.844112], [-68.700243, 44.844558], [-68.700075, 44.844683], [-68.698062, 44.846543], [-68.697444, 44.847089], [-68.69703, 44.847411], [-68.696676, 44.847654], [-68.69613, 44.84796], [-68.695392, 44.848311], [-68.693583, 44.849168], [-68.690964, 44.850397], [-68.690071, 44.850866], [-68.689393, 44.851303], [-68.68889, 44.851686], [-68.688356, 44.852162], [-68.687363, 44.853089], [-68.687099, 44.853302], [-68.686827, 44.853511], [-68.686564, 44.853685], [-68.686272, 44.853863], [-68.685512, 44.854317], [-68.684544, 44.854863], [-68.683906, 44.855176], [-68.682363, 44.855813], [-68.682052, 44.855957], [-68.68161, 44.856217], [-68.681282, 44.85645], [-68.681001, 44.856682], [-68.680523, 44.857127], [-68.679735, 44.85788], [-68.67941, 44.858312], [-68.67929, 44.85851], [-68.679102, 44.85888], [-68.678982, 44.859255], [-68.678883, 44.859773], [-68.67864, 44.861671], [-68.678367, 44.863721], [-68.677836, 44.867587], [-68.677761, 44.868048], [-68.67768, 44.8684], [-68.677601, 44.86865], [-68.677504, 44.868914], [-68.677334, 44.869312], [-68.677002, 44.870062], [-68.675988, 44.872391], [-68.67586, 44.872671], [-68.675694, 44.8731], [-68.675508, 44.873676], [-68.675471, 44.873832], [-68.67539, 44.874143], [-68.675138, 44.87506], [-68.674707, 44.876603], [-68.674621, 44.876897], [-68.674548, 44.877063], [-68.67441, 44.877361], [-68.674253, 44.877616], [-68.673878, 44.878161], [-68.673521, 44.878583], [-68.673201, 44.878926], [-68.672892, 44.87921], [-68.672592, 44.87944], [-68.672283, 44.879643], [-68.671822, 44.879896], [-68.671456, 44.880059], [-68.671017, 44.880222], [-68.67091, 44.880252], [-68.670607, 44.880339], [-68.669582, 44.880595], [-68.668421, 44.880883], [-68.668137, 44.880951], [-68.668059, 44.880971], [-68.666907, 44.881259], [-68.666678, 44.881326], [-68.666435, 44.881407], [-68.666002, 44.881604], [-68.665894, 44.881666], [-68.663395, 44.883434], [-68.661902, 44.88452], [-68.661794, 44.884597], [-68.659958, 44.885914], [-68.659751, 44.886039], [-68.659514, 44.886186], [-68.658771, 44.886581], [-68.658255, 44.886795], [-68.657698, 44.886991], [-68.655876, 44.887573], [-68.65467, 44.887962], [-68.654421, 44.888049], [-68.653716, 44.888329], [-68.653142, 44.888573], [-68.652633, 44.888804], [-68.651696, 44.889243], [-68.651322, 44.889439], [-68.650398, 44.889942], [-68.650007, 44.890183], [-68.649652, 44.890441], [-68.649356, 44.890704], [-68.649099, 44.890964], [-68.64862, 44.891533], [-68.647988, 44.892331], [-68.647172, 44.893344], [-68.646507, 44.894188], [-68.646114, 44.894804], [-68.645928, 44.895191], [-68.644799, 44.897378], [-68.644491, 44.898029], [-68.644156, 44.898678], [-68.643744, 44.899535], [-68.643541, 44.899894], [-68.643417, 44.900122], [-68.642426, 44.902098], [-68.641776, 44.903355], [-68.641163, 44.904575], [-68.640844, 44.905147], [-68.640637, 44.905534], [-68.640443, 44.906036], [-68.640371, 44.906471], [-68.640312, 44.906958], [-68.640366, 44.908309], [-68.640336, 44.909128], [-68.640296, 44.90943], [-68.64006, 44.910578], [-68.63998, 44.911118], [-68.638938, 44.913834], [-68.639514, 44.92243], [-68.643062, 44.930564], [-68.642379, 44.938643], [-68.642314, 44.938744], [-68.642159, 44.938964], [-68.64197, 44.939232], [-68.641599, 44.939794], [-68.641475, 44.940002], [-68.641432, 44.940089], [-68.641379, 44.940211], [-68.641276, 44.940486], [-68.641186, 44.940813], [-68.641132, 44.941184], [-68.641127, 44.941428], [-68.641143, 44.941693], [-68.641176, 44.941919], [-68.641187, 44.941973], [-68.641203, 44.942045], [-68.641305, 44.942402], [-68.641485, 44.942798], [-68.641681, 44.943314], [-68.641914, 44.943847], [-68.642113, 44.94432], [-68.642279, 44.944713], [-68.642459, 44.945179], [-68.64259, 44.94556], [-68.642681, 44.945888], [-68.642783, 44.946541], [-68.642802, 44.946737], [-68.642803, 44.946779], [-68.642837, 44.947498], [-68.64282, 44.947909], [-68.642751, 44.948425], [-68.64266, 44.948895], [-68.642531, 44.949419], [-68.642334, 44.950019], [-68.642103, 44.950617], [-68.641894, 44.95102], [-68.641716, 44.951326], [-68.641513, 44.951639], [-68.641196, 44.952145], [-68.64083, 44.95263], [-68.640439, 44.953198], [-68.640164, 44.95363], [-68.639777, 44.954148], [-68.639465, 44.954518], [-68.639076, 44.954945], [-68.638456, 44.955606], [-68.637924, 44.956175], [-68.637561, 44.956574], [-68.637131, 44.95706], [-68.636955, 44.957247], [-68.63672, 44.957493], [-68.636542, 44.957701], [-68.636344, 44.957926], [-68.636101, 44.958218], [-68.635922, 44.958447], [-68.635745, 44.958679], [-68.635568, 44.958923], [-68.635385, 44.959204], [-68.635132, 44.959641], [-68.634951, 44.959981], [-68.634758, 44.960407], [-68.634638, 44.960692], [-68.634595, 44.960817], [-68.634534, 44.960962], [-68.634496, 44.961088], [-68.634434, 44.961273], [-68.634397, 44.96142], [-68.634338, 44.961609], [-68.634283, 44.961816], [-68.634235, 44.962008], [-68.63421, 44.962223], [-68.634182, 44.962428], [-68.634158, 44.96258], [-68.634127, 44.962754], [-68.634095, 44.962928], [-68.634068, 44.963139], [-68.634029, 44.963373], [-68.633987, 44.963673], [-68.633477, 44.967013], [-68.632759, 44.971525], [-68.632506, 44.973309], [-68.6325, 44.973348], [-68.632188, 44.975229], [-68.630255, 44.987957], [-68.630216, 44.98821], [-68.630173, 44.988516], [-68.630098, 44.988916], [-68.629931, 44.990022], [-68.629711, 44.991414], [-68.629687, 44.99165], [-68.629679, 44.9919], [-68.62967, 44.9921], [-68.62967, 44.992304], [-68.62967, 44.992515], [-68.629682, 44.992715], [-68.629711, 44.992907], [-68.629734, 44.993117], [-68.629761, 44.993291], [-68.62979, 44.993488], [-68.629836, 44.993736], [-68.629896, 44.994003], [-68.629964, 44.994283], [-68.630054, 44.994547], [-68.63018, 44.994907], [-68.630567, 44.995841], [-68.631051, 44.996926], [-68.631454, 44.997913], [-68.631922, 44.998966], [-68.632372, 45.000035], [-68.632653, 45.000635], [-68.633066, 45.001578], [-68.633676, 45.003001], [-68.634266, 45.004377], [-68.634657, 45.005283], [-68.634708, 45.005399], [-68.634846, 45.00571], [-68.638293, 45.014006], [-68.638382, 45.014328], [-68.638606, 45.015432], [-68.639222, 45.018545], [-68.639944, 45.021903], [-68.64193, 45.032155], [-68.644324, 45.044251], [-68.644869, 45.047012], [-68.644878, 45.047059], [-68.64539, 45.049628], [-68.646066, 45.053045], [-68.646485, 45.05513], [-68.647304, 45.059269], [-68.648515, 45.065344], [-68.650055, 45.073096], [-68.650126, 45.073529], [-68.650173, 45.07398], [-68.650199, 45.074385], [-68.650188, 45.074748], [-68.650166, 45.07524], [-68.6501, 45.075752], [-68.650006, 45.076203], [-68.649887, 45.076695], [-68.649724, 45.077185], [-68.649497, 45.077752], [-68.649357, 45.078066], [-68.649186, 45.078387], [-68.648996, 45.07871], [-68.6488, 45.079046], [-68.648549, 45.079385], [-68.648497, 45.07947], [-68.648173, 45.07989], [-68.647786, 45.08033], [-68.647384, 45.080753], [-68.645741, 45.082486], [-68.644628, 45.083647], [-68.643434, 45.084895], [-68.642177, 45.086211], [-68.640434, 45.088045], [-68.638382, 45.090191], [-68.636813, 45.09183], [-68.636106, 45.092568], [-68.634006, 45.094766], [-68.632402, 45.096451], [-68.63109, 45.097824], [-68.629504, 45.099481], [-68.625509, 45.103664], [-68.624995, 45.104203], [-68.624336, 45.104899], [-68.623745, 45.105518], [-68.623438, 45.105866], [-68.623124, 45.10618], [-68.622346, 45.106992], [-68.621444, 45.107931], [-68.62064, 45.10873], [-68.619852, 45.109615], [-68.61942, 45.110053], [-68.617637, 45.111934], [-68.617125, 45.112499], [-68.616695, 45.113025], [-68.616218, 45.113697], [-68.616053, 45.113942], [-68.615852, 45.114255], [-68.615567, 45.114714], [-68.615267, 45.115292], [-68.615122, 45.115607], [-68.615072, 45.115804], [-68.615018, 45.115967], [-68.614728, 45.11661], [-68.614284, 45.117604], [-68.614082, 45.118047], [-68.613813, 45.118637], [-68.613402, 45.119409], [-68.612937, 45.120106], [-68.612626, 45.120514], [-68.612301, 45.120952], [-68.611995, 45.121352], [-68.611603, 45.121978], [-68.611308, 45.12244], [-68.611063, 45.122949], [-68.610951, 45.123221], [-68.610765, 45.123739], [-68.610636, 45.124243], [-68.610522, 45.124722], [-68.610461, 45.125109], [-68.610413, 45.125402], [-68.61037, 45.125604], [-68.610321, 45.125839], [-68.610309, 45.126987], [-68.610328, 45.12721], [-68.610438, 45.128553], [-68.610496, 45.129973], [-68.610557, 45.130813], [-68.610602, 45.131579], [-68.610666, 45.132388], [-68.61079, 45.134301], [-68.610802, 45.134787], [-68.610791, 45.135112], [-68.61085, 45.136269], [-68.610957, 45.137768], [-68.610982, 45.138772], [-68.610984, 45.138843], [-68.610985, 45.138887], [-68.610989, 45.13894], [-68.61113, 45.141062], [-68.611255, 45.143202], [-68.611401, 45.145884], [-68.611961, 45.155556], [-68.612084, 45.158063], [-68.612861, 45.172168], [-68.612914, 45.17256], [-68.612917, 45.172787], [-68.612967, 45.174019], [-68.613308, 45.180412], [-68.613347, 45.180857], [-68.613366, 45.181494], [-68.61345, 45.182592], [-68.613381, 45.184113], [-68.613384, 45.184539], [-68.613368, 45.185044], [-68.613347, 45.186034], [-68.613342, 45.186135], [-68.613263, 45.187768], [-68.61321, 45.188231], [-68.61309, 45.188908], [-68.612964, 45.189482], [-68.612806, 45.190073], [-68.612583, 45.19071], [-68.611894, 45.192532], [-68.611343, 45.193985], [-68.611254, 45.194208], [-68.610948, 45.194978], [-68.609672, 45.198251], [-68.607826, 45.203189], [-68.606976, 45.205406], [-68.606032, 45.207844], [-68.605431, 45.209375], [-68.604761, 45.211147], [-68.604181, 45.212685], [-68.602829, 45.216285], [-68.602539, 45.217037], [-68.601907, 45.218614], [-68.601857, 45.218815], [-68.601413, 45.219975], [-68.601252, 45.220371], [-68.600701, 45.221843], [-68.599972, 45.223753], [-68.599435, 45.225073], [-68.599056, 45.225999], [-68.598914, 45.226307], [-68.598388, 45.227667], [-68.598234, 45.228051], [-68.59534, 45.235192], [-68.595217, 45.235487], [-68.595073, 45.2359], [-68.594994, 45.236165], [-68.594926, 45.236364], [-68.594633, 45.237095], [-68.594183, 45.238192], [-68.591457, 45.244904], [-68.590833, 45.246458], [-68.590502, 45.247275], [-68.589817, 45.249055], [-68.589747, 45.249302], [-68.589551, 45.249966], [-68.589451, 45.250301], [-68.588792, 45.252574], [-68.588319, 45.254131], [-68.587648, 45.257367], [-68.587511, 45.257992], [-68.5873, 45.258996], [-68.587084, 45.260054], [-68.586361, 45.263552], [-68.585948, 45.265493], [-68.585898, 45.265756], [-68.585775, 45.266293], [-68.585524, 45.267577], [-68.585352, 45.268256], [-68.585238, 45.268651], [-68.585016, 45.269294], [-68.584778, 45.269846], [-68.584438, 45.270633], [-68.584085, 45.271394], [-68.583629, 45.272421], [-68.583314, 45.273055], [-68.58074, 45.278698], [-68.578577, 45.283416], [-68.57788, 45.284903], [-68.575588, 45.289906], [-68.574365, 45.292563], [-68.573754, 45.293879], [-68.572482, 45.296625], [-68.572126, 45.2974], [-68.571154, 45.299514], [-68.570895, 45.300057], [-68.57013, 45.30171], [-68.569813, 45.302407], [-68.569482, 45.303042], [-68.569274, 45.303404], [-68.568989, 45.30385], [-68.568655, 45.304338], [-68.568085, 45.305125], [-68.56756, 45.305843], [-68.566956, 45.306664], [-68.566125, 45.307801], [-68.563615, 45.311227], [-68.56275, 45.31241], [-68.561901, 45.313568], [-68.560576, 45.315378], [-68.559529, 45.316801], [-68.557803, 45.319167], [-68.55724, 45.319918], [-68.556923, 45.320347], [-68.556316, 45.321067], [-68.555854, 45.321558], [-68.55508, 45.322292], [-68.554291, 45.32305], [-68.55322, 45.32405], [-68.551484, 45.32569], [-68.549553, 45.327508], [-68.548269, 45.328707], [-68.54605, 45.330815], [-68.545197, 45.331621], [-68.543239, 45.333446], [-68.541495, 45.33509], [-68.537869, 45.338514], [-68.535648, 45.3406], [-68.534706, 45.341483], [-68.533615, 45.342508], [-68.531582, 45.344427], [-68.528995, 45.34684], [-68.528006, 45.34776], [-68.527216, 45.348502], [-68.526472, 45.349211], [-68.524619, 45.35096], [-68.523572, 45.351927], [-68.522817, 45.352636], [-68.520935, 45.354393], [-68.519496, 45.355703], [-68.519112, 45.356024], [-68.518687, 45.356359], [-68.518225, 45.356693], [-68.516894, 45.357614], [-68.513626, 45.35989], [-68.512737, 45.360524], [-68.510977, 45.361737], [-68.509684, 45.362631], [-68.509032, 45.363075], [-68.508286, 45.363607], [-68.507844, 45.363916], [-68.507442, 45.364233], [-68.50711, 45.364553], [-68.506855, 45.364847], [-68.504708, 45.373298], [-68.504679, 45.373443], [-68.504634, 45.373613], [-68.50454, 45.373968], [-68.504282, 45.374788], [-68.504033, 45.375469], [-68.503258, 45.377046], [-68.502582, 45.37835], [-68.502542, 45.378428], [-68.502278, 45.378941], [-68.501841, 45.379755], [-68.501058, 45.381292], [-68.500716, 45.381973], [-68.500349, 45.382683], [-68.49947, 45.384416], [-68.499234, 45.384865], [-68.499089, 45.385143], [-68.498735, 45.385825], [-68.498526, 45.386209], [-68.498167, 45.386933], [-68.496826, 45.389534], [-68.494516, 45.394004], [-68.494353, 45.394321], [-68.494015, 45.394885], [-68.493852, 45.39519], [-68.49347, 45.395765], [-68.49283, 45.396589], [-68.49234, 45.397142], [-68.492162, 45.39732], [-68.490448, 45.399206], [-68.489509, 45.400214], [-68.488575, 45.401244], [-68.485702, 45.404357], [-68.4843, 45.40588], [-68.481859, 45.408548], [-68.481679, 45.408743], [-68.481035, 45.409448], [-68.480329, 45.410219], [-68.478967, 45.411704], [-68.478369, 45.412354], [-68.477747, 45.413023], [-68.477116, 45.413717], [-68.475875, 45.415065], [-68.475392, 45.415577], [-68.475152, 45.415811], [-68.474921, 45.416039], [-68.474577, 45.416349], [-68.473889, 45.416935], [-68.473027, 45.417644], [-68.472461, 45.418104], [-68.471877, 45.41858], [-68.471099, 45.419194], [-68.470489, 45.419682], [-68.469614, 45.4204], [-68.468809, 45.421048], [-68.467782, 45.421877], [-68.466777, 45.422698], [-68.466213, 45.423152], [-68.465658, 45.423592], [-68.46498, 45.424146], [-68.464277, 45.42471], [-68.463701, 45.42518], [-68.463098, 45.425663], [-68.462467, 45.426172], [-68.4621, 45.426465], [-68.461767, 45.426728], [-68.461285, 45.427053], [-68.460945, 45.427265], [-68.460479, 45.427534], [-68.459946, 45.427813], [-68.459224, 45.428141], [-68.458463, 45.428469], [-68.457287, 45.428988], [-68.456121, 45.429495], [-68.453796, 45.430514], [-68.44916, 45.432537], [-68.44783, 45.433124], [-68.446542, 45.433677], [-68.445892, 45.433978], [-68.445619, 45.434087], [-68.444648, 45.434507], [-68.443665, 45.434936], [-68.442775, 45.435325], [-68.442105, 45.435625], [-68.441593, 45.435869], [-68.44092, 45.436222], [-68.440298, 45.436568], [-68.439699, 45.436921], [-68.439217, 45.437225], [-68.438218, 45.437887], [-68.437322, 45.438483], [-68.436334, 45.439146], [-68.435259, 45.439865], [-68.434592, 45.440311], [-68.433792, 45.440846], [-68.433015, 45.441368], [-68.432187, 45.441926], [-68.431181, 45.442593], [-68.430858, 45.442807], [-68.43035, 45.443152], [-68.429792, 45.443522], [-68.429335, 45.4438], [-68.42895, 45.444036], [-68.428537, 45.444279], [-68.427888, 45.44465], [-68.427226, 45.44503], [-68.426828, 45.445274], [-68.426531, 45.445487], [-68.426133, 45.445808], [-68.425701, 45.446235], [-68.425217, 45.446779], [-68.424533, 45.447552], [-68.4241, 45.448039], [-68.423676, 45.448526], [-68.423346, 45.44889], [-68.422971, 45.449294], [-68.422585, 45.449688], [-68.422176, 45.450084], [-68.421836, 45.450386], [-68.421453, 45.450696], [-68.42104, 45.451022], [-68.420589, 45.451354], [-68.420024, 45.451744], [-68.418853, 45.452507], [-68.418429, 45.452777], [-68.418118, 45.45296], [-68.417385, 45.453404], [-68.416362, 45.454018], [-68.414947, 45.454866], [-68.413911, 45.455485], [-68.412914, 45.45606], [-68.412612, 45.456221], [-68.412157, 45.456453], [-68.411361, 45.456837], [-68.41033, 45.45732], [-68.409498, 45.457716], [-68.408432, 45.458214], [-68.407357, 45.458726], [-68.406031, 45.459345], [-68.404723, 45.459966], [-68.403493, 45.460537], [-68.401921, 45.46128], [-68.400334, 45.462025], [-68.398854, 45.462715], [-68.397385, 45.463402], [-68.396662, 45.463746], [-68.395917, 45.464095], [-68.395383, 45.464354], [-68.395, 45.464581], [-68.394556, 45.46486], [-68.394234, 45.465057], [-68.393934, 45.465283], [-68.393634, 45.465535], [-68.393377, 45.465762], [-68.393009, 45.466117], [-68.392686, 45.466459], [-68.392396, 45.466764], [-68.391916, 45.467279], [-68.391403, 45.467836], [-68.390416, 45.468901], [-68.389932, 45.469424], [-68.389584, 45.469801], [-68.389153, 45.470266], [-68.388409, 45.471074], [-68.387441, 45.47211], [-68.38659, 45.473034], [-68.385849, 45.473826], [-68.384862, 45.474899], [-68.384281, 45.475524], [-68.383682, 45.476162], [-68.382549, 45.477401], [-68.382176, 45.477895], [-68.381922, 45.478294], [-68.381788, 45.478543], [-68.381626, 45.478905], [-68.381519, 45.479262], [-68.381428, 45.479621], [-68.381356, 45.479972], [-68.381225, 45.480825], [-68.381175, 45.481195], [-68.381075, 45.481922], [-68.380985, 45.482324], [-68.38084, 45.482689], [-68.380656, 45.483018], [-68.38051, 45.483244], [-68.380325, 45.483478], [-68.380041, 45.483785], [-68.379799, 45.484001], [-68.379461, 45.484268], [-68.379085, 45.484504], [-68.378651, 45.48472], [-68.377716, 45.485139], [-68.377084, 45.485418], [-68.376749, 45.485554], [-68.376471, 45.485667], [-68.376098, 45.485812], [-68.36668, 45.488947], [-68.366455, 45.489057], [-68.365993, 45.489321], [-68.36543, 45.489708], [-68.365088, 45.489982], [-68.364786, 45.490264], [-68.364484, 45.490592], [-68.364226, 45.49093], [-68.363843, 45.491572], [-68.363632, 45.492108], [-68.363306, 45.49356], [-68.363071, 45.49471], [-68.36298, 45.495176], [-68.362964, 45.495257], [-68.362861, 45.495785], [-68.362759, 45.49624], [-68.362661, 45.496682], [-68.362531, 45.497124], [-68.362334, 45.497585], [-68.361984, 45.498162], [-68.361653, 45.498593], [-68.361261, 45.498978], [-68.360894, 45.499291], [-68.360497, 45.499582], [-68.359828, 45.500036], [-68.359274, 45.500414], [-68.358919, 45.500681], [-68.358586, 45.500972], [-68.358334, 45.501213], [-68.357998, 45.501585], [-68.357776, 45.501882], [-68.355637, 45.510571], [-68.35359, 45.513154], [-68.353182, 45.513582], [-68.352918, 45.51383], [-68.352628, 45.514059], [-68.352207, 45.514311], [-68.351908, 45.51446], [-68.351594, 45.514581], [-68.349176, 45.518866], [-68.349086, 45.518979], [-68.349012, 45.519065], [-68.348928, 45.519158], [-68.348834, 45.519255], [-68.348704, 45.519386], [-68.348572, 45.519503], [-68.348445, 45.519608], [-68.348257, 45.51975], [-68.34804, 45.519899], [-68.34789, 45.519994], [-68.347758, 45.52007], [-68.347595, 45.520157], [-68.347422, 45.520243], [-68.347206, 45.520347], [-68.347045, 45.520419], [-68.346828, 45.520507], [-68.346619, 45.520583], [-68.346462, 45.520636], [-68.34631, 45.520685], [-68.346147, 45.520734], [-68.34598, 45.520779], [-68.345814, 45.520817], [-68.345622, 45.520857], [-68.345239, 45.520926], [-68.345035, 45.520955], [-68.344849, 45.520977], [-68.3446, 45.521], [-68.344357, 45.521019], [-68.344112, 45.521029], [-68.343837, 45.521033], [-68.343587, 45.521028], [-68.343332, 45.521013], [-68.343068, 45.520994], [-68.342821, 45.520967], [-68.342561, 45.520929], [-68.342299, 45.52088], [-68.342041, 45.520823], [-68.341788, 45.52076], [-68.341522, 45.52069], [-68.341234, 45.520609], [-68.340638, 45.520438], [-68.34006, 45.520273], [-68.339887, 45.520225], [-68.339714, 45.52018], [-68.33955, 45.520139], [-68.339372, 45.520097], [-68.339175, 45.520055], [-68.338977, 45.520017], [-68.338734, 45.519973], [-68.338507, 45.519941], [-68.338247, 45.519912], [-68.338046, 45.519895], [-68.337845, 45.519883], [-68.337605, 45.519874], [-68.337357, 45.51987], [-68.337128, 45.519868], [-68.33691, 45.519869], [-68.33668, 45.519875], [-68.336429, 45.519889], [-68.336172, 45.519911], [-68.335888, 45.519947], [-68.335572, 45.51999], [-68.335286, 45.520038], [-68.335012, 45.520094], [-68.334747, 45.520157], [-68.334474, 45.520229], [-68.334176, 45.520316], [-68.333716, 45.520455], [-68.332348, 45.520877], [-68.330855, 45.521326], [-68.329881, 45.521617], [-68.329583, 45.5217], [-68.329203, 45.521798], [-68.3288, 45.521891], [-68.328418, 45.521969], [-68.328035, 45.522036], [-68.327624, 45.522099], [-68.327176, 45.522151], [-68.326771, 45.522188], [-68.326344, 45.522214], [-68.325945, 45.522234], [-68.325514, 45.522238], [-68.32518, 45.522237], [-68.325142, 45.522236], [-68.324778, 45.52222], [-68.3244, 45.522194], [-68.324015, 45.522162], [-68.323622, 45.522121], [-68.323117, 45.522049], [-68.322724, 45.521983], [-68.322275, 45.521895], [-68.321802, 45.521789], [-68.321196, 45.521651], [-68.319043, 45.521156], [-68.317613, 45.520815], [-68.316949, 45.520658], [-68.316571, 45.520567], [-68.316344, 45.520517], [-68.316138, 45.520478], [-68.315867, 45.520424], [-68.315585, 45.520373], [-68.315324, 45.520329], [-68.315015, 45.520277], [-68.314655, 45.520214], [-68.31401, 45.520105], [-68.313488, 45.520012], [-68.313062, 45.519942], [-68.312515, 45.51985], [-68.311805, 45.519722], [-68.311204, 45.519616], [-68.31077, 45.519541], [-68.310406, 45.519481], [-68.310056, 45.519426], [-68.30973, 45.519381], [-68.309404, 45.519339], [-68.309154, 45.519313], [-68.308921, 45.519294], [-68.308639, 45.519278], [-68.308374, 45.519269], [-68.308063, 45.519266], [-68.307724, 45.519262], [-68.307369, 45.519264], [-68.306952, 45.519275], [-68.306596, 45.519297], [-68.306242, 45.519321], [-68.305953, 45.51935], [-68.305547, 45.519409], [-68.305231, 45.519461], [-68.304866, 45.519527], [-68.304546, 45.519588], [-68.304214, 45.519666], [-68.303896, 45.519747], [-68.303445, 45.519868], [-68.302958, 45.520007], [-68.301948, 45.520292], [-68.301021, 45.520547], [-68.300046, 45.520819], [-68.29971, 45.520915], [-68.299393, 45.521012], [-68.299124, 45.521102], [-68.298887, 45.52119], [-68.298642, 45.52129], [-68.298415, 45.52139], [-68.298152, 45.52152], [-68.297937, 45.521634], [-68.297702, 45.521767], [-68.297455, 45.521922], [-68.297245, 45.522064], [-68.297026, 45.522225], [-68.296827, 45.522391], [-68.29664, 45.522555], [-68.296429, 45.522758], [-68.29607, 45.523115], [-68.2954, 45.523778], [-68.294985, 45.524189], [-68.294752, 45.524416], [-68.294615, 45.524545], [-68.294458, 45.524679], [-68.294232, 45.524859], [-68.29394, 45.525073], [-68.293728, 45.525216], [-68.293509, 45.525353], [-68.293196, 45.525538], [-68.292923, 45.525686], [-68.29264, 45.52583], [-68.292298, 45.525985], [-68.291936, 45.526139], [-68.29138, 45.52636], [-68.290543, 45.5267], [-68.28965, 45.527056], [-68.288953, 45.527337], [-68.288247, 45.527621], [-68.287374, 45.527966], [-68.286374, 45.528363], [-68.284748, 45.529016], [-68.283346, 45.529568], [-68.282178, 45.530041], [-68.28152, 45.530305], [-68.280963, 45.530522], [-68.28028, 45.5308], [-68.279892, 45.530953], [-68.279858, 45.530966], [-68.278894, 45.53135], [-68.2778, 45.53179], [-68.274656, 45.533052], [-68.271309, 45.53438], [-68.26805, 45.535681], [-68.266436, 45.536325], [-68.264437, 45.537124], [-68.26133, 45.538367], [-68.258289, 45.539581], [-68.255875, 45.540542], [-68.25352, 45.541479], [-68.251281, 45.542358], [-68.249363, 45.543129], [-68.247191, 45.543997], [-68.245061, 45.544845], [-68.243151, 45.545609], [-68.243113, 45.545625], [-68.239952, 45.546884], [-68.237585, 45.547829], [-68.235464, 45.548675], [-68.233694, 45.549373], [-68.231886, 45.550086], [-68.230498, 45.550639], [-68.229845, 45.550898], [-68.229481, 45.55104], [-68.229181, 45.551153], [-68.228888, 45.551257], [-68.228541, 45.551367], [-68.228216, 45.551461], [-68.227879, 45.551545], [-68.227496, 45.551629], [-68.227128, 45.551691], [-68.226683, 45.551756], [-68.226273, 45.551806], [-68.225847, 45.551842], [-68.225489, 45.551866], [-68.22449, 45.551919], [-68.222693, 45.552006], [-68.222253, 45.55203], [-68.220578, 45.552124], [-68.218826, 45.552217], [-68.21825, 45.552246], [-68.217962, 45.552255], [-68.217659, 45.552259], [-68.217314, 45.552257], [-68.216957, 45.552247], [-68.216601, 45.552225], [-68.216237, 45.55219], [-68.215881, 45.552147], [-68.21552, 45.552085], [-68.215149, 45.552015], [-68.21471, 45.551921], [-68.214275, 45.551812], [-68.213844, 45.551678], [-68.213443, 45.551535], [-68.213036, 45.551376], [-68.212555, 45.551175], [-68.211832, 45.550851], [-68.211005, 45.550475], [-68.21052, 45.550254], [-68.210013, 45.550025], [-68.208938, 45.549534], [-68.207858, 45.549033], [-68.207306, 45.548783], [-68.206883, 45.548591], [-68.206477, 45.548419], [-68.206119, 45.548279], [-68.205766, 45.548153], [-68.205428, 45.548043], [-68.205023, 45.547923], [-68.204559, 45.547807], [-68.204083, 45.547697], [-68.203634, 45.54761], [-68.203187, 45.547535], [-68.202723, 45.547475], [-68.202212, 45.547423], [-68.201778, 45.547394], [-68.201253, 45.547373], [-68.200745, 45.547377], [-68.200506, 45.547382], [-68.20047, 45.547383], [-68.200245, 45.547389], [-68.199693, 45.547416], [-68.199141, 45.547459], [-68.19844, 45.547522], [-68.197652, 45.54761], [-68.196396, 45.547748], [-68.194975, 45.5479], [-68.194376, 45.547968], [-68.193946, 45.54803], [-68.193505, 45.548106], [-68.193087, 45.548195], [-68.192738, 45.54828], [-68.192368, 45.548385], [-68.191911, 45.548537], [-68.19146, 45.548709], [-68.191061, 45.548875], [-68.190756, 45.549014], [-68.190488, 45.549145], [-68.190138, 45.549332], [-68.189867, 45.549505], [-68.189577, 45.549704], [-68.189383, 45.549846], [-68.189143, 45.550041], [-68.188955, 45.550207], [-68.188703, 45.550448], [-68.188402, 45.550759], [-68.188158, 45.551055], [-68.187954, 45.551325], [-68.187768, 45.55164], [-68.187523, 45.552102], [-68.187317, 45.552494], [-68.187043, 45.553016], [-68.186802, 45.553474], [-68.186568, 45.553899], [-68.185929, 45.555108], [-68.185408, 45.556073], [-68.185109, 45.556659], [-68.184796, 45.557246], [-68.184426, 45.557955], [-68.184143, 45.558507], [-68.183732, 45.559306], [-68.183311, 45.56011], [-68.182871, 45.560969], [-68.18247, 45.561724], [-68.182063, 45.5625], [-68.181656, 45.563245], [-68.181206, 45.564106], [-68.181038, 45.564397], [-68.180887, 45.564666], [-68.180723, 45.564935], [-68.180577, 45.565139], [-68.180264, 45.565499], [-68.180043, 45.565715], [-68.179765, 45.565961], [-68.179444, 45.566232], [-68.179222, 45.566411], [-68.178889, 45.566647], [-68.178573, 45.566849], [-68.178263, 45.56702], [-68.177899, 45.567209], [-68.177477, 45.567407], [-68.177116, 45.567566], [-68.176775, 45.567695], [-68.176329, 45.567852], [-68.175774, 45.568012], [-68.175271, 45.568126], [-68.174764, 45.568219], [-68.174377, 45.568277], [-68.173992, 45.568321], [-68.173634, 45.568352], [-68.173294, 45.568374], [-68.17289, 45.568384], [-68.172513, 45.56838], [-68.172169, 45.568369], [-68.171791, 45.568345], [-68.171409, 45.568311], [-68.170983, 45.568258], [-68.170597, 45.568197], [-68.17022, 45.568124], [-68.169523, 45.567971], [-68.168863, 45.567819], [-68.168493, 45.567743], [-68.168139, 45.567675], [-68.167794, 45.567623], [-68.167462, 45.567591], [-68.167037, 45.567563], [-68.166635, 45.567549], [-68.166269, 45.567547], [-68.165936, 45.567563], [-68.165599, 45.567594], [-68.165278, 45.56763], [-68.164924, 45.567681], [-68.164551, 45.567751], [-68.164184, 45.567841], [-68.163784, 45.567951], [-68.163395, 45.568067], [-68.162955, 45.568215], [-68.162593, 45.568363], [-68.162233, 45.568526], [-68.161896, 45.568703], [-68.161496, 45.568929], [-68.161114, 45.569178], [-68.160752, 45.569441], [-68.160358, 45.569737], [-68.159893, 45.570106], [-68.159338, 45.57054], [-68.158914, 45.570869], [-68.158362, 45.571291], [-68.157785, 45.571735], [-68.156252, 45.572909], [-68.154808, 45.574009], [-68.153431, 45.57506], [-68.152219, 45.575983], [-68.150967, 45.576931], [-68.149093, 45.578354], [-68.146841, 45.58007], [-68.144602, 45.581791], [-68.142989, 45.583009], [-68.141442, 45.584189], [-68.139476, 45.585696], [-68.137769, 45.586997], [-68.136498, 45.587966], [-68.135809, 45.588483], [-68.134767, 45.589274], [-68.133324, 45.590392], [-68.13181, 45.591542], [-68.130314, 45.592694], [-68.128529, 45.594063], [-68.12679, 45.595404], [-68.125151, 45.596636], [-68.123574, 45.597834], [-68.122139, 45.598915], [-68.120651, 45.600072], [-68.119303, 45.601087], [-68.118082, 45.602016], [-68.116626, 45.603114], [-68.115315, 45.604117], [-68.114836, 45.604486], [-68.114761, 45.604546], [-68.113265, 45.605672], [-68.110872, 45.607518], [-68.108775, 45.609103], [-68.107276, 45.610273], [-68.105731, 45.611432], [-68.10441, 45.612461], [-68.102805, 45.613685], [-68.101717, 45.614498], [-68.100739, 45.615235], [-68.099849, 45.61591], [-68.098887, 45.616639], [-68.098834, 45.61668], [-68.096929, 45.618114], [-68.095322, 45.619352], [-68.094043, 45.620322], [-68.092358, 45.621605], [-68.091886, 45.621964], [-68.091586, 45.622205], [-68.0913, 45.622453], [-68.090997, 45.622743], [-68.09077, 45.623], [-68.090599, 45.623218], [-68.09042, 45.623462], [-68.090264, 45.623691], [-68.090092, 45.623974], [-68.089964, 45.624211], [-68.089823, 45.624492], [-68.089706, 45.624771], [-68.089628, 45.625005], [-68.089566, 45.625241], [-68.08948, 45.62566], [-68.08939, 45.626083], [-68.089263, 45.626595], [-68.089154, 45.627041], [-68.089076, 45.627364], [-68.088979, 45.627692], [-68.088873, 45.627983], [-68.088754, 45.62827], [-68.088635, 45.628502], [-68.088444, 45.628819], [-68.088332, 45.628991], [-68.088183, 45.629194], [-68.088031, 45.629381], [-68.087959, 45.629466], [-68.087793, 45.629662], [-68.087572, 45.629899], [-68.087384, 45.630078], [-68.087189, 45.630252], [-68.086921, 45.630466], [-68.086582, 45.630716], [-68.086234, 45.630946], [-68.085941, 45.631121], [-68.08556, 45.631334], [-68.084946, 45.631661], [-68.084081, 45.632113], [-68.083316, 45.632517], [-68.082517, 45.632932], [-68.081872, 45.633274], [-68.0813, 45.633578], [-68.08082, 45.63385], [-68.08046, 45.634074], [-68.08019, 45.634264], [-68.079925, 45.634486], [-68.079708, 45.634721], [-68.079451, 45.63502], [-68.079244, 45.635291], [-68.07908, 45.635546], [-68.078904, 45.635871], [-68.078563, 45.636531], [-68.078315, 45.636988], [-68.078063, 45.637447], [-68.077789, 45.637932], [-68.077488, 45.63846], [-68.077381, 45.63867], [-68.07728, 45.63889], [-68.077184, 45.639152], [-68.077062, 45.639493], [-68.077011, 45.639681], [-68.076974, 45.639864], [-68.076937, 45.640139], [-68.076922, 45.640409], [-68.076917, 45.640619], [-68.076919, 45.640848], [-68.076933, 45.641053], [-68.07695, 45.641242], [-68.076981, 45.641474], [-68.077039, 45.641758], [-68.077149, 45.642286], [-68.077207, 45.642606], [-68.077245, 45.642915], [-68.077255, 45.643197], [-68.077233, 45.643499], [-68.077185, 45.64382], [-68.077108, 45.644129], [-68.077001, 45.644449], [-68.07687, 45.64473], [-68.076743, 45.644973], [-68.076615, 45.645182], [-68.076458, 45.645404], [-68.076235, 45.645692], [-68.075918, 45.646062], [-68.07541, 45.646616], [-68.074877, 45.647179], [-68.074271, 45.647819], [-68.073415, 45.648751], [-68.072602, 45.649662], [-68.072381, 45.649908], [-68.072328, 45.649964], [-68.072217, 45.650092], [-68.072134, 45.650184], [-68.072062, 45.650256], [-68.071977, 45.650336], [-68.071884, 45.650421], [-68.071748, 45.650537], [-68.071661, 45.650607], [-68.071559, 45.65069], [-68.07146, 45.650766], [-68.071345, 45.650848], [-68.071173, 45.650965], [-68.070921, 45.651136], [-68.070745, 45.651255], [-68.070605, 45.651352], [-68.069982, 45.651769], [-68.06944, 45.652148], [-68.068797, 45.65259], [-68.068307, 45.652923], [-68.0678, 45.653268], [-68.067339, 45.653588], [-68.066884, 45.653903], [-68.06604, 45.654469], [-68.065289, 45.654973], [-68.064275, 45.655662], [-68.063763, 45.656004], [-68.06329, 45.656324], [-68.062542, 45.656833], [-68.061948, 45.65724], [-68.06132, 45.657667], [-68.060912, 45.65794], [-68.060493, 45.658222], [-68.059883, 45.658634], [-68.059505, 45.658893], [-68.059144, 45.659146], [-68.058364, 45.659679], [-68.05746, 45.660289], [-68.056888, 45.660677], [-68.05627, 45.661101], [-68.055432, 45.661669], [-68.054378, 45.662384], [-68.05378, 45.662791], [-68.053202, 45.663181], [-68.052506, 45.66365], [-68.052102, 45.663921], [-68.051818, 45.664108], [-68.051487, 45.664321], [-68.051134, 45.664536], [-68.050622, 45.664836], [-68.050362, 45.664981], [-68.050151, 45.665093], [-68.049941, 45.665205], [-68.049565, 45.665397], [-68.049243, 45.665554], [-68.048728, 45.665793], [-68.048284, 45.666002], [-68.047803, 45.666216], [-68.046935, 45.666611], [-68.045246, 45.667374], [-68.044095, 45.667903], [-68.042483, 45.668629], [-68.040565, 45.669505], [-68.039606, 45.669944], [-68.038719, 45.670352], [-68.037638, 45.670846], [-68.036836, 45.671204], [-68.029336, 45.672165], [-68.029052, 45.672159], [-68.028785, 45.672164], [-68.028452, 45.672188], [-68.028128, 45.672235], [-68.027814, 45.672295], [-68.027496, 45.672371], [-68.027201, 45.672447], [-68.026708, 45.672576], [-68.026388, 45.672655], [-68.02611, 45.672722], [-68.02581, 45.672791], [-68.025485, 45.672855], [-68.02515, 45.672907], [-68.024788, 45.672948], [-68.024417, 45.672977], [-68.02399, 45.672989], [-68.023582, 45.672988], [-68.023228, 45.672978], [-68.022897, 45.672958], [-68.022494, 45.67292], [-68.02207, 45.672858], [-68.021624, 45.672766], [-68.021193, 45.672662], [-68.020666, 45.672503], [-68.019931, 45.67225], [-68.019514, 45.672102], [-68.019117, 45.671967], [-68.018768, 45.671867], [-68.018428, 45.671783], [-68.018092, 45.671713], [-68.017768, 45.671652], [-68.017105, 45.671546], [-68.016485, 45.671443], [-68.015716, 45.671324], [-68.01458, 45.671139], [-68.013451, 45.670962], [-68.012133, 45.670755], [-68.011176, 45.670603], [-68.01108, 45.670588], [-68.009543, 45.670342], [-68.007084, 45.669945], [-68.004956, 45.669609], [-68.003384, 45.66935], [-68.002506, 45.669216], [-68.002195, 45.669167], [-68.001923, 45.669132], [-68.001716, 45.66911], [-68.001344, 45.669078], [-68.000955, 45.669048], [-68.000649, 45.669034], [-68.000269, 45.669021], [-67.999861, 45.669018], [-67.999463, 45.669021], [-67.998704, 45.669036], [-67.997868, 45.669046], [-67.993111, 45.669136], [-67.991855, 45.669163], [-67.990347, 45.669193], [-67.987696, 45.669244], [-67.985558, 45.669292], [-67.983456, 45.669335], [-67.982302, 45.669359], [-67.981913, 45.669367], [-67.981428, 45.669375], [-67.979897, 45.669405], [-67.977786, 45.669447], [-67.976386, 45.669477], [-67.975266, 45.669503], [-67.974812, 45.669517], [-67.9744, 45.66954], [-67.974032, 45.66957], [-67.973521, 45.669625], [-67.972921, 45.669694], [-67.972114, 45.669782], [-67.97033, 45.66999], [-67.96912, 45.670132], [-67.96887, 45.670165], [-67.968572, 45.670209], [-67.968223, 45.670268], [-67.967976, 45.670325], [-67.96764, 45.670417], [-67.967327, 45.670517], [-67.967062, 45.670609], [-67.966789, 45.670725], [-67.966488, 45.67087], [-67.966214, 45.671017], [-67.965979, 45.671168], [-67.965776, 45.67131], [-67.965559, 45.671491], [-67.965349, 45.671687], [-67.965182, 45.671866], [-67.965051, 45.672021], [-67.964932, 45.67218], [-67.964808, 45.672385], [-67.964718, 45.672548], [-67.964639, 45.672709], [-67.964572, 45.67291], [-67.964524, 45.673115], [-67.964485, 45.673323], [-67.964461, 45.67355], [-67.96448, 45.673958], [-67.964496, 45.674213], [-67.964549, 45.674779], [-67.964583, 45.675237], [-67.964651, 45.675942], [-67.964696, 45.676552], [-67.964704, 45.676769], [-67.964703, 45.676974], [-67.964695, 45.677201], [-67.964678, 45.677435], [-67.964657, 45.677597], [-67.964636, 45.677747], [-67.964583, 45.67799], [-67.964525, 45.678216], [-67.964434, 45.67848], [-67.964338, 45.678705], [-67.964222, 45.678968], [-67.964101, 45.679202], [-67.963967, 45.679424], [-67.963837, 45.679614], [-67.963663, 45.679861], [-67.963488, 45.680081], [-67.963267, 45.680334], [-67.963041, 45.680564], [-67.962803, 45.680785], [-67.962484, 45.681059], [-67.962172, 45.681292], [-67.961866, 45.6815], [-67.961653, 45.681631], [-67.961454, 45.681749], [-67.961198, 45.681889], [-67.960874, 45.682061], [-67.96054, 45.68222], [-67.960159, 45.682379], [-67.959919, 45.68247], [-67.959511, 45.682611], [-67.959047, 45.682751], [-67.958623, 45.682857], [-67.958217, 45.682948], [-67.95779, 45.683026], [-67.957326, 45.683101], [-67.95683, 45.683152], [-67.956337, 45.683187], [-67.955843, 45.683203], [-67.955366, 45.683193], [-67.954772, 45.683162], [-67.954322, 45.683124], [-67.953697, 45.683035], [-67.953032, 45.682913], [-67.952502, 45.682802], [-67.950934, 45.682481], [-67.947954, 45.681869], [-67.946246, 45.681511], [-67.943115, 45.680854], [-67.941487, 45.680517], [-67.939908, 45.680193], [-67.937824, 45.679758], [-67.934951, 45.679167], [-67.933488, 45.678868], [-67.932063, 45.678576], [-67.931903, 45.678544], [-67.929785, 45.678109], [-67.927685, 45.677678], [-67.925254, 45.677181], [-67.921915, 45.676498], [-67.918449, 45.675784], [-67.917606, 45.675608], [-67.916794, 45.675446], [-67.916071, 45.675312], [-67.915553, 45.675221], [-67.915134, 45.675156], [-67.914495, 45.675076], [-67.913892, 45.675011], [-67.913313, 45.674958], [-67.912655, 45.674906], [-67.912126, 45.674875], [-67.91157, 45.674844], [-67.910381, 45.674779], [-67.908108, 45.674655], [-67.907553, 45.674617], [-67.90691, 45.67456], [-67.906365, 45.674498], [-67.905835, 45.674432], [-67.904985, 45.674305], [-67.904194, 45.674164], [-67.903575, 45.674031], [-67.902941, 45.673892], [-67.902258, 45.673725], [-67.901712, 45.673593], [-67.899492, 45.673023], [-67.898878, 45.672877], [-67.896745, 45.672349], [-67.896186, 45.672211], [-67.894829, 45.671855], [-67.894198, 45.671709], [-67.893845, 45.671632], [-67.893493, 45.671566], [-67.893005, 45.671491], [-67.892501, 45.67142], [-67.891977, 45.671357], [-67.891445, 45.671311], [-67.890998, 45.671281], [-67.890566, 45.671266], [-67.890124, 45.671256], [-67.889643, 45.671255], [-67.889266, 45.671265], [-67.888841, 45.671282], [-67.888087, 45.671326], [-67.887307, 45.671381], [-67.884951, 45.671531], [-67.88438, 45.671554], [-67.883928, 45.671559], [-67.883549, 45.671535], [-67.883059, 45.671494], [-67.882569, 45.671429], [-67.882004, 45.671319], [-67.881463, 45.671179], [-67.880959, 45.671009], [-67.88058, 45.670877], [-67.880217, 45.670736], [-67.879865, 45.67057], [-67.879337, 45.670267], [-67.878848, 45.669962], [-67.878183, 45.669539], [-67.876993, 45.668767], [-67.875823, 45.668009], [-67.874068, 45.666885], [-67.873442, 45.666467], [-67.873224, 45.666308], [-67.873026, 45.666149], [-67.872673, 45.665841], [-67.872333, 45.665514], [-67.871922, 45.665077], [-67.871584, 45.664682], [-67.871198, 45.664211], [-67.870696, 45.663589], [-67.870258, 45.663021], [-67.870063, 45.662754], [-67.869889, 45.662483], [-67.869625, 45.662044], [-67.869395, 45.661605], [-67.869188, 45.661155], [-67.868987, 45.660709], [-67.868579, 45.659751], [-67.868489, 45.659522], [-67.866635, 45.655411], [-67.862594, 45.646905], [-67.862344, 45.64659], [-67.862017, 45.646237], [-67.8616, 45.645808], [-67.861152, 45.64539], [-67.860697, 45.644967], [-67.860171, 45.6445], [-67.859477, 45.643862], [-67.858554, 45.643008], [-67.857653, 45.642186], [-67.856653, 45.641267], [-67.855884, 45.640548], [-67.854789, 45.639566], [-67.85387, 45.638712], [-67.853199, 45.638107], [-67.852361, 45.637335], [-67.851538, 45.636579], [-67.851059, 45.636145], [-67.850597, 45.635719], [-67.850164, 45.635312], [-67.849759, 45.634909], [-67.849241, 45.634395], [-67.848977, 45.634124], [-67.848716, 45.633848], [-67.84826, 45.633351], [-67.847826, 45.632857], [-67.847392, 45.632341], [-67.846971, 45.631806], [-67.846625, 45.631347], [-67.846234, 45.630837], [-67.845657, 45.629965], [-67.844981, 45.628928], [-67.844279, 45.62782], [-67.843838, 45.627115], [-67.843396, 45.626406], [-67.842918, 45.62566], [-67.842436, 45.62491], [-67.842006, 45.624295], [-67.841544, 45.623687], [-67.841217, 45.623288], [-67.840869, 45.622889], [-67.840542, 45.622527], [-67.84021, 45.622174], [-67.839773, 45.621728], [-67.839293, 45.621275], [-67.838721, 45.620784], [-67.837983, 45.620159], [-67.837283, 45.6196], [-67.836859, 45.619294], [-67.836376, 45.618964], [-67.835806, 45.618587], [-67.835246, 45.618237], [-67.834227, 45.617627], [-67.833864, 45.617411], [-67.833823, 45.617387], [-67.833208, 45.61702], [-67.832108, 45.616369], [-67.831019, 45.615723], [-67.829656, 45.614922], [-67.828306, 45.614133], [-67.82697, 45.61335], [-67.826255, 45.612925], [-67.825527, 45.612506], [-67.825151, 45.612295], [-67.82475, 45.612082], [-67.824349, 45.611875], [-67.823942, 45.61167], [-67.823425, 45.611421], [-67.822883, 45.611171], [-67.822305, 45.610917], [-67.821685, 45.610663], [-67.821125, 45.610439], [-67.820504, 45.610206], [-67.820004, 45.610031], [-67.819491, 45.609865], [-67.818774, 45.609639], [-67.818064, 45.60943], [-67.817175, 45.609186], [-67.81631, 45.60896], [-67.815454, 45.60874], [-67.814574, 45.608516], [-67.814076, 45.608391], [-67.813619, 45.608284], [-67.813135, 45.608187], [-67.812602, 45.608103], [-67.81181, 45.608017], [-67.811113, 45.607959], [-67.810517, 45.60791], [-67.809954, 45.60785], [-67.809547, 45.60779], [-67.809088, 45.607698], [-67.80868, 45.607593], [-67.808266, 45.607464], [-67.80781, 45.607306], [-67.80739, 45.607149], [-67.806946, 45.606965], [-67.806475, 45.606739], [-67.806081, 45.606537], [-67.80574, 45.606333], [-67.80541, 45.606112], [-67.805078, 45.605843], [-67.804795, 45.605592], [-67.804556, 45.605345], [-67.804081, 45.60483], [-67.803862, 45.604598], [-67.803646, 45.604382], [-67.803414, 45.604175], [-67.803163, 45.60398], [-67.802895, 45.603802], [-67.80259, 45.603603], [-67.802252, 45.603409], [-67.801755, 45.603142], [-67.801263, 45.602884], [-67.799136, 45.601772], [-67.797993, 45.601169], [-67.797028, 45.600667], [-67.793672, 45.598912], [-67.791668, 45.59786], [-67.790137, 45.597069], [-67.788564, 45.596247], [-67.787068, 45.595468], [-67.785701, 45.594756], [-67.784356, 45.59405], [-67.782121, 45.592882], [-67.779876, 45.5917], [-67.778717, 45.591101], [-67.77738, 45.590398], [-67.7768, 45.590093], [-67.776125, 45.589735], [-67.775555, 45.589411], [-67.774996, 45.589078], [-67.774418, 45.58871], [-67.773672, 45.588208], [-67.772928, 45.587676], [-67.772286, 45.587218], [-67.770479, 45.585924], [-67.767467, 45.583789], [-67.764546, 45.581719], [-67.759674, 45.578252], [-67.755432, 45.575262], [-67.754844, 45.574843], [-67.754274, 45.574441], [-67.753704, 45.574037], [-67.753399, 45.573828], [-67.753143, 45.573663], [-67.752898, 45.573513], [-67.752581, 45.573337], [-67.752243, 45.573159], [-67.751931, 45.572997], [-67.751548, 45.572819], [-67.751008, 45.572578], [-67.750525, 45.572374], [-67.750064, 45.572178], [-67.749659, 45.572016], [-67.74919, 45.571835], [-67.748822, 45.571713], [-67.748527, 45.571626], [-67.748143, 45.571532], [-67.747739, 45.571445], [-67.747322, 45.571373], [-67.74698, 45.571325], [-67.746628, 45.571286], [-67.746258, 45.571258], [-67.745788, 45.571249], [-67.745293, 45.57125], [-67.74487, 45.571266], [-67.744313, 45.57129], [-67.741855, 45.571417], [-67.740576, 45.571477], [-67.739942, 45.571507], [-67.739462, 45.571524], [-67.73897, 45.57153], [-67.738505, 45.571518], [-67.737971, 45.571487], [-67.737283, 45.571421], [-67.735548, 45.571222], [-67.735097, 45.57118], [-67.734665, 45.571152], [-67.734296, 45.571135], [-67.733843, 45.57113], [-67.733385, 45.571127], [-67.732865, 45.571124], [-67.732155, 45.571123], [-67.731475, 45.571118], [-67.730786, 45.571116], [-67.729964, 45.57111], [-67.729135, 45.571099], [-67.728736, 45.571093], [-67.728386, 45.571083], [-67.727829, 45.571062], [-67.726551, 45.571007], [-67.724545, 45.57092], [-67.722398, 45.570826], [-67.721205, 45.570782], [-67.720066, 45.570739], [-67.71893, 45.570692], [-67.718204, 45.570658], [-67.7175, 45.570632], [-67.716974, 45.570618], [-67.716014, 45.570597], [-67.715059, 45.570581], [-67.714582, 45.570566], [-67.714105, 45.570536], [-67.713648, 45.570486], [-67.713148, 45.570405], [-67.712762, 45.570319], [-67.712313, 45.57019], [-67.711874, 45.570021], [-67.711425, 45.5698], [-67.711113, 45.569633], [-67.710723, 45.569397], [-67.710261, 45.569115], [-67.708381, 45.567963], [-67.707389, 45.567358], [-67.706953, 45.567084], [-67.706512, 45.566812], [-67.70569, 45.566304], [-67.704895, 45.565811], [-67.704062, 45.5653], [-67.70324, 45.564793], [-67.702329, 45.564223], [-67.701209, 45.56353], [-67.699466, 45.562455], [-67.698753, 45.562008], [-67.698013, 45.56155], [-67.69727, 45.561096], [-67.696509, 45.560629], [-67.695515, 45.56001], [-67.694998, 45.559691], [-67.69451, 45.559375], [-67.694119, 45.559101], [-67.693748, 45.558815], [-67.693241, 45.558381], [-67.692558, 45.557782], [-67.691832, 45.557137], [-67.691431, 45.556784], [-67.691068, 45.556471], [-67.690698, 45.55618], [-67.690396, 45.555962], [-67.690138, 45.555789], [-67.689907, 45.555645], [-67.689639, 45.555493], [-67.689182, 45.555248], [-67.688682, 45.555005], [-67.688096, 45.554743], [-67.686837, 45.554174], [-67.685981, 45.553789], [-67.685316, 45.553506], [-67.684961, 45.553371], [-67.684601, 45.553252], [-67.683828, 45.553014], [-67.681691, 45.552373], [-67.678887, 45.551545], [-67.678438, 45.551412], [-67.677733, 45.551177], [-67.677419, 45.551057], [-67.677052, 45.550905], [-67.676729, 45.55076], [-67.676186, 45.550485], [-67.67524, 45.550015], [-67.673751, 45.549275], [-67.673334, 45.549076], [-67.672895, 45.548886], [-67.672387, 45.548691], [-67.67195, 45.548549], [-67.671566, 45.548434], [-67.671263, 45.548354], [-67.670858, 45.548251], [-67.670358, 45.54815], [-67.669913, 45.548071], [-67.6695, 45.548008], [-67.669117, 45.547959], [-67.668612, 45.547899], [-67.668064, 45.547847], [-67.667485, 45.54779], [-67.666873, 45.547734], [-67.666099, 45.54766], [-67.665194, 45.54757], [-67.664361, 45.547478], [-67.663586, 45.547407], [-67.662916, 45.547343], [-67.662279, 45.54728], [-67.661428, 45.547193], [-67.659755, 45.547023], [-67.657767, 45.546826], [-67.656803, 45.546735], [-67.656195, 45.546672], [-67.655598, 45.54661], [-67.654406, 45.546491], [-67.653274, 45.546383], [-67.651692, 45.546228], [-67.65062, 45.546122], [-67.650464, 45.546106], [-67.649872, 45.546039], [-67.649361, 45.545972], [-67.649093, 45.545926], [-67.648731, 45.545855], [-67.648342, 45.545762], [-67.647988, 45.545657], [-67.647632, 45.545538], [-67.64709, 45.545323], [-67.646531, 45.545084], [-67.645853, 45.544795], [-67.645186, 45.544509], [-67.644212, 45.544095], [-67.643679, 45.543869], [-67.643178, 45.543661], [-67.642486, 45.543391], [-67.642175, 45.543274], [-67.641827, 45.54315], [-67.641324, 45.542982], [-67.640673, 45.542786], [-67.640044, 45.542609], [-67.639179, 45.542369], [-67.637631, 45.541958], [-67.636602, 45.541687], [-67.635621, 45.541436], [-67.633167, 45.540785], [-67.63075, 45.540149], [-67.630022, 45.53994], [-67.629482, 45.539772], [-67.62895, 45.539586], [-67.628396, 45.539377], [-67.627701, 45.539084], [-67.62732, 45.538901], [-67.62696, 45.538718], [-67.626545, 45.538493], [-67.626057, 45.538208], [-67.625643, 45.537949], [-67.625306, 45.537724], [-67.625018, 45.537517], [-67.624682, 45.537256], [-67.62439, 45.537006], [-67.624087, 45.536746], [-67.623789, 45.536474], [-67.62352, 45.536204], [-67.623267, 45.535943], [-67.622981, 45.535631], [-67.62271, 45.535343], [-67.622461, 45.53509], [-67.622228, 45.534872], [-67.621973, 45.534653], [-67.621667, 45.534432], [-67.621409, 45.534265], [-67.62113, 45.534101], [-67.620846, 45.533951], [-67.620496, 45.533785], [-67.619945, 45.533568], [-67.61938, 45.533356], [-67.619025, 45.533227], [-67.618649, 45.533092], [-67.618275, 45.532955], [-67.617844, 45.532789], [-67.617499, 45.532643], [-67.617094, 45.532453], [-67.616727, 45.532261], [-67.616278, 45.53201], [-67.615734, 45.531698], [-67.615321, 45.531471], [-67.614932, 45.531251], [-67.614618, 45.531087], [-67.61426, 45.530928], [-67.613909, 45.530782], [-67.613612, 45.530678], [-67.613253, 45.530557], [-67.612954, 45.530479], [-67.612538, 45.530381], [-67.612089, 45.530291], [-67.61126, 45.53015], [-67.610225, 45.529958], [-67.609811, 45.529874], [-67.609412, 45.529779], [-67.608757, 45.529622], [-67.608011, 45.529417], [-67.607319, 45.529213], [-67.606615, 45.528992], [-67.605972, 45.528761], [-67.605394, 45.528543], [-67.604796, 45.528304], [-67.603913, 45.527928], [-67.602535, 45.527328], [-67.601244, 45.526777], [-67.599826, 45.526168], [-67.598479, 45.525593], [-67.596982, 45.524953], [-67.596253, 45.524634], [-67.595894, 45.524489], [-67.595521, 45.524337], [-67.595094, 45.524175], [-67.594803, 45.524073], [-67.594518, 45.52399], [-67.594203, 45.523909], [-67.593801, 45.523814], [-67.593438, 45.523744], [-67.593087, 45.52369], [-67.592761, 45.523654], [-67.592421, 45.52363], [-67.592087, 45.523622], [-67.591705, 45.523626], [-67.591307, 45.523642], [-67.590874, 45.52367], [-67.590454, 45.523721], [-67.590073, 45.523775], [-67.589301, 45.52391], [-67.588578, 45.524034], [-67.586243, 45.524432], [-67.582324, 45.525105], [-67.580614, 45.525392], [-67.579724, 45.525542], [-67.578883, 45.525678], [-67.578483, 45.525736], [-67.578132, 45.525776], [-67.577776, 45.525802], [-67.577448, 45.525815], [-67.57713, 45.525814], [-67.576749, 45.525799], [-67.576324, 45.525762], [-67.57589, 45.525706], [-67.575523, 45.52565], [-67.575173, 45.525591], [-67.574898, 45.525534], [-67.574528, 45.525438], [-67.574149, 45.525323], [-67.57374, 45.525184], [-67.573341, 45.525025], [-67.572894, 45.524819], [-67.572474, 45.524603], [-67.571942, 45.524318], [-67.570873, 45.523744], [-67.570279, 45.523418], [-67.569737, 45.523129], [-67.569401, 45.522955], [-67.56913, 45.522821], [-67.568913, 45.522725], [-67.568669, 45.522631], [-67.568413, 45.522539], [-67.568136, 45.522455], [-67.56782, 45.522369], [-67.567554, 45.522307], [-67.567266, 45.522248], [-67.566967, 45.52221], [-67.566581, 45.522177], [-67.566205, 45.522159], [-67.565865, 45.522151], [-67.565483, 45.522163], [-67.565129, 45.522194], [-67.564727, 45.522247], [-67.564441, 45.522298], [-67.564131, 45.52237], [-67.563812, 45.522454], [-67.563448, 45.522569], [-67.563087, 45.52271], [-67.562828, 45.522826], [-67.562618, 45.522927], [-67.562322, 45.52309], [-67.561993, 45.523311], [-67.561696, 45.52355], [-67.561344, 45.523881], [-67.560981, 45.524276], [-67.560761, 45.524575], [-67.560641, 45.524798], [-67.560556, 45.525044], [-67.56049, 45.525372], [-67.56044, 45.525779], [-67.560405, 45.526234], [-67.560411, 45.526633], [-67.560411, 45.526964], [-67.560389, 45.527425], [-67.560329, 45.527799], [-67.560279, 45.527983], [-67.560218, 45.52816], [-67.56015, 45.528337], [-67.560043, 45.528535], [-67.559904, 45.528757], [-67.55973, 45.528983], [-67.559509, 45.529238], [-67.55927, 45.529476], [-67.559076, 45.52964], [-67.55887, 45.529801], [-67.558555, 45.530006], [-67.558113, 45.530275], [-67.556975, 45.530948], [-67.556454, 45.531267], [-67.556138, 45.531458], [-67.555841, 45.531655], [-67.555473, 45.531915], [-67.555212, 45.53212], [-67.554948, 45.53235], [-67.554738, 45.532556], [-67.554502, 45.532825], [-67.55421, 45.533196], [-67.553721, 45.533855], [-67.553402, 45.534303], [-67.553208, 45.534548], [-67.552863, 45.535], [-67.55261, 45.535334], [-67.552452, 45.535528], [-67.552305, 45.535702], [-67.552109, 45.535921], [-67.551913, 45.536118], [-67.551758, 45.536257], [-67.551529, 45.536467], [-67.551272, 45.536683], [-67.550926, 45.536948], [-67.550525, 45.537232], [-67.550171, 45.537448], [-67.549736, 45.537704], [-67.549229, 45.53797], [-67.548669, 45.538229], [-67.54815, 45.538437], [-67.547613, 45.538635], [-67.547119, 45.53879], [-67.546603, 45.538929], [-67.546015, 45.539061], [-67.545338, 45.539197], [-67.544536, 45.539345], [-67.543951, 45.539456], [-67.543485, 45.539559], [-67.542944, 45.539693], [-67.54248, 45.539818], [-67.54207, 45.53993], [-67.541802, 45.540005], [-67.541205, 45.540165], [-67.540634, 45.540326], [-67.540342, 45.540425], [-67.539976, 45.540555], [-67.539686, 45.540674], [-67.539382, 45.540815], [-67.539056, 45.540985], [-67.538756, 45.541159], [-67.538464, 45.541344], [-67.537403, 45.542101], [-67.536933, 45.542438], [-67.536436, 45.542786], [-67.536228, 45.542931], [-67.536038, 45.543052], [-67.535866, 45.543146], [-67.535678, 45.543236], [-67.535445, 45.54334], [-67.535136, 45.543462], [-67.534785, 45.543598], [-67.534518, 45.543691], [-67.534269, 45.543776], [-67.533987, 45.543859], [-67.533753, 45.54392], [-67.533473, 45.543991], [-67.533122, 45.544064], [-67.532799, 45.544121], [-67.5325, 45.544169], [-67.532325, 45.544194], [-67.532004, 45.544241], [-67.531547, 45.544297], [-67.531115, 45.544351], [-67.53071, 45.544388], [-67.530314, 45.544412], [-67.529874, 45.544427], [-67.529485, 45.544434], [-67.529162, 45.544427], [-67.528827, 45.54442], [-67.528576, 45.544406], [-67.528367, 45.544388], [-67.528114, 45.544367], [-67.52791, 45.544348], [-67.527655, 45.544322], [-67.527363, 45.54428], [-67.527044, 45.544225], [-67.526762, 45.544164], [-67.526514, 45.544111], [-67.526224, 45.544031], [-67.52596, 45.54396], [-67.525678, 45.543873], [-67.525384, 45.543777], [-67.525083, 45.54366], [-67.524774, 45.543533], [-67.524464, 45.543399], [-67.524085, 45.543233], [-67.523543, 45.542998], [-67.523141, 45.54282], [-67.522701, 45.542626], [-67.522331, 45.54246], [-67.522012, 45.542332], [-67.521741, 45.542238], [-67.521482, 45.542155], [-67.521188, 45.542065], [-67.520887, 45.541996], [-67.520607, 45.541941], [-67.52037, 45.541908], [-67.52008, 45.541871], [-67.51967, 45.541844], [-67.519336, 45.541826], [-67.519009, 45.541834], [-67.518691, 45.541848], [-67.518352, 45.541877], [-67.518027, 45.54191], [-67.517747, 45.541968], [-67.517436, 45.542031], [-67.517084, 45.542125], [-67.51677, 45.542233], [-67.516516, 45.542335], [-67.51626, 45.542443], [-67.515904, 45.542622], [-67.515407, 45.54287], [-67.514983, 45.543092], [-67.514592, 45.5433], [-67.513819, 45.543726], [-67.513064, 45.544137], [-67.512601, 45.544385], [-67.512346, 45.544529], [-67.5122, 45.54461], [-67.511829, 45.544763], [-67.51137, 45.544957], [-67.51105, 45.545081], [-67.510668, 45.545214], [-67.510335, 45.545325], [-67.509923, 45.545442], [-67.509613, 45.545528], [-67.509294, 45.545603], [-67.508947, 45.545679], [-67.508536, 45.545757], [-67.508087, 45.54583], [-67.50744, 45.545912], [-67.506032, 45.54607], [-67.504636, 45.546228], [-67.503272, 45.546374], [-67.502058, 45.546509], [-67.500827, 45.546648], [-67.499474, 45.546801], [-67.498265, 45.546939], [-67.49715, 45.547062], [-67.49565, 45.547228], [-67.494245, 45.547385], [-67.492651, 45.547566], [-67.491186, 45.547729], [-67.49012, 45.547847], [-67.488994, 45.547973], [-67.488128, 45.548067], [-67.487059, 45.548186], [-67.485958, 45.548308], [-67.485066, 45.548413], [-67.484314, 45.548511], [-67.483609, 45.548624], [-67.483141, 45.548703], [-67.482076, 45.548931], [-67.479588, 45.549518], [-67.477697, 45.549961], [-67.475783, 45.550411], [-67.473806, 45.550878], [-67.471148, 45.551502], [-67.46791, 45.552267], [-67.464956, 45.552964], [-67.462157, 45.553619], [-67.459143, 45.55433], [-67.455645, 45.555153], [-67.451837, 45.556051], [-67.449806, 45.556525], [-67.448678, 45.556791], [-67.447962, 45.556959], [-67.447347, 45.557116], [-67.446891, 45.557239], [-67.446253, 45.557431], [-67.445269, 45.557761], [-67.443857, 45.558253], [-67.440391, 45.55947], [-67.431381, 45.562628], [-67.430487, 45.562938], [-67.429563, 45.563262]]}}, {"type": "Feature", "properties": {"company": "Maine Central Railroad", "line": "Maine Central: Bangor \u2013 Vanceboro", "id": "mec-bangor-danforth-vanceboro", "color": "#457B9D", "mode": "intercity_rail", "avg_speed_kmh": 45, "speed_source": "estimated: Maine Central Eastern Division main line; unsourced", "geometry_source": "Real-traced from OpenStreetMap (ODbL) via Overpass along the Waterville Subdivision (Bangor to Mattawamkeag) and the Mattawamkeag Subdivision (Mattawamkeag through Danforth to Vanceboro) \u2014 the surviving line built as the European and North American Railway.", "geometry_quality": "Real-traced, 2345 points; 7% of the full line's length (8.0 mi across 26 places) is straight-line connector where the mapped way network breaks. Traced 113.7 mi against the 114 miles the E&NA gave for Bangor to Vanceboro. LATER ALIGNMENT: the corridor as it survives today, not a verified 1871 alignment.", "segments": [{"start": 1882, "end": 1960, "headway_min": 480, "note": "Maine Central leased the E&NA between Bangor and Vanceboro in 1882 and ran it as its Eastern Division main line. A photograph of the Danforth station survives from 1923, when the town's population was heading for its 1930 peak of about 1,467. Maine Central ran its last passenger train in 1960 and became a freight-only railroad; the Canadian Pacific bought this line outright from MEC in 1974. Frequency estimated/unsourced", "sources": ["Segment-level: this segment's own note carries the citation for its dates and service. Supporting references for the line:", "https://en.wikipedia.org/wiki/European_and_North_American_Railway", "https://en.wikipedia.org/wiki/Canadian_Pacific_Lines_in_Maine", "https://en.wikipedia.org/wiki/Atlantic_(train)"]}]}, "geometry": {"type": "LineString", "coordinates": [[-68.768156, 44.79842], [-68.763803, 44.800492], [-68.757524, 44.803449], [-68.757379, 44.803542], [-68.756797, 44.803945], [-68.756558, 44.804131], [-68.756511, 44.804169], [-68.755344, 44.805003], [-68.755187, 44.805121], [-68.754931, 44.805272], [-68.754472, 44.805529], [-68.753973, 44.805784], [-68.753495, 44.806028], [-68.752525, 44.806507], [-68.751634, 44.806948], [-68.750977, 44.807286], [-68.750601, 44.807492], [-68.750199, 44.807728], [-68.749784, 44.807991], [-68.749508, 44.808191], [-68.748903, 44.808676], [-68.748559, 44.808979], [-68.74822, 44.809274], [-68.747921, 44.80953], [-68.74764, 44.809753], [-68.747375, 44.809943], [-68.747049, 44.81016], [-68.746635, 44.810401], [-68.746277, 44.810587], [-68.746069, 44.810693], [-68.745811, 44.810802], [-68.745414, 44.810971], [-68.744856, 44.811169], [-68.744134, 44.811376], [-68.743695, 44.811489], [-68.743603, 44.811514], [-68.74291, 44.811701], [-68.741641, 44.81204], [-68.741263, 44.812148], [-68.740772, 44.812315], [-68.740299, 44.812489], [-68.739877, 44.81267], [-68.73969, 44.812756], [-68.739506, 44.812852], [-68.739208, 44.813039], [-68.738967, 44.81322], [-68.738681, 44.813462], [-68.738271, 44.813868], [-68.737999, 44.814149], [-68.737624, 44.814508], [-68.737372, 44.814715], [-68.737082, 44.814921], [-68.736697, 44.81513], [-68.73626, 44.81533], [-68.735893, 44.815441], [-68.735515, 44.815544], [-68.735175, 44.815633], [-68.734701, 44.815729], [-68.73354, 44.815966], [-68.733296, 44.816026], [-68.732981, 44.816122], [-68.732503, 44.816296], [-68.731958, 44.816561], [-68.731697, 44.816714], [-68.731436, 44.8169], [-68.731133, 44.817153], [-68.730446, 44.817789], [-68.730194, 44.818001], [-68.729912, 44.818193], [-68.729485, 44.818444], [-68.72905, 44.818638], [-68.72861, 44.818797], [-68.72798, 44.819038], [-68.72722, 44.819308], [-68.726397, 44.819608], [-68.725353, 44.819989], [-68.724481, 44.820296], [-68.723824, 44.820513], [-68.723062, 44.820723], [-68.722516, 44.820858], [-68.721676, 44.821042], [-68.720625, 44.821266], [-68.719904, 44.821433], [-68.7193, 44.821635], [-68.718949, 44.821803], [-68.718557, 44.822027], [-68.716891, 44.82334], [-68.715847, 44.824173], [-68.714788, 44.825019], [-68.714772, 44.825032], [-68.71413, 44.825523], [-68.711828, 44.827226], [-68.711306, 44.827623], [-68.710908, 44.827919], [-68.710641, 44.828145], [-68.709201, 44.831065], [-68.709141, 44.831387], [-68.708797, 44.832965], [-68.708778, 44.833045], [-68.708615, 44.833781], [-68.708472, 44.834461], [-68.708403, 44.834784], [-68.708305, 44.835133], [-68.708239, 44.835337], [-68.708111, 44.835711], [-68.707925, 44.836036], [-68.707827, 44.836212], [-68.707654, 44.836461], [-68.707218, 44.83706], [-68.706599, 44.837944], [-68.706374, 44.838228], [-68.706124, 44.838583], [-68.705972, 44.838864], [-68.705817, 44.839155], [-68.705696, 44.839453], [-68.705402, 44.840232], [-68.705238, 44.840623], [-68.704996, 44.841044], [-68.704736, 44.841385], [-68.704502, 44.841656], [-68.704238, 44.841918], [-68.704001, 44.842135], [-68.703693, 44.842377], [-68.703346, 44.842628], [-68.702585, 44.843085], [-68.701577, 44.843656], [-68.700877, 44.844112], [-68.700243, 44.844558], [-68.700075, 44.844683], [-68.698062, 44.846543], [-68.697444, 44.847089], [-68.69703, 44.847411], [-68.696676, 44.847654], [-68.69613, 44.84796], [-68.695392, 44.848311], [-68.693583, 44.849168], [-68.690964, 44.850397], [-68.690071, 44.850866], [-68.689393, 44.851303], [-68.68889, 44.851686], [-68.688356, 44.852162], [-68.687363, 44.853089], [-68.687099, 44.853302], [-68.686827, 44.853511], [-68.686564, 44.853685], [-68.686272, 44.853863], [-68.685512, 44.854317], [-68.684544, 44.854863], [-68.683906, 44.855176], [-68.682363, 44.855813], [-68.682052, 44.855957], [-68.68161, 44.856217], [-68.681282, 44.85645], [-68.681001, 44.856682], [-68.680523, 44.857127], [-68.679735, 44.85788], [-68.67941, 44.858312], [-68.67929, 44.85851], [-68.679102, 44.85888], [-68.678982, 44.859255], [-68.678883, 44.859773], [-68.67864, 44.861671], [-68.678367, 44.863721], [-68.677836, 44.867587], [-68.677761, 44.868048], [-68.67768, 44.8684], [-68.677601, 44.86865], [-68.677504, 44.868914], [-68.677334, 44.869312], [-68.677002, 44.870062], [-68.675988, 44.872391], [-68.67586, 44.872671], [-68.675694, 44.8731], [-68.675508, 44.873676], [-68.675471, 44.873832], [-68.67539, 44.874143], [-68.675138, 44.87506], [-68.674707, 44.876603], [-68.674621, 44.876897], [-68.674548, 44.877063], [-68.67441, 44.877361], [-68.674253, 44.877616], [-68.673878, 44.878161], [-68.673521, 44.878583], [-68.673201, 44.878926], [-68.672892, 44.87921], [-68.672592, 44.87944], [-68.672283, 44.879643], [-68.671822, 44.879896], [-68.671456, 44.880059], [-68.671017, 44.880222], [-68.67091, 44.880252], [-68.670607, 44.880339], [-68.669582, 44.880595], [-68.668421, 44.880883], [-68.668137, 44.880951], [-68.668059, 44.880971], [-68.666907, 44.881259], [-68.666678, 44.881326], [-68.666435, 44.881407], [-68.666002, 44.881604], [-68.665894, 44.881666], [-68.663395, 44.883434], [-68.661902, 44.88452], [-68.661794, 44.884597], [-68.659958, 44.885914], [-68.659751, 44.886039], [-68.659514, 44.886186], [-68.658771, 44.886581], [-68.658255, 44.886795], [-68.657698, 44.886991], [-68.655876, 44.887573], [-68.65467, 44.887962], [-68.654421, 44.888049], [-68.653716, 44.888329], [-68.653142, 44.888573], [-68.652633, 44.888804], [-68.651696, 44.889243], [-68.651322, 44.889439], [-68.650398, 44.889942], [-68.650007, 44.890183], [-68.649652, 44.890441], [-68.649356, 44.890704], [-68.649099, 44.890964], [-68.64862, 44.891533], [-68.647988, 44.892331], [-68.647172, 44.893344], [-68.646507, 44.894188], [-68.646114, 44.894804], [-68.645928, 44.895191], [-68.644799, 44.897378], [-68.644491, 44.898029], [-68.644156, 44.898678], [-68.643744, 44.899535], [-68.643541, 44.899894], [-68.643417, 44.900122], [-68.642426, 44.902098], [-68.641776, 44.903355], [-68.641163, 44.904575], [-68.640844, 44.905147], [-68.640637, 44.905534], [-68.640443, 44.906036], [-68.640371, 44.906471], [-68.640312, 44.906958], [-68.640366, 44.908309], [-68.640336, 44.909128], [-68.640296, 44.90943], [-68.64006, 44.910578], [-68.63998, 44.911118], [-68.638938, 44.913834], [-68.639514, 44.92243], [-68.643062, 44.930564], [-68.642379, 44.938643], [-68.642314, 44.938744], [-68.642159, 44.938964], [-68.64197, 44.939232], [-68.641599, 44.939794], [-68.641475, 44.940002], [-68.641432, 44.940089], [-68.641379, 44.940211], [-68.641276, 44.940486], [-68.641186, 44.940813], [-68.641132, 44.941184], [-68.641127, 44.941428], [-68.641143, 44.941693], [-68.641176, 44.941919], [-68.641187, 44.941973], [-68.641203, 44.942045], [-68.641305, 44.942402], [-68.641485, 44.942798], [-68.641681, 44.943314], [-68.641914, 44.943847], [-68.642113, 44.94432], [-68.642279, 44.944713], [-68.642459, 44.945179], [-68.64259, 44.94556], [-68.642681, 44.945888], [-68.642783, 44.946541], [-68.642802, 44.946737], [-68.642803, 44.946779], [-68.642837, 44.947498], [-68.64282, 44.947909], [-68.642751, 44.948425], [-68.64266, 44.948895], [-68.642531, 44.949419], [-68.642334, 44.950019], [-68.642103, 44.950617], [-68.641894, 44.95102], [-68.641716, 44.951326], [-68.641513, 44.951639], [-68.641196, 44.952145], [-68.64083, 44.95263], [-68.640439, 44.953198], [-68.640164, 44.95363], [-68.639777, 44.954148], [-68.639465, 44.954518], [-68.639076, 44.954945], [-68.638456, 44.955606], [-68.637924, 44.956175], [-68.637561, 44.956574], [-68.637131, 44.95706], [-68.636955, 44.957247], [-68.63672, 44.957493], [-68.636542, 44.957701], [-68.636344, 44.957926], [-68.636101, 44.958218], [-68.635922, 44.958447], [-68.635745, 44.958679], [-68.635568, 44.958923], [-68.635385, 44.959204], [-68.635132, 44.959641], [-68.634951, 44.959981], [-68.634758, 44.960407], [-68.634638, 44.960692], [-68.634595, 44.960817], [-68.634534, 44.960962], [-68.634496, 44.961088], [-68.634434, 44.961273], [-68.634397, 44.96142], [-68.634338, 44.961609], [-68.634283, 44.961816], [-68.634235, 44.962008], [-68.63421, 44.962223], [-68.634182, 44.962428], [-68.634158, 44.96258], [-68.634127, 44.962754], [-68.634095, 44.962928], [-68.634068, 44.963139], [-68.634029, 44.963373], [-68.633987, 44.963673], [-68.633477, 44.967013], [-68.632759, 44.971525], [-68.632506, 44.973309], [-68.6325, 44.973348], [-68.632188, 44.975229], [-68.630255, 44.987957], [-68.630216, 44.98821], [-68.630173, 44.988516], [-68.630098, 44.988916], [-68.629931, 44.990022], [-68.629711, 44.991414], [-68.629687, 44.99165], [-68.629679, 44.9919], [-68.62967, 44.9921], [-68.62967, 44.992304], [-68.62967, 44.992515], [-68.629682, 44.992715], [-68.629711, 44.992907], [-68.629734, 44.993117], [-68.629761, 44.993291], [-68.62979, 44.993488], [-68.629836, 44.993736], [-68.629896, 44.994003], [-68.629964, 44.994283], [-68.630054, 44.994547], [-68.63018, 44.994907], [-68.630567, 44.995841], [-68.631051, 44.996926], [-68.631454, 44.997913], [-68.631922, 44.998966], [-68.632372, 45.000035], [-68.632653, 45.000635], [-68.633066, 45.001578], [-68.633676, 45.003001], [-68.634266, 45.004377], [-68.634657, 45.005283], [-68.634708, 45.005399], [-68.634846, 45.00571], [-68.638293, 45.014006], [-68.638382, 45.014328], [-68.638606, 45.015432], [-68.639222, 45.018545], [-68.639944, 45.021903], [-68.64193, 45.032155], [-68.644324, 45.044251], [-68.644869, 45.047012], [-68.644878, 45.047059], [-68.64539, 45.049628], [-68.646066, 45.053045], [-68.646485, 45.05513], [-68.647304, 45.059269], [-68.648515, 45.065344], [-68.650055, 45.073096], [-68.650126, 45.073529], [-68.650173, 45.07398], [-68.650199, 45.074385], [-68.650188, 45.074748], [-68.650166, 45.07524], [-68.6501, 45.075752], [-68.650006, 45.076203], [-68.649887, 45.076695], [-68.649724, 45.077185], [-68.649497, 45.077752], [-68.649357, 45.078066], [-68.649186, 45.078387], [-68.648996, 45.07871], [-68.6488, 45.079046], [-68.648549, 45.079385], [-68.648497, 45.07947], [-68.648173, 45.07989], [-68.647786, 45.08033], [-68.647384, 45.080753], [-68.645741, 45.082486], [-68.644628, 45.083647], [-68.643434, 45.084895], [-68.642177, 45.086211], [-68.640434, 45.088045], [-68.638382, 45.090191], [-68.636813, 45.09183], [-68.636106, 45.092568], [-68.634006, 45.094766], [-68.632402, 45.096451], [-68.63109, 45.097824], [-68.629504, 45.099481], [-68.625509, 45.103664], [-68.624995, 45.104203], [-68.624336, 45.104899], [-68.623745, 45.105518], [-68.623438, 45.105866], [-68.623124, 45.10618], [-68.622346, 45.106992], [-68.621444, 45.107931], [-68.62064, 45.10873], [-68.619852, 45.109615], [-68.61942, 45.110053], [-68.617637, 45.111934], [-68.617125, 45.112499], [-68.616695, 45.113025], [-68.616218, 45.113697], [-68.616053, 45.113942], [-68.615852, 45.114255], [-68.615567, 45.114714], [-68.615267, 45.115292], [-68.615122, 45.115607], [-68.615072, 45.115804], [-68.615018, 45.115967], [-68.614728, 45.11661], [-68.614284, 45.117604], [-68.614082, 45.118047], [-68.613813, 45.118637], [-68.613402, 45.119409], [-68.612937, 45.120106], [-68.612626, 45.120514], [-68.612301, 45.120952], [-68.611995, 45.121352], [-68.611603, 45.121978], [-68.611308, 45.12244], [-68.611063, 45.122949], [-68.610951, 45.123221], [-68.610765, 45.123739], [-68.610636, 45.124243], [-68.610522, 45.124722], [-68.610461, 45.125109], [-68.610413, 45.125402], [-68.61037, 45.125604], [-68.610321, 45.125839], [-68.610309, 45.126987], [-68.610328, 45.12721], [-68.610438, 45.128553], [-68.610496, 45.129973], [-68.610557, 45.130813], [-68.610602, 45.131579], [-68.610666, 45.132388], [-68.61079, 45.134301], [-68.610802, 45.134787], [-68.610791, 45.135112], [-68.61085, 45.136269], [-68.610957, 45.137768], [-68.610982, 45.138772], [-68.610984, 45.138843], [-68.610985, 45.138887], [-68.610989, 45.13894], [-68.61113, 45.141062], [-68.611255, 45.143202], [-68.611401, 45.145884], [-68.611961, 45.155556], [-68.612084, 45.158063], [-68.612861, 45.172168], [-68.612914, 45.17256], [-68.612917, 45.172787], [-68.612967, 45.174019], [-68.613308, 45.180412], [-68.613347, 45.180857], [-68.613366, 45.181494], [-68.61345, 45.182592], [-68.613381, 45.184113], [-68.613384, 45.184539], [-68.613368, 45.185044], [-68.613347, 45.186034], [-68.613342, 45.186135], [-68.613263, 45.187768], [-68.61321, 45.188231], [-68.61309, 45.188908], [-68.612964, 45.189482], [-68.612806, 45.190073], [-68.612583, 45.19071], [-68.611894, 45.192532], [-68.611343, 45.193985], [-68.611254, 45.194208], [-68.610948, 45.194978], [-68.609672, 45.198251], [-68.607826, 45.203189], [-68.606976, 45.205406], [-68.606032, 45.207844], [-68.605431, 45.209375], [-68.604761, 45.211147], [-68.604181, 45.212685], [-68.602829, 45.216285], [-68.602539, 45.217037], [-68.601907, 45.218614], [-68.601857, 45.218815], [-68.601413, 45.219975], [-68.601252, 45.220371], [-68.600701, 45.221843], [-68.599972, 45.223753], [-68.599435, 45.225073], [-68.599056, 45.225999], [-68.598914, 45.226307], [-68.598388, 45.227667], [-68.598234, 45.228051], [-68.59534, 45.235192], [-68.595217, 45.235487], [-68.595073, 45.2359], [-68.594994, 45.236165], [-68.594926, 45.236364], [-68.594633, 45.237095], [-68.594183, 45.238192], [-68.591457, 45.244904], [-68.590833, 45.246458], [-68.590502, 45.247275], [-68.589817, 45.249055], [-68.589747, 45.249302], [-68.589551, 45.249966], [-68.589451, 45.250301], [-68.588792, 45.252574], [-68.588319, 45.254131], [-68.587648, 45.257367], [-68.587511, 45.257992], [-68.5873, 45.258996], [-68.587084, 45.260054], [-68.586361, 45.263552], [-68.585948, 45.265493], [-68.585898, 45.265756], [-68.585775, 45.266293], [-68.585524, 45.267577], [-68.585352, 45.268256], [-68.585238, 45.268651], [-68.585016, 45.269294], [-68.584778, 45.269846], [-68.584438, 45.270633], [-68.584085, 45.271394], [-68.583629, 45.272421], [-68.583314, 45.273055], [-68.58074, 45.278698], [-68.578577, 45.283416], [-68.57788, 45.284903], [-68.575588, 45.289906], [-68.574365, 45.292563], [-68.573754, 45.293879], [-68.572482, 45.296625], [-68.572126, 45.2974], [-68.571154, 45.299514], [-68.570895, 45.300057], [-68.57013, 45.30171], [-68.569813, 45.302407], [-68.569482, 45.303042], [-68.569274, 45.303404], [-68.568989, 45.30385], [-68.568655, 45.304338], [-68.568085, 45.305125], [-68.56756, 45.305843], [-68.566956, 45.306664], [-68.566125, 45.307801], [-68.563615, 45.311227], [-68.56275, 45.31241], [-68.561901, 45.313568], [-68.560576, 45.315378], [-68.559529, 45.316801], [-68.557803, 45.319167], [-68.55724, 45.319918], [-68.556923, 45.320347], [-68.556316, 45.321067], [-68.555854, 45.321558], [-68.55508, 45.322292], [-68.554291, 45.32305], [-68.55322, 45.32405], [-68.551484, 45.32569], [-68.549553, 45.327508], [-68.548269, 45.328707], [-68.54605, 45.330815], [-68.545197, 45.331621], [-68.543239, 45.333446], [-68.541495, 45.33509], [-68.537869, 45.338514], [-68.535648, 45.3406], [-68.534706, 45.341483], [-68.533615, 45.342508], [-68.531582, 45.344427], [-68.528995, 45.34684], [-68.528006, 45.34776], [-68.527216, 45.348502], [-68.526472, 45.349211], [-68.524619, 45.35096], [-68.523572, 45.351927], [-68.522817, 45.352636], [-68.520935, 45.354393], [-68.519496, 45.355703], [-68.519112, 45.356024], [-68.518687, 45.356359], [-68.518225, 45.356693], [-68.516894, 45.357614], [-68.513626, 45.35989], [-68.512737, 45.360524], [-68.510977, 45.361737], [-68.509684, 45.362631], [-68.509032, 45.363075], [-68.508286, 45.363607], [-68.507844, 45.363916], [-68.507442, 45.364233], [-68.50711, 45.364553], [-68.506855, 45.364847], [-68.504708, 45.373298], [-68.504679, 45.373443], [-68.504634, 45.373613], [-68.50454, 45.373968], [-68.504282, 45.374788], [-68.504033, 45.375469], [-68.503258, 45.377046], [-68.502582, 45.37835], [-68.502542, 45.378428], [-68.502278, 45.378941], [-68.501841, 45.379755], [-68.501058, 45.381292], [-68.500716, 45.381973], [-68.500349, 45.382683], [-68.49947, 45.384416], [-68.499234, 45.384865], [-68.499089, 45.385143], [-68.498735, 45.385825], [-68.498526, 45.386209], [-68.498167, 45.386933], [-68.496826, 45.389534], [-68.494516, 45.394004], [-68.494353, 45.394321], [-68.494015, 45.394885], [-68.493852, 45.39519], [-68.49347, 45.395765], [-68.49283, 45.396589], [-68.49234, 45.397142], [-68.492162, 45.39732], [-68.490448, 45.399206], [-68.489509, 45.400214], [-68.488575, 45.401244], [-68.485702, 45.404357], [-68.4843, 45.40588], [-68.481859, 45.408548], [-68.481679, 45.408743], [-68.481035, 45.409448], [-68.480329, 45.410219], [-68.478967, 45.411704], [-68.478369, 45.412354], [-68.477747, 45.413023], [-68.477116, 45.413717], [-68.475875, 45.415065], [-68.475392, 45.415577], [-68.475152, 45.415811], [-68.474921, 45.416039], [-68.474577, 45.416349], [-68.473889, 45.416935], [-68.473027, 45.417644], [-68.472461, 45.418104], [-68.471877, 45.41858], [-68.471099, 45.419194], [-68.470489, 45.419682], [-68.469614, 45.4204], [-68.468809, 45.421048], [-68.467782, 45.421877], [-68.466777, 45.422698], [-68.466213, 45.423152], [-68.465658, 45.423592], [-68.46498, 45.424146], [-68.464277, 45.42471], [-68.463701, 45.42518], [-68.463098, 45.425663], [-68.462467, 45.426172], [-68.4621, 45.426465], [-68.461767, 45.426728], [-68.461285, 45.427053], [-68.460945, 45.427265], [-68.460479, 45.427534], [-68.459946, 45.427813], [-68.459224, 45.428141], [-68.458463, 45.428469], [-68.457287, 45.428988], [-68.456121, 45.429495], [-68.453796, 45.430514], [-68.44916, 45.432537], [-68.44783, 45.433124], [-68.446542, 45.433677], [-68.445892, 45.433978], [-68.445619, 45.434087], [-68.444648, 45.434507], [-68.443665, 45.434936], [-68.442775, 45.435325], [-68.442105, 45.435625], [-68.441593, 45.435869], [-68.44092, 45.436222], [-68.440298, 45.436568], [-68.439699, 45.436921], [-68.439217, 45.437225], [-68.438218, 45.437887], [-68.437322, 45.438483], [-68.436334, 45.439146], [-68.435259, 45.439865], [-68.434592, 45.440311], [-68.433792, 45.440846], [-68.433015, 45.441368], [-68.432187, 45.441926], [-68.431181, 45.442593], [-68.430858, 45.442807], [-68.43035, 45.443152], [-68.429792, 45.443522], [-68.429335, 45.4438], [-68.42895, 45.444036], [-68.428537, 45.444279], [-68.427888, 45.44465], [-68.427226, 45.44503], [-68.426828, 45.445274], [-68.426531, 45.445487], [-68.426133, 45.445808], [-68.425701, 45.446235], [-68.425217, 45.446779], [-68.424533, 45.447552], [-68.4241, 45.448039], [-68.423676, 45.448526], [-68.423346, 45.44889], [-68.422971, 45.449294], [-68.422585, 45.449688], [-68.422176, 45.450084], [-68.421836, 45.450386], [-68.421453, 45.450696], [-68.42104, 45.451022], [-68.420589, 45.451354], [-68.420024, 45.451744], [-68.418853, 45.452507], [-68.418429, 45.452777], [-68.418118, 45.45296], [-68.417385, 45.453404], [-68.416362, 45.454018], [-68.414947, 45.454866], [-68.413911, 45.455485], [-68.412914, 45.45606], [-68.412612, 45.456221], [-68.412157, 45.456453], [-68.411361, 45.456837], [-68.41033, 45.45732], [-68.409498, 45.457716], [-68.408432, 45.458214], [-68.407357, 45.458726], [-68.406031, 45.459345], [-68.404723, 45.459966], [-68.403493, 45.460537], [-68.401921, 45.46128], [-68.400334, 45.462025], [-68.398854, 45.462715], [-68.397385, 45.463402], [-68.396662, 45.463746], [-68.395917, 45.464095], [-68.395383, 45.464354], [-68.395, 45.464581], [-68.394556, 45.46486], [-68.394234, 45.465057], [-68.393934, 45.465283], [-68.393634, 45.465535], [-68.393377, 45.465762], [-68.393009, 45.466117], [-68.392686, 45.466459], [-68.392396, 45.466764], [-68.391916, 45.467279], [-68.391403, 45.467836], [-68.390416, 45.468901], [-68.389932, 45.469424], [-68.389584, 45.469801], [-68.389153, 45.470266], [-68.388409, 45.471074], [-68.387441, 45.47211], [-68.38659, 45.473034], [-68.385849, 45.473826], [-68.384862, 45.474899], [-68.384281, 45.475524], [-68.383682, 45.476162], [-68.382549, 45.477401], [-68.382176, 45.477895], [-68.381922, 45.478294], [-68.381788, 45.478543], [-68.381626, 45.478905], [-68.381519, 45.479262], [-68.381428, 45.479621], [-68.381356, 45.479972], [-68.381225, 45.480825], [-68.381175, 45.481195], [-68.381075, 45.481922], [-68.380985, 45.482324], [-68.38084, 45.482689], [-68.380656, 45.483018], [-68.38051, 45.483244], [-68.380325, 45.483478], [-68.380041, 45.483785], [-68.379799, 45.484001], [-68.379461, 45.484268], [-68.379085, 45.484504], [-68.378651, 45.48472], [-68.377716, 45.485139], [-68.377084, 45.485418], [-68.376749, 45.485554], [-68.376471, 45.485667], [-68.376098, 45.485812], [-68.36668, 45.488947], [-68.366455, 45.489057], [-68.365993, 45.489321], [-68.36543, 45.489708], [-68.365088, 45.489982], [-68.364786, 45.490264], [-68.364484, 45.490592], [-68.364226, 45.49093], [-68.363843, 45.491572], [-68.363632, 45.492108], [-68.363306, 45.49356], [-68.363071, 45.49471], [-68.36298, 45.495176], [-68.362964, 45.495257], [-68.362861, 45.495785], [-68.362759, 45.49624], [-68.362661, 45.496682], [-68.362531, 45.497124], [-68.362334, 45.497585], [-68.361984, 45.498162], [-68.361653, 45.498593], [-68.361261, 45.498978], [-68.360894, 45.499291], [-68.360497, 45.499582], [-68.359828, 45.500036], [-68.359274, 45.500414], [-68.358919, 45.500681], [-68.358586, 45.500972], [-68.358334, 45.501213], [-68.357998, 45.501585], [-68.357776, 45.501882], [-68.355637, 45.510571], [-68.35359, 45.513154], [-68.353182, 45.513582], [-68.352918, 45.51383], [-68.352628, 45.514059], [-68.352207, 45.514311], [-68.351908, 45.51446], [-68.351594, 45.514581], [-68.349176, 45.518866], [-68.349086, 45.518979], [-68.349012, 45.519065], [-68.348928, 45.519158], [-68.348834, 45.519255], [-68.348704, 45.519386], [-68.348572, 45.519503], [-68.348445, 45.519608], [-68.348257, 45.51975], [-68.34804, 45.519899], [-68.34789, 45.519994], [-68.347758, 45.52007], [-68.347595, 45.520157], [-68.347422, 45.520243], [-68.347206, 45.520347], [-68.347045, 45.520419], [-68.346828, 45.520507], [-68.346619, 45.520583], [-68.346462, 45.520636], [-68.34631, 45.520685], [-68.346147, 45.520734], [-68.34598, 45.520779], [-68.345814, 45.520817], [-68.345622, 45.520857], [-68.345239, 45.520926], [-68.345035, 45.520955], [-68.344849, 45.520977], [-68.3446, 45.521], [-68.344357, 45.521019], [-68.344112, 45.521029], [-68.343837, 45.521033], [-68.343587, 45.521028], [-68.343332, 45.521013], [-68.343068, 45.520994], [-68.342821, 45.520967], [-68.342561, 45.520929], [-68.342299, 45.52088], [-68.342041, 45.520823], [-68.341788, 45.52076], [-68.341522, 45.52069], [-68.341234, 45.520609], [-68.340638, 45.520438], [-68.34006, 45.520273], [-68.339887, 45.520225], [-68.339714, 45.52018], [-68.33955, 45.520139], [-68.339372, 45.520097], [-68.339175, 45.520055], [-68.338977, 45.520017], [-68.338734, 45.519973], [-68.338507, 45.519941], [-68.338247, 45.519912], [-68.338046, 45.519895], [-68.337845, 45.519883], [-68.337605, 45.519874], [-68.337357, 45.51987], [-68.337128, 45.519868], [-68.33691, 45.519869], [-68.33668, 45.519875], [-68.336429, 45.519889], [-68.336172, 45.519911], [-68.335888, 45.519947], [-68.335572, 45.51999], [-68.335286, 45.520038], [-68.335012, 45.520094], [-68.334747, 45.520157], [-68.334474, 45.520229], [-68.334176, 45.520316], [-68.333716, 45.520455], [-68.332348, 45.520877], [-68.330855, 45.521326], [-68.329881, 45.521617], [-68.329583, 45.5217], [-68.329203, 45.521798], [-68.3288, 45.521891], [-68.328418, 45.521969], [-68.328035, 45.522036], [-68.327624, 45.522099], [-68.327176, 45.522151], [-68.326771, 45.522188], [-68.326344, 45.522214], [-68.325945, 45.522234], [-68.325514, 45.522238], [-68.32518, 45.522237], [-68.325142, 45.522236], [-68.324778, 45.52222], [-68.3244, 45.522194], [-68.324015, 45.522162], [-68.323622, 45.522121], [-68.323117, 45.522049], [-68.322724, 45.521983], [-68.322275, 45.521895], [-68.321802, 45.521789], [-68.321196, 45.521651], [-68.319043, 45.521156], [-68.317613, 45.520815], [-68.316949, 45.520658], [-68.316571, 45.520567], [-68.316344, 45.520517], [-68.316138, 45.520478], [-68.315867, 45.520424], [-68.315585, 45.520373], [-68.315324, 45.520329], [-68.315015, 45.520277], [-68.314655, 45.520214], [-68.31401, 45.520105], [-68.313488, 45.520012], [-68.313062, 45.519942], [-68.312515, 45.51985], [-68.311805, 45.519722], [-68.311204, 45.519616], [-68.31077, 45.519541], [-68.310406, 45.519481], [-68.310056, 45.519426], [-68.30973, 45.519381], [-68.309404, 45.519339], [-68.309154, 45.519313], [-68.308921, 45.519294], [-68.308639, 45.519278], [-68.308374, 45.519269], [-68.308063, 45.519266], [-68.307724, 45.519262], [-68.307369, 45.519264], [-68.306952, 45.519275], [-68.306596, 45.519297], [-68.306242, 45.519321], [-68.305953, 45.51935], [-68.305547, 45.519409], [-68.305231, 45.519461], [-68.304866, 45.519527], [-68.304546, 45.519588], [-68.304214, 45.519666], [-68.303896, 45.519747], [-68.303445, 45.519868], [-68.302958, 45.520007], [-68.301948, 45.520292], [-68.301021, 45.520547], [-68.300046, 45.520819], [-68.29971, 45.520915], [-68.299393, 45.521012], [-68.299124, 45.521102], [-68.298887, 45.52119], [-68.298642, 45.52129], [-68.298415, 45.52139], [-68.298152, 45.52152], [-68.297937, 45.521634], [-68.297702, 45.521767], [-68.297455, 45.521922], [-68.297245, 45.522064], [-68.297026, 45.522225], [-68.296827, 45.522391], [-68.29664, 45.522555], [-68.296429, 45.522758], [-68.29607, 45.523115], [-68.2954, 45.523778], [-68.294985, 45.524189], [-68.294752, 45.524416], [-68.294615, 45.524545], [-68.294458, 45.524679], [-68.294232, 45.524859], [-68.29394, 45.525073], [-68.293728, 45.525216], [-68.293509, 45.525353], [-68.293196, 45.525538], [-68.292923, 45.525686], [-68.29264, 45.52583], [-68.292298, 45.525985], [-68.291936, 45.526139], [-68.29138, 45.52636], [-68.290543, 45.5267], [-68.28965, 45.527056], [-68.288953, 45.527337], [-68.288247, 45.527621], [-68.287374, 45.527966], [-68.286374, 45.528363], [-68.284748, 45.529016], [-68.283346, 45.529568], [-68.282178, 45.530041], [-68.28152, 45.530305], [-68.280963, 45.530522], [-68.28028, 45.5308], [-68.279892, 45.530953], [-68.279858, 45.530966], [-68.278894, 45.53135], [-68.2778, 45.53179], [-68.274656, 45.533052], [-68.271309, 45.53438], [-68.26805, 45.535681], [-68.266436, 45.536325], [-68.264437, 45.537124], [-68.26133, 45.538367], [-68.258289, 45.539581], [-68.255875, 45.540542], [-68.25352, 45.541479], [-68.251281, 45.542358], [-68.249363, 45.543129], [-68.247191, 45.543997], [-68.245061, 45.544845], [-68.243151, 45.545609], [-68.243113, 45.545625], [-68.239952, 45.546884], [-68.237585, 45.547829], [-68.235464, 45.548675], [-68.233694, 45.549373], [-68.231886, 45.550086], [-68.230498, 45.550639], [-68.229845, 45.550898], [-68.229481, 45.55104], [-68.229181, 45.551153], [-68.228888, 45.551257], [-68.228541, 45.551367], [-68.228216, 45.551461], [-68.227879, 45.551545], [-68.227496, 45.551629], [-68.227128, 45.551691], [-68.226683, 45.551756], [-68.226273, 45.551806], [-68.225847, 45.551842], [-68.225489, 45.551866], [-68.22449, 45.551919], [-68.222693, 45.552006], [-68.222253, 45.55203], [-68.220578, 45.552124], [-68.218826, 45.552217], [-68.21825, 45.552246], [-68.217962, 45.552255], [-68.217659, 45.552259], [-68.217314, 45.552257], [-68.216957, 45.552247], [-68.216601, 45.552225], [-68.216237, 45.55219], [-68.215881, 45.552147], [-68.21552, 45.552085], [-68.215149, 45.552015], [-68.21471, 45.551921], [-68.214275, 45.551812], [-68.213844, 45.551678], [-68.213443, 45.551535], [-68.213036, 45.551376], [-68.212555, 45.551175], [-68.211832, 45.550851], [-68.211005, 45.550475], [-68.21052, 45.550254], [-68.210013, 45.550025], [-68.208938, 45.549534], [-68.207858, 45.549033], [-68.207306, 45.548783], [-68.206883, 45.548591], [-68.206477, 45.548419], [-68.206119, 45.548279], [-68.205766, 45.548153], [-68.205428, 45.548043], [-68.205023, 45.547923], [-68.204559, 45.547807], [-68.204083, 45.547697], [-68.203634, 45.54761], [-68.203187, 45.547535], [-68.202723, 45.547475], [-68.202212, 45.547423], [-68.201778, 45.547394], [-68.201253, 45.547373], [-68.200745, 45.547377], [-68.200506, 45.547382], [-68.20047, 45.547383], [-68.200245, 45.547389], [-68.199693, 45.547416], [-68.199141, 45.547459], [-68.19844, 45.547522], [-68.197652, 45.54761], [-68.196396, 45.547748], [-68.194975, 45.5479], [-68.194376, 45.547968], [-68.193946, 45.54803], [-68.193505, 45.548106], [-68.193087, 45.548195], [-68.192738, 45.54828], [-68.192368, 45.548385], [-68.191911, 45.548537], [-68.19146, 45.548709], [-68.191061, 45.548875], [-68.190756, 45.549014], [-68.190488, 45.549145], [-68.190138, 45.549332], [-68.189867, 45.549505], [-68.189577, 45.549704], [-68.189383, 45.549846], [-68.189143, 45.550041], [-68.188955, 45.550207], [-68.188703, 45.550448], [-68.188402, 45.550759], [-68.188158, 45.551055], [-68.187954, 45.551325], [-68.187768, 45.55164], [-68.187523, 45.552102], [-68.187317, 45.552494], [-68.187043, 45.553016], [-68.186802, 45.553474], [-68.186568, 45.553899], [-68.185929, 45.555108], [-68.185408, 45.556073], [-68.185109, 45.556659], [-68.184796, 45.557246], [-68.184426, 45.557955], [-68.184143, 45.558507], [-68.183732, 45.559306], [-68.183311, 45.56011], [-68.182871, 45.560969], [-68.18247, 45.561724], [-68.182063, 45.5625], [-68.181656, 45.563245], [-68.181206, 45.564106], [-68.181038, 45.564397], [-68.180887, 45.564666], [-68.180723, 45.564935], [-68.180577, 45.565139], [-68.180264, 45.565499], [-68.180043, 45.565715], [-68.179765, 45.565961], [-68.179444, 45.566232], [-68.179222, 45.566411], [-68.178889, 45.566647], [-68.178573, 45.566849], [-68.178263, 45.56702], [-68.177899, 45.567209], [-68.177477, 45.567407], [-68.177116, 45.567566], [-68.176775, 45.567695], [-68.176329, 45.567852], [-68.175774, 45.568012], [-68.175271, 45.568126], [-68.174764, 45.568219], [-68.174377, 45.568277], [-68.173992, 45.568321], [-68.173634, 45.568352], [-68.173294, 45.568374], [-68.17289, 45.568384], [-68.172513, 45.56838], [-68.172169, 45.568369], [-68.171791, 45.568345], [-68.171409, 45.568311], [-68.170983, 45.568258], [-68.170597, 45.568197], [-68.17022, 45.568124], [-68.169523, 45.567971], [-68.168863, 45.567819], [-68.168493, 45.567743], [-68.168139, 45.567675], [-68.167794, 45.567623], [-68.167462, 45.567591], [-68.167037, 45.567563], [-68.166635, 45.567549], [-68.166269, 45.567547], [-68.165936, 45.567563], [-68.165599, 45.567594], [-68.165278, 45.56763], [-68.164924, 45.567681], [-68.164551, 45.567751], [-68.164184, 45.567841], [-68.163784, 45.567951], [-68.163395, 45.568067], [-68.162955, 45.568215], [-68.162593, 45.568363], [-68.162233, 45.568526], [-68.161896, 45.568703], [-68.161496, 45.568929], [-68.161114, 45.569178], [-68.160752, 45.569441], [-68.160358, 45.569737], [-68.159893, 45.570106], [-68.159338, 45.57054], [-68.158914, 45.570869], [-68.158362, 45.571291], [-68.157785, 45.571735], [-68.156252, 45.572909], [-68.154808, 45.574009], [-68.153431, 45.57506], [-68.152219, 45.575983], [-68.150967, 45.576931], [-68.149093, 45.578354], [-68.146841, 45.58007], [-68.144602, 45.581791], [-68.142989, 45.583009], [-68.141442, 45.584189], [-68.139476, 45.585696], [-68.137769, 45.586997], [-68.136498, 45.587966], [-68.135809, 45.588483], [-68.134767, 45.589274], [-68.133324, 45.590392], [-68.13181, 45.591542], [-68.130314, 45.592694], [-68.128529, 45.594063], [-68.12679, 45.595404], [-68.125151, 45.596636], [-68.123574, 45.597834], [-68.122139, 45.598915], [-68.120651, 45.600072], [-68.119303, 45.601087], [-68.118082, 45.602016], [-68.116626, 45.603114], [-68.115315, 45.604117], [-68.114836, 45.604486], [-68.114761, 45.604546], [-68.113265, 45.605672], [-68.110872, 45.607518], [-68.108775, 45.609103], [-68.107276, 45.610273], [-68.105731, 45.611432], [-68.10441, 45.612461], [-68.102805, 45.613685], [-68.101717, 45.614498], [-68.100739, 45.615235], [-68.099849, 45.61591], [-68.098887, 45.616639], [-68.098834, 45.61668], [-68.096929, 45.618114], [-68.095322, 45.619352], [-68.094043, 45.620322], [-68.092358, 45.621605], [-68.091886, 45.621964], [-68.091586, 45.622205], [-68.0913, 45.622453], [-68.090997, 45.622743], [-68.09077, 45.623], [-68.090599, 45.623218], [-68.09042, 45.623462], [-68.090264, 45.623691], [-68.090092, 45.623974], [-68.089964, 45.624211], [-68.089823, 45.624492], [-68.089706, 45.624771], [-68.089628, 45.625005], [-68.089566, 45.625241], [-68.08948, 45.62566], [-68.08939, 45.626083], [-68.089263, 45.626595], [-68.089154, 45.627041], [-68.089076, 45.627364], [-68.088979, 45.627692], [-68.088873, 45.627983], [-68.088754, 45.62827], [-68.088635, 45.628502], [-68.088444, 45.628819], [-68.088332, 45.628991], [-68.088183, 45.629194], [-68.088031, 45.629381], [-68.087959, 45.629466], [-68.087793, 45.629662], [-68.087572, 45.629899], [-68.087384, 45.630078], [-68.087189, 45.630252], [-68.086921, 45.630466], [-68.086582, 45.630716], [-68.086234, 45.630946], [-68.085941, 45.631121], [-68.08556, 45.631334], [-68.084946, 45.631661], [-68.084081, 45.632113], [-68.083316, 45.632517], [-68.082517, 45.632932], [-68.081872, 45.633274], [-68.0813, 45.633578], [-68.08082, 45.63385], [-68.08046, 45.634074], [-68.08019, 45.634264], [-68.079925, 45.634486], [-68.079708, 45.634721], [-68.079451, 45.63502], [-68.079244, 45.635291], [-68.07908, 45.635546], [-68.078904, 45.635871], [-68.078563, 45.636531], [-68.078315, 45.636988], [-68.078063, 45.637447], [-68.077789, 45.637932], [-68.077488, 45.63846], [-68.077381, 45.63867], [-68.07728, 45.63889], [-68.077184, 45.639152], [-68.077062, 45.639493], [-68.077011, 45.639681], [-68.076974, 45.639864], [-68.076937, 45.640139], [-68.076922, 45.640409], [-68.076917, 45.640619], [-68.076919, 45.640848], [-68.076933, 45.641053], [-68.07695, 45.641242], [-68.076981, 45.641474], [-68.077039, 45.641758], [-68.077149, 45.642286], [-68.077207, 45.642606], [-68.077245, 45.642915], [-68.077255, 45.643197], [-68.077233, 45.643499], [-68.077185, 45.64382], [-68.077108, 45.644129], [-68.077001, 45.644449], [-68.07687, 45.64473], [-68.076743, 45.644973], [-68.076615, 45.645182], [-68.076458, 45.645404], [-68.076235, 45.645692], [-68.075918, 45.646062], [-68.07541, 45.646616], [-68.074877, 45.647179], [-68.074271, 45.647819], [-68.073415, 45.648751], [-68.072602, 45.649662], [-68.072381, 45.649908], [-68.072328, 45.649964], [-68.072217, 45.650092], [-68.072134, 45.650184], [-68.072062, 45.650256], [-68.071977, 45.650336], [-68.071884, 45.650421], [-68.071748, 45.650537], [-68.071661, 45.650607], [-68.071559, 45.65069], [-68.07146, 45.650766], [-68.071345, 45.650848], [-68.071173, 45.650965], [-68.070921, 45.651136], [-68.070745, 45.651255], [-68.070605, 45.651352], [-68.069982, 45.651769], [-68.06944, 45.652148], [-68.068797, 45.65259], [-68.068307, 45.652923], [-68.0678, 45.653268], [-68.067339, 45.653588], [-68.066884, 45.653903], [-68.06604, 45.654469], [-68.065289, 45.654973], [-68.064275, 45.655662], [-68.063763, 45.656004], [-68.06329, 45.656324], [-68.062542, 45.656833], [-68.061948, 45.65724], [-68.06132, 45.657667], [-68.060912, 45.65794], [-68.060493, 45.658222], [-68.059883, 45.658634], [-68.059505, 45.658893], [-68.059144, 45.659146], [-68.058364, 45.659679], [-68.05746, 45.660289], [-68.056888, 45.660677], [-68.05627, 45.661101], [-68.055432, 45.661669], [-68.054378, 45.662384], [-68.05378, 45.662791], [-68.053202, 45.663181], [-68.052506, 45.66365], [-68.052102, 45.663921], [-68.051818, 45.664108], [-68.051487, 45.664321], [-68.051134, 45.664536], [-68.050622, 45.664836], [-68.050362, 45.664981], [-68.050151, 45.665093], [-68.049941, 45.665205], [-68.049565, 45.665397], [-68.049243, 45.665554], [-68.048728, 45.665793], [-68.048284, 45.666002], [-68.047803, 45.666216], [-68.046935, 45.666611], [-68.045246, 45.667374], [-68.044095, 45.667903], [-68.042483, 45.668629], [-68.040565, 45.669505], [-68.039606, 45.669944], [-68.038719, 45.670352], [-68.037638, 45.670846], [-68.036836, 45.671204], [-68.029336, 45.672165], [-68.029052, 45.672159], [-68.028785, 45.672164], [-68.028452, 45.672188], [-68.028128, 45.672235], [-68.027814, 45.672295], [-68.027496, 45.672371], [-68.027201, 45.672447], [-68.026708, 45.672576], [-68.026388, 45.672655], [-68.02611, 45.672722], [-68.02581, 45.672791], [-68.025485, 45.672855], [-68.02515, 45.672907], [-68.024788, 45.672948], [-68.024417, 45.672977], [-68.02399, 45.672989], [-68.023582, 45.672988], [-68.023228, 45.672978], [-68.022897, 45.672958], [-68.022494, 45.67292], [-68.02207, 45.672858], [-68.021624, 45.672766], [-68.021193, 45.672662], [-68.020666, 45.672503], [-68.019931, 45.67225], [-68.019514, 45.672102], [-68.019117, 45.671967], [-68.018768, 45.671867], [-68.018428, 45.671783], [-68.018092, 45.671713], [-68.017768, 45.671652], [-68.017105, 45.671546], [-68.016485, 45.671443], [-68.015716, 45.671324], [-68.01458, 45.671139], [-68.013451, 45.670962], [-68.012133, 45.670755], [-68.011176, 45.670603], [-68.01108, 45.670588], [-68.009543, 45.670342], [-68.007084, 45.669945], [-68.004956, 45.669609], [-68.003384, 45.66935], [-68.002506, 45.669216], [-68.002195, 45.669167], [-68.001923, 45.669132], [-68.001716, 45.66911], [-68.001344, 45.669078], [-68.000955, 45.669048], [-68.000649, 45.669034], [-68.000269, 45.669021], [-67.999861, 45.669018], [-67.999463, 45.669021], [-67.998704, 45.669036], [-67.997868, 45.669046], [-67.993111, 45.669136], [-67.991855, 45.669163], [-67.990347, 45.669193], [-67.987696, 45.669244], [-67.985558, 45.669292], [-67.983456, 45.669335], [-67.982302, 45.669359], [-67.981913, 45.669367], [-67.981428, 45.669375], [-67.979897, 45.669405], [-67.977786, 45.669447], [-67.976386, 45.669477], [-67.975266, 45.669503], [-67.974812, 45.669517], [-67.9744, 45.66954], [-67.974032, 45.66957], [-67.973521, 45.669625], [-67.972921, 45.669694], [-67.972114, 45.669782], [-67.97033, 45.66999], [-67.96912, 45.670132], [-67.96887, 45.670165], [-67.968572, 45.670209], [-67.968223, 45.670268], [-67.967976, 45.670325], [-67.96764, 45.670417], [-67.967327, 45.670517], [-67.967062, 45.670609], [-67.966789, 45.670725], [-67.966488, 45.67087], [-67.966214, 45.671017], [-67.965979, 45.671168], [-67.965776, 45.67131], [-67.965559, 45.671491], [-67.965349, 45.671687], [-67.965182, 45.671866], [-67.965051, 45.672021], [-67.964932, 45.67218], [-67.964808, 45.672385], [-67.964718, 45.672548], [-67.964639, 45.672709], [-67.964572, 45.67291], [-67.964524, 45.673115], [-67.964485, 45.673323], [-67.964461, 45.67355], [-67.96448, 45.673958], [-67.964496, 45.674213], [-67.964549, 45.674779], [-67.964583, 45.675237], [-67.964651, 45.675942], [-67.964696, 45.676552], [-67.964704, 45.676769], [-67.964703, 45.676974], [-67.964695, 45.677201], [-67.964678, 45.677435], [-67.964657, 45.677597], [-67.964636, 45.677747], [-67.964583, 45.67799], [-67.964525, 45.678216], [-67.964434, 45.67848], [-67.964338, 45.678705], [-67.964222, 45.678968], [-67.964101, 45.679202], [-67.963967, 45.679424], [-67.963837, 45.679614], [-67.963663, 45.679861], [-67.963488, 45.680081], [-67.963267, 45.680334], [-67.963041, 45.680564], [-67.962803, 45.680785], [-67.962484, 45.681059], [-67.962172, 45.681292], [-67.961866, 45.6815], [-67.961653, 45.681631], [-67.961454, 45.681749], [-67.961198, 45.681889], [-67.960874, 45.682061], [-67.96054, 45.68222], [-67.960159, 45.682379], [-67.959919, 45.68247], [-67.959511, 45.682611], [-67.959047, 45.682751], [-67.958623, 45.682857], [-67.958217, 45.682948], [-67.95779, 45.683026], [-67.957326, 45.683101], [-67.95683, 45.683152], [-67.956337, 45.683187], [-67.955843, 45.683203], [-67.955366, 45.683193], [-67.954772, 45.683162], [-67.954322, 45.683124], [-67.953697, 45.683035], [-67.953032, 45.682913], [-67.952502, 45.682802], [-67.950934, 45.682481], [-67.947954, 45.681869], [-67.946246, 45.681511], [-67.943115, 45.680854], [-67.941487, 45.680517], [-67.939908, 45.680193], [-67.937824, 45.679758], [-67.934951, 45.679167], [-67.933488, 45.678868], [-67.932063, 45.678576], [-67.931903, 45.678544], [-67.929785, 45.678109], [-67.927685, 45.677678], [-67.925254, 45.677181], [-67.921915, 45.676498], [-67.918449, 45.675784], [-67.917606, 45.675608], [-67.916794, 45.675446], [-67.916071, 45.675312], [-67.915553, 45.675221], [-67.915134, 45.675156], [-67.914495, 45.675076], [-67.913892, 45.675011], [-67.913313, 45.674958], [-67.912655, 45.674906], [-67.912126, 45.674875], [-67.91157, 45.674844], [-67.910381, 45.674779], [-67.908108, 45.674655], [-67.907553, 45.674617], [-67.90691, 45.67456], [-67.906365, 45.674498], [-67.905835, 45.674432], [-67.904985, 45.674305], [-67.904194, 45.674164], [-67.903575, 45.674031], [-67.902941, 45.673892], [-67.902258, 45.673725], [-67.901712, 45.673593], [-67.899492, 45.673023], [-67.898878, 45.672877], [-67.896745, 45.672349], [-67.896186, 45.672211], [-67.894829, 45.671855], [-67.894198, 45.671709], [-67.893845, 45.671632], [-67.893493, 45.671566], [-67.893005, 45.671491], [-67.892501, 45.67142], [-67.891977, 45.671357], [-67.891445, 45.671311], [-67.890998, 45.671281], [-67.890566, 45.671266], [-67.890124, 45.671256], [-67.889643, 45.671255], [-67.889266, 45.671265], [-67.888841, 45.671282], [-67.888087, 45.671326], [-67.887307, 45.671381], [-67.884951, 45.671531], [-67.88438, 45.671554], [-67.883928, 45.671559], [-67.883549, 45.671535], [-67.883059, 45.671494], [-67.882569, 45.671429], [-67.882004, 45.671319], [-67.881463, 45.671179], [-67.880959, 45.671009], [-67.88058, 45.670877], [-67.880217, 45.670736], [-67.879865, 45.67057], [-67.879337, 45.670267], [-67.878848, 45.669962], [-67.878183, 45.669539], [-67.876993, 45.668767], [-67.875823, 45.668009], [-67.874068, 45.666885], [-67.873442, 45.666467], [-67.873224, 45.666308], [-67.873026, 45.666149], [-67.872673, 45.665841], [-67.872333, 45.665514], [-67.871922, 45.665077], [-67.871584, 45.664682], [-67.871198, 45.664211], [-67.870696, 45.663589], [-67.870258, 45.663021], [-67.870063, 45.662754], [-67.869889, 45.662483], [-67.869625, 45.662044], [-67.869395, 45.661605], [-67.869188, 45.661155], [-67.868987, 45.660709], [-67.868579, 45.659751], [-67.868489, 45.659522], [-67.866635, 45.655411], [-67.862594, 45.646905], [-67.862344, 45.64659], [-67.862017, 45.646237], [-67.8616, 45.645808], [-67.861152, 45.64539], [-67.860697, 45.644967], [-67.860171, 45.6445], [-67.859477, 45.643862], [-67.858554, 45.643008], [-67.857653, 45.642186], [-67.856653, 45.641267], [-67.855884, 45.640548], [-67.854789, 45.639566], [-67.85387, 45.638712], [-67.853199, 45.638107], [-67.852361, 45.637335], [-67.851538, 45.636579], [-67.851059, 45.636145], [-67.850597, 45.635719], [-67.850164, 45.635312], [-67.849759, 45.634909], [-67.849241, 45.634395], [-67.848977, 45.634124], [-67.848716, 45.633848], [-67.84826, 45.633351], [-67.847826, 45.632857], [-67.847392, 45.632341], [-67.846971, 45.631806], [-67.846625, 45.631347], [-67.846234, 45.630837], [-67.845657, 45.629965], [-67.844981, 45.628928], [-67.844279, 45.62782], [-67.843838, 45.627115], [-67.843396, 45.626406], [-67.842918, 45.62566], [-67.842436, 45.62491], [-67.842006, 45.624295], [-67.841544, 45.623687], [-67.841217, 45.623288], [-67.840869, 45.622889], [-67.840542, 45.622527], [-67.84021, 45.622174], [-67.839773, 45.621728], [-67.839293, 45.621275], [-67.838721, 45.620784], [-67.837983, 45.620159], [-67.837283, 45.6196], [-67.836859, 45.619294], [-67.836376, 45.618964], [-67.835806, 45.618587], [-67.835246, 45.618237], [-67.834227, 45.617627], [-67.833864, 45.617411], [-67.833823, 45.617387], [-67.833208, 45.61702], [-67.832108, 45.616369], [-67.831019, 45.615723], [-67.829656, 45.614922], [-67.828306, 45.614133], [-67.82697, 45.61335], [-67.826255, 45.612925], [-67.825527, 45.612506], [-67.825151, 45.612295], [-67.82475, 45.612082], [-67.824349, 45.611875], [-67.823942, 45.61167], [-67.823425, 45.611421], [-67.822883, 45.611171], [-67.822305, 45.610917], [-67.821685, 45.610663], [-67.821125, 45.610439], [-67.820504, 45.610206], [-67.820004, 45.610031], [-67.819491, 45.609865], [-67.818774, 45.609639], [-67.818064, 45.60943], [-67.817175, 45.609186], [-67.81631, 45.60896], [-67.815454, 45.60874], [-67.814574, 45.608516], [-67.814076, 45.608391], [-67.813619, 45.608284], [-67.813135, 45.608187], [-67.812602, 45.608103], [-67.81181, 45.608017], [-67.811113, 45.607959], [-67.810517, 45.60791], [-67.809954, 45.60785], [-67.809547, 45.60779], [-67.809088, 45.607698], [-67.80868, 45.607593], [-67.808266, 45.607464], [-67.80781, 45.607306], [-67.80739, 45.607149], [-67.806946, 45.606965], [-67.806475, 45.606739], [-67.806081, 45.606537], [-67.80574, 45.606333], [-67.80541, 45.606112], [-67.805078, 45.605843], [-67.804795, 45.605592], [-67.804556, 45.605345], [-67.804081, 45.60483], [-67.803862, 45.604598], [-67.803646, 45.604382], [-67.803414, 45.604175], [-67.803163, 45.60398], [-67.802895, 45.603802], [-67.80259, 45.603603], [-67.802252, 45.603409], [-67.801755, 45.603142], [-67.801263, 45.602884], [-67.799136, 45.601772], [-67.797993, 45.601169], [-67.797028, 45.600667], [-67.793672, 45.598912], [-67.791668, 45.59786], [-67.790137, 45.597069], [-67.788564, 45.596247], [-67.787068, 45.595468], [-67.785701, 45.594756], [-67.784356, 45.59405], [-67.782121, 45.592882], [-67.779876, 45.5917], [-67.778717, 45.591101], [-67.77738, 45.590398], [-67.7768, 45.590093], [-67.776125, 45.589735], [-67.775555, 45.589411], [-67.774996, 45.589078], [-67.774418, 45.58871], [-67.773672, 45.588208], [-67.772928, 45.587676], [-67.772286, 45.587218], [-67.770479, 45.585924], [-67.767467, 45.583789], [-67.764546, 45.581719], [-67.759674, 45.578252], [-67.755432, 45.575262], [-67.754844, 45.574843], [-67.754274, 45.574441], [-67.753704, 45.574037], [-67.753399, 45.573828], [-67.753143, 45.573663], [-67.752898, 45.573513], [-67.752581, 45.573337], [-67.752243, 45.573159], [-67.751931, 45.572997], [-67.751548, 45.572819], [-67.751008, 45.572578], [-67.750525, 45.572374], [-67.750064, 45.572178], [-67.749659, 45.572016], [-67.74919, 45.571835], [-67.748822, 45.571713], [-67.748527, 45.571626], [-67.748143, 45.571532], [-67.747739, 45.571445], [-67.747322, 45.571373], [-67.74698, 45.571325], [-67.746628, 45.571286], [-67.746258, 45.571258], [-67.745788, 45.571249], [-67.745293, 45.57125], [-67.74487, 45.571266], [-67.744313, 45.57129], [-67.741855, 45.571417], [-67.740576, 45.571477], [-67.739942, 45.571507], [-67.739462, 45.571524], [-67.73897, 45.57153], [-67.738505, 45.571518], [-67.737971, 45.571487], [-67.737283, 45.571421], [-67.735548, 45.571222], [-67.735097, 45.57118], [-67.734665, 45.571152], [-67.734296, 45.571135], [-67.733843, 45.57113], [-67.733385, 45.571127], [-67.732865, 45.571124], [-67.732155, 45.571123], [-67.731475, 45.571118], [-67.730786, 45.571116], [-67.729964, 45.57111], [-67.729135, 45.571099], [-67.728736, 45.571093], [-67.728386, 45.571083], [-67.727829, 45.571062], [-67.726551, 45.571007], [-67.724545, 45.57092], [-67.722398, 45.570826], [-67.721205, 45.570782], [-67.720066, 45.570739], [-67.71893, 45.570692], [-67.718204, 45.570658], [-67.7175, 45.570632], [-67.716974, 45.570618], [-67.716014, 45.570597], [-67.715059, 45.570581], [-67.714582, 45.570566], [-67.714105, 45.570536], [-67.713648, 45.570486], [-67.713148, 45.570405], [-67.712762, 45.570319], [-67.712313, 45.57019], [-67.711874, 45.570021], [-67.711425, 45.5698], [-67.711113, 45.569633], [-67.710723, 45.569397], [-67.710261, 45.569115], [-67.708381, 45.567963], [-67.707389, 45.567358], [-67.706953, 45.567084], [-67.706512, 45.566812], [-67.70569, 45.566304], [-67.704895, 45.565811], [-67.704062, 45.5653], [-67.70324, 45.564793], [-67.702329, 45.564223], [-67.701209, 45.56353], [-67.699466, 45.562455], [-67.698753, 45.562008], [-67.698013, 45.56155], [-67.69727, 45.561096], [-67.696509, 45.560629], [-67.695515, 45.56001], [-67.694998, 45.559691], [-67.69451, 45.559375], [-67.694119, 45.559101], [-67.693748, 45.558815], [-67.693241, 45.558381], [-67.692558, 45.557782], [-67.691832, 45.557137], [-67.691431, 45.556784], [-67.691068, 45.556471], [-67.690698, 45.55618], [-67.690396, 45.555962], [-67.690138, 45.555789], [-67.689907, 45.555645], [-67.689639, 45.555493], [-67.689182, 45.555248], [-67.688682, 45.555005], [-67.688096, 45.554743], [-67.686837, 45.554174], [-67.685981, 45.553789], [-67.685316, 45.553506], [-67.684961, 45.553371], [-67.684601, 45.553252], [-67.683828, 45.553014], [-67.681691, 45.552373], [-67.678887, 45.551545], [-67.678438, 45.551412], [-67.677733, 45.551177], [-67.677419, 45.551057], [-67.677052, 45.550905], [-67.676729, 45.55076], [-67.676186, 45.550485], [-67.67524, 45.550015], [-67.673751, 45.549275], [-67.673334, 45.549076], [-67.672895, 45.548886], [-67.672387, 45.548691], [-67.67195, 45.548549], [-67.671566, 45.548434], [-67.671263, 45.548354], [-67.670858, 45.548251], [-67.670358, 45.54815], [-67.669913, 45.548071], [-67.6695, 45.548008], [-67.669117, 45.547959], [-67.668612, 45.547899], [-67.668064, 45.547847], [-67.667485, 45.54779], [-67.666873, 45.547734], [-67.666099, 45.54766], [-67.665194, 45.54757], [-67.664361, 45.547478], [-67.663586, 45.547407], [-67.662916, 45.547343], [-67.662279, 45.54728], [-67.661428, 45.547193], [-67.659755, 45.547023], [-67.657767, 45.546826], [-67.656803, 45.546735], [-67.656195, 45.546672], [-67.655598, 45.54661], [-67.654406, 45.546491], [-67.653274, 45.546383], [-67.651692, 45.546228], [-67.65062, 45.546122], [-67.650464, 45.546106], [-67.649872, 45.546039], [-67.649361, 45.545972], [-67.649093, 45.545926], [-67.648731, 45.545855], [-67.648342, 45.545762], [-67.647988, 45.545657], [-67.647632, 45.545538], [-67.64709, 45.545323], [-67.646531, 45.545084], [-67.645853, 45.544795], [-67.645186, 45.544509], [-67.644212, 45.544095], [-67.643679, 45.543869], [-67.643178, 45.543661], [-67.642486, 45.543391], [-67.642175, 45.543274], [-67.641827, 45.54315], [-67.641324, 45.542982], [-67.640673, 45.542786], [-67.640044, 45.542609], [-67.639179, 45.542369], [-67.637631, 45.541958], [-67.636602, 45.541687], [-67.635621, 45.541436], [-67.633167, 45.540785], [-67.63075, 45.540149], [-67.630022, 45.53994], [-67.629482, 45.539772], [-67.62895, 45.539586], [-67.628396, 45.539377], [-67.627701, 45.539084], [-67.62732, 45.538901], [-67.62696, 45.538718], [-67.626545, 45.538493], [-67.626057, 45.538208], [-67.625643, 45.537949], [-67.625306, 45.537724], [-67.625018, 45.537517], [-67.624682, 45.537256], [-67.62439, 45.537006], [-67.624087, 45.536746], [-67.623789, 45.536474], [-67.62352, 45.536204], [-67.623267, 45.535943], [-67.622981, 45.535631], [-67.62271, 45.535343], [-67.622461, 45.53509], [-67.622228, 45.534872], [-67.621973, 45.534653], [-67.621667, 45.534432], [-67.621409, 45.534265], [-67.62113, 45.534101], [-67.620846, 45.533951], [-67.620496, 45.533785], [-67.619945, 45.533568], [-67.61938, 45.533356], [-67.619025, 45.533227], [-67.618649, 45.533092], [-67.618275, 45.532955], [-67.617844, 45.532789], [-67.617499, 45.532643], [-67.617094, 45.532453], [-67.616727, 45.532261], [-67.616278, 45.53201], [-67.615734, 45.531698], [-67.615321, 45.531471], [-67.614932, 45.531251], [-67.614618, 45.531087], [-67.61426, 45.530928], [-67.613909, 45.530782], [-67.613612, 45.530678], [-67.613253, 45.530557], [-67.612954, 45.530479], [-67.612538, 45.530381], [-67.612089, 45.530291], [-67.61126, 45.53015], [-67.610225, 45.529958], [-67.609811, 45.529874], [-67.609412, 45.529779], [-67.608757, 45.529622], [-67.608011, 45.529417], [-67.607319, 45.529213], [-67.606615, 45.528992], [-67.605972, 45.528761], [-67.605394, 45.528543], [-67.604796, 45.528304], [-67.603913, 45.527928], [-67.602535, 45.527328], [-67.601244, 45.526777], [-67.599826, 45.526168], [-67.598479, 45.525593], [-67.596982, 45.524953], [-67.596253, 45.524634], [-67.595894, 45.524489], [-67.595521, 45.524337], [-67.595094, 45.524175], [-67.594803, 45.524073], [-67.594518, 45.52399], [-67.594203, 45.523909], [-67.593801, 45.523814], [-67.593438, 45.523744], [-67.593087, 45.52369], [-67.592761, 45.523654], [-67.592421, 45.52363], [-67.592087, 45.523622], [-67.591705, 45.523626], [-67.591307, 45.523642], [-67.590874, 45.52367], [-67.590454, 45.523721], [-67.590073, 45.523775], [-67.589301, 45.52391], [-67.588578, 45.524034], [-67.586243, 45.524432], [-67.582324, 45.525105], [-67.580614, 45.525392], [-67.579724, 45.525542], [-67.578883, 45.525678], [-67.578483, 45.525736], [-67.578132, 45.525776], [-67.577776, 45.525802], [-67.577448, 45.525815], [-67.57713, 45.525814], [-67.576749, 45.525799], [-67.576324, 45.525762], [-67.57589, 45.525706], [-67.575523, 45.52565], [-67.575173, 45.525591], [-67.574898, 45.525534], [-67.574528, 45.525438], [-67.574149, 45.525323], [-67.57374, 45.525184], [-67.573341, 45.525025], [-67.572894, 45.524819], [-67.572474, 45.524603], [-67.571942, 45.524318], [-67.570873, 45.523744], [-67.570279, 45.523418], [-67.569737, 45.523129], [-67.569401, 45.522955], [-67.56913, 45.522821], [-67.568913, 45.522725], [-67.568669, 45.522631], [-67.568413, 45.522539], [-67.568136, 45.522455], [-67.56782, 45.522369], [-67.567554, 45.522307], [-67.567266, 45.522248], [-67.566967, 45.52221], [-67.566581, 45.522177], [-67.566205, 45.522159], [-67.565865, 45.522151], [-67.565483, 45.522163], [-67.565129, 45.522194], [-67.564727, 45.522247], [-67.564441, 45.522298], [-67.564131, 45.52237], [-67.563812, 45.522454], [-67.563448, 45.522569], [-67.563087, 45.52271], [-67.562828, 45.522826], [-67.562618, 45.522927], [-67.562322, 45.52309], [-67.561993, 45.523311], [-67.561696, 45.52355], [-67.561344, 45.523881], [-67.560981, 45.524276], [-67.560761, 45.524575], [-67.560641, 45.524798], [-67.560556, 45.525044], [-67.56049, 45.525372], [-67.56044, 45.525779], [-67.560405, 45.526234], [-67.560411, 45.526633], [-67.560411, 45.526964], [-67.560389, 45.527425], [-67.560329, 45.527799], [-67.560279, 45.527983], [-67.560218, 45.52816], [-67.56015, 45.528337], [-67.560043, 45.528535], [-67.559904, 45.528757], [-67.55973, 45.528983], [-67.559509, 45.529238], [-67.55927, 45.529476], [-67.559076, 45.52964], [-67.55887, 45.529801], [-67.558555, 45.530006], [-67.558113, 45.530275], [-67.556975, 45.530948], [-67.556454, 45.531267], [-67.556138, 45.531458], [-67.555841, 45.531655], [-67.555473, 45.531915], [-67.555212, 45.53212], [-67.554948, 45.53235], [-67.554738, 45.532556], [-67.554502, 45.532825], [-67.55421, 45.533196], [-67.553721, 45.533855], [-67.553402, 45.534303], [-67.553208, 45.534548], [-67.552863, 45.535], [-67.55261, 45.535334], [-67.552452, 45.535528], [-67.552305, 45.535702], [-67.552109, 45.535921], [-67.551913, 45.536118], [-67.551758, 45.536257], [-67.551529, 45.536467], [-67.551272, 45.536683], [-67.550926, 45.536948], [-67.550525, 45.537232], [-67.550171, 45.537448], [-67.549736, 45.537704], [-67.549229, 45.53797], [-67.548669, 45.538229], [-67.54815, 45.538437], [-67.547613, 45.538635], [-67.547119, 45.53879], [-67.546603, 45.538929], [-67.546015, 45.539061], [-67.545338, 45.539197], [-67.544536, 45.539345], [-67.543951, 45.539456], [-67.543485, 45.539559], [-67.542944, 45.539693], [-67.54248, 45.539818], [-67.54207, 45.53993], [-67.541802, 45.540005], [-67.541205, 45.540165], [-67.540634, 45.540326], [-67.540342, 45.540425], [-67.539976, 45.540555], [-67.539686, 45.540674], [-67.539382, 45.540815], [-67.539056, 45.540985], [-67.538756, 45.541159], [-67.538464, 45.541344], [-67.537403, 45.542101], [-67.536933, 45.542438], [-67.536436, 45.542786], [-67.536228, 45.542931], [-67.536038, 45.543052], [-67.535866, 45.543146], [-67.535678, 45.543236], [-67.535445, 45.54334], [-67.535136, 45.543462], [-67.534785, 45.543598], [-67.534518, 45.543691], [-67.534269, 45.543776], [-67.533987, 45.543859], [-67.533753, 45.54392], [-67.533473, 45.543991], [-67.533122, 45.544064], [-67.532799, 45.544121], [-67.5325, 45.544169], [-67.532325, 45.544194], [-67.532004, 45.544241], [-67.531547, 45.544297], [-67.531115, 45.544351], [-67.53071, 45.544388], [-67.530314, 45.544412], [-67.529874, 45.544427], [-67.529485, 45.544434], [-67.529162, 45.544427], [-67.528827, 45.54442], [-67.528576, 45.544406], [-67.528367, 45.544388], [-67.528114, 45.544367], [-67.52791, 45.544348], [-67.527655, 45.544322], [-67.527363, 45.54428], [-67.527044, 45.544225], [-67.526762, 45.544164], [-67.526514, 45.544111], [-67.526224, 45.544031], [-67.52596, 45.54396], [-67.525678, 45.543873], [-67.525384, 45.543777], [-67.525083, 45.54366], [-67.524774, 45.543533], [-67.524464, 45.543399], [-67.524085, 45.543233], [-67.523543, 45.542998], [-67.523141, 45.54282], [-67.522701, 45.542626], [-67.522331, 45.54246], [-67.522012, 45.542332], [-67.521741, 45.542238], [-67.521482, 45.542155], [-67.521188, 45.542065], [-67.520887, 45.541996], [-67.520607, 45.541941], [-67.52037, 45.541908], [-67.52008, 45.541871], [-67.51967, 45.541844], [-67.519336, 45.541826], [-67.519009, 45.541834], [-67.518691, 45.541848], [-67.518352, 45.541877], [-67.518027, 45.54191], [-67.517747, 45.541968], [-67.517436, 45.542031], [-67.517084, 45.542125], [-67.51677, 45.542233], [-67.516516, 45.542335], [-67.51626, 45.542443], [-67.515904, 45.542622], [-67.515407, 45.54287], [-67.514983, 45.543092], [-67.514592, 45.5433], [-67.513819, 45.543726], [-67.513064, 45.544137], [-67.512601, 45.544385], [-67.512346, 45.544529], [-67.5122, 45.54461], [-67.511829, 45.544763], [-67.51137, 45.544957], [-67.51105, 45.545081], [-67.510668, 45.545214], [-67.510335, 45.545325], [-67.509923, 45.545442], [-67.509613, 45.545528], [-67.509294, 45.545603], [-67.508947, 45.545679], [-67.508536, 45.545757], [-67.508087, 45.54583], [-67.50744, 45.545912], [-67.506032, 45.54607], [-67.504636, 45.546228], [-67.503272, 45.546374], [-67.502058, 45.546509], [-67.500827, 45.546648], [-67.499474, 45.546801], [-67.498265, 45.546939], [-67.49715, 45.547062], [-67.49565, 45.547228], [-67.494245, 45.547385], [-67.492651, 45.547566], [-67.491186, 45.547729], [-67.49012, 45.547847], [-67.488994, 45.547973], [-67.488128, 45.548067], [-67.487059, 45.548186], [-67.485958, 45.548308], [-67.485066, 45.548413], [-67.484314, 45.548511], [-67.483609, 45.548624], [-67.483141, 45.548703], [-67.482076, 45.548931], [-67.479588, 45.549518], [-67.477697, 45.549961], [-67.475783, 45.550411], [-67.473806, 45.550878], [-67.471148, 45.551502], [-67.46791, 45.552267], [-67.464956, 45.552964], [-67.462157, 45.553619], [-67.459143, 45.55433], [-67.455645, 45.555153], [-67.451837, 45.556051], [-67.449806, 45.556525], [-67.448678, 45.556791], [-67.447962, 45.556959], [-67.447347, 45.557116], [-67.446891, 45.557239], [-67.446253, 45.557431], [-67.445269, 45.557761], [-67.443857, 45.558253], [-67.440391, 45.55947], [-67.431381, 45.562628], [-67.430487, 45.562938], [-67.429563, 45.563262]]}}, {"type": "Feature", "properties": {"company": "Canadian Pacific Railway", "line": "Canadian Pacific: Mattawamkeag \u2013 Vanceboro", "id": "cp-mattawamkeag-danforth-vanceboro", "color": "#B0413E", "mode": "intercity_rail", "avg_speed_kmh": 55, "speed_source": "estimated: CP Montreal-Saint John through service; unsourced", "geometry_source": "Real-traced from OpenStreetMap (ODbL) via Overpass along the Waterville Subdivision (Bangor to Mattawamkeag) and the Mattawamkeag Subdivision (Mattawamkeag through Danforth to Vanceboro) \u2014 the surviving line built as the European and North American Railway.", "geometry_quality": "Real-traced, 1491 points; 7% of the full line's length (8.0 mi across 26 places) is straight-line connector where the mapped way network breaks. Traced 56.3 mi against no separate published mileage for this segment. LATER ALIGNMENT: the corridor as it survives today, not a verified 1871 alignment.", "segments": [{"start": 1889, "end": 1978, "headway_min": 720, "note": "From 1889 the Canadian Pacific ran its Montreal-Saint John trains over this stretch on trackage rights from the Maine Central, the final link in CP's route to an ice-free Atlantic port. It bought the line outright in 1974. So Danforth sat on a Canadian transcontinental connection as well as a Maine local line. Frequency estimated/unsourced", "sources": ["Segment-level: this segment's own note carries the citation for its dates and service. Supporting references for the line:", "https://en.wikipedia.org/wiki/European_and_North_American_Railway", "https://en.wikipedia.org/wiki/Canadian_Pacific_Lines_in_Maine", "https://en.wikipedia.org/wiki/Atlantic_(train)"]}]}, "geometry": {"type": "LineString", "coordinates": [[-68.351908, 45.51446], [-68.351594, 45.514581], [-68.349176, 45.518866], [-68.349086, 45.518979], [-68.349012, 45.519065], [-68.348928, 45.519158], [-68.348834, 45.519255], [-68.348704, 45.519386], [-68.348572, 45.519503], [-68.348445, 45.519608], [-68.348257, 45.51975], [-68.34804, 45.519899], [-68.34789, 45.519994], [-68.347758, 45.52007], [-68.347595, 45.520157], [-68.347422, 45.520243], [-68.347206, 45.520347], [-68.347045, 45.520419], [-68.346828, 45.520507], [-68.346619, 45.520583], [-68.346462, 45.520636], [-68.34631, 45.520685], [-68.346147, 45.520734], [-68.34598, 45.520779], [-68.345814, 45.520817], [-68.345622, 45.520857], [-68.345239, 45.520926], [-68.345035, 45.520955], [-68.344849, 45.520977], [-68.3446, 45.521], [-68.344357, 45.521019], [-68.344112, 45.521029], [-68.343837, 45.521033], [-68.343587, 45.521028], [-68.343332, 45.521013], [-68.343068, 45.520994], [-68.342821, 45.520967], [-68.342561, 45.520929], [-68.342299, 45.52088], [-68.342041, 45.520823], [-68.341788, 45.52076], [-68.341522, 45.52069], [-68.341234, 45.520609], [-68.340638, 45.520438], [-68.34006, 45.520273], [-68.339887, 45.520225], [-68.339714, 45.52018], [-68.33955, 45.520139], [-68.339372, 45.520097], [-68.339175, 45.520055], [-68.338977, 45.520017], [-68.338734, 45.519973], [-68.338507, 45.519941], [-68.338247, 45.519912], [-68.338046, 45.519895], [-68.337845, 45.519883], [-68.337605, 45.519874], [-68.337357, 45.51987], [-68.337128, 45.519868], [-68.33691, 45.519869], [-68.33668, 45.519875], [-68.336429, 45.519889], [-68.336172, 45.519911], [-68.335888, 45.519947], [-68.335572, 45.51999], [-68.335286, 45.520038], [-68.335012, 45.520094], [-68.334747, 45.520157], [-68.334474, 45.520229], [-68.334176, 45.520316], [-68.333716, 45.520455], [-68.332348, 45.520877], [-68.330855, 45.521326], [-68.329881, 45.521617], [-68.329583, 45.5217], [-68.329203, 45.521798], [-68.3288, 45.521891], [-68.328418, 45.521969], [-68.328035, 45.522036], [-68.327624, 45.522099], [-68.327176, 45.522151], [-68.326771, 45.522188], [-68.326344, 45.522214], [-68.325945, 45.522234], [-68.325514, 45.522238], [-68.32518, 45.522237], [-68.325142, 45.522236], [-68.324778, 45.52222], [-68.3244, 45.522194], [-68.324015, 45.522162], [-68.323622, 45.522121], [-68.323117, 45.522049], [-68.322724, 45.521983], [-68.322275, 45.521895], [-68.321802, 45.521789], [-68.321196, 45.521651], [-68.319043, 45.521156], [-68.317613, 45.520815], [-68.316949, 45.520658], [-68.316571, 45.520567], [-68.316344, 45.520517], [-68.316138, 45.520478], [-68.315867, 45.520424], [-68.315585, 45.520373], [-68.315324, 45.520329], [-68.315015, 45.520277], [-68.314655, 45.520214], [-68.31401, 45.520105], [-68.313488, 45.520012], [-68.313062, 45.519942], [-68.312515, 45.51985], [-68.311805, 45.519722], [-68.311204, 45.519616], [-68.31077, 45.519541], [-68.310406, 45.519481], [-68.310056, 45.519426], [-68.30973, 45.519381], [-68.309404, 45.519339], [-68.309154, 45.519313], [-68.308921, 45.519294], [-68.308639, 45.519278], [-68.308374, 45.519269], [-68.308063, 45.519266], [-68.307724, 45.519262], [-68.307369, 45.519264], [-68.306952, 45.519275], [-68.306596, 45.519297], [-68.306242, 45.519321], [-68.305953, 45.51935], [-68.305547, 45.519409], [-68.305231, 45.519461], [-68.304866, 45.519527], [-68.304546, 45.519588], [-68.304214, 45.519666], [-68.303896, 45.519747], [-68.303445, 45.519868], [-68.302958, 45.520007], [-68.301948, 45.520292], [-68.301021, 45.520547], [-68.300046, 45.520819], [-68.29971, 45.520915], [-68.299393, 45.521012], [-68.299124, 45.521102], [-68.298887, 45.52119], [-68.298642, 45.52129], [-68.298415, 45.52139], [-68.298152, 45.52152], [-68.297937, 45.521634], [-68.297702, 45.521767], [-68.297455, 45.521922], [-68.297245, 45.522064], [-68.297026, 45.522225], [-68.296827, 45.522391], [-68.29664, 45.522555], [-68.296429, 45.522758], [-68.29607, 45.523115], [-68.2954, 45.523778], [-68.294985, 45.524189], [-68.294752, 45.524416], [-68.294615, 45.524545], [-68.294458, 45.524679], [-68.294232, 45.524859], [-68.29394, 45.525073], [-68.293728, 45.525216], [-68.293509, 45.525353], [-68.293196, 45.525538], [-68.292923, 45.525686], [-68.29264, 45.52583], [-68.292298, 45.525985], [-68.291936, 45.526139], [-68.29138, 45.52636], [-68.290543, 45.5267], [-68.28965, 45.527056], [-68.288953, 45.527337], [-68.288247, 45.527621], [-68.287374, 45.527966], [-68.286374, 45.528363], [-68.284748, 45.529016], [-68.283346, 45.529568], [-68.282178, 45.530041], [-68.28152, 45.530305], [-68.280963, 45.530522], [-68.28028, 45.5308], [-68.279892, 45.530953], [-68.279858, 45.530966], [-68.278894, 45.53135], [-68.2778, 45.53179], [-68.274656, 45.533052], [-68.271309, 45.53438], [-68.26805, 45.535681], [-68.266436, 45.536325], [-68.264437, 45.537124], [-68.26133, 45.538367], [-68.258289, 45.539581], [-68.255875, 45.540542], [-68.25352, 45.541479], [-68.251281, 45.542358], [-68.249363, 45.543129], [-68.247191, 45.543997], [-68.245061, 45.544845], [-68.243151, 45.545609], [-68.243113, 45.545625], [-68.239952, 45.546884], [-68.237585, 45.547829], [-68.235464, 45.548675], [-68.233694, 45.549373], [-68.231886, 45.550086], [-68.230498, 45.550639], [-68.229845, 45.550898], [-68.229481, 45.55104], [-68.229181, 45.551153], [-68.228888, 45.551257], [-68.228541, 45.551367], [-68.228216, 45.551461], [-68.227879, 45.551545], [-68.227496, 45.551629], [-68.227128, 45.551691], [-68.226683, 45.551756], [-68.226273, 45.551806], [-68.225847, 45.551842], [-68.225489, 45.551866], [-68.22449, 45.551919], [-68.222693, 45.552006], [-68.222253, 45.55203], [-68.220578, 45.552124], [-68.218826, 45.552217], [-68.21825, 45.552246], [-68.217962, 45.552255], [-68.217659, 45.552259], [-68.217314, 45.552257], [-68.216957, 45.552247], [-68.216601, 45.552225], [-68.216237, 45.55219], [-68.215881, 45.552147], [-68.21552, 45.552085], [-68.215149, 45.552015], [-68.21471, 45.551921], [-68.214275, 45.551812], [-68.213844, 45.551678], [-68.213443, 45.551535], [-68.213036, 45.551376], [-68.212555, 45.551175], [-68.211832, 45.550851], [-68.211005, 45.550475], [-68.21052, 45.550254], [-68.210013, 45.550025], [-68.208938, 45.549534], [-68.207858, 45.549033], [-68.207306, 45.548783], [-68.206883, 45.548591], [-68.206477, 45.548419], [-68.206119, 45.548279], [-68.205766, 45.548153], [-68.205428, 45.548043], [-68.205023, 45.547923], [-68.204559, 45.547807], [-68.204083, 45.547697], [-68.203634, 45.54761], [-68.203187, 45.547535], [-68.202723, 45.547475], [-68.202212, 45.547423], [-68.201778, 45.547394], [-68.201253, 45.547373], [-68.200745, 45.547377], [-68.200506, 45.547382], [-68.20047, 45.547383], [-68.200245, 45.547389], [-68.199693, 45.547416], [-68.199141, 45.547459], [-68.19844, 45.547522], [-68.197652, 45.54761], [-68.196396, 45.547748], [-68.194975, 45.5479], [-68.194376, 45.547968], [-68.193946, 45.54803], [-68.193505, 45.548106], [-68.193087, 45.548195], [-68.192738, 45.54828], [-68.192368, 45.548385], [-68.191911, 45.548537], [-68.19146, 45.548709], [-68.191061, 45.548875], [-68.190756, 45.549014], [-68.190488, 45.549145], [-68.190138, 45.549332], [-68.189867, 45.549505], [-68.189577, 45.549704], [-68.189383, 45.549846], [-68.189143, 45.550041], [-68.188955, 45.550207], [-68.188703, 45.550448], [-68.188402, 45.550759], [-68.188158, 45.551055], [-68.187954, 45.551325], [-68.187768, 45.55164], [-68.187523, 45.552102], [-68.187317, 45.552494], [-68.187043, 45.553016], [-68.186802, 45.553474], [-68.186568, 45.553899], [-68.185929, 45.555108], [-68.185408, 45.556073], [-68.185109, 45.556659], [-68.184796, 45.557246], [-68.184426, 45.557955], [-68.184143, 45.558507], [-68.183732, 45.559306], [-68.183311, 45.56011], [-68.182871, 45.560969], [-68.18247, 45.561724], [-68.182063, 45.5625], [-68.181656, 45.563245], [-68.181206, 45.564106], [-68.181038, 45.564397], [-68.180887, 45.564666], [-68.180723, 45.564935], [-68.180577, 45.565139], [-68.180264, 45.565499], [-68.180043, 45.565715], [-68.179765, 45.565961], [-68.179444, 45.566232], [-68.179222, 45.566411], [-68.178889, 45.566647], [-68.178573, 45.566849], [-68.178263, 45.56702], [-68.177899, 45.567209], [-68.177477, 45.567407], [-68.177116, 45.567566], [-68.176775, 45.567695], [-68.176329, 45.567852], [-68.175774, 45.568012], [-68.175271, 45.568126], [-68.174764, 45.568219], [-68.174377, 45.568277], [-68.173992, 45.568321], [-68.173634, 45.568352], [-68.173294, 45.568374], [-68.17289, 45.568384], [-68.172513, 45.56838], [-68.172169, 45.568369], [-68.171791, 45.568345], [-68.171409, 45.568311], [-68.170983, 45.568258], [-68.170597, 45.568197], [-68.17022, 45.568124], [-68.169523, 45.567971], [-68.168863, 45.567819], [-68.168493, 45.567743], [-68.168139, 45.567675], [-68.167794, 45.567623], [-68.167462, 45.567591], [-68.167037, 45.567563], [-68.166635, 45.567549], [-68.166269, 45.567547], [-68.165936, 45.567563], [-68.165599, 45.567594], [-68.165278, 45.56763], [-68.164924, 45.567681], [-68.164551, 45.567751], [-68.164184, 45.567841], [-68.163784, 45.567951], [-68.163395, 45.568067], [-68.162955, 45.568215], [-68.162593, 45.568363], [-68.162233, 45.568526], [-68.161896, 45.568703], [-68.161496, 45.568929], [-68.161114, 45.569178], [-68.160752, 45.569441], [-68.160358, 45.569737], [-68.159893, 45.570106], [-68.159338, 45.57054], [-68.158914, 45.570869], [-68.158362, 45.571291], [-68.157785, 45.571735], [-68.156252, 45.572909], [-68.154808, 45.574009], [-68.153431, 45.57506], [-68.152219, 45.575983], [-68.150967, 45.576931], [-68.149093, 45.578354], [-68.146841, 45.58007], [-68.144602, 45.581791], [-68.142989, 45.583009], [-68.141442, 45.584189], [-68.139476, 45.585696], [-68.137769, 45.586997], [-68.136498, 45.587966], [-68.135809, 45.588483], [-68.134767, 45.589274], [-68.133324, 45.590392], [-68.13181, 45.591542], [-68.130314, 45.592694], [-68.128529, 45.594063], [-68.12679, 45.595404], [-68.125151, 45.596636], [-68.123574, 45.597834], [-68.122139, 45.598915], [-68.120651, 45.600072], [-68.119303, 45.601087], [-68.118082, 45.602016], [-68.116626, 45.603114], [-68.115315, 45.604117], [-68.114836, 45.604486], [-68.114761, 45.604546], [-68.113265, 45.605672], [-68.110872, 45.607518], [-68.108775, 45.609103], [-68.107276, 45.610273], [-68.105731, 45.611432], [-68.10441, 45.612461], [-68.102805, 45.613685], [-68.101717, 45.614498], [-68.100739, 45.615235], [-68.099849, 45.61591], [-68.098887, 45.616639], [-68.098834, 45.61668], [-68.096929, 45.618114], [-68.095322, 45.619352], [-68.094043, 45.620322], [-68.092358, 45.621605], [-68.091886, 45.621964], [-68.091586, 45.622205], [-68.0913, 45.622453], [-68.090997, 45.622743], [-68.09077, 45.623], [-68.090599, 45.623218], [-68.09042, 45.623462], [-68.090264, 45.623691], [-68.090092, 45.623974], [-68.089964, 45.624211], [-68.089823, 45.624492], [-68.089706, 45.624771], [-68.089628, 45.625005], [-68.089566, 45.625241], [-68.08948, 45.62566], [-68.08939, 45.626083], [-68.089263, 45.626595], [-68.089154, 45.627041], [-68.089076, 45.627364], [-68.088979, 45.627692], [-68.088873, 45.627983], [-68.088754, 45.62827], [-68.088635, 45.628502], [-68.088444, 45.628819], [-68.088332, 45.628991], [-68.088183, 45.629194], [-68.088031, 45.629381], [-68.087959, 45.629466], [-68.087793, 45.629662], [-68.087572, 45.629899], [-68.087384, 45.630078], [-68.087189, 45.630252], [-68.086921, 45.630466], [-68.086582, 45.630716], [-68.086234, 45.630946], [-68.085941, 45.631121], [-68.08556, 45.631334], [-68.084946, 45.631661], [-68.084081, 45.632113], [-68.083316, 45.632517], [-68.082517, 45.632932], [-68.081872, 45.633274], [-68.0813, 45.633578], [-68.08082, 45.63385], [-68.08046, 45.634074], [-68.08019, 45.634264], [-68.079925, 45.634486], [-68.079708, 45.634721], [-68.079451, 45.63502], [-68.079244, 45.635291], [-68.07908, 45.635546], [-68.078904, 45.635871], [-68.078563, 45.636531], [-68.078315, 45.636988], [-68.078063, 45.637447], [-68.077789, 45.637932], [-68.077488, 45.63846], [-68.077381, 45.63867], [-68.07728, 45.63889], [-68.077184, 45.639152], [-68.077062, 45.639493], [-68.077011, 45.639681], [-68.076974, 45.639864], [-68.076937, 45.640139], [-68.076922, 45.640409], [-68.076917, 45.640619], [-68.076919, 45.640848], [-68.076933, 45.641053], [-68.07695, 45.641242], [-68.076981, 45.641474], [-68.077039, 45.641758], [-68.077149, 45.642286], [-68.077207, 45.642606], [-68.077245, 45.642915], [-68.077255, 45.643197], [-68.077233, 45.643499], [-68.077185, 45.64382], [-68.077108, 45.644129], [-68.077001, 45.644449], [-68.07687, 45.64473], [-68.076743, 45.644973], [-68.076615, 45.645182], [-68.076458, 45.645404], [-68.076235, 45.645692], [-68.075918, 45.646062], [-68.07541, 45.646616], [-68.074877, 45.647179], [-68.074271, 45.647819], [-68.073415, 45.648751], [-68.072602, 45.649662], [-68.072381, 45.649908], [-68.072328, 45.649964], [-68.072217, 45.650092], [-68.072134, 45.650184], [-68.072062, 45.650256], [-68.071977, 45.650336], [-68.071884, 45.650421], [-68.071748, 45.650537], [-68.071661, 45.650607], [-68.071559, 45.65069], [-68.07146, 45.650766], [-68.071345, 45.650848], [-68.071173, 45.650965], [-68.070921, 45.651136], [-68.070745, 45.651255], [-68.070605, 45.651352], [-68.069982, 45.651769], [-68.06944, 45.652148], [-68.068797, 45.65259], [-68.068307, 45.652923], [-68.0678, 45.653268], [-68.067339, 45.653588], [-68.066884, 45.653903], [-68.06604, 45.654469], [-68.065289, 45.654973], [-68.064275, 45.655662], [-68.063763, 45.656004], [-68.06329, 45.656324], [-68.062542, 45.656833], [-68.061948, 45.65724], [-68.06132, 45.657667], [-68.060912, 45.65794], [-68.060493, 45.658222], [-68.059883, 45.658634], [-68.059505, 45.658893], [-68.059144, 45.659146], [-68.058364, 45.659679], [-68.05746, 45.660289], [-68.056888, 45.660677], [-68.05627, 45.661101], [-68.055432, 45.661669], [-68.054378, 45.662384], [-68.05378, 45.662791], [-68.053202, 45.663181], [-68.052506, 45.66365], [-68.052102, 45.663921], [-68.051818, 45.664108], [-68.051487, 45.664321], [-68.051134, 45.664536], [-68.050622, 45.664836], [-68.050362, 45.664981], [-68.050151, 45.665093], [-68.049941, 45.665205], [-68.049565, 45.665397], [-68.049243, 45.665554], [-68.048728, 45.665793], [-68.048284, 45.666002], [-68.047803, 45.666216], [-68.046935, 45.666611], [-68.045246, 45.667374], [-68.044095, 45.667903], [-68.042483, 45.668629], [-68.040565, 45.669505], [-68.039606, 45.669944], [-68.038719, 45.670352], [-68.037638, 45.670846], [-68.036836, 45.671204], [-68.029336, 45.672165], [-68.029052, 45.672159], [-68.028785, 45.672164], [-68.028452, 45.672188], [-68.028128, 45.672235], [-68.027814, 45.672295], [-68.027496, 45.672371], [-68.027201, 45.672447], [-68.026708, 45.672576], [-68.026388, 45.672655], [-68.02611, 45.672722], [-68.02581, 45.672791], [-68.025485, 45.672855], [-68.02515, 45.672907], [-68.024788, 45.672948], [-68.024417, 45.672977], [-68.02399, 45.672989], [-68.023582, 45.672988], [-68.023228, 45.672978], [-68.022897, 45.672958], [-68.022494, 45.67292], [-68.02207, 45.672858], [-68.021624, 45.672766], [-68.021193, 45.672662], [-68.020666, 45.672503], [-68.019931, 45.67225], [-68.019514, 45.672102], [-68.019117, 45.671967], [-68.018768, 45.671867], [-68.018428, 45.671783], [-68.018092, 45.671713], [-68.017768, 45.671652], [-68.017105, 45.671546], [-68.016485, 45.671443], [-68.015716, 45.671324], [-68.01458, 45.671139], [-68.013451, 45.670962], [-68.012133, 45.670755], [-68.011176, 45.670603], [-68.01108, 45.670588], [-68.009543, 45.670342], [-68.007084, 45.669945], [-68.004956, 45.669609], [-68.003384, 45.66935], [-68.002506, 45.669216], [-68.002195, 45.669167], [-68.001923, 45.669132], [-68.001716, 45.66911], [-68.001344, 45.669078], [-68.000955, 45.669048], [-68.000649, 45.669034], [-68.000269, 45.669021], [-67.999861, 45.669018], [-67.999463, 45.669021], [-67.998704, 45.669036], [-67.997868, 45.669046], [-67.993111, 45.669136], [-67.991855, 45.669163], [-67.990347, 45.669193], [-67.987696, 45.669244], [-67.985558, 45.669292], [-67.983456, 45.669335], [-67.982302, 45.669359], [-67.981913, 45.669367], [-67.981428, 45.669375], [-67.979897, 45.669405], [-67.977786, 45.669447], [-67.976386, 45.669477], [-67.975266, 45.669503], [-67.974812, 45.669517], [-67.9744, 45.66954], [-67.974032, 45.66957], [-67.973521, 45.669625], [-67.972921, 45.669694], [-67.972114, 45.669782], [-67.97033, 45.66999], [-67.96912, 45.670132], [-67.96887, 45.670165], [-67.968572, 45.670209], [-67.968223, 45.670268], [-67.967976, 45.670325], [-67.96764, 45.670417], [-67.967327, 45.670517], [-67.967062, 45.670609], [-67.966789, 45.670725], [-67.966488, 45.67087], [-67.966214, 45.671017], [-67.965979, 45.671168], [-67.965776, 45.67131], [-67.965559, 45.671491], [-67.965349, 45.671687], [-67.965182, 45.671866], [-67.965051, 45.672021], [-67.964932, 45.67218], [-67.964808, 45.672385], [-67.964718, 45.672548], [-67.964639, 45.672709], [-67.964572, 45.67291], [-67.964524, 45.673115], [-67.964485, 45.673323], [-67.964461, 45.67355], [-67.96448, 45.673958], [-67.964496, 45.674213], [-67.964549, 45.674779], [-67.964583, 45.675237], [-67.964651, 45.675942], [-67.964696, 45.676552], [-67.964704, 45.676769], [-67.964703, 45.676974], [-67.964695, 45.677201], [-67.964678, 45.677435], [-67.964657, 45.677597], [-67.964636, 45.677747], [-67.964583, 45.67799], [-67.964525, 45.678216], [-67.964434, 45.67848], [-67.964338, 45.678705], [-67.964222, 45.678968], [-67.964101, 45.679202], [-67.963967, 45.679424], [-67.963837, 45.679614], [-67.963663, 45.679861], [-67.963488, 45.680081], [-67.963267, 45.680334], [-67.963041, 45.680564], [-67.962803, 45.680785], [-67.962484, 45.681059], [-67.962172, 45.681292], [-67.961866, 45.6815], [-67.961653, 45.681631], [-67.961454, 45.681749], [-67.961198, 45.681889], [-67.960874, 45.682061], [-67.96054, 45.68222], [-67.960159, 45.682379], [-67.959919, 45.68247], [-67.959511, 45.682611], [-67.959047, 45.682751], [-67.958623, 45.682857], [-67.958217, 45.682948], [-67.95779, 45.683026], [-67.957326, 45.683101], [-67.95683, 45.683152], [-67.956337, 45.683187], [-67.955843, 45.683203], [-67.955366, 45.683193], [-67.954772, 45.683162], [-67.954322, 45.683124], [-67.953697, 45.683035], [-67.953032, 45.682913], [-67.952502, 45.682802], [-67.950934, 45.682481], [-67.947954, 45.681869], [-67.946246, 45.681511], [-67.943115, 45.680854], [-67.941487, 45.680517], [-67.939908, 45.680193], [-67.937824, 45.679758], [-67.934951, 45.679167], [-67.933488, 45.678868], [-67.932063, 45.678576], [-67.931903, 45.678544], [-67.929785, 45.678109], [-67.927685, 45.677678], [-67.925254, 45.677181], [-67.921915, 45.676498], [-67.918449, 45.675784], [-67.917606, 45.675608], [-67.916794, 45.675446], [-67.916071, 45.675312], [-67.915553, 45.675221], [-67.915134, 45.675156], [-67.914495, 45.675076], [-67.913892, 45.675011], [-67.913313, 45.674958], [-67.912655, 45.674906], [-67.912126, 45.674875], [-67.91157, 45.674844], [-67.910381, 45.674779], [-67.908108, 45.674655], [-67.907553, 45.674617], [-67.90691, 45.67456], [-67.906365, 45.674498], [-67.905835, 45.674432], [-67.904985, 45.674305], [-67.904194, 45.674164], [-67.903575, 45.674031], [-67.902941, 45.673892], [-67.902258, 45.673725], [-67.901712, 45.673593], [-67.899492, 45.673023], [-67.898878, 45.672877], [-67.896745, 45.672349], [-67.896186, 45.672211], [-67.894829, 45.671855], [-67.894198, 45.671709], [-67.893845, 45.671632], [-67.893493, 45.671566], [-67.893005, 45.671491], [-67.892501, 45.67142], [-67.891977, 45.671357], [-67.891445, 45.671311], [-67.890998, 45.671281], [-67.890566, 45.671266], [-67.890124, 45.671256], [-67.889643, 45.671255], [-67.889266, 45.671265], [-67.888841, 45.671282], [-67.888087, 45.671326], [-67.887307, 45.671381], [-67.884951, 45.671531], [-67.88438, 45.671554], [-67.883928, 45.671559], [-67.883549, 45.671535], [-67.883059, 45.671494], [-67.882569, 45.671429], [-67.882004, 45.671319], [-67.881463, 45.671179], [-67.880959, 45.671009], [-67.88058, 45.670877], [-67.880217, 45.670736], [-67.879865, 45.67057], [-67.879337, 45.670267], [-67.878848, 45.669962], [-67.878183, 45.669539], [-67.876993, 45.668767], [-67.875823, 45.668009], [-67.874068, 45.666885], [-67.873442, 45.666467], [-67.873224, 45.666308], [-67.873026, 45.666149], [-67.872673, 45.665841], [-67.872333, 45.665514], [-67.871922, 45.665077], [-67.871584, 45.664682], [-67.871198, 45.664211], [-67.870696, 45.663589], [-67.870258, 45.663021], [-67.870063, 45.662754], [-67.869889, 45.662483], [-67.869625, 45.662044], [-67.869395, 45.661605], [-67.869188, 45.661155], [-67.868987, 45.660709], [-67.868579, 45.659751], [-67.868489, 45.659522], [-67.866635, 45.655411], [-67.862594, 45.646905], [-67.862344, 45.64659], [-67.862017, 45.646237], [-67.8616, 45.645808], [-67.861152, 45.64539], [-67.860697, 45.644967], [-67.860171, 45.6445], [-67.859477, 45.643862], [-67.858554, 45.643008], [-67.857653, 45.642186], [-67.856653, 45.641267], [-67.855884, 45.640548], [-67.854789, 45.639566], [-67.85387, 45.638712], [-67.853199, 45.638107], [-67.852361, 45.637335], [-67.851538, 45.636579], [-67.851059, 45.636145], [-67.850597, 45.635719], [-67.850164, 45.635312], [-67.849759, 45.634909], [-67.849241, 45.634395], [-67.848977, 45.634124], [-67.848716, 45.633848], [-67.84826, 45.633351], [-67.847826, 45.632857], [-67.847392, 45.632341], [-67.846971, 45.631806], [-67.846625, 45.631347], [-67.846234, 45.630837], [-67.845657, 45.629965], [-67.844981, 45.628928], [-67.844279, 45.62782], [-67.843838, 45.627115], [-67.843396, 45.626406], [-67.842918, 45.62566], [-67.842436, 45.62491], [-67.842006, 45.624295], [-67.841544, 45.623687], [-67.841217, 45.623288], [-67.840869, 45.622889], [-67.840542, 45.622527], [-67.84021, 45.622174], [-67.839773, 45.621728], [-67.839293, 45.621275], [-67.838721, 45.620784], [-67.837983, 45.620159], [-67.837283, 45.6196], [-67.836859, 45.619294], [-67.836376, 45.618964], [-67.835806, 45.618587], [-67.835246, 45.618237], [-67.834227, 45.617627], [-67.833864, 45.617411], [-67.833823, 45.617387], [-67.833208, 45.61702], [-67.832108, 45.616369], [-67.831019, 45.615723], [-67.829656, 45.614922], [-67.828306, 45.614133], [-67.82697, 45.61335], [-67.826255, 45.612925], [-67.825527, 45.612506], [-67.825151, 45.612295], [-67.82475, 45.612082], [-67.824349, 45.611875], [-67.823942, 45.61167], [-67.823425, 45.611421], [-67.822883, 45.611171], [-67.822305, 45.610917], [-67.821685, 45.610663], [-67.821125, 45.610439], [-67.820504, 45.610206], [-67.820004, 45.610031], [-67.819491, 45.609865], [-67.818774, 45.609639], [-67.818064, 45.60943], [-67.817175, 45.609186], [-67.81631, 45.60896], [-67.815454, 45.60874], [-67.814574, 45.608516], [-67.814076, 45.608391], [-67.813619, 45.608284], [-67.813135, 45.608187], [-67.812602, 45.608103], [-67.81181, 45.608017], [-67.811113, 45.607959], [-67.810517, 45.60791], [-67.809954, 45.60785], [-67.809547, 45.60779], [-67.809088, 45.607698], [-67.80868, 45.607593], [-67.808266, 45.607464], [-67.80781, 45.607306], [-67.80739, 45.607149], [-67.806946, 45.606965], [-67.806475, 45.606739], [-67.806081, 45.606537], [-67.80574, 45.606333], [-67.80541, 45.606112], [-67.805078, 45.605843], [-67.804795, 45.605592], [-67.804556, 45.605345], [-67.804081, 45.60483], [-67.803862, 45.604598], [-67.803646, 45.604382], [-67.803414, 45.604175], [-67.803163, 45.60398], [-67.802895, 45.603802], [-67.80259, 45.603603], [-67.802252, 45.603409], [-67.801755, 45.603142], [-67.801263, 45.602884], [-67.799136, 45.601772], [-67.797993, 45.601169], [-67.797028, 45.600667], [-67.793672, 45.598912], [-67.791668, 45.59786], [-67.790137, 45.597069], [-67.788564, 45.596247], [-67.787068, 45.595468], [-67.785701, 45.594756], [-67.784356, 45.59405], [-67.782121, 45.592882], [-67.779876, 45.5917], [-67.778717, 45.591101], [-67.77738, 45.590398], [-67.7768, 45.590093], [-67.776125, 45.589735], [-67.775555, 45.589411], [-67.774996, 45.589078], [-67.774418, 45.58871], [-67.773672, 45.588208], [-67.772928, 45.587676], [-67.772286, 45.587218], [-67.770479, 45.585924], [-67.767467, 45.583789], [-67.764546, 45.581719], [-67.759674, 45.578252], [-67.755432, 45.575262], [-67.754844, 45.574843], [-67.754274, 45.574441], [-67.753704, 45.574037], [-67.753399, 45.573828], [-67.753143, 45.573663], [-67.752898, 45.573513], [-67.752581, 45.573337], [-67.752243, 45.573159], [-67.751931, 45.572997], [-67.751548, 45.572819], [-67.751008, 45.572578], [-67.750525, 45.572374], [-67.750064, 45.572178], [-67.749659, 45.572016], [-67.74919, 45.571835], [-67.748822, 45.571713], [-67.748527, 45.571626], [-67.748143, 45.571532], [-67.747739, 45.571445], [-67.747322, 45.571373], [-67.74698, 45.571325], [-67.746628, 45.571286], [-67.746258, 45.571258], [-67.745788, 45.571249], [-67.745293, 45.57125], [-67.74487, 45.571266], [-67.744313, 45.57129], [-67.741855, 45.571417], [-67.740576, 45.571477], [-67.739942, 45.571507], [-67.739462, 45.571524], [-67.73897, 45.57153], [-67.738505, 45.571518], [-67.737971, 45.571487], [-67.737283, 45.571421], [-67.735548, 45.571222], [-67.735097, 45.57118], [-67.734665, 45.571152], [-67.734296, 45.571135], [-67.733843, 45.57113], [-67.733385, 45.571127], [-67.732865, 45.571124], [-67.732155, 45.571123], [-67.731475, 45.571118], [-67.730786, 45.571116], [-67.729964, 45.57111], [-67.729135, 45.571099], [-67.728736, 45.571093], [-67.728386, 45.571083], [-67.727829, 45.571062], [-67.726551, 45.571007], [-67.724545, 45.57092], [-67.722398, 45.570826], [-67.721205, 45.570782], [-67.720066, 45.570739], [-67.71893, 45.570692], [-67.718204, 45.570658], [-67.7175, 45.570632], [-67.716974, 45.570618], [-67.716014, 45.570597], [-67.715059, 45.570581], [-67.714582, 45.570566], [-67.714105, 45.570536], [-67.713648, 45.570486], [-67.713148, 45.570405], [-67.712762, 45.570319], [-67.712313, 45.57019], [-67.711874, 45.570021], [-67.711425, 45.5698], [-67.711113, 45.569633], [-67.710723, 45.569397], [-67.710261, 45.569115], [-67.708381, 45.567963], [-67.707389, 45.567358], [-67.706953, 45.567084], [-67.706512, 45.566812], [-67.70569, 45.566304], [-67.704895, 45.565811], [-67.704062, 45.5653], [-67.70324, 45.564793], [-67.702329, 45.564223], [-67.701209, 45.56353], [-67.699466, 45.562455], [-67.698753, 45.562008], [-67.698013, 45.56155], [-67.69727, 45.561096], [-67.696509, 45.560629], [-67.695515, 45.56001], [-67.694998, 45.559691], [-67.69451, 45.559375], [-67.694119, 45.559101], [-67.693748, 45.558815], [-67.693241, 45.558381], [-67.692558, 45.557782], [-67.691832, 45.557137], [-67.691431, 45.556784], [-67.691068, 45.556471], [-67.690698, 45.55618], [-67.690396, 45.555962], [-67.690138, 45.555789], [-67.689907, 45.555645], [-67.689639, 45.555493], [-67.689182, 45.555248], [-67.688682, 45.555005], [-67.688096, 45.554743], [-67.686837, 45.554174], [-67.685981, 45.553789], [-67.685316, 45.553506], [-67.684961, 45.553371], [-67.684601, 45.553252], [-67.683828, 45.553014], [-67.681691, 45.552373], [-67.678887, 45.551545], [-67.678438, 45.551412], [-67.677733, 45.551177], [-67.677419, 45.551057], [-67.677052, 45.550905], [-67.676729, 45.55076], [-67.676186, 45.550485], [-67.67524, 45.550015], [-67.673751, 45.549275], [-67.673334, 45.549076], [-67.672895, 45.548886], [-67.672387, 45.548691], [-67.67195, 45.548549], [-67.671566, 45.548434], [-67.671263, 45.548354], [-67.670858, 45.548251], [-67.670358, 45.54815], [-67.669913, 45.548071], [-67.6695, 45.548008], [-67.669117, 45.547959], [-67.668612, 45.547899], [-67.668064, 45.547847], [-67.667485, 45.54779], [-67.666873, 45.547734], [-67.666099, 45.54766], [-67.665194, 45.54757], [-67.664361, 45.547478], [-67.663586, 45.547407], [-67.662916, 45.547343], [-67.662279, 45.54728], [-67.661428, 45.547193], [-67.659755, 45.547023], [-67.657767, 45.546826], [-67.656803, 45.546735], [-67.656195, 45.546672], [-67.655598, 45.54661], [-67.654406, 45.546491], [-67.653274, 45.546383], [-67.651692, 45.546228], [-67.65062, 45.546122], [-67.650464, 45.546106], [-67.649872, 45.546039], [-67.649361, 45.545972], [-67.649093, 45.545926], [-67.648731, 45.545855], [-67.648342, 45.545762], [-67.647988, 45.545657], [-67.647632, 45.545538], [-67.64709, 45.545323], [-67.646531, 45.545084], [-67.645853, 45.544795], [-67.645186, 45.544509], [-67.644212, 45.544095], [-67.643679, 45.543869], [-67.643178, 45.543661], [-67.642486, 45.543391], [-67.642175, 45.543274], [-67.641827, 45.54315], [-67.641324, 45.542982], [-67.640673, 45.542786], [-67.640044, 45.542609], [-67.639179, 45.542369], [-67.637631, 45.541958], [-67.636602, 45.541687], [-67.635621, 45.541436], [-67.633167, 45.540785], [-67.63075, 45.540149], [-67.630022, 45.53994], [-67.629482, 45.539772], [-67.62895, 45.539586], [-67.628396, 45.539377], [-67.627701, 45.539084], [-67.62732, 45.538901], [-67.62696, 45.538718], [-67.626545, 45.538493], [-67.626057, 45.538208], [-67.625643, 45.537949], [-67.625306, 45.537724], [-67.625018, 45.537517], [-67.624682, 45.537256], [-67.62439, 45.537006], [-67.624087, 45.536746], [-67.623789, 45.536474], [-67.62352, 45.536204], [-67.623267, 45.535943], [-67.622981, 45.535631], [-67.62271, 45.535343], [-67.622461, 45.53509], [-67.622228, 45.534872], [-67.621973, 45.534653], [-67.621667, 45.534432], [-67.621409, 45.534265], [-67.62113, 45.534101], [-67.620846, 45.533951], [-67.620496, 45.533785], [-67.619945, 45.533568], [-67.61938, 45.533356], [-67.619025, 45.533227], [-67.618649, 45.533092], [-67.618275, 45.532955], [-67.617844, 45.532789], [-67.617499, 45.532643], [-67.617094, 45.532453], [-67.616727, 45.532261], [-67.616278, 45.53201], [-67.615734, 45.531698], [-67.615321, 45.531471], [-67.614932, 45.531251], [-67.614618, 45.531087], [-67.61426, 45.530928], [-67.613909, 45.530782], [-67.613612, 45.530678], [-67.613253, 45.530557], [-67.612954, 45.530479], [-67.612538, 45.530381], [-67.612089, 45.530291], [-67.61126, 45.53015], [-67.610225, 45.529958], [-67.609811, 45.529874], [-67.609412, 45.529779], [-67.608757, 45.529622], [-67.608011, 45.529417], [-67.607319, 45.529213], [-67.606615, 45.528992], [-67.605972, 45.528761], [-67.605394, 45.528543], [-67.604796, 45.528304], [-67.603913, 45.527928], [-67.602535, 45.527328], [-67.601244, 45.526777], [-67.599826, 45.526168], [-67.598479, 45.525593], [-67.596982, 45.524953], [-67.596253, 45.524634], [-67.595894, 45.524489], [-67.595521, 45.524337], [-67.595094, 45.524175], [-67.594803, 45.524073], [-67.594518, 45.52399], [-67.594203, 45.523909], [-67.593801, 45.523814], [-67.593438, 45.523744], [-67.593087, 45.52369], [-67.592761, 45.523654], [-67.592421, 45.52363], [-67.592087, 45.523622], [-67.591705, 45.523626], [-67.591307, 45.523642], [-67.590874, 45.52367], [-67.590454, 45.523721], [-67.590073, 45.523775], [-67.589301, 45.52391], [-67.588578, 45.524034], [-67.586243, 45.524432], [-67.582324, 45.525105], [-67.580614, 45.525392], [-67.579724, 45.525542], [-67.578883, 45.525678], [-67.578483, 45.525736], [-67.578132, 45.525776], [-67.577776, 45.525802], [-67.577448, 45.525815], [-67.57713, 45.525814], [-67.576749, 45.525799], [-67.576324, 45.525762], [-67.57589, 45.525706], [-67.575523, 45.52565], [-67.575173, 45.525591], [-67.574898, 45.525534], [-67.574528, 45.525438], [-67.574149, 45.525323], [-67.57374, 45.525184], [-67.573341, 45.525025], [-67.572894, 45.524819], [-67.572474, 45.524603], [-67.571942, 45.524318], [-67.570873, 45.523744], [-67.570279, 45.523418], [-67.569737, 45.523129], [-67.569401, 45.522955], [-67.56913, 45.522821], [-67.568913, 45.522725], [-67.568669, 45.522631], [-67.568413, 45.522539], [-67.568136, 45.522455], [-67.56782, 45.522369], [-67.567554, 45.522307], [-67.567266, 45.522248], [-67.566967, 45.52221], [-67.566581, 45.522177], [-67.566205, 45.522159], [-67.565865, 45.522151], [-67.565483, 45.522163], [-67.565129, 45.522194], [-67.564727, 45.522247], [-67.564441, 45.522298], [-67.564131, 45.52237], [-67.563812, 45.522454], [-67.563448, 45.522569], [-67.563087, 45.52271], [-67.562828, 45.522826], [-67.562618, 45.522927], [-67.562322, 45.52309], [-67.561993, 45.523311], [-67.561696, 45.52355], [-67.561344, 45.523881], [-67.560981, 45.524276], [-67.560761, 45.524575], [-67.560641, 45.524798], [-67.560556, 45.525044], [-67.56049, 45.525372], [-67.56044, 45.525779], [-67.560405, 45.526234], [-67.560411, 45.526633], [-67.560411, 45.526964], [-67.560389, 45.527425], [-67.560329, 45.527799], [-67.560279, 45.527983], [-67.560218, 45.52816], [-67.56015, 45.528337], [-67.560043, 45.528535], [-67.559904, 45.528757], [-67.55973, 45.528983], [-67.559509, 45.529238], [-67.55927, 45.529476], [-67.559076, 45.52964], [-67.55887, 45.529801], [-67.558555, 45.530006], [-67.558113, 45.530275], [-67.556975, 45.530948], [-67.556454, 45.531267], [-67.556138, 45.531458], [-67.555841, 45.531655], [-67.555473, 45.531915], [-67.555212, 45.53212], [-67.554948, 45.53235], [-67.554738, 45.532556], [-67.554502, 45.532825], [-67.55421, 45.533196], [-67.553721, 45.533855], [-67.553402, 45.534303], [-67.553208, 45.534548], [-67.552863, 45.535], [-67.55261, 45.535334], [-67.552452, 45.535528], [-67.552305, 45.535702], [-67.552109, 45.535921], [-67.551913, 45.536118], [-67.551758, 45.536257], [-67.551529, 45.536467], [-67.551272, 45.536683], [-67.550926, 45.536948], [-67.550525, 45.537232], [-67.550171, 45.537448], [-67.549736, 45.537704], [-67.549229, 45.53797], [-67.548669, 45.538229], [-67.54815, 45.538437], [-67.547613, 45.538635], [-67.547119, 45.53879], [-67.546603, 45.538929], [-67.546015, 45.539061], [-67.545338, 45.539197], [-67.544536, 45.539345], [-67.543951, 45.539456], [-67.543485, 45.539559], [-67.542944, 45.539693], [-67.54248, 45.539818], [-67.54207, 45.53993], [-67.541802, 45.540005], [-67.541205, 45.540165], [-67.540634, 45.540326], [-67.540342, 45.540425], [-67.539976, 45.540555], [-67.539686, 45.540674], [-67.539382, 45.540815], [-67.539056, 45.540985], [-67.538756, 45.541159], [-67.538464, 45.541344], [-67.537403, 45.542101], [-67.536933, 45.542438], [-67.536436, 45.542786], [-67.536228, 45.542931], [-67.536038, 45.543052], [-67.535866, 45.543146], [-67.535678, 45.543236], [-67.535445, 45.54334], [-67.535136, 45.543462], [-67.534785, 45.543598], [-67.534518, 45.543691], [-67.534269, 45.543776], [-67.533987, 45.543859], [-67.533753, 45.54392], [-67.533473, 45.543991], [-67.533122, 45.544064], [-67.532799, 45.544121], [-67.5325, 45.544169], [-67.532325, 45.544194], [-67.532004, 45.544241], [-67.531547, 45.544297], [-67.531115, 45.544351], [-67.53071, 45.544388], [-67.530314, 45.544412], [-67.529874, 45.544427], [-67.529485, 45.544434], [-67.529162, 45.544427], [-67.528827, 45.54442], [-67.528576, 45.544406], [-67.528367, 45.544388], [-67.528114, 45.544367], [-67.52791, 45.544348], [-67.527655, 45.544322], [-67.527363, 45.54428], [-67.527044, 45.544225], [-67.526762, 45.544164], [-67.526514, 45.544111], [-67.526224, 45.544031], [-67.52596, 45.54396], [-67.525678, 45.543873], [-67.525384, 45.543777], [-67.525083, 45.54366], [-67.524774, 45.543533], [-67.524464, 45.543399], [-67.524085, 45.543233], [-67.523543, 45.542998], [-67.523141, 45.54282], [-67.522701, 45.542626], [-67.522331, 45.54246], [-67.522012, 45.542332], [-67.521741, 45.542238], [-67.521482, 45.542155], [-67.521188, 45.542065], [-67.520887, 45.541996], [-67.520607, 45.541941], [-67.52037, 45.541908], [-67.52008, 45.541871], [-67.51967, 45.541844], [-67.519336, 45.541826], [-67.519009, 45.541834], [-67.518691, 45.541848], [-67.518352, 45.541877], [-67.518027, 45.54191], [-67.517747, 45.541968], [-67.517436, 45.542031], [-67.517084, 45.542125], [-67.51677, 45.542233], [-67.516516, 45.542335], [-67.51626, 45.542443], [-67.515904, 45.542622], [-67.515407, 45.54287], [-67.514983, 45.543092], [-67.514592, 45.5433], [-67.513819, 45.543726], [-67.513064, 45.544137], [-67.512601, 45.544385], [-67.512346, 45.544529], [-67.5122, 45.54461], [-67.511829, 45.544763], [-67.51137, 45.544957], [-67.51105, 45.545081], [-67.510668, 45.545214], [-67.510335, 45.545325], [-67.509923, 45.545442], [-67.509613, 45.545528], [-67.509294, 45.545603], [-67.508947, 45.545679], [-67.508536, 45.545757], [-67.508087, 45.54583], [-67.50744, 45.545912], [-67.506032, 45.54607], [-67.504636, 45.546228], [-67.503272, 45.546374], [-67.502058, 45.546509], [-67.500827, 45.546648], [-67.499474, 45.546801], [-67.498265, 45.546939], [-67.49715, 45.547062], [-67.49565, 45.547228], [-67.494245, 45.547385], [-67.492651, 45.547566], [-67.491186, 45.547729], [-67.49012, 45.547847], [-67.488994, 45.547973], [-67.488128, 45.548067], [-67.487059, 45.548186], [-67.485958, 45.548308], [-67.485066, 45.548413], [-67.484314, 45.548511], [-67.483609, 45.548624], [-67.483141, 45.548703], [-67.482076, 45.548931], [-67.479588, 45.549518], [-67.477697, 45.549961], [-67.475783, 45.550411], [-67.473806, 45.550878], [-67.471148, 45.551502], [-67.46791, 45.552267], [-67.464956, 45.552964], [-67.462157, 45.553619], [-67.459143, 45.55433], [-67.455645, 45.555153], [-67.451837, 45.556051], [-67.449806, 45.556525], [-67.448678, 45.556791], [-67.447962, 45.556959], [-67.447347, 45.557116], [-67.446891, 45.557239], [-67.446253, 45.557431], [-67.445269, 45.557761], [-67.443857, 45.558253], [-67.440391, 45.55947], [-67.431381, 45.562628], [-67.430487, 45.562938], [-67.429563, 45.563262]]}}, {"type": "Feature", "properties": {"company": "VIA Rail Canada", "line": "VIA Rail: Atlantic", "id": "via-atlantic-maine", "color": "#8B1A1A", "mode": "intercity_rail", "avg_speed_kmh": 60, "speed_source": "estimated: VIA long-distance service; unsourced", "geometry_source": "Real-traced from OpenStreetMap (ODbL) via Overpass along the Waterville Subdivision (Bangor to Mattawamkeag) and the Mattawamkeag Subdivision (Mattawamkeag through Danforth to Vanceboro) \u2014 the surviving line built as the European and North American Railway.", "geometry_quality": "Real-traced, 1491 points; 7% of the full line's length (8.0 mi across 26 places) is straight-line connector where the mapped way network breaks. Traced 56.3 mi against no separate published mileage for this segment. LATER ALIGNMENT: the corridor as it survives today, not a verified 1871 alignment.", "segments": [{"start": 1978, "end": 1994, "headway_min": 1440, "note": "VIA Rail took over Canada's intercity passenger services and ran the Atlantic, Montreal to Halifax by way of Maine and Saint John. In its last form, 1985-94, most cars were sealed through the United States but one coach door stayed open so Maine passengers could board or alight at Jackman, Greenville, Brownville Junction, Mattawamkeag, DANFORTH and Vanceboro. VIA discontinued the Atlantic on Dec 17 1994, because a pending change of ownership would have put its trains on track owned by neither Canadian national railway. The line was sold off in sections on Jan 1 1995. Frequency estimated/unsourced", "sources": ["Segment-level: this segment's own note carries the citation for its dates and service. Supporting references for the line:", "https://en.wikipedia.org/wiki/European_and_North_American_Railway", "https://en.wikipedia.org/wiki/Canadian_Pacific_Lines_in_Maine", "https://en.wikipedia.org/wiki/Atlantic_(train)"]}]}, "geometry": {"type": "LineString", "coordinates": [[-68.351908, 45.51446], [-68.351594, 45.514581], [-68.349176, 45.518866], [-68.349086, 45.518979], [-68.349012, 45.519065], [-68.348928, 45.519158], [-68.348834, 45.519255], [-68.348704, 45.519386], [-68.348572, 45.519503], [-68.348445, 45.519608], [-68.348257, 45.51975], [-68.34804, 45.519899], [-68.34789, 45.519994], [-68.347758, 45.52007], [-68.347595, 45.520157], [-68.347422, 45.520243], [-68.347206, 45.520347], [-68.347045, 45.520419], [-68.346828, 45.520507], [-68.346619, 45.520583], [-68.346462, 45.520636], [-68.34631, 45.520685], [-68.346147, 45.520734], [-68.34598, 45.520779], [-68.345814, 45.520817], [-68.345622, 45.520857], [-68.345239, 45.520926], [-68.345035, 45.520955], [-68.344849, 45.520977], [-68.3446, 45.521], [-68.344357, 45.521019], [-68.344112, 45.521029], [-68.343837, 45.521033], [-68.343587, 45.521028], [-68.343332, 45.521013], [-68.343068, 45.520994], [-68.342821, 45.520967], [-68.342561, 45.520929], [-68.342299, 45.52088], [-68.342041, 45.520823], [-68.341788, 45.52076], [-68.341522, 45.52069], [-68.341234, 45.520609], [-68.340638, 45.520438], [-68.34006, 45.520273], [-68.339887, 45.520225], [-68.339714, 45.52018], [-68.33955, 45.520139], [-68.339372, 45.520097], [-68.339175, 45.520055], [-68.338977, 45.520017], [-68.338734, 45.519973], [-68.338507, 45.519941], [-68.338247, 45.519912], [-68.338046, 45.519895], [-68.337845, 45.519883], [-68.337605, 45.519874], [-68.337357, 45.51987], [-68.337128, 45.519868], [-68.33691, 45.519869], [-68.33668, 45.519875], [-68.336429, 45.519889], [-68.336172, 45.519911], [-68.335888, 45.519947], [-68.335572, 45.51999], [-68.335286, 45.520038], [-68.335012, 45.520094], [-68.334747, 45.520157], [-68.334474, 45.520229], [-68.334176, 45.520316], [-68.333716, 45.520455], [-68.332348, 45.520877], [-68.330855, 45.521326], [-68.329881, 45.521617], [-68.329583, 45.5217], [-68.329203, 45.521798], [-68.3288, 45.521891], [-68.328418, 45.521969], [-68.328035, 45.522036], [-68.327624, 45.522099], [-68.327176, 45.522151], [-68.326771, 45.522188], [-68.326344, 45.522214], [-68.325945, 45.522234], [-68.325514, 45.522238], [-68.32518, 45.522237], [-68.325142, 45.522236], [-68.324778, 45.52222], [-68.3244, 45.522194], [-68.324015, 45.522162], [-68.323622, 45.522121], [-68.323117, 45.522049], [-68.322724, 45.521983], [-68.322275, 45.521895], [-68.321802, 45.521789], [-68.321196, 45.521651], [-68.319043, 45.521156], [-68.317613, 45.520815], [-68.316949, 45.520658], [-68.316571, 45.520567], [-68.316344, 45.520517], [-68.316138, 45.520478], [-68.315867, 45.520424], [-68.315585, 45.520373], [-68.315324, 45.520329], [-68.315015, 45.520277], [-68.314655, 45.520214], [-68.31401, 45.520105], [-68.313488, 45.520012], [-68.313062, 45.519942], [-68.312515, 45.51985], [-68.311805, 45.519722], [-68.311204, 45.519616], [-68.31077, 45.519541], [-68.310406, 45.519481], [-68.310056, 45.519426], [-68.30973, 45.519381], [-68.309404, 45.519339], [-68.309154, 45.519313], [-68.308921, 45.519294], [-68.308639, 45.519278], [-68.308374, 45.519269], [-68.308063, 45.519266], [-68.307724, 45.519262], [-68.307369, 45.519264], [-68.306952, 45.519275], [-68.306596, 45.519297], [-68.306242, 45.519321], [-68.305953, 45.51935], [-68.305547, 45.519409], [-68.305231, 45.519461], [-68.304866, 45.519527], [-68.304546, 45.519588], [-68.304214, 45.519666], [-68.303896, 45.519747], [-68.303445, 45.519868], [-68.302958, 45.520007], [-68.301948, 45.520292], [-68.301021, 45.520547], [-68.300046, 45.520819], [-68.29971, 45.520915], [-68.299393, 45.521012], [-68.299124, 45.521102], [-68.298887, 45.52119], [-68.298642, 45.52129], [-68.298415, 45.52139], [-68.298152, 45.52152], [-68.297937, 45.521634], [-68.297702, 45.521767], [-68.297455, 45.521922], [-68.297245, 45.522064], [-68.297026, 45.522225], [-68.296827, 45.522391], [-68.29664, 45.522555], [-68.296429, 45.522758], [-68.29607, 45.523115], [-68.2954, 45.523778], [-68.294985, 45.524189], [-68.294752, 45.524416], [-68.294615, 45.524545], [-68.294458, 45.524679], [-68.294232, 45.524859], [-68.29394, 45.525073], [-68.293728, 45.525216], [-68.293509, 45.525353], [-68.293196, 45.525538], [-68.292923, 45.525686], [-68.29264, 45.52583], [-68.292298, 45.525985], [-68.291936, 45.526139], [-68.29138, 45.52636], [-68.290543, 45.5267], [-68.28965, 45.527056], [-68.288953, 45.527337], [-68.288247, 45.527621], [-68.287374, 45.527966], [-68.286374, 45.528363], [-68.284748, 45.529016], [-68.283346, 45.529568], [-68.282178, 45.530041], [-68.28152, 45.530305], [-68.280963, 45.530522], [-68.28028, 45.5308], [-68.279892, 45.530953], [-68.279858, 45.530966], [-68.278894, 45.53135], [-68.2778, 45.53179], [-68.274656, 45.533052], [-68.271309, 45.53438], [-68.26805, 45.535681], [-68.266436, 45.536325], [-68.264437, 45.537124], [-68.26133, 45.538367], [-68.258289, 45.539581], [-68.255875, 45.540542], [-68.25352, 45.541479], [-68.251281, 45.542358], [-68.249363, 45.543129], [-68.247191, 45.543997], [-68.245061, 45.544845], [-68.243151, 45.545609], [-68.243113, 45.545625], [-68.239952, 45.546884], [-68.237585, 45.547829], [-68.235464, 45.548675], [-68.233694, 45.549373], [-68.231886, 45.550086], [-68.230498, 45.550639], [-68.229845, 45.550898], [-68.229481, 45.55104], [-68.229181, 45.551153], [-68.228888, 45.551257], [-68.228541, 45.551367], [-68.228216, 45.551461], [-68.227879, 45.551545], [-68.227496, 45.551629], [-68.227128, 45.551691], [-68.226683, 45.551756], [-68.226273, 45.551806], [-68.225847, 45.551842], [-68.225489, 45.551866], [-68.22449, 45.551919], [-68.222693, 45.552006], [-68.222253, 45.55203], [-68.220578, 45.552124], [-68.218826, 45.552217], [-68.21825, 45.552246], [-68.217962, 45.552255], [-68.217659, 45.552259], [-68.217314, 45.552257], [-68.216957, 45.552247], [-68.216601, 45.552225], [-68.216237, 45.55219], [-68.215881, 45.552147], [-68.21552, 45.552085], [-68.215149, 45.552015], [-68.21471, 45.551921], [-68.214275, 45.551812], [-68.213844, 45.551678], [-68.213443, 45.551535], [-68.213036, 45.551376], [-68.212555, 45.551175], [-68.211832, 45.550851], [-68.211005, 45.550475], [-68.21052, 45.550254], [-68.210013, 45.550025], [-68.208938, 45.549534], [-68.207858, 45.549033], [-68.207306, 45.548783], [-68.206883, 45.548591], [-68.206477, 45.548419], [-68.206119, 45.548279], [-68.205766, 45.548153], [-68.205428, 45.548043], [-68.205023, 45.547923], [-68.204559, 45.547807], [-68.204083, 45.547697], [-68.203634, 45.54761], [-68.203187, 45.547535], [-68.202723, 45.547475], [-68.202212, 45.547423], [-68.201778, 45.547394], [-68.201253, 45.547373], [-68.200745, 45.547377], [-68.200506, 45.547382], [-68.20047, 45.547383], [-68.200245, 45.547389], [-68.199693, 45.547416], [-68.199141, 45.547459], [-68.19844, 45.547522], [-68.197652, 45.54761], [-68.196396, 45.547748], [-68.194975, 45.5479], [-68.194376, 45.547968], [-68.193946, 45.54803], [-68.193505, 45.548106], [-68.193087, 45.548195], [-68.192738, 45.54828], [-68.192368, 45.548385], [-68.191911, 45.548537], [-68.19146, 45.548709], [-68.191061, 45.548875], [-68.190756, 45.549014], [-68.190488, 45.549145], [-68.190138, 45.549332], [-68.189867, 45.549505], [-68.189577, 45.549704], [-68.189383, 45.549846], [-68.189143, 45.550041], [-68.188955, 45.550207], [-68.188703, 45.550448], [-68.188402, 45.550759], [-68.188158, 45.551055], [-68.187954, 45.551325], [-68.187768, 45.55164], [-68.187523, 45.552102], [-68.187317, 45.552494], [-68.187043, 45.553016], [-68.186802, 45.553474], [-68.186568, 45.553899], [-68.185929, 45.555108], [-68.185408, 45.556073], [-68.185109, 45.556659], [-68.184796, 45.557246], [-68.184426, 45.557955], [-68.184143, 45.558507], [-68.183732, 45.559306], [-68.183311, 45.56011], [-68.182871, 45.560969], [-68.18247, 45.561724], [-68.182063, 45.5625], [-68.181656, 45.563245], [-68.181206, 45.564106], [-68.181038, 45.564397], [-68.180887, 45.564666], [-68.180723, 45.564935], [-68.180577, 45.565139], [-68.180264, 45.565499], [-68.180043, 45.565715], [-68.179765, 45.565961], [-68.179444, 45.566232], [-68.179222, 45.566411], [-68.178889, 45.566647], [-68.178573, 45.566849], [-68.178263, 45.56702], [-68.177899, 45.567209], [-68.177477, 45.567407], [-68.177116, 45.567566], [-68.176775, 45.567695], [-68.176329, 45.567852], [-68.175774, 45.568012], [-68.175271, 45.568126], [-68.174764, 45.568219], [-68.174377, 45.568277], [-68.173992, 45.568321], [-68.173634, 45.568352], [-68.173294, 45.568374], [-68.17289, 45.568384], [-68.172513, 45.56838], [-68.172169, 45.568369], [-68.171791, 45.568345], [-68.171409, 45.568311], [-68.170983, 45.568258], [-68.170597, 45.568197], [-68.17022, 45.568124], [-68.169523, 45.567971], [-68.168863, 45.567819], [-68.168493, 45.567743], [-68.168139, 45.567675], [-68.167794, 45.567623], [-68.167462, 45.567591], [-68.167037, 45.567563], [-68.166635, 45.567549], [-68.166269, 45.567547], [-68.165936, 45.567563], [-68.165599, 45.567594], [-68.165278, 45.56763], [-68.164924, 45.567681], [-68.164551, 45.567751], [-68.164184, 45.567841], [-68.163784, 45.567951], [-68.163395, 45.568067], [-68.162955, 45.568215], [-68.162593, 45.568363], [-68.162233, 45.568526], [-68.161896, 45.568703], [-68.161496, 45.568929], [-68.161114, 45.569178], [-68.160752, 45.569441], [-68.160358, 45.569737], [-68.159893, 45.570106], [-68.159338, 45.57054], [-68.158914, 45.570869], [-68.158362, 45.571291], [-68.157785, 45.571735], [-68.156252, 45.572909], [-68.154808, 45.574009], [-68.153431, 45.57506], [-68.152219, 45.575983], [-68.150967, 45.576931], [-68.149093, 45.578354], [-68.146841, 45.58007], [-68.144602, 45.581791], [-68.142989, 45.583009], [-68.141442, 45.584189], [-68.139476, 45.585696], [-68.137769, 45.586997], [-68.136498, 45.587966], [-68.135809, 45.588483], [-68.134767, 45.589274], [-68.133324, 45.590392], [-68.13181, 45.591542], [-68.130314, 45.592694], [-68.128529, 45.594063], [-68.12679, 45.595404], [-68.125151, 45.596636], [-68.123574, 45.597834], [-68.122139, 45.598915], [-68.120651, 45.600072], [-68.119303, 45.601087], [-68.118082, 45.602016], [-68.116626, 45.603114], [-68.115315, 45.604117], [-68.114836, 45.604486], [-68.114761, 45.604546], [-68.113265, 45.605672], [-68.110872, 45.607518], [-68.108775, 45.609103], [-68.107276, 45.610273], [-68.105731, 45.611432], [-68.10441, 45.612461], [-68.102805, 45.613685], [-68.101717, 45.614498], [-68.100739, 45.615235], [-68.099849, 45.61591], [-68.098887, 45.616639], [-68.098834, 45.61668], [-68.096929, 45.618114], [-68.095322, 45.619352], [-68.094043, 45.620322], [-68.092358, 45.621605], [-68.091886, 45.621964], [-68.091586, 45.622205], [-68.0913, 45.622453], [-68.090997, 45.622743], [-68.09077, 45.623], [-68.090599, 45.623218], [-68.09042, 45.623462], [-68.090264, 45.623691], [-68.090092, 45.623974], [-68.089964, 45.624211], [-68.089823, 45.624492], [-68.089706, 45.624771], [-68.089628, 45.625005], [-68.089566, 45.625241], [-68.08948, 45.62566], [-68.08939, 45.626083], [-68.089263, 45.626595], [-68.089154, 45.627041], [-68.089076, 45.627364], [-68.088979, 45.627692], [-68.088873, 45.627983], [-68.088754, 45.62827], [-68.088635, 45.628502], [-68.088444, 45.628819], [-68.088332, 45.628991], [-68.088183, 45.629194], [-68.088031, 45.629381], [-68.087959, 45.629466], [-68.087793, 45.629662], [-68.087572, 45.629899], [-68.087384, 45.630078], [-68.087189, 45.630252], [-68.086921, 45.630466], [-68.086582, 45.630716], [-68.086234, 45.630946], [-68.085941, 45.631121], [-68.08556, 45.631334], [-68.084946, 45.631661], [-68.084081, 45.632113], [-68.083316, 45.632517], [-68.082517, 45.632932], [-68.081872, 45.633274], [-68.0813, 45.633578], [-68.08082, 45.63385], [-68.08046, 45.634074], [-68.08019, 45.634264], [-68.079925, 45.634486], [-68.079708, 45.634721], [-68.079451, 45.63502], [-68.079244, 45.635291], [-68.07908, 45.635546], [-68.078904, 45.635871], [-68.078563, 45.636531], [-68.078315, 45.636988], [-68.078063, 45.637447], [-68.077789, 45.637932], [-68.077488, 45.63846], [-68.077381, 45.63867], [-68.07728, 45.63889], [-68.077184, 45.639152], [-68.077062, 45.639493], [-68.077011, 45.639681], [-68.076974, 45.639864], [-68.076937, 45.640139], [-68.076922, 45.640409], [-68.076917, 45.640619], [-68.076919, 45.640848], [-68.076933, 45.641053], [-68.07695, 45.641242], [-68.076981, 45.641474], [-68.077039, 45.641758], [-68.077149, 45.642286], [-68.077207, 45.642606], [-68.077245, 45.642915], [-68.077255, 45.643197], [-68.077233, 45.643499], [-68.077185, 45.64382], [-68.077108, 45.644129], [-68.077001, 45.644449], [-68.07687, 45.64473], [-68.076743, 45.644973], [-68.076615, 45.645182], [-68.076458, 45.645404], [-68.076235, 45.645692], [-68.075918, 45.646062], [-68.07541, 45.646616], [-68.074877, 45.647179], [-68.074271, 45.647819], [-68.073415, 45.648751], [-68.072602, 45.649662], [-68.072381, 45.649908], [-68.072328, 45.649964], [-68.072217, 45.650092], [-68.072134, 45.650184], [-68.072062, 45.650256], [-68.071977, 45.650336], [-68.071884, 45.650421], [-68.071748, 45.650537], [-68.071661, 45.650607], [-68.071559, 45.65069], [-68.07146, 45.650766], [-68.071345, 45.650848], [-68.071173, 45.650965], [-68.070921, 45.651136], [-68.070745, 45.651255], [-68.070605, 45.651352], [-68.069982, 45.651769], [-68.06944, 45.652148], [-68.068797, 45.65259], [-68.068307, 45.652923], [-68.0678, 45.653268], [-68.067339, 45.653588], [-68.066884, 45.653903], [-68.06604, 45.654469], [-68.065289, 45.654973], [-68.064275, 45.655662], [-68.063763, 45.656004], [-68.06329, 45.656324], [-68.062542, 45.656833], [-68.061948, 45.65724], [-68.06132, 45.657667], [-68.060912, 45.65794], [-68.060493, 45.658222], [-68.059883, 45.658634], [-68.059505, 45.658893], [-68.059144, 45.659146], [-68.058364, 45.659679], [-68.05746, 45.660289], [-68.056888, 45.660677], [-68.05627, 45.661101], [-68.055432, 45.661669], [-68.054378, 45.662384], [-68.05378, 45.662791], [-68.053202, 45.663181], [-68.052506, 45.66365], [-68.052102, 45.663921], [-68.051818, 45.664108], [-68.051487, 45.664321], [-68.051134, 45.664536], [-68.050622, 45.664836], [-68.050362, 45.664981], [-68.050151, 45.665093], [-68.049941, 45.665205], [-68.049565, 45.665397], [-68.049243, 45.665554], [-68.048728, 45.665793], [-68.048284, 45.666002], [-68.047803, 45.666216], [-68.046935, 45.666611], [-68.045246, 45.667374], [-68.044095, 45.667903], [-68.042483, 45.668629], [-68.040565, 45.669505], [-68.039606, 45.669944], [-68.038719, 45.670352], [-68.037638, 45.670846], [-68.036836, 45.671204], [-68.029336, 45.672165], [-68.029052, 45.672159], [-68.028785, 45.672164], [-68.028452, 45.672188], [-68.028128, 45.672235], [-68.027814, 45.672295], [-68.027496, 45.672371], [-68.027201, 45.672447], [-68.026708, 45.672576], [-68.026388, 45.672655], [-68.02611, 45.672722], [-68.02581, 45.672791], [-68.025485, 45.672855], [-68.02515, 45.672907], [-68.024788, 45.672948], [-68.024417, 45.672977], [-68.02399, 45.672989], [-68.023582, 45.672988], [-68.023228, 45.672978], [-68.022897, 45.672958], [-68.022494, 45.67292], [-68.02207, 45.672858], [-68.021624, 45.672766], [-68.021193, 45.672662], [-68.020666, 45.672503], [-68.019931, 45.67225], [-68.019514, 45.672102], [-68.019117, 45.671967], [-68.018768, 45.671867], [-68.018428, 45.671783], [-68.018092, 45.671713], [-68.017768, 45.671652], [-68.017105, 45.671546], [-68.016485, 45.671443], [-68.015716, 45.671324], [-68.01458, 45.671139], [-68.013451, 45.670962], [-68.012133, 45.670755], [-68.011176, 45.670603], [-68.01108, 45.670588], [-68.009543, 45.670342], [-68.007084, 45.669945], [-68.004956, 45.669609], [-68.003384, 45.66935], [-68.002506, 45.669216], [-68.002195, 45.669167], [-68.001923, 45.669132], [-68.001716, 45.66911], [-68.001344, 45.669078], [-68.000955, 45.669048], [-68.000649, 45.669034], [-68.000269, 45.669021], [-67.999861, 45.669018], [-67.999463, 45.669021], [-67.998704, 45.669036], [-67.997868, 45.669046], [-67.993111, 45.669136], [-67.991855, 45.669163], [-67.990347, 45.669193], [-67.987696, 45.669244], [-67.985558, 45.669292], [-67.983456, 45.669335], [-67.982302, 45.669359], [-67.981913, 45.669367], [-67.981428, 45.669375], [-67.979897, 45.669405], [-67.977786, 45.669447], [-67.976386, 45.669477], [-67.975266, 45.669503], [-67.974812, 45.669517], [-67.9744, 45.66954], [-67.974032, 45.66957], [-67.973521, 45.669625], [-67.972921, 45.669694], [-67.972114, 45.669782], [-67.97033, 45.66999], [-67.96912, 45.670132], [-67.96887, 45.670165], [-67.968572, 45.670209], [-67.968223, 45.670268], [-67.967976, 45.670325], [-67.96764, 45.670417], [-67.967327, 45.670517], [-67.967062, 45.670609], [-67.966789, 45.670725], [-67.966488, 45.67087], [-67.966214, 45.671017], [-67.965979, 45.671168], [-67.965776, 45.67131], [-67.965559, 45.671491], [-67.965349, 45.671687], [-67.965182, 45.671866], [-67.965051, 45.672021], [-67.964932, 45.67218], [-67.964808, 45.672385], [-67.964718, 45.672548], [-67.964639, 45.672709], [-67.964572, 45.67291], [-67.964524, 45.673115], [-67.964485, 45.673323], [-67.964461, 45.67355], [-67.96448, 45.673958], [-67.964496, 45.674213], [-67.964549, 45.674779], [-67.964583, 45.675237], [-67.964651, 45.675942], [-67.964696, 45.676552], [-67.964704, 45.676769], [-67.964703, 45.676974], [-67.964695, 45.677201], [-67.964678, 45.677435], [-67.964657, 45.677597], [-67.964636, 45.677747], [-67.964583, 45.67799], [-67.964525, 45.678216], [-67.964434, 45.67848], [-67.964338, 45.678705], [-67.964222, 45.678968], [-67.964101, 45.679202], [-67.963967, 45.679424], [-67.963837, 45.679614], [-67.963663, 45.679861], [-67.963488, 45.680081], [-67.963267, 45.680334], [-67.963041, 45.680564], [-67.962803, 45.680785], [-67.962484, 45.681059], [-67.962172, 45.681292], [-67.961866, 45.6815], [-67.961653, 45.681631], [-67.961454, 45.681749], [-67.961198, 45.681889], [-67.960874, 45.682061], [-67.96054, 45.68222], [-67.960159, 45.682379], [-67.959919, 45.68247], [-67.959511, 45.682611], [-67.959047, 45.682751], [-67.958623, 45.682857], [-67.958217, 45.682948], [-67.95779, 45.683026], [-67.957326, 45.683101], [-67.95683, 45.683152], [-67.956337, 45.683187], [-67.955843, 45.683203], [-67.955366, 45.683193], [-67.954772, 45.683162], [-67.954322, 45.683124], [-67.953697, 45.683035], [-67.953032, 45.682913], [-67.952502, 45.682802], [-67.950934, 45.682481], [-67.947954, 45.681869], [-67.946246, 45.681511], [-67.943115, 45.680854], [-67.941487, 45.680517], [-67.939908, 45.680193], [-67.937824, 45.679758], [-67.934951, 45.679167], [-67.933488, 45.678868], [-67.932063, 45.678576], [-67.931903, 45.678544], [-67.929785, 45.678109], [-67.927685, 45.677678], [-67.925254, 45.677181], [-67.921915, 45.676498], [-67.918449, 45.675784], [-67.917606, 45.675608], [-67.916794, 45.675446], [-67.916071, 45.675312], [-67.915553, 45.675221], [-67.915134, 45.675156], [-67.914495, 45.675076], [-67.913892, 45.675011], [-67.913313, 45.674958], [-67.912655, 45.674906], [-67.912126, 45.674875], [-67.91157, 45.674844], [-67.910381, 45.674779], [-67.908108, 45.674655], [-67.907553, 45.674617], [-67.90691, 45.67456], [-67.906365, 45.674498], [-67.905835, 45.674432], [-67.904985, 45.674305], [-67.904194, 45.674164], [-67.903575, 45.674031], [-67.902941, 45.673892], [-67.902258, 45.673725], [-67.901712, 45.673593], [-67.899492, 45.673023], [-67.898878, 45.672877], [-67.896745, 45.672349], [-67.896186, 45.672211], [-67.894829, 45.671855], [-67.894198, 45.671709], [-67.893845, 45.671632], [-67.893493, 45.671566], [-67.893005, 45.671491], [-67.892501, 45.67142], [-67.891977, 45.671357], [-67.891445, 45.671311], [-67.890998, 45.671281], [-67.890566, 45.671266], [-67.890124, 45.671256], [-67.889643, 45.671255], [-67.889266, 45.671265], [-67.888841, 45.671282], [-67.888087, 45.671326], [-67.887307, 45.671381], [-67.884951, 45.671531], [-67.88438, 45.671554], [-67.883928, 45.671559], [-67.883549, 45.671535], [-67.883059, 45.671494], [-67.882569, 45.671429], [-67.882004, 45.671319], [-67.881463, 45.671179], [-67.880959, 45.671009], [-67.88058, 45.670877], [-67.880217, 45.670736], [-67.879865, 45.67057], [-67.879337, 45.670267], [-67.878848, 45.669962], [-67.878183, 45.669539], [-67.876993, 45.668767], [-67.875823, 45.668009], [-67.874068, 45.666885], [-67.873442, 45.666467], [-67.873224, 45.666308], [-67.873026, 45.666149], [-67.872673, 45.665841], [-67.872333, 45.665514], [-67.871922, 45.665077], [-67.871584, 45.664682], [-67.871198, 45.664211], [-67.870696, 45.663589], [-67.870258, 45.663021], [-67.870063, 45.662754], [-67.869889, 45.662483], [-67.869625, 45.662044], [-67.869395, 45.661605], [-67.869188, 45.661155], [-67.868987, 45.660709], [-67.868579, 45.659751], [-67.868489, 45.659522], [-67.866635, 45.655411], [-67.862594, 45.646905], [-67.862344, 45.64659], [-67.862017, 45.646237], [-67.8616, 45.645808], [-67.861152, 45.64539], [-67.860697, 45.644967], [-67.860171, 45.6445], [-67.859477, 45.643862], [-67.858554, 45.643008], [-67.857653, 45.642186], [-67.856653, 45.641267], [-67.855884, 45.640548], [-67.854789, 45.639566], [-67.85387, 45.638712], [-67.853199, 45.638107], [-67.852361, 45.637335], [-67.851538, 45.636579], [-67.851059, 45.636145], [-67.850597, 45.635719], [-67.850164, 45.635312], [-67.849759, 45.634909], [-67.849241, 45.634395], [-67.848977, 45.634124], [-67.848716, 45.633848], [-67.84826, 45.633351], [-67.847826, 45.632857], [-67.847392, 45.632341], [-67.846971, 45.631806], [-67.846625, 45.631347], [-67.846234, 45.630837], [-67.845657, 45.629965], [-67.844981, 45.628928], [-67.844279, 45.62782], [-67.843838, 45.627115], [-67.843396, 45.626406], [-67.842918, 45.62566], [-67.842436, 45.62491], [-67.842006, 45.624295], [-67.841544, 45.623687], [-67.841217, 45.623288], [-67.840869, 45.622889], [-67.840542, 45.622527], [-67.84021, 45.622174], [-67.839773, 45.621728], [-67.839293, 45.621275], [-67.838721, 45.620784], [-67.837983, 45.620159], [-67.837283, 45.6196], [-67.836859, 45.619294], [-67.836376, 45.618964], [-67.835806, 45.618587], [-67.835246, 45.618237], [-67.834227, 45.617627], [-67.833864, 45.617411], [-67.833823, 45.617387], [-67.833208, 45.61702], [-67.832108, 45.616369], [-67.831019, 45.615723], [-67.829656, 45.614922], [-67.828306, 45.614133], [-67.82697, 45.61335], [-67.826255, 45.612925], [-67.825527, 45.612506], [-67.825151, 45.612295], [-67.82475, 45.612082], [-67.824349, 45.611875], [-67.823942, 45.61167], [-67.823425, 45.611421], [-67.822883, 45.611171], [-67.822305, 45.610917], [-67.821685, 45.610663], [-67.821125, 45.610439], [-67.820504, 45.610206], [-67.820004, 45.610031], [-67.819491, 45.609865], [-67.818774, 45.609639], [-67.818064, 45.60943], [-67.817175, 45.609186], [-67.81631, 45.60896], [-67.815454, 45.60874], [-67.814574, 45.608516], [-67.814076, 45.608391], [-67.813619, 45.608284], [-67.813135, 45.608187], [-67.812602, 45.608103], [-67.81181, 45.608017], [-67.811113, 45.607959], [-67.810517, 45.60791], [-67.809954, 45.60785], [-67.809547, 45.60779], [-67.809088, 45.607698], [-67.80868, 45.607593], [-67.808266, 45.607464], [-67.80781, 45.607306], [-67.80739, 45.607149], [-67.806946, 45.606965], [-67.806475, 45.606739], [-67.806081, 45.606537], [-67.80574, 45.606333], [-67.80541, 45.606112], [-67.805078, 45.605843], [-67.804795, 45.605592], [-67.804556, 45.605345], [-67.804081, 45.60483], [-67.803862, 45.604598], [-67.803646, 45.604382], [-67.803414, 45.604175], [-67.803163, 45.60398], [-67.802895, 45.603802], [-67.80259, 45.603603], [-67.802252, 45.603409], [-67.801755, 45.603142], [-67.801263, 45.602884], [-67.799136, 45.601772], [-67.797993, 45.601169], [-67.797028, 45.600667], [-67.793672, 45.598912], [-67.791668, 45.59786], [-67.790137, 45.597069], [-67.788564, 45.596247], [-67.787068, 45.595468], [-67.785701, 45.594756], [-67.784356, 45.59405], [-67.782121, 45.592882], [-67.779876, 45.5917], [-67.778717, 45.591101], [-67.77738, 45.590398], [-67.7768, 45.590093], [-67.776125, 45.589735], [-67.775555, 45.589411], [-67.774996, 45.589078], [-67.774418, 45.58871], [-67.773672, 45.588208], [-67.772928, 45.587676], [-67.772286, 45.587218], [-67.770479, 45.585924], [-67.767467, 45.583789], [-67.764546, 45.581719], [-67.759674, 45.578252], [-67.755432, 45.575262], [-67.754844, 45.574843], [-67.754274, 45.574441], [-67.753704, 45.574037], [-67.753399, 45.573828], [-67.753143, 45.573663], [-67.752898, 45.573513], [-67.752581, 45.573337], [-67.752243, 45.573159], [-67.751931, 45.572997], [-67.751548, 45.572819], [-67.751008, 45.572578], [-67.750525, 45.572374], [-67.750064, 45.572178], [-67.749659, 45.572016], [-67.74919, 45.571835], [-67.748822, 45.571713], [-67.748527, 45.571626], [-67.748143, 45.571532], [-67.747739, 45.571445], [-67.747322, 45.571373], [-67.74698, 45.571325], [-67.746628, 45.571286], [-67.746258, 45.571258], [-67.745788, 45.571249], [-67.745293, 45.57125], [-67.74487, 45.571266], [-67.744313, 45.57129], [-67.741855, 45.571417], [-67.740576, 45.571477], [-67.739942, 45.571507], [-67.739462, 45.571524], [-67.73897, 45.57153], [-67.738505, 45.571518], [-67.737971, 45.571487], [-67.737283, 45.571421], [-67.735548, 45.571222], [-67.735097, 45.57118], [-67.734665, 45.571152], [-67.734296, 45.571135], [-67.733843, 45.57113], [-67.733385, 45.571127], [-67.732865, 45.571124], [-67.732155, 45.571123], [-67.731475, 45.571118], [-67.730786, 45.571116], [-67.729964, 45.57111], [-67.729135, 45.571099], [-67.728736, 45.571093], [-67.728386, 45.571083], [-67.727829, 45.571062], [-67.726551, 45.571007], [-67.724545, 45.57092], [-67.722398, 45.570826], [-67.721205, 45.570782], [-67.720066, 45.570739], [-67.71893, 45.570692], [-67.718204, 45.570658], [-67.7175, 45.570632], [-67.716974, 45.570618], [-67.716014, 45.570597], [-67.715059, 45.570581], [-67.714582, 45.570566], [-67.714105, 45.570536], [-67.713648, 45.570486], [-67.713148, 45.570405], [-67.712762, 45.570319], [-67.712313, 45.57019], [-67.711874, 45.570021], [-67.711425, 45.5698], [-67.711113, 45.569633], [-67.710723, 45.569397], [-67.710261, 45.569115], [-67.708381, 45.567963], [-67.707389, 45.567358], [-67.706953, 45.567084], [-67.706512, 45.566812], [-67.70569, 45.566304], [-67.704895, 45.565811], [-67.704062, 45.5653], [-67.70324, 45.564793], [-67.702329, 45.564223], [-67.701209, 45.56353], [-67.699466, 45.562455], [-67.698753, 45.562008], [-67.698013, 45.56155], [-67.69727, 45.561096], [-67.696509, 45.560629], [-67.695515, 45.56001], [-67.694998, 45.559691], [-67.69451, 45.559375], [-67.694119, 45.559101], [-67.693748, 45.558815], [-67.693241, 45.558381], [-67.692558, 45.557782], [-67.691832, 45.557137], [-67.691431, 45.556784], [-67.691068, 45.556471], [-67.690698, 45.55618], [-67.690396, 45.555962], [-67.690138, 45.555789], [-67.689907, 45.555645], [-67.689639, 45.555493], [-67.689182, 45.555248], [-67.688682, 45.555005], [-67.688096, 45.554743], [-67.686837, 45.554174], [-67.685981, 45.553789], [-67.685316, 45.553506], [-67.684961, 45.553371], [-67.684601, 45.553252], [-67.683828, 45.553014], [-67.681691, 45.552373], [-67.678887, 45.551545], [-67.678438, 45.551412], [-67.677733, 45.551177], [-67.677419, 45.551057], [-67.677052, 45.550905], [-67.676729, 45.55076], [-67.676186, 45.550485], [-67.67524, 45.550015], [-67.673751, 45.549275], [-67.673334, 45.549076], [-67.672895, 45.548886], [-67.672387, 45.548691], [-67.67195, 45.548549], [-67.671566, 45.548434], [-67.671263, 45.548354], [-67.670858, 45.548251], [-67.670358, 45.54815], [-67.669913, 45.548071], [-67.6695, 45.548008], [-67.669117, 45.547959], [-67.668612, 45.547899], [-67.668064, 45.547847], [-67.667485, 45.54779], [-67.666873, 45.547734], [-67.666099, 45.54766], [-67.665194, 45.54757], [-67.664361, 45.547478], [-67.663586, 45.547407], [-67.662916, 45.547343], [-67.662279, 45.54728], [-67.661428, 45.547193], [-67.659755, 45.547023], [-67.657767, 45.546826], [-67.656803, 45.546735], [-67.656195, 45.546672], [-67.655598, 45.54661], [-67.654406, 45.546491], [-67.653274, 45.546383], [-67.651692, 45.546228], [-67.65062, 45.546122], [-67.650464, 45.546106], [-67.649872, 45.546039], [-67.649361, 45.545972], [-67.649093, 45.545926], [-67.648731, 45.545855], [-67.648342, 45.545762], [-67.647988, 45.545657], [-67.647632, 45.545538], [-67.64709, 45.545323], [-67.646531, 45.545084], [-67.645853, 45.544795], [-67.645186, 45.544509], [-67.644212, 45.544095], [-67.643679, 45.543869], [-67.643178, 45.543661], [-67.642486, 45.543391], [-67.642175, 45.543274], [-67.641827, 45.54315], [-67.641324, 45.542982], [-67.640673, 45.542786], [-67.640044, 45.542609], [-67.639179, 45.542369], [-67.637631, 45.541958], [-67.636602, 45.541687], [-67.635621, 45.541436], [-67.633167, 45.540785], [-67.63075, 45.540149], [-67.630022, 45.53994], [-67.629482, 45.539772], [-67.62895, 45.539586], [-67.628396, 45.539377], [-67.627701, 45.539084], [-67.62732, 45.538901], [-67.62696, 45.538718], [-67.626545, 45.538493], [-67.626057, 45.538208], [-67.625643, 45.537949], [-67.625306, 45.537724], [-67.625018, 45.537517], [-67.624682, 45.537256], [-67.62439, 45.537006], [-67.624087, 45.536746], [-67.623789, 45.536474], [-67.62352, 45.536204], [-67.623267, 45.535943], [-67.622981, 45.535631], [-67.62271, 45.535343], [-67.622461, 45.53509], [-67.622228, 45.534872], [-67.621973, 45.534653], [-67.621667, 45.534432], [-67.621409, 45.534265], [-67.62113, 45.534101], [-67.620846, 45.533951], [-67.620496, 45.533785], [-67.619945, 45.533568], [-67.61938, 45.533356], [-67.619025, 45.533227], [-67.618649, 45.533092], [-67.618275, 45.532955], [-67.617844, 45.532789], [-67.617499, 45.532643], [-67.617094, 45.532453], [-67.616727, 45.532261], [-67.616278, 45.53201], [-67.615734, 45.531698], [-67.615321, 45.531471], [-67.614932, 45.531251], [-67.614618, 45.531087], [-67.61426, 45.530928], [-67.613909, 45.530782], [-67.613612, 45.530678], [-67.613253, 45.530557], [-67.612954, 45.530479], [-67.612538, 45.530381], [-67.612089, 45.530291], [-67.61126, 45.53015], [-67.610225, 45.529958], [-67.609811, 45.529874], [-67.609412, 45.529779], [-67.608757, 45.529622], [-67.608011, 45.529417], [-67.607319, 45.529213], [-67.606615, 45.528992], [-67.605972, 45.528761], [-67.605394, 45.528543], [-67.604796, 45.528304], [-67.603913, 45.527928], [-67.602535, 45.527328], [-67.601244, 45.526777], [-67.599826, 45.526168], [-67.598479, 45.525593], [-67.596982, 45.524953], [-67.596253, 45.524634], [-67.595894, 45.524489], [-67.595521, 45.524337], [-67.595094, 45.524175], [-67.594803, 45.524073], [-67.594518, 45.52399], [-67.594203, 45.523909], [-67.593801, 45.523814], [-67.593438, 45.523744], [-67.593087, 45.52369], [-67.592761, 45.523654], [-67.592421, 45.52363], [-67.592087, 45.523622], [-67.591705, 45.523626], [-67.591307, 45.523642], [-67.590874, 45.52367], [-67.590454, 45.523721], [-67.590073, 45.523775], [-67.589301, 45.52391], [-67.588578, 45.524034], [-67.586243, 45.524432], [-67.582324, 45.525105], [-67.580614, 45.525392], [-67.579724, 45.525542], [-67.578883, 45.525678], [-67.578483, 45.525736], [-67.578132, 45.525776], [-67.577776, 45.525802], [-67.577448, 45.525815], [-67.57713, 45.525814], [-67.576749, 45.525799], [-67.576324, 45.525762], [-67.57589, 45.525706], [-67.575523, 45.52565], [-67.575173, 45.525591], [-67.574898, 45.525534], [-67.574528, 45.525438], [-67.574149, 45.525323], [-67.57374, 45.525184], [-67.573341, 45.525025], [-67.572894, 45.524819], [-67.572474, 45.524603], [-67.571942, 45.524318], [-67.570873, 45.523744], [-67.570279, 45.523418], [-67.569737, 45.523129], [-67.569401, 45.522955], [-67.56913, 45.522821], [-67.568913, 45.522725], [-67.568669, 45.522631], [-67.568413, 45.522539], [-67.568136, 45.522455], [-67.56782, 45.522369], [-67.567554, 45.522307], [-67.567266, 45.522248], [-67.566967, 45.52221], [-67.566581, 45.522177], [-67.566205, 45.522159], [-67.565865, 45.522151], [-67.565483, 45.522163], [-67.565129, 45.522194], [-67.564727, 45.522247], [-67.564441, 45.522298], [-67.564131, 45.52237], [-67.563812, 45.522454], [-67.563448, 45.522569], [-67.563087, 45.52271], [-67.562828, 45.522826], [-67.562618, 45.522927], [-67.562322, 45.52309], [-67.561993, 45.523311], [-67.561696, 45.52355], [-67.561344, 45.523881], [-67.560981, 45.524276], [-67.560761, 45.524575], [-67.560641, 45.524798], [-67.560556, 45.525044], [-67.56049, 45.525372], [-67.56044, 45.525779], [-67.560405, 45.526234], [-67.560411, 45.526633], [-67.560411, 45.526964], [-67.560389, 45.527425], [-67.560329, 45.527799], [-67.560279, 45.527983], [-67.560218, 45.52816], [-67.56015, 45.528337], [-67.560043, 45.528535], [-67.559904, 45.528757], [-67.55973, 45.528983], [-67.559509, 45.529238], [-67.55927, 45.529476], [-67.559076, 45.52964], [-67.55887, 45.529801], [-67.558555, 45.530006], [-67.558113, 45.530275], [-67.556975, 45.530948], [-67.556454, 45.531267], [-67.556138, 45.531458], [-67.555841, 45.531655], [-67.555473, 45.531915], [-67.555212, 45.53212], [-67.554948, 45.53235], [-67.554738, 45.532556], [-67.554502, 45.532825], [-67.55421, 45.533196], [-67.553721, 45.533855], [-67.553402, 45.534303], [-67.553208, 45.534548], [-67.552863, 45.535], [-67.55261, 45.535334], [-67.552452, 45.535528], [-67.552305, 45.535702], [-67.552109, 45.535921], [-67.551913, 45.536118], [-67.551758, 45.536257], [-67.551529, 45.536467], [-67.551272, 45.536683], [-67.550926, 45.536948], [-67.550525, 45.537232], [-67.550171, 45.537448], [-67.549736, 45.537704], [-67.549229, 45.53797], [-67.548669, 45.538229], [-67.54815, 45.538437], [-67.547613, 45.538635], [-67.547119, 45.53879], [-67.546603, 45.538929], [-67.546015, 45.539061], [-67.545338, 45.539197], [-67.544536, 45.539345], [-67.543951, 45.539456], [-67.543485, 45.539559], [-67.542944, 45.539693], [-67.54248, 45.539818], [-67.54207, 45.53993], [-67.541802, 45.540005], [-67.541205, 45.540165], [-67.540634, 45.540326], [-67.540342, 45.540425], [-67.539976, 45.540555], [-67.539686, 45.540674], [-67.539382, 45.540815], [-67.539056, 45.540985], [-67.538756, 45.541159], [-67.538464, 45.541344], [-67.537403, 45.542101], [-67.536933, 45.542438], [-67.536436, 45.542786], [-67.536228, 45.542931], [-67.536038, 45.543052], [-67.535866, 45.543146], [-67.535678, 45.543236], [-67.535445, 45.54334], [-67.535136, 45.543462], [-67.534785, 45.543598], [-67.534518, 45.543691], [-67.534269, 45.543776], [-67.533987, 45.543859], [-67.533753, 45.54392], [-67.533473, 45.543991], [-67.533122, 45.544064], [-67.532799, 45.544121], [-67.5325, 45.544169], [-67.532325, 45.544194], [-67.532004, 45.544241], [-67.531547, 45.544297], [-67.531115, 45.544351], [-67.53071, 45.544388], [-67.530314, 45.544412], [-67.529874, 45.544427], [-67.529485, 45.544434], [-67.529162, 45.544427], [-67.528827, 45.54442], [-67.528576, 45.544406], [-67.528367, 45.544388], [-67.528114, 45.544367], [-67.52791, 45.544348], [-67.527655, 45.544322], [-67.527363, 45.54428], [-67.527044, 45.544225], [-67.526762, 45.544164], [-67.526514, 45.544111], [-67.526224, 45.544031], [-67.52596, 45.54396], [-67.525678, 45.543873], [-67.525384, 45.543777], [-67.525083, 45.54366], [-67.524774, 45.543533], [-67.524464, 45.543399], [-67.524085, 45.543233], [-67.523543, 45.542998], [-67.523141, 45.54282], [-67.522701, 45.542626], [-67.522331, 45.54246], [-67.522012, 45.542332], [-67.521741, 45.542238], [-67.521482, 45.542155], [-67.521188, 45.542065], [-67.520887, 45.541996], [-67.520607, 45.541941], [-67.52037, 45.541908], [-67.52008, 45.541871], [-67.51967, 45.541844], [-67.519336, 45.541826], [-67.519009, 45.541834], [-67.518691, 45.541848], [-67.518352, 45.541877], [-67.518027, 45.54191], [-67.517747, 45.541968], [-67.517436, 45.542031], [-67.517084, 45.542125], [-67.51677, 45.542233], [-67.516516, 45.542335], [-67.51626, 45.542443], [-67.515904, 45.542622], [-67.515407, 45.54287], [-67.514983, 45.543092], [-67.514592, 45.5433], [-67.513819, 45.543726], [-67.513064, 45.544137], [-67.512601, 45.544385], [-67.512346, 45.544529], [-67.5122, 45.54461], [-67.511829, 45.544763], [-67.51137, 45.544957], [-67.51105, 45.545081], [-67.510668, 45.545214], [-67.510335, 45.545325], [-67.509923, 45.545442], [-67.509613, 45.545528], [-67.509294, 45.545603], [-67.508947, 45.545679], [-67.508536, 45.545757], [-67.508087, 45.54583], [-67.50744, 45.545912], [-67.506032, 45.54607], [-67.504636, 45.546228], [-67.503272, 45.546374], [-67.502058, 45.546509], [-67.500827, 45.546648], [-67.499474, 45.546801], [-67.498265, 45.546939], [-67.49715, 45.547062], [-67.49565, 45.547228], [-67.494245, 45.547385], [-67.492651, 45.547566], [-67.491186, 45.547729], [-67.49012, 45.547847], [-67.488994, 45.547973], [-67.488128, 45.548067], [-67.487059, 45.548186], [-67.485958, 45.548308], [-67.485066, 45.548413], [-67.484314, 45.548511], [-67.483609, 45.548624], [-67.483141, 45.548703], [-67.482076, 45.548931], [-67.479588, 45.549518], [-67.477697, 45.549961], [-67.475783, 45.550411], [-67.473806, 45.550878], [-67.471148, 45.551502], [-67.46791, 45.552267], [-67.464956, 45.552964], [-67.462157, 45.553619], [-67.459143, 45.55433], [-67.455645, 45.555153], [-67.451837, 45.556051], [-67.449806, 45.556525], [-67.448678, 45.556791], [-67.447962, 45.556959], [-67.447347, 45.557116], [-67.446891, 45.557239], [-67.446253, 45.557431], [-67.445269, 45.557761], [-67.443857, 45.558253], [-67.440391, 45.55947], [-67.431381, 45.562628], [-67.430487, 45.562938], [-67.429563, 45.563262]]}}]}