{"type": "FeatureCollection", "metadata": {"note": "Passenger rail at Florence, Alabama and the rest of the Shoals -- Sheffield, Tuscumbia and Muscle Shoals -- from the first locomotive west of the Appalachians to the last streetcar. Four routes and eleven features. East-west through Tuscumbia and Sheffield runs the oldest of them: the Tuscumbia, Courtland and Decatur of 1832, built to carry cotton around the Muscle Shoals rapids, absorbed into the Memphis and Charleston in 1850 and into the Southern Railway in 1894, and carrying the Tennessean until Mar 30 1968. North across the Tennessee River on the Memphis and Charleston's double-decked 1859 bridge lies Florence itself, reached first by that railroad's own branch and from 1888 by the Nashville, Florence and Sheffield -- the L&N -- running 82 miles down from Columbia, Tennessee. South from Tuscumbia the Birmingham, Sheffield and Tennessee River, later the Northern Alabama, ran 95 miles into the Warrior coal field at Parrish. And from 1904 to 1933 the Sheffield Company's electric cars crossed the railroad bridge hourly, having displaced the Southern's own Sheffield-Florence local trains. The features are split by owner as Rule 4 requires, so the same corridor appears more than once with different colours for different eras; the geometry is shared.", "sources": ["https://en.wikipedia.org/wiki/Memphis_and_Charleston_Railroad (chartered 1846; 311 mi Memphis to Stevenson via Corinth and Huntsville; 40 mi in operation by 1853; completed May 1857; followed the Tuscumbia, Courtland and Decatur between Tuscumbia and Decatur; became part of the Southern Railway System organised by J. P. Morgan in 1894)", "https://en.wikipedia.org/wiki/Tuscumbia,_Courtland_and_Decatur_Railroad (incorporated Jan 13 1832; first segment Tuscumbia to Leighton November 1832; reached Decatur June 1834; built to bypass the Tennessee River shoals; incorporated into the Memphis and Charleston in 1850; the line is still worked by Norfolk Southern)", "https://en.wikipedia.org/wiki/Tuscumbia_Railway (chartered Jan 16 1830; 2.1 mi Tuscumbia to the Tennessee River docks; the first railroad chartered or constructed west of the Appalachians)", "https://www.hmdb.org/m.asp?m=247212 and contemporary accounts quoted in search results (first two miles opened Jun 12 1832, worked by teams of horses over strap rail; the Fulton, built by Edward Bury of Liverpool, about 5 tons, 8 in cylinders, 16 in stroke, 4 ft 6 in drivers, 'first put upon the road about the 1st of June 1834')", "https://en.wikipedia.org/wiki/Tennessean_(train) (Washington-Memphis 1941-1968, Southern and Norfolk and Western jointly, N&W handling Lynchburg to Bristol; served Huntsville; final run Mar 30 1968, ending all Southern passenger service to Memphis and closing Memphis Union Station; replaced the Memphis Special)", "https://www.branchline.uk/jfpdf/alabamarrs.pdf (Alabama Railroads SL244, passenger stations and stops: section 21 Chattanooga-Chewalla, 22 Tuscumbia-Parrish, 23 Sheffield-Florence)", "https://www.branchline.uk/jfpdf/tennesseerrs.pdf (Tennessee Railroads SL242, section 12 Nashville Florence & Sheffield Rly)", "https://sites.rootsweb.com/~tnalhnco/Railroads4.html (Nashville, Florence and Sheffield Railway formed by consolidation May 18 1887 of the Nashville & Florence and Tennessee & Alabama; 82.13 mi main line Columbia to Sheffield; St. Joseph to Florence, 24 mi, completed Jul 1 1888; Sheffield reached over the Memphis and Charleston's bridge; L&N operated it for its owners from Jul 1 1887 and purchased it May 31 1900)", "https://www.historic-structures.com/al/florence/tennessee_river_bridge-amp/ (bridge built 1859 by the Memphis and Charleston, open to wagons in October and to regular trains Dec 7 1859; joint use by the Nashville, Florence and Sheffield from 1887; street cars over the upper deck from about 1903; 1961-62 reconstruction replaced the turn span with a 406 ft vertical lift; L&N cancelled operations Apr 10 1986; Southern abandoned the branch September 1988; demolished 1990)", "https://www.historic-structures.com/al/florence/tennessee_river_bridge1.php (Memphis and Charleston bridge dated to 1858 here -- conflicts with the 1859 date above; destroyed by Union forces in the Civil War and rebuilt 1870; 'In July 1904 the first electric streetcar made its way to Florence across the railroad portion of the Tennessee River Bridge. Thereafter, hourly service was established.')", "https://oldrailroadbridge.com/old-railroad-bridge-landmark/ (streetcars crossed on a scheduled basis from 1904 until the last run at midnight Feb 3 1933; in 1904 the Sheffield Development Company replaced local passenger train service with streetcars, which used the railroad tracks until 1933; trains used the upper deck until 1988; the first daily train to Nashville from Tuscumbia, L&N, began in 1904; the new O'Neal Bridge opened Oct 26 1939)", "http://www.freestateofwinston.org/railroad.htm (Birmingham and Tennessee River from 1884, Sheffield and Birmingham from 1885; track reached Delmar by August 1887 and Delmar to Jasper, 35.32 mi, opened May 16 1888; sold April 1889 to Alfred Parrish and renamed the Birmingham, Sheffield and Tennessee River Railway; completed to Parrish 1889; renamed Northern Alabama Railway 1899; Southern Railway 1939; Lynn was station 62; in 1936 seven passenger trains ran daily through Lynn, two Northern Alabama, four Illinois Central, one Mobile and Ohio; May 22 1889 report of a southbound BS&TR passenger train derailed near Blackwater)", "https://en.wikipedia.org/wiki/Wikipedia:WikiProject_Trains/ICC_valuations/Northern_Alabama_Railway (105.748 mi of single-track standard-gauge steam railroad in two sections, Sheffield to Parrish 94.876 mi)", "https://encyclopediaofalabama.org/article/sheffield/ (the Sheffield Company, founded 1904, supplied water and electricity to Sheffield, Florence and Tuscumbia; a streetcar line provided public transportation between those communities)", "https://roar.una.edu/shoals_history_images/14/ (photograph, 'Electric Car Line Between Sheffield and Florence, Alabama'; the line opened Jun 18 1904)", "https://www.chicagorailfan.com/aatal2.html (Florence/Sheffield/Muscle Shoals: steam dummy 1891-1895 Sheffield Street Railway Co.; electric streetcar 1904-1924 Sheffield Co., 1924-1933 Alabama Power Co.; 1933 streetcars replaced with buses, Burns Transportation Co. 1933-1941, Shoals Transit 1941-1950)", "https://hawkinsrails.net/preservation/tdr/tdr.html and https://www.colbertcountytourism.org/attractions/tuscumbia-railway-depot/ (the 1888 Tuscumbia depot served the Memphis and Charleston and then the Southern; last train out of 5th Street Station Jul 14 1948, ending over a century of railroad service to Tuscumbia; a new station on Shop Pike at 10th Street in Sheffield served until the end of Southern passenger service)"], "not_yet_sourced": "1. END OF L&N PASSENGER SERVICE, COLUMBIA-FLORENCE-TUSCUMBIA. The single weakest date in this layer. No source consulted names one. The 1948 drawn on ln-columbia-tuscumbia is inferred from the Jul 14 1948 closing of Tuscumbia's 5th Street Station, where these trains terminated. A timetable would settle it. 2. END OF PASSENGER SERVICE, TUSCUMBIA-PARRISH. Drawn to 1948 because Cameron appears in a 1948 company timetable; that is the last positive evidence found, not the last train. 3. CIVIL WAR BREAK ON THE FLORENCE BRIDGE. The bridge was destroyed by Union forces and rebuilt in 1870, but the destruction date is unsourced; 1862 is drawn as an approximation. 4. THE BRIDGE'S OWN DATE. One source says the Memphis and Charleston built it in 1858, another says 1859 with regular trains from Dec 7 1859. Recorded, not resolved; the 1859 date is drawn. 5. THE 1891-1895 SHEFFIELD STREET RAILWAY STEAM DUMMY LINE. Mechanically powered, so it would qualify under Rule 5, but no source gives its route and it is not drawn. 6. THE STREETCAR ROUTE ITSELF. Only the river crossing is sourced. See the geometry_quality note on the two interurban features. 7. HEADWAYS. Every headway_min here is an estimate except the hourly service on the Sheffield Company and Alabama Power features, which is sourced, and the 1936 count of seven trains a day through Lynn on the Northern Alabama feature, which is sourced but counts three companies' trains, not one's. 8. WHETHER THE SOUTHERN'S FLORENCE STOP OUTLASTED 1904. sou-sheffield-florence ends in 1904 because the streetcars are documented to have replaced the local passenger trains that year. Whether any Southern train continued to call at Florence after that has not been checked.", "horsecar_audit": "Rule 5 applied at the point of writing rather than retrospectively. Two things were kept off this layer for animal power. The Tuscumbia Railway of 1830 -- 2.1 mi from Tuscumbia down to the Tennessee River landing, and the first railroad chartered or built west of the Appalachians -- is not drawn at all, being horse-worked throughout. The Tuscumbia, Courtland and Decatur is drawn from 1834 and not from the Jun 12 1832 opening of its first two miles, because those first two years were worked by teams of horses over strap rail; 1834 is when the Fulton arrived and the line went over to steam. Both facts are kept in the notes as context, which Rule 5 allows -- what is not allowed is a drawn year that asserts service the horses were providing.", "freight_only_note": "Rule 1 applied at the point of writing. Three tempting freight-era extensions were left off. The Old Railroad Bridge carried trains until 1988 and the branch was not abandoned until that September, with the L&N cancelling its operations Apr 10 1986 -- but the passenger trains over it stopped in 1904, so sou-sheffield-florence ends in 1904. The Columbia-Florence line is busy today under the Tennessee Southern Railroad, serving the Port of Florence; it is drawn only to 1948. The Memphis District and the NA / West End District are both live Norfolk Southern freight routes and are drawn only to 1968 and 1948 respectively. All four facts appear in segment notes as context, which is what Rule 1 permits."}, "features": [{"type": "Feature", "properties": {"company": "Tuscumbia, Courtland and Decatur Railroad", "line": "Tuscumbia, Courtland and Decatur: Tuscumbia \u2013 Decatur", "id": "tcd-tuscumbia-decatur", "color": "#4DD025", "mode": "intercity_rail", "avg_speed_kmh": 25, "speed_source": "estimated: 1830s 5-ton locomotive on strap rail; unsourced", "geometry_source": "Real-traced from OpenStreetMap (ODbL) via Overpass along the Norfolk Southern Memphis District West End and East End -- the surviving Memphis and Charleston main line -- routed Corinth (MS) - Iuka - Cherokee - Tuscumbia - Sheffield - Leighton - Courtland - Trinity - Decatur (AL).", "geometry_quality": "Real-traced, 173 points, no straight-line connectors, sliced out of the Memphis District trace above. Traced 46.9 mi against 45.9 mi in the gazetteer (Tuscumbia MP 409.3 to Decatur MP 363.4) and the 44 mi usually given for the finished Tuscumbia, Courtland and Decatur. LATER ALIGNMENT, and the mismatch matters more here than anywhere else in this layer: this is the post-1916 route, which swings north through Sheffield -- a town that did not exist until 1885, half a century after these trains ran. About 1 mi of the drawn line is that deviation. The 1830s alignment ran straight from Tuscumbia's own depot eastward; it is not separately mapped in OpenStreetMap and is not drawn.", "segments": [{"start": 1834, "end": 1850, "headway_min": 720, "note": "The first railroad west of the Appalachians, built to carry cotton around the Muscle Shoals rapids that closed the Tennessee River to boats. Incorporated Jan 13 1832; the first two miles, Tuscumbia to Leighton, opened Jun 12 1832. DRAWN FROM 1834, NOT 1832, BECAUSE THE FIRST TWO YEARS WERE HORSE HAULAGE (see Rule 5): the trains were pulled by teams of horses over strap rail until the Fulton -- a 5-ton Edward Bury locomotive built in Liverpool, 8 in cylinders, 16 in stroke, 4 ft 6 in drivers -- was 'first put upon the road about the 1st of June 1834', the first locomotive west of the Appalachians. The line reached Courtland and then Decatur, 44 mi, that same June. Incorporated into the Memphis and Charleston in 1850. The separate 2.1 mi Tuscumbia Railway of 1830, Tuscumbia down to the river landing, is not drawn at all: it was horse-worked throughout its short life. Frequency estimated/unsourced.", "sources": ["Segment-level: this segment's own note names the source for its dates and service. Supporting references:", "https://en.wikipedia.org/wiki/Tuscumbia,_Courtland_and_Decatur_Railroad", "https://en.wikipedia.org/wiki/Tuscumbia_Railway", "https://en.wikipedia.org/wiki/Memphis_and_Charleston_Railroad", "https://www.branchline.uk/jfpdf/alabamarrs.pdf (Alabama Railroads SL244, passenger stations and stops: section 21 Chattanooga-Chewalla, 22 Tuscumbia-Parrish, 23 Sheffield-Florence)"]}]}, "geometry": {"type": "LineString", "coordinates": [[-87.712322, 34.733655], [-87.712224, 34.733996], [-87.712191, 34.734491], [-87.7121, 34.737212], [-87.712234, 34.737866], [-87.712943, 34.739113], [-87.71314, 34.739697], [-87.713631, 34.745224], [-87.713646, 34.745576], [-87.71351, 34.746411], [-87.713303, 34.746919], [-87.713018, 34.747306], [-87.700116, 34.757641], [-87.699411, 34.758128], [-87.698688, 34.758367], [-87.697453, 34.758494], [-87.694133, 34.758477], [-87.693062, 34.758414], [-87.692121, 34.758121], [-87.691434, 34.75768], [-87.690007, 34.756175], [-87.683173, 34.750353], [-87.682776, 34.749895], [-87.681575, 34.747708], [-87.680281, 34.745839], [-87.679652, 34.745239], [-87.677107, 34.743407], [-87.676424, 34.742767], [-87.676077, 34.742139], [-87.675888, 34.741429], [-87.675724, 34.734077], [-87.675534, 34.733216], [-87.675358, 34.732821], [-87.674934, 34.73221], [-87.669545, 34.726183], [-87.668808, 34.725455], [-87.667355, 34.724409], [-87.659703, 34.719607], [-87.658474, 34.719158], [-87.654478, 34.718137], [-87.653976, 34.717955], [-87.653417, 34.717703], [-87.652822, 34.717312], [-87.651732, 34.716448], [-87.651323, 34.716202], [-87.650855, 34.715957], [-87.649744, 34.715614], [-87.616044, 34.7125], [-87.61503, 34.71256], [-87.611721, 34.713066], [-87.610942, 34.713131], [-87.602744, 34.713004], [-87.601714, 34.712893], [-87.600195, 34.712541], [-87.599365, 34.712421], [-87.587891, 34.712167], [-87.567697, 34.71058], [-87.566664, 34.710405], [-87.565876, 34.710155], [-87.557595, 34.706408], [-87.556314, 34.706026], [-87.546321, 34.705266], [-87.544209, 34.704991], [-87.542818, 34.704566], [-87.538844, 34.703115], [-87.537348, 34.702762], [-87.514892, 34.70091], [-87.512977, 34.700507], [-87.508249, 34.699308], [-87.507198, 34.699125], [-87.487462, 34.697837], [-87.456769, 34.697138], [-87.456133, 34.697046], [-87.453961, 34.696407], [-87.426992, 34.68782], [-87.426466, 34.687623], [-87.420793, 34.68468], [-87.420319, 34.684497], [-87.419322, 34.684297], [-87.418488, 34.684259], [-87.415425, 34.684337], [-87.394716, 34.684954], [-87.373338, 34.686876], [-87.370038, 34.68657], [-87.364956, 34.685967], [-87.363783, 34.685623], [-87.361305, 34.684547], [-87.360224, 34.684262], [-87.359107, 34.684135], [-87.355037, 34.683966], [-87.354135, 34.683754], [-87.343541, 34.679826], [-87.326139, 34.673219], [-87.325362, 34.672753], [-87.324662, 34.672226], [-87.322408, 34.670346], [-87.321292, 34.669634], [-87.319714, 34.668997], [-87.313092, 34.666585], [-87.312246, 34.666401], [-87.311296, 34.666325], [-87.302229, 34.666261], [-87.300548, 34.666086], [-87.299417, 34.665833], [-87.286975, 34.662383], [-87.282575, 34.661099], [-87.23992, 34.64949], [-87.238336, 34.64915], [-87.236787, 34.64901], [-87.227052, 34.648982], [-87.214523, 34.647317], [-87.213188, 34.647019], [-87.206993, 34.644973], [-87.178921, 34.635423], [-87.145517, 34.623872], [-87.144699, 34.623637], [-87.143136, 34.623331], [-87.114363, 34.619166], [-87.113624, 34.618971], [-87.112633, 34.618663], [-87.11119, 34.618064], [-87.097898, 34.611986], [-87.095326, 34.610864], [-87.081172, 34.60432], [-87.078026, 34.602902], [-87.07656, 34.602347], [-87.075554, 34.602195], [-87.074587, 34.602226], [-87.073921, 34.602329], [-87.073123, 34.602571], [-87.072219, 34.60301], [-87.0665, 34.606391], [-87.06558, 34.606821], [-87.064907, 34.607024], [-87.063814, 34.607222], [-87.062829, 34.607251], [-87.062043, 34.607192], [-87.047939, 34.60559], [-87.037812, 34.605492], [-87.036298, 34.605571], [-87.035261, 34.60588], [-87.034676, 34.606138], [-87.033967, 34.606577], [-87.033299, 34.607165], [-87.02975, 34.61083], [-87.028964, 34.611364], [-87.028044, 34.611767], [-87.026842, 34.612044], [-87.023824, 34.612286], [-87.022968, 34.61243], [-87.022302, 34.612619], [-87.019247, 34.613802], [-87.018342, 34.614047], [-87.008591, 34.615908], [-87.007769, 34.616054], [-87.006828, 34.616135], [-87.005399, 34.61605], [-87.004148, 34.615738], [-86.997475, 34.613239], [-86.996874, 34.61307], [-86.996167, 34.612963], [-86.995493, 34.61294], [-86.993159, 34.613091], [-86.988437, 34.612934], [-86.987654, 34.613143], [-86.985915, 34.614057], [-86.987314, 34.613215], [-86.987673, 34.612938], [-86.988178, 34.612316], [-86.988533, 34.611739], [-86.988738, 34.611127], [-86.988706, 34.61028], [-86.98767, 34.603972]]}}, {"type": "Feature", "properties": {"company": "Memphis and Charleston Railroad", "line": "Memphis and Charleston: Corinth \u2013 Decatur", "id": "mc-corinth-decatur", "color": "#25D0A2", "mode": "intercity_rail", "avg_speed_kmh": 35, "speed_source": "estimated: antebellum southern main line; unsourced", "geometry_source": "Real-traced from OpenStreetMap (ODbL) via Overpass along the Norfolk Southern Memphis District West End and East End -- the surviving Memphis and Charleston main line -- routed Corinth (MS) - Iuka - Cherokee - Tuscumbia - Sheffield - Leighton - Courtland - Trinity - Decatur (AL).", "geometry_quality": "Real-traced, 342 points, no straight-line connectors. Traced 99.0 mi against 98.3 mi of documented mileage (Corinth MP 461.7 to Decatur MP 363.4 in the Alabama passenger-station gazetteer), 0.7% over. Every gazetteer station between the two ends falls within 1.0 km of the drawn line. ONLY the Shoals section of the line is drawn: the Memphis and Charleston ran 311 mi Memphis to Stevenson and its trains continued to Chattanooga over the Nashville and Chattanooga -- neither the Memphis end nor the Huntsville-Stevenson-Chattanooga end is drawn here. LATER ALIGNMENT: this is the corridor as it survives today. The line was relocated in 1916 to reach the new Sheffield Union Station; before then it ran Norala Junction - Tuscumbia (5th Street Station) - Pride, about 6 mi with no Sheffield leg. Everything drawn before 1916 -- the whole Tuscumbia, Courtland and Decatur and Memphis and Charleston eras, and the Southern's first 22 years -- is therefore drawn on a route roughly 1 mi longer than, and locally different from, the one those trains actually took. Straight-line repair 2026-08-29: 1 ruled segment totalling 13 mi replaced with OpenStreetMap-traced rail geometry (see geometry_repairs for the OSM lines each one followed).", "segments": [{"start": 1857, "end": 1894, "headway_min": 480, "note": "Chartered 1846 to join the Atlantic coast to the Mississippi, and finished in May 1857, when more than 30,000 people gathered to mark the first railroad connecting the Atlantic to Memphis. Forty miles were in operation by 1853. Between Tuscumbia and Decatur the M&C simply took over the Tuscumbia, Courtland and Decatur's route, which it had absorbed in 1850. The line was fought over hard in the Civil War; no dated service break on this stretch has been sourced, so none is drawn. An 1882 Memphis newspaper advertised through service over it at a $26.25 fare. Became part of the Southern Railway System organised by J. P. Morgan in 1894. Frequency estimated/unsourced.", "sources": ["Segment-level: this segment's own note names the source for its dates and service. Supporting references:", "https://en.wikipedia.org/wiki/Memphis_and_Charleston_Railroad", "https://en.wikipedia.org/wiki/Tuscumbia,_Courtland_and_Decatur_Railroad", "https://www.branchline.uk/jfpdf/alabamarrs.pdf (Alabama Railroads SL244, passenger stations and stops: section 21 Chattanooga-Chewalla, 22 Tuscumbia-Parrish, 23 Sheffield-Florence)"]}], "geometry_repairs": [{"date": "2026-08-29", "from": [-87.993364, 34.759208], "to": [-87.779646, 34.715063], "chord_mi": 12.51, "traced_mi": 12.52, "snap_m": [0, 0], "bridged_mi": 0.0, "osm_lines": ["Memphis District West End (12.52 mi)"], "method": "Overpass rail graph, 8.0 km corridor, Dijkstra, simplified to 3.0 m"}]}, "geometry": {"type": "LineString", "coordinates": [[-88.522558, 34.934132], [-88.483616, 34.92408], [-88.482544, 34.923725], [-88.481466, 34.923279], [-88.480245, 34.922606], [-88.479212, 34.921973], [-88.477975, 34.920918], [-88.477056, 34.91985], [-88.476689, 34.919323], [-88.476416, 34.918826], [-88.47619, 34.91823], [-88.476004, 34.917364], [-88.475732, 34.915352], [-88.475452, 34.914681], [-88.47461, 34.913579], [-88.473292, 34.912612], [-88.470515, 34.911327], [-88.469095, 34.910516], [-88.468174, 34.909772], [-88.46735, 34.908895], [-88.466816, 34.908132], [-88.465983, 34.90647], [-88.465027, 34.90431], [-88.455447, 34.891346], [-88.454275, 34.88986], [-88.453356, 34.888945], [-88.452131, 34.888192], [-88.45049, 34.887485], [-88.448087, 34.886215], [-88.447702, 34.885936], [-88.44685, 34.885146], [-88.446468, 34.884683], [-88.44522, 34.882732], [-88.44472, 34.882137], [-88.444167, 34.881611], [-88.442983, 34.880707], [-88.43017, 34.873504], [-88.428322, 34.872517], [-88.425738, 34.87129], [-88.40541, 34.862671], [-88.403599, 34.861997], [-88.402554, 34.861695], [-88.401526, 34.861444], [-88.399351, 34.86108], [-88.389412, 34.85973], [-88.38725, 34.859605], [-88.385289, 34.859674], [-88.383532, 34.859873], [-88.381645, 34.860253], [-88.358863, 34.866279], [-88.357466, 34.866493], [-88.356331, 34.866479], [-88.355706, 34.866389], [-88.354611, 34.866123], [-88.354104, 34.865935], [-88.352624, 34.865207], [-88.352085, 34.865013], [-88.350819, 34.864807], [-88.348875, 34.86478], [-88.347755, 34.864548], [-88.34664, 34.864099], [-88.345857, 34.8636], [-88.345034, 34.862781], [-88.344697, 34.862282], [-88.340751, 34.854406], [-88.339701, 34.852411], [-88.339331, 34.851856], [-88.338078, 34.850425], [-88.337115, 34.849605], [-88.33568, 34.848643], [-88.334314, 34.847966], [-88.332711, 34.847384], [-88.331792, 34.847141], [-88.323244, 34.845284], [-88.322146, 34.84479], [-88.321599, 34.844455], [-88.320129, 34.843245], [-88.319519, 34.842852], [-88.318427, 34.842371], [-88.313261, 34.840651], [-88.304943, 34.838586], [-88.303227, 34.838075], [-88.295583, 34.835485], [-88.286924, 34.832529], [-88.284442, 34.831558], [-88.27798, 34.828672], [-88.275284, 34.827671], [-88.269006, 34.825529], [-88.268066, 34.825315], [-88.266266, 34.825206], [-88.248587, 34.825682], [-88.240943, 34.82581], [-88.225552, 34.826299], [-88.224125, 34.826101], [-88.223441, 34.825886], [-88.221752, 34.825072], [-88.220078, 34.823566], [-88.206296, 34.814487], [-88.2047, 34.813654], [-88.20324, 34.813111], [-88.201794, 34.812741], [-88.183933, 34.809452], [-88.182243, 34.808912], [-88.181244, 34.808397], [-88.180263, 34.807703], [-88.179925, 34.807337], [-88.174618, 34.802525], [-88.173424, 34.801207], [-88.170296, 34.79726], [-88.169156, 34.795957], [-88.168309, 34.795225], [-88.164648, 34.792982], [-88.163506, 34.792013], [-88.162604, 34.790967], [-88.158525, 34.785622], [-88.15798, 34.784973], [-88.156917, 34.784001], [-88.142251, 34.774508], [-88.141425, 34.774063], [-88.140547, 34.773685], [-88.13868, 34.773109], [-88.136685, 34.772745], [-88.135594, 34.772676], [-88.134683, 34.772667], [-88.132561, 34.772851], [-88.130802, 34.773241], [-88.107112, 34.779849], [-88.105836, 34.780038], [-88.104814, 34.780092], [-88.102828, 34.77994], [-88.101316, 34.779554], [-88.074703, 34.769537], [-88.073057, 34.769093], [-88.05119, 34.765252], [-88.047599, 34.764682], [-87.9933643, 34.7592076], [-87.9839552, 34.758233], [-87.9827132, 34.7580637], [-87.9815003, 34.757823], [-87.9255769, 34.7462265], [-87.9068589, 34.7423199], [-87.9037311, 34.7416126], [-87.9000809, 34.7409146], [-87.8613784, 34.7328734], [-87.7842989, 34.7167747], [-87.7823538, 34.7162966], [-87.781579, 34.7160645], [-87.7805983, 34.7156316], [-87.7796462, 34.7150629], [-87.777086, 34.71316], [-87.775775, 34.712607], [-87.769819, 34.710646], [-87.768972, 34.710468], [-87.767923, 34.710376], [-87.750588, 34.70993], [-87.748837, 34.709961], [-87.747419, 34.710154], [-87.746087, 34.71052], [-87.741151, 34.712424], [-87.73136, 34.716053], [-87.730276, 34.716548], [-87.729842, 34.716821], [-87.725714, 34.719961], [-87.724892, 34.720751], [-87.724435, 34.721334], [-87.719657, 34.730555], [-87.718559, 34.73156], [-87.717784, 34.731962], [-87.71703, 34.732188], [-87.713474, 34.73273], [-87.713176, 34.732833], [-87.712688, 34.733152], [-87.712322, 34.733655], [-87.712224, 34.733996], [-87.712191, 34.734491], [-87.7121, 34.737212], [-87.712234, 34.737866], [-87.712943, 34.739113], [-87.71314, 34.739697], [-87.713631, 34.745224], [-87.713646, 34.745576], [-87.71351, 34.746411], [-87.713303, 34.746919], [-87.713018, 34.747306], [-87.700116, 34.757641], [-87.699411, 34.758128], [-87.698688, 34.758367], [-87.697453, 34.758494], [-87.694133, 34.758477], [-87.693062, 34.758414], [-87.692121, 34.758121], [-87.691434, 34.75768], [-87.690007, 34.756175], [-87.683173, 34.750353], [-87.682776, 34.749895], [-87.681575, 34.747708], [-87.680281, 34.745839], [-87.679652, 34.745239], [-87.677107, 34.743407], [-87.676424, 34.742767], [-87.676077, 34.742139], [-87.675888, 34.741429], [-87.675724, 34.734077], [-87.675534, 34.733216], [-87.675358, 34.732821], [-87.674934, 34.73221], [-87.669545, 34.726183], [-87.668808, 34.725455], [-87.667355, 34.724409], [-87.659703, 34.719607], [-87.658474, 34.719158], [-87.654478, 34.718137], [-87.653976, 34.717955], [-87.653417, 34.717703], [-87.652822, 34.717312], [-87.651732, 34.716448], [-87.651323, 34.716202], [-87.650855, 34.715957], [-87.649744, 34.715614], [-87.616044, 34.7125], [-87.61503, 34.71256], [-87.611721, 34.713066], [-87.610942, 34.713131], [-87.602744, 34.713004], [-87.601714, 34.712893], [-87.600195, 34.712541], [-87.599365, 34.712421], [-87.587891, 34.712167], [-87.567697, 34.71058], [-87.566664, 34.710405], [-87.565876, 34.710155], [-87.557595, 34.706408], [-87.556314, 34.706026], [-87.546321, 34.705266], [-87.544209, 34.704991], [-87.542818, 34.704566], [-87.538844, 34.703115], [-87.537348, 34.702762], [-87.514892, 34.70091], [-87.512977, 34.700507], [-87.508249, 34.699308], [-87.507198, 34.699125], [-87.487462, 34.697837], [-87.456769, 34.697138], [-87.456133, 34.697046], [-87.453961, 34.696407], [-87.426992, 34.68782], [-87.426466, 34.687623], [-87.420793, 34.68468], [-87.420319, 34.684497], [-87.419322, 34.684297], [-87.418488, 34.684259], [-87.415425, 34.684337], [-87.394716, 34.684954], [-87.373338, 34.686876], [-87.370038, 34.68657], [-87.364956, 34.685967], [-87.363783, 34.685623], [-87.361305, 34.684547], [-87.360224, 34.684262], [-87.359107, 34.684135], [-87.355037, 34.683966], [-87.354135, 34.683754], [-87.343541, 34.679826], [-87.326139, 34.673219], [-87.325362, 34.672753], [-87.324662, 34.672226], [-87.322408, 34.670346], [-87.321292, 34.669634], [-87.319714, 34.668997], [-87.313092, 34.666585], [-87.312246, 34.666401], [-87.311296, 34.666325], [-87.302229, 34.666261], [-87.300548, 34.666086], [-87.299417, 34.665833], [-87.286975, 34.662383], [-87.282575, 34.661099], [-87.23992, 34.64949], [-87.238336, 34.64915], [-87.236787, 34.64901], [-87.227052, 34.648982], [-87.214523, 34.647317], [-87.213188, 34.647019], [-87.206993, 34.644973], [-87.178921, 34.635423], [-87.145517, 34.623872], [-87.144699, 34.623637], [-87.143136, 34.623331], [-87.114363, 34.619166], [-87.113624, 34.618971], [-87.112633, 34.618663], [-87.11119, 34.618064], [-87.097898, 34.611986], [-87.095326, 34.610864], [-87.081172, 34.60432], [-87.078026, 34.602902], [-87.07656, 34.602347], [-87.075554, 34.602195], [-87.074587, 34.602226], [-87.073921, 34.602329], [-87.073123, 34.602571], [-87.072219, 34.60301], [-87.0665, 34.606391], [-87.06558, 34.606821], [-87.064907, 34.607024], [-87.063814, 34.607222], [-87.062829, 34.607251], [-87.062043, 34.607192], [-87.047939, 34.60559], [-87.037812, 34.605492], [-87.036298, 34.605571], [-87.035261, 34.60588], [-87.034676, 34.606138], [-87.033967, 34.606577], [-87.033299, 34.607165], [-87.02975, 34.61083], [-87.028964, 34.611364], [-87.028044, 34.611767], [-87.026842, 34.612044], [-87.023824, 34.612286], [-87.022968, 34.61243], [-87.022302, 34.612619], [-87.019247, 34.613802], [-87.018342, 34.614047], [-87.008591, 34.615908], [-87.007769, 34.616054], [-87.006828, 34.616135], [-87.005399, 34.61605], [-87.004148, 34.615738], [-86.997475, 34.613239], [-86.996874, 34.61307], [-86.996167, 34.612963], [-86.995493, 34.61294], [-86.993159, 34.613091], [-86.988437, 34.612934], [-86.987654, 34.613143], [-86.985915, 34.614057], [-86.987314, 34.613215], [-86.987673, 34.612938], [-86.988178, 34.612316], [-86.988533, 34.611739], [-86.988738, 34.611127], [-86.988706, 34.61028], [-86.98767, 34.603972]]}}, {"type": "Feature", "properties": {"company": "Southern Railway", "line": "Southern Railway: Corinth \u2013 Decatur", "id": "sou-corinth-decatur", "color": "#006747", "mode": "intercity_rail", "avg_speed_kmh": 55, "speed_source": "estimated: 20th-century secondary main line; unsourced", "geometry_source": "Real-traced from OpenStreetMap (ODbL) via Overpass along the Norfolk Southern Memphis District West End and East End -- the surviving Memphis and Charleston main line -- routed Corinth (MS) - Iuka - Cherokee - Tuscumbia - Sheffield - Leighton - Courtland - Trinity - Decatur (AL).", "geometry_quality": "Real-traced, 342 points, no straight-line connectors. Traced 99.0 mi against 98.3 mi of documented mileage (Corinth MP 461.7 to Decatur MP 363.4 in the Alabama passenger-station gazetteer), 0.7% over. Every gazetteer station between the two ends falls within 1.0 km of the drawn line. ONLY the Shoals section of the line is drawn: the Memphis and Charleston ran 311 mi Memphis to Stevenson and its trains continued to Chattanooga over the Nashville and Chattanooga -- neither the Memphis end nor the Huntsville-Stevenson-Chattanooga end is drawn here. LATER ALIGNMENT: this is the corridor as it survives today. The line was relocated in 1916 to reach the new Sheffield Union Station; before then it ran Norala Junction - Tuscumbia (5th Street Station) - Pride, about 6 mi with no Sheffield leg. Everything drawn before 1916 -- the whole Tuscumbia, Courtland and Decatur and Memphis and Charleston eras, and the Southern's first 22 years -- is therefore drawn on a route roughly 1 mi longer than, and locally different from, the one those trains actually took. Straight-line repair 2026-08-29: 1 ruled segment totalling 13 mi replaced with OpenStreetMap-traced rail geometry (see geometry_repairs for the OSM lines each one followed).", "segments": [{"start": 1894, "end": 1941, "headway_min": 360, "note": "The Memphis and Charleston became part of the Southern Railway System in 1894 and this became the Southern's Memphis line, carrying the Memphis Special -- a Washington-Memphis train whose main job was hauling the U.S. Mail -- through Sheffield, Decatur and Huntsville. The line through Tuscumbia was relocated in 1916 to serve the new Sheffield Union Station, leaving the old Norala Junction - Tuscumbia (5th Street) - Pride route. Frequency estimated/unsourced.", "sources": ["Segment-level: this segment's own note names the source for its dates and service. Supporting references:", "https://en.wikipedia.org/wiki/Memphis_and_Charleston_Railroad", "https://www.branchline.uk/jfpdf/alabamarrs.pdf (Alabama Railroads SL244, passenger stations and stops: section 21 Chattanooga-Chewalla, 22 Tuscumbia-Parrish, 23 Sheffield-Florence)", "https://en.wikipedia.org/wiki/Tennessean_(train)"]}, {"start": 1941, "end": 1968, "headway_min": 480, "note": "The Tennessean took over as the Washington-Memphis train in 1941, run jointly with the Norfolk and Western, which handled it between Lynchburg and Bristol. It called at Huntsville and in the Shoals on its way to Memphis. Tuscumbia's 5th Street Station saw its last train on Jul 14 1948, ending more than a century of railroad service to the town; the stop moved to a new depot on Shop Pike at 10th Street in Sheffield, which lasted to the end. THE END DATE IS SOURCED: the Tennessean made its final run on Mar 30 1968, ending all Southern Railway passenger service to Memphis and closing Memphis Union Station. Southern was the only railroad serving Alabama that stayed out of Amtrak in 1971, but that only affected its Washington-Atlanta-New Orleans Southern Crescent, not this line, which had already been dark for three years. Frequency estimated/unsourced.", "sources": ["Segment-level: this segment's own note names the source for its dates and service. Supporting references:", "https://en.wikipedia.org/wiki/Tennessean_(train)", "https://www.branchline.uk/jfpdf/alabamarrs.pdf (Alabama Railroads SL244, passenger stations and stops: section 21 Chattanooga-Chewalla, 22 Tuscumbia-Parrish, 23 Sheffield-Florence)", "https://transportationhistory.org/2023/03/30/1968-the-end-of-the-line-for-passenger-train-service-at-the-huntsville-depot/", "https://hawkinsrails.net/preservation/tdr/tdr.html"]}], "geometry_repairs": [{"date": "2026-08-29", "from": [-87.993364, 34.759208], "to": [-87.779646, 34.715063], "chord_mi": 12.51, "traced_mi": 12.52, "snap_m": [0, 0], "bridged_mi": 0.0, "osm_lines": ["Memphis District West End (12.52 mi)"], "method": "Overpass rail graph, 8.0 km corridor, Dijkstra, simplified to 3.0 m"}]}, "geometry": {"type": "LineString", "coordinates": [[-88.522558, 34.934132], [-88.483616, 34.92408], [-88.482544, 34.923725], [-88.481466, 34.923279], [-88.480245, 34.922606], [-88.479212, 34.921973], [-88.477975, 34.920918], [-88.477056, 34.91985], [-88.476689, 34.919323], [-88.476416, 34.918826], [-88.47619, 34.91823], [-88.476004, 34.917364], [-88.475732, 34.915352], [-88.475452, 34.914681], [-88.47461, 34.913579], [-88.473292, 34.912612], [-88.470515, 34.911327], [-88.469095, 34.910516], [-88.468174, 34.909772], [-88.46735, 34.908895], [-88.466816, 34.908132], [-88.465983, 34.90647], [-88.465027, 34.90431], [-88.455447, 34.891346], [-88.454275, 34.88986], [-88.453356, 34.888945], [-88.452131, 34.888192], [-88.45049, 34.887485], [-88.448087, 34.886215], [-88.447702, 34.885936], [-88.44685, 34.885146], [-88.446468, 34.884683], [-88.44522, 34.882732], [-88.44472, 34.882137], [-88.444167, 34.881611], [-88.442983, 34.880707], [-88.43017, 34.873504], [-88.428322, 34.872517], [-88.425738, 34.87129], [-88.40541, 34.862671], [-88.403599, 34.861997], [-88.402554, 34.861695], [-88.401526, 34.861444], [-88.399351, 34.86108], [-88.389412, 34.85973], [-88.38725, 34.859605], [-88.385289, 34.859674], [-88.383532, 34.859873], [-88.381645, 34.860253], [-88.358863, 34.866279], [-88.357466, 34.866493], [-88.356331, 34.866479], [-88.355706, 34.866389], [-88.354611, 34.866123], [-88.354104, 34.865935], [-88.352624, 34.865207], [-88.352085, 34.865013], [-88.350819, 34.864807], [-88.348875, 34.86478], [-88.347755, 34.864548], [-88.34664, 34.864099], [-88.345857, 34.8636], [-88.345034, 34.862781], [-88.344697, 34.862282], [-88.340751, 34.854406], [-88.339701, 34.852411], [-88.339331, 34.851856], [-88.338078, 34.850425], [-88.337115, 34.849605], [-88.33568, 34.848643], [-88.334314, 34.847966], [-88.332711, 34.847384], [-88.331792, 34.847141], [-88.323244, 34.845284], [-88.322146, 34.84479], [-88.321599, 34.844455], [-88.320129, 34.843245], [-88.319519, 34.842852], [-88.318427, 34.842371], [-88.313261, 34.840651], [-88.304943, 34.838586], [-88.303227, 34.838075], [-88.295583, 34.835485], [-88.286924, 34.832529], [-88.284442, 34.831558], [-88.27798, 34.828672], [-88.275284, 34.827671], [-88.269006, 34.825529], [-88.268066, 34.825315], [-88.266266, 34.825206], [-88.248587, 34.825682], [-88.240943, 34.82581], [-88.225552, 34.826299], [-88.224125, 34.826101], [-88.223441, 34.825886], [-88.221752, 34.825072], [-88.220078, 34.823566], [-88.206296, 34.814487], [-88.2047, 34.813654], [-88.20324, 34.813111], [-88.201794, 34.812741], [-88.183933, 34.809452], [-88.182243, 34.808912], [-88.181244, 34.808397], [-88.180263, 34.807703], [-88.179925, 34.807337], [-88.174618, 34.802525], [-88.173424, 34.801207], [-88.170296, 34.79726], [-88.169156, 34.795957], [-88.168309, 34.795225], [-88.164648, 34.792982], [-88.163506, 34.792013], [-88.162604, 34.790967], [-88.158525, 34.785622], [-88.15798, 34.784973], [-88.156917, 34.784001], [-88.142251, 34.774508], [-88.141425, 34.774063], [-88.140547, 34.773685], [-88.13868, 34.773109], [-88.136685, 34.772745], [-88.135594, 34.772676], [-88.134683, 34.772667], [-88.132561, 34.772851], [-88.130802, 34.773241], [-88.107112, 34.779849], [-88.105836, 34.780038], [-88.104814, 34.780092], [-88.102828, 34.77994], [-88.101316, 34.779554], [-88.074703, 34.769537], [-88.073057, 34.769093], [-88.05119, 34.765252], [-88.047599, 34.764682], [-87.9933643, 34.7592076], [-87.9839552, 34.758233], [-87.9827132, 34.7580637], [-87.9815003, 34.757823], [-87.9255769, 34.7462265], [-87.9068589, 34.7423199], [-87.9037311, 34.7416126], [-87.9000809, 34.7409146], [-87.8613784, 34.7328734], [-87.7842989, 34.7167747], [-87.7823538, 34.7162966], [-87.781579, 34.7160645], [-87.7805983, 34.7156316], [-87.7796462, 34.7150629], [-87.777086, 34.71316], [-87.775775, 34.712607], [-87.769819, 34.710646], [-87.768972, 34.710468], [-87.767923, 34.710376], [-87.750588, 34.70993], [-87.748837, 34.709961], [-87.747419, 34.710154], [-87.746087, 34.71052], [-87.741151, 34.712424], [-87.73136, 34.716053], [-87.730276, 34.716548], [-87.729842, 34.716821], [-87.725714, 34.719961], [-87.724892, 34.720751], [-87.724435, 34.721334], [-87.719657, 34.730555], [-87.718559, 34.73156], [-87.717784, 34.731962], [-87.71703, 34.732188], [-87.713474, 34.73273], [-87.713176, 34.732833], [-87.712688, 34.733152], [-87.712322, 34.733655], [-87.712224, 34.733996], [-87.712191, 34.734491], [-87.7121, 34.737212], [-87.712234, 34.737866], [-87.712943, 34.739113], [-87.71314, 34.739697], [-87.713631, 34.745224], [-87.713646, 34.745576], [-87.71351, 34.746411], [-87.713303, 34.746919], [-87.713018, 34.747306], [-87.700116, 34.757641], [-87.699411, 34.758128], [-87.698688, 34.758367], [-87.697453, 34.758494], [-87.694133, 34.758477], [-87.693062, 34.758414], [-87.692121, 34.758121], [-87.691434, 34.75768], [-87.690007, 34.756175], [-87.683173, 34.750353], [-87.682776, 34.749895], [-87.681575, 34.747708], [-87.680281, 34.745839], [-87.679652, 34.745239], [-87.677107, 34.743407], [-87.676424, 34.742767], [-87.676077, 34.742139], [-87.675888, 34.741429], [-87.675724, 34.734077], [-87.675534, 34.733216], [-87.675358, 34.732821], [-87.674934, 34.73221], [-87.669545, 34.726183], [-87.668808, 34.725455], [-87.667355, 34.724409], [-87.659703, 34.719607], [-87.658474, 34.719158], [-87.654478, 34.718137], [-87.653976, 34.717955], [-87.653417, 34.717703], [-87.652822, 34.717312], [-87.651732, 34.716448], [-87.651323, 34.716202], [-87.650855, 34.715957], [-87.649744, 34.715614], [-87.616044, 34.7125], [-87.61503, 34.71256], [-87.611721, 34.713066], [-87.610942, 34.713131], [-87.602744, 34.713004], [-87.601714, 34.712893], [-87.600195, 34.712541], [-87.599365, 34.712421], [-87.587891, 34.712167], [-87.567697, 34.71058], [-87.566664, 34.710405], [-87.565876, 34.710155], [-87.557595, 34.706408], [-87.556314, 34.706026], [-87.546321, 34.705266], [-87.544209, 34.704991], [-87.542818, 34.704566], [-87.538844, 34.703115], [-87.537348, 34.702762], [-87.514892, 34.70091], [-87.512977, 34.700507], [-87.508249, 34.699308], [-87.507198, 34.699125], [-87.487462, 34.697837], [-87.456769, 34.697138], [-87.456133, 34.697046], [-87.453961, 34.696407], [-87.426992, 34.68782], [-87.426466, 34.687623], [-87.420793, 34.68468], [-87.420319, 34.684497], [-87.419322, 34.684297], [-87.418488, 34.684259], [-87.415425, 34.684337], [-87.394716, 34.684954], [-87.373338, 34.686876], [-87.370038, 34.68657], [-87.364956, 34.685967], [-87.363783, 34.685623], [-87.361305, 34.684547], [-87.360224, 34.684262], [-87.359107, 34.684135], [-87.355037, 34.683966], [-87.354135, 34.683754], [-87.343541, 34.679826], [-87.326139, 34.673219], [-87.325362, 34.672753], [-87.324662, 34.672226], [-87.322408, 34.670346], [-87.321292, 34.669634], [-87.319714, 34.668997], [-87.313092, 34.666585], [-87.312246, 34.666401], [-87.311296, 34.666325], [-87.302229, 34.666261], [-87.300548, 34.666086], [-87.299417, 34.665833], [-87.286975, 34.662383], [-87.282575, 34.661099], [-87.23992, 34.64949], [-87.238336, 34.64915], [-87.236787, 34.64901], [-87.227052, 34.648982], [-87.214523, 34.647317], [-87.213188, 34.647019], [-87.206993, 34.644973], [-87.178921, 34.635423], [-87.145517, 34.623872], [-87.144699, 34.623637], [-87.143136, 34.623331], [-87.114363, 34.619166], [-87.113624, 34.618971], [-87.112633, 34.618663], [-87.11119, 34.618064], [-87.097898, 34.611986], [-87.095326, 34.610864], [-87.081172, 34.60432], [-87.078026, 34.602902], [-87.07656, 34.602347], [-87.075554, 34.602195], [-87.074587, 34.602226], [-87.073921, 34.602329], [-87.073123, 34.602571], [-87.072219, 34.60301], [-87.0665, 34.606391], [-87.06558, 34.606821], [-87.064907, 34.607024], [-87.063814, 34.607222], [-87.062829, 34.607251], [-87.062043, 34.607192], [-87.047939, 34.60559], [-87.037812, 34.605492], [-87.036298, 34.605571], [-87.035261, 34.60588], [-87.034676, 34.606138], [-87.033967, 34.606577], [-87.033299, 34.607165], [-87.02975, 34.61083], [-87.028964, 34.611364], [-87.028044, 34.611767], [-87.026842, 34.612044], [-87.023824, 34.612286], [-87.022968, 34.61243], [-87.022302, 34.612619], [-87.019247, 34.613802], [-87.018342, 34.614047], [-87.008591, 34.615908], [-87.007769, 34.616054], [-87.006828, 34.616135], [-87.005399, 34.61605], [-87.004148, 34.615738], [-86.997475, 34.613239], [-86.996874, 34.61307], [-86.996167, 34.612963], [-86.995493, 34.61294], [-86.993159, 34.613091], [-86.988437, 34.612934], [-86.987654, 34.613143], [-86.985915, 34.614057], [-86.987314, 34.613215], [-86.987673, 34.612938], [-86.988178, 34.612316], [-86.988533, 34.611739], [-86.988738, 34.611127], [-86.988706, 34.61028], [-86.98767, 34.603972]]}}, {"type": "Feature", "properties": {"company": "Memphis and Charleston Railroad", "line": "Memphis and Charleston: Sheffield \u2013 Florence", "id": "mc-sheffield-florence", "color": "#25D0A2", "mode": "intercity_rail", "avg_speed_kmh": 30, "speed_source": "estimated: short bridge branch; unsourced", "geometry_source": "Real-traced from OpenStreetMap (ODbL) via Overpass: the abandoned and disused Memphis and Charleston Florence branch north out of Sheffield, the surviving spans of the Old Railroad Bridge (OSM way 109656204, tagged disused), the abandoned north approach, and the surviving track into Florence now worked by the Tennessee Southern Railroad.", "geometry_quality": "Real-traced, 46 points. Traced 5.3 mi against about 6 mi documented (Sheffield MP 2 to Florence Union Station MP 8 in the gazetteer). 7.3% of the drawn length is straight-line connector, in three pieces: 163 m where the south approach is no longer mapped, 223 m across the demolished lift span in mid-river, and 236 m where the abandoned north approach converges on the surviving Florence track. The 223 m mid-river connector is the real hole -- the through spans were taken down in 1990 and only the piers and the restored lower-deck walkway remain, so nothing there can be traced.", "segments": [{"start": 1859, "end": 1862, "headway_min": 480, "note": "The branch that first put a passenger train into Florence, over the Memphis and Charleston's double-decked Tennessee River bridge: trains on the upper deck, a public toll wagon road on the lower. The bridge opened to wagons in October 1859 and to regular train service on Dec 7 1859. SOURCE CONFLICT, RECORDED NOT RESOLVED: another account from the same publisher dates the bridge's construction to 1858 and says trains first crossed that year; the December 1859 date is the more specific claim and is the one drawn. THE 1862 END IS AN APPROXIMATION -- Union forces destroyed the bridge during the Civil War, but no date for that has been sourced. Frequency estimated/unsourced.", "sources": ["Segment-level: this segment's own note names the source for its dates and service. Supporting references:", "https://www.historic-structures.com/al/florence/tennessee_river_bridge-amp/", "https://www.historic-structures.com/al/florence/tennessee_river_bridge1.php", "https://oldrailroadbridge.com/old-railroad-bridge-landmark/", "https://www.branchline.uk/jfpdf/alabamarrs.pdf (Alabama Railroads SL244, passenger stations and stops: section 21 Chattanooga-Chewalla, 22 Tuscumbia-Parrish, 23 Sheffield-Florence)"]}, {"start": 1870, "end": 1894, "headway_min": 480, "note": "The bridge was rebuilt in 1870 and the Florence branch reopened. From 1887 the Nashville, Florence and Sheffield -- L&N -- had joint use of it, so trains off the Columbia line ran through Florence to Sheffield and Tuscumbia over these rails. Became Southern Railway property with the rest of the M&C in 1894. Frequency estimated/unsourced.", "sources": ["Segment-level: this segment's own note names the source for its dates and service. Supporting references:", "https://www.historic-structures.com/al/florence/tennessee_river_bridge-amp/", "https://sites.rootsweb.com/~tnalhnco/Railroads4.html", "https://en.wikipedia.org/wiki/Memphis_and_Charleston_Railroad"]}]}, "geometry": {"type": "LineString", "coordinates": [[-87.694133, 34.758477], [-87.695114, 34.75849], [-87.693135, 34.758606], [-87.682741, 34.758511], [-87.681745, 34.758238], [-87.68113, 34.757984], [-87.680608, 34.757657], [-87.680184, 34.757303], [-87.679912, 34.756919], [-87.679731, 34.756532], [-87.679632, 34.756223], [-87.679614, 34.755794], [-87.679698, 34.755192], [-87.680239, 34.754209], [-87.674554, 34.759513], [-87.672197, 34.761499], [-87.671423, 34.762375], [-87.669761, 34.764999], [-87.669037, 34.766554], [-87.668215, 34.768711], [-87.668096, 34.768876], [-87.667031, 34.771706], [-87.66677, 34.77265], [-87.66663, 34.773429], [-87.666508, 34.77486], [-87.666646, 34.776478], [-87.666854, 34.777842], [-87.667228, 34.778985], [-87.667736, 34.78039], [-87.670548, 34.786303], [-87.670977, 34.787577], [-87.671282, 34.788668], [-87.671418, 34.789876], [-87.671384, 34.79129], [-87.671092, 34.791991], [-87.668512, 34.791829], [-87.668327, 34.792306], [-87.667738, 34.793089], [-87.665234, 34.795513], [-87.659064, 34.797657], [-87.657337, 34.798405], [-87.656419, 34.799245], [-87.65612, 34.799734], [-87.655891, 34.800373], [-87.65588, 34.801288], [-87.656111, 34.802201]]}}, {"type": "Feature", "properties": {"company": "Southern Railway", "line": "Southern Railway: Sheffield \u2013 Florence", "id": "sou-sheffield-florence", "color": "#006747", "mode": "intercity_rail", "avg_speed_kmh": 30, "speed_source": "estimated: short bridge branch; unsourced", "geometry_source": "Real-traced from OpenStreetMap (ODbL) via Overpass: the abandoned and disused Memphis and Charleston Florence branch north out of Sheffield, the surviving spans of the Old Railroad Bridge (OSM way 109656204, tagged disused), the abandoned north approach, and the surviving track into Florence now worked by the Tennessee Southern Railroad.", "geometry_quality": "Real-traced, 46 points. Traced 5.3 mi against about 6 mi documented (Sheffield MP 2 to Florence Union Station MP 8 in the gazetteer). 7.3% of the drawn length is straight-line connector, in three pieces: 163 m where the south approach is no longer mapped, 223 m across the demolished lift span in mid-river, and 236 m where the abandoned north approach converges on the surviving Florence track. The 223 m mid-river connector is the real hole -- the through spans were taken down in 1990 and only the piers and the restored lower-deck walkway remain, so nothing there can be traced.", "segments": [{"start": 1894, "end": 1904, "headway_min": 480, "note": "The Southern Railway's Florence branch, three stops long: Sheffield-Muscle Shoals, South Florence, Florence. THE 1904 END IS SOURCED AND IS NOT AN ABANDONMENT -- in 1904 the Sheffield Company's new electric cars replaced the local passenger train service over the bridge, and the streetcars then used the railroad tracks until 1933 (drawn as sheffield-co-shoals-interurban). L&N through trains off the Columbia line kept crossing after 1904. Freight ran over the upper deck until 1988: the L&N cancelled its operations Apr 10 1986, the Southern abandoned what was left of the branch in September 1988, and the bridge came down in 1990, leaving the piers and a restored lower-deck walking trail. None of that is drawn, because none of it carried passengers. Frequency estimated/unsourced.", "sources": ["Segment-level: this segment's own note names the source for its dates and service. Supporting references:", "https://oldrailroadbridge.com/old-railroad-bridge-landmark/", "https://www.historic-structures.com/al/florence/tennessee_river_bridge-amp/", "https://www.branchline.uk/jfpdf/alabamarrs.pdf (Alabama Railroads SL244, passenger stations and stops: section 21 Chattanooga-Chewalla, 22 Tuscumbia-Parrish, 23 Sheffield-Florence)"]}]}, "geometry": {"type": "LineString", "coordinates": [[-87.694133, 34.758477], [-87.695114, 34.75849], [-87.693135, 34.758606], [-87.682741, 34.758511], [-87.681745, 34.758238], [-87.68113, 34.757984], [-87.680608, 34.757657], [-87.680184, 34.757303], [-87.679912, 34.756919], [-87.679731, 34.756532], [-87.679632, 34.756223], [-87.679614, 34.755794], [-87.679698, 34.755192], [-87.680239, 34.754209], [-87.674554, 34.759513], [-87.672197, 34.761499], [-87.671423, 34.762375], [-87.669761, 34.764999], [-87.669037, 34.766554], [-87.668215, 34.768711], [-87.668096, 34.768876], [-87.667031, 34.771706], [-87.66677, 34.77265], [-87.66663, 34.773429], [-87.666508, 34.77486], [-87.666646, 34.776478], [-87.666854, 34.777842], [-87.667228, 34.778985], [-87.667736, 34.78039], [-87.670548, 34.786303], [-87.670977, 34.787577], [-87.671282, 34.788668], [-87.671418, 34.789876], [-87.671384, 34.79129], [-87.671092, 34.791991], [-87.668512, 34.791829], [-87.668327, 34.792306], [-87.667738, 34.793089], [-87.665234, 34.795513], [-87.659064, 34.797657], [-87.657337, 34.798405], [-87.656419, 34.799245], [-87.65612, 34.799734], [-87.655891, 34.800373], [-87.65588, 34.801288], [-87.656111, 34.802201]]}}, {"type": "Feature", "properties": {"company": "Louisville and Nashville Railroad", "line": "Louisville and Nashville: Columbia \u2013 Tuscumbia", "id": "ln-columbia-tuscumbia", "color": "#7A4419", "mode": "intercity_rail", "avg_speed_kmh": 45, "speed_source": "estimated: branch-line running; unsourced", "geometry_source": "Real-traced from OpenStreetMap (ODbL) via Overpass: the Tennessee Southern Railroad -- the surviving Nashville, Florence and Sheffield / L&N line -- from Columbia through Mount Pleasant, Lawrenceburg, Loretto, St. Joseph and Iron City (TN) to Florence (AL), then on over the mc-sheffield-florence bridge alignment and the Memphis District main line to Sheffield and Tuscumbia.", "geometry_quality": "Real-traced, 595 points. Traced 87.3 mi against 86.9 mi documented (Columbia 0.0 to Tuscumbia 86.9 in the Tennessee passenger-station gazetteer), 0.4% over. Straight-line connector is 0.4% of the drawn length -- 622 m in three pieces, all of them in the last 7.5 mi across the Tennessee River, and all described under mc-sheffield-florence. The last 7.5 mi are drawn here because that is where these trains actually went: L&N trains off the Columbia line ran through Florence to Sheffield and Tuscumbia over the Memphis and Charleston's bridge under a joint-use agreement dating from 1887, and the daily Nashville train terminated at Tuscumbia. That trackage is therefore drawn twice in this layer -- once here in L&N colours for the L&N's trains, and once as mc-sheffield-florence / sou-sheffield-florence for the bridge owner's own local trains, which stopped in 1904 while the L&N's kept running. LATER ALIGNMENT for the Sheffield to Tuscumbia mile and a half, for the 1916 reason given on the Memphis and Charleston features.", "segments": [{"start": 1888, "end": 1900, "headway_min": 720, "note": "Florence's own line north. The Nashville, Florence and Sheffield Railway was formed on May 18 1887 by consolidating the Nashville & Florence and the Tennessee & Alabama; the last 24 mi, St. Joseph to Florence, opened Jul 1 1888, completing an 82-mile main line from Columbia -- 86.9 mi as far as Tuscumbia, which is what is drawn. Reaching Sheffield and Tuscumbia across the Tennessee River meant using the Memphis and Charleston's bridge, which the company obtained joint use of in 1887, so the last 7.5 mi of this feature run over rails it did not own. The L&N held the majority of the stock and operated the road for its owners from Jul 1 1887. Frequency estimated/unsourced.", "sources": ["Segment-level: this segment's own note names the source for its dates and service. Supporting references:", "https://sites.rootsweb.com/~tnalhnco/Railroads4.html", "https://www.branchline.uk/jfpdf/tennesseerrs.pdf (Tennessee Railroads SL242, section 12 Nashville Florence & Sheffield Rly)", "https://www.historic-structures.com/al/florence/tennessee_river_bridge-amp/"]}, {"start": 1900, "end": 1904, "headway_min": 720, "note": "The L&N bought the property outright on May 31 1900. Frequency estimated/unsourced.", "sources": ["Segment-level: this segment's own note names the source for its dates and service. Supporting references:", "https://sites.rootsweb.com/~tnalhnco/Railroads4.html", "https://www.branchline.uk/jfpdf/tennesseerrs.pdf (Tennessee Railroads SL242, section 12 Nashville Florence & Sheffield Rly)"]}, {"start": 1904, "end": 1948, "headway_min": 720, "note": "The first daily train to Nashville from Tuscumbia began running in 1904, worked through over this line and the bridge. THE 1948 END IS NOT A DOCUMENTED LAST TRAIN. No source consulted names a date for the end of L&N passenger service on the Columbia-Florence line. The 1948 drawn here is anchored on the only nearby fact available -- the last train out of Tuscumbia's 5th Street Station on Jul 14 1948, 'ending over a century of railroad service to Tuscumbia', Tuscumbia being where these trains terminated. That is an inference, not a citation, and it is the weakest date in this layer. Freight lasted much longer: the L&N cancelled operations over the river bridge on Apr 10 1986, and the Columbia-Florence line is worked today by the Tennessee Southern Railroad, which serves the Port of Florence. Frequency estimated/unsourced.", "sources": ["NOT SOURCED AT SEGMENT LEVEL: the 1904 start is sourced but the 1948 end is an inference, as the note says. References for the line:", "https://oldrailroadbridge.com/old-railroad-bridge-landmark/", "https://hawkinsrails.net/preservation/tdr/tdr.html", "https://www.branchline.uk/jfpdf/tennesseerrs.pdf (Tennessee Railroads SL242, section 12 Nashville Florence & Sheffield Rly)", "https://www.historic-structures.com/al/florence/tennessee_river_bridge-amp/"]}]}, "geometry": {"type": "LineString", "coordinates": [[-87.040815, 35.609857], [-87.041999, 35.610538], [-87.042605, 35.610785], [-87.043361, 35.611038], [-87.044481, 35.611263], [-87.046023, 35.611369], [-87.04913, 35.611145], [-87.050131, 35.611221], [-87.051104, 35.611413], [-87.052088, 35.61177], [-87.052917, 35.612215], [-87.053654, 35.61278], [-87.054429, 35.613679], [-87.054185, 35.613206], [-87.054186, 35.612635], [-87.054461, 35.612121], [-87.054988, 35.611758], [-87.055565, 35.61159], [-87.056733, 35.611521], [-87.057897, 35.611345], [-87.059262, 35.610989], [-87.064622, 35.609335], [-87.065766, 35.609128], [-87.0665, 35.609053], [-87.067812, 35.609034], [-87.081757, 35.609499], [-87.082647, 35.609424], [-87.083595, 35.609222], [-87.084479, 35.608823], [-87.08536, 35.608232], [-87.089264, 35.605368], [-87.090592, 35.60461], [-87.091861, 35.603996], [-87.094278, 35.603089], [-87.102624, 35.600882], [-87.104183, 35.600399], [-87.106342, 35.599528], [-87.146193, 35.578409], [-87.184984, 35.557721], [-87.186588, 35.556835], [-87.188006, 35.555927], [-87.18948, 35.554835], [-87.191155, 35.553135], [-87.192449, 35.551453], [-87.19799, 35.541739], [-87.202588, 35.533466], [-87.203017, 35.532861], [-87.205974, 35.529551], [-87.206492, 35.528911], [-87.206778, 35.528407], [-87.207113, 35.527678], [-87.209091, 35.520023], [-87.209597, 35.51925], [-87.211117, 35.517548], [-87.212158, 35.516253], [-87.213536, 35.513844], [-87.216814, 35.50773], [-87.218324, 35.505149], [-87.218807, 35.504531], [-87.219448, 35.50388], [-87.224116, 35.499927], [-87.224611, 35.499352], [-87.225335, 35.49802], [-87.228492, 35.495352], [-87.229964, 35.493714], [-87.230102, 35.493519], [-87.230238, 35.493124], [-87.230523, 35.491824], [-87.230795, 35.491304], [-87.232194, 35.489811], [-87.232526, 35.489346], [-87.233159, 35.488236], [-87.233755, 35.487604], [-87.235147, 35.486839], [-87.236603, 35.485855], [-87.238252, 35.484595], [-87.242135, 35.481005], [-87.24892, 35.474985], [-87.249639, 35.474517], [-87.254817, 35.471935], [-87.255465, 35.471687], [-87.256656, 35.471442], [-87.264064, 35.470856], [-87.264842, 35.470718], [-87.265629, 35.470428], [-87.271578, 35.467405], [-87.272037, 35.467239], [-87.272752, 35.467126], [-87.273674, 35.46717], [-87.274065, 35.467267], [-87.274872, 35.467602], [-87.27696, 35.468688], [-87.277935, 35.4689], [-87.278996, 35.468955], [-87.279811, 35.468877], [-87.282994, 35.467828], [-87.283546, 35.467738], [-87.284155, 35.467735], [-87.284663, 35.467808], [-87.285116, 35.467953], [-87.288459, 35.469186], [-87.290955, 35.469952], [-87.292061, 35.469986], [-87.293442, 35.469858], [-87.29458, 35.469554], [-87.296448, 35.468909], [-87.297984, 35.468279], [-87.299878, 35.466935], [-87.300397, 35.466744], [-87.300815, 35.466645], [-87.304779, 35.466504], [-87.305438, 35.46643], [-87.306032, 35.466241], [-87.308212, 35.465001], [-87.313884, 35.462279], [-87.314919, 35.461392], [-87.315325, 35.460628], [-87.315414, 35.459759], [-87.314901, 35.456721], [-87.314583, 35.456043], [-87.314075, 35.455421], [-87.305042, 35.44868], [-87.303683, 35.447956], [-87.299468, 35.445904], [-87.298243, 35.445102], [-87.297083, 35.444071], [-87.29637, 35.443265], [-87.296011, 35.442566], [-87.295801, 35.44185], [-87.29606, 35.433935], [-87.298717, 35.413591], [-87.298762, 35.412675], [-87.29869, 35.412297], [-87.298228, 35.410988], [-87.298027, 35.409979], [-87.298083, 35.409498], [-87.298312, 35.408836], [-87.299513, 35.407425], [-87.299735, 35.406937], [-87.299929, 35.405919], [-87.299807, 35.405317], [-87.299617, 35.4048], [-87.298802, 35.40285], [-87.29849, 35.399528], [-87.298432, 35.397439], [-87.29899, 35.395773], [-87.299109, 35.395229], [-87.298993, 35.393397], [-87.299138, 35.392218], [-87.299693, 35.390501], [-87.299853, 35.388802], [-87.300396, 35.385221], [-87.300824, 35.384186], [-87.30148, 35.383279], [-87.303013, 35.381664], [-87.303331, 35.38114], [-87.30356, 35.380581], [-87.30542, 35.373824], [-87.305623, 35.372672], [-87.305526, 35.371816], [-87.305278, 35.371105], [-87.30506, 35.370751], [-87.304731, 35.370315], [-87.302631, 35.368003], [-87.30205, 35.366972], [-87.298971, 35.360038], [-87.29871, 35.358965], [-87.298699, 35.358104], [-87.298856, 35.357258], [-87.307123, 35.327498], [-87.307077, 35.326691], [-87.306971, 35.326241], [-87.3055, 35.321819], [-87.30516, 35.320467], [-87.30517, 35.319329], [-87.30598, 35.316342], [-87.30608, 35.31543], [-87.306054, 35.314549], [-87.305878, 35.313542], [-87.305308, 35.312033], [-87.305192, 35.311557], [-87.305192, 35.310914], [-87.305257, 35.310638], [-87.305697, 35.309821], [-87.310836, 35.305274], [-87.311831, 35.304296], [-87.312417, 35.303478], [-87.313405, 35.301675], [-87.314848, 35.298977], [-87.315416, 35.297698], [-87.315756, 35.29647], [-87.316972, 35.287365], [-87.317775, 35.282663], [-87.319, 35.280017], [-87.319128, 35.279579], [-87.319558, 35.276593], [-87.319815, 35.27548], [-87.321855, 35.271657], [-87.32232, 35.270603], [-87.326932, 35.257403], [-87.331497, 35.244068], [-87.331816, 35.243372], [-87.332156, 35.242843], [-87.334059, 35.240466], [-87.33431, 35.240087], [-87.334493, 35.239655], [-87.334581, 35.239048], [-87.334518, 35.238612], [-87.334339, 35.238003], [-87.333562, 35.236408], [-87.333452, 35.235907], [-87.333384, 35.234866], [-87.333432, 35.234428], [-87.333683, 35.233466], [-87.333955, 35.23288], [-87.334335, 35.232299], [-87.334807, 35.231754], [-87.33633, 35.230339], [-87.336947, 35.229568], [-87.33721, 35.229009], [-87.337632, 35.227662], [-87.338948, 35.225473], [-87.339628, 35.22342], [-87.34015, 35.222519], [-87.34066, 35.221813], [-87.340971, 35.221139], [-87.341014, 35.220402], [-87.340944, 35.220095], [-87.339984, 35.217987], [-87.339769, 35.217155], [-87.339742, 35.216151], [-87.340284, 35.212847], [-87.340508, 35.211079], [-87.340831, 35.209463], [-87.341716, 35.206697], [-87.341821, 35.20586], [-87.341689, 35.205222], [-87.340075, 35.200565], [-87.339951, 35.199702], [-87.342031, 35.185477], [-87.342211, 35.181751], [-87.342384, 35.181087], [-87.342659, 35.180505], [-87.346923, 35.173479], [-87.347199, 35.172997], [-87.347504, 35.172225], [-87.348064, 35.168558], [-87.34818, 35.163516], [-87.348407, 35.160496], [-87.348595, 35.15956], [-87.348946, 35.158767], [-87.349356, 35.158204], [-87.349746, 35.157828], [-87.350117, 35.157539], [-87.350823, 35.157128], [-87.351494, 35.15686], [-87.358873, 35.154672], [-87.360077, 35.154264], [-87.362588, 35.152917], [-87.363556, 35.152297], [-87.371123, 35.146811], [-87.371682, 35.146525], [-87.373693, 35.145926], [-87.374933, 35.145705], [-87.375994, 35.145748], [-87.379514, 35.146124], [-87.38024, 35.14613], [-87.380702, 35.146065], [-87.381387, 35.145874], [-87.382428, 35.14539], [-87.38356, 35.144783], [-87.384015, 35.144462], [-87.386015, 35.142359], [-87.386395, 35.14183], [-87.386658, 35.14118], [-87.387083, 35.13911], [-87.387638, 35.137769], [-87.391956, 35.131632], [-87.392633, 35.130897], [-87.399001, 35.124934], [-87.400207, 35.123683], [-87.405176, 35.118213], [-87.406376, 35.116727], [-87.407146, 35.11566], [-87.407445, 35.115136], [-87.409733, 35.110248], [-87.410664, 35.108117], [-87.411275, 35.107085], [-87.415047, 35.103021], [-87.415802, 35.102317], [-87.416259, 35.102001], [-87.419177, 35.100375], [-87.419846, 35.09995], [-87.420516, 35.099348], [-87.424543, 35.094271], [-87.427191, 35.091393], [-87.436809, 35.078956], [-87.437831, 35.078004], [-87.440089, 35.076418], [-87.440843, 35.075736], [-87.444198, 35.071527], [-87.444649, 35.071086], [-87.44523, 35.070701], [-87.447733, 35.069804], [-87.448974, 35.069289], [-87.470359, 35.059924], [-87.472295, 35.059247], [-87.488638, 35.055964], [-87.491618, 35.055233], [-87.492365, 35.05493], [-87.492937, 35.054632], [-87.493747, 35.054085], [-87.498548, 35.049656], [-87.502576, 35.046914], [-87.503512, 35.045784], [-87.503775, 35.045236], [-87.504335, 35.043191], [-87.504599, 35.042715], [-87.505194, 35.042086], [-87.505985, 35.041628], [-87.509987, 35.040215], [-87.510419, 35.040127], [-87.511414, 35.04013], [-87.51235, 35.040369], [-87.513061, 35.04076], [-87.514536, 35.042225], [-87.515152, 35.042599], [-87.516116, 35.042908], [-87.518683, 35.043504], [-87.5194, 35.04378], [-87.521411, 35.044962], [-87.52452, 35.045887], [-87.525721, 35.046182], [-87.526429, 35.046254], [-87.527179, 35.046235], [-87.531184, 35.045666], [-87.539556, 35.045925], [-87.540549, 35.045855], [-87.541594, 35.045527], [-87.542215, 35.045113], [-87.542532, 35.044823], [-87.542869, 35.044276], [-87.5431, 35.043646], [-87.543087, 35.042938], [-87.542626, 35.041375], [-87.542374, 35.040051], [-87.54223, 35.036789], [-87.542314, 35.036048], [-87.542453, 35.035685], [-87.542935, 35.034954], [-87.543414, 35.034574], [-87.544486, 35.034006], [-87.54661, 35.032916], [-87.547432, 35.03259], [-87.548496, 35.032403], [-87.551414, 35.0322], [-87.551914, 35.032084], [-87.553887, 35.031219], [-87.556671, 35.030728], [-87.558853, 35.030048], [-87.56049, 35.029823], [-87.561231, 35.029592], [-87.563026, 35.028508], [-87.566159, 35.027519], [-87.566935, 35.027217], [-87.567768, 35.026702], [-87.568955, 35.025715], [-87.569477, 35.0254], [-87.579209, 35.020192], [-87.579724, 35.019524], [-87.579913, 35.018978], [-87.579903, 35.018534], [-87.579509, 35.016554], [-87.579505, 35.01602], [-87.579674, 35.014999], [-87.58093, 35.012677], [-87.581238, 35.011877], [-87.581288, 35.009963], [-87.581753, 35.009081], [-87.582631, 35.008455], [-87.583557, 35.008203], [-87.584049, 35.008147], [-87.588409, 35.008405], [-87.589209, 35.008252], [-87.591017, 35.007526], [-87.592068, 35.007271], [-87.593156, 35.007227], [-87.59572, 35.00736], [-87.59703, 35.007341], [-87.597717, 35.007207], [-87.598794, 35.006802], [-87.601495, 35.005407], [-87.602208, 35.005229], [-87.602891, 35.005182], [-87.604803, 35.005496], [-87.605511, 35.00545], [-87.606112, 35.005278], [-87.606833, 35.004791], [-87.606992, 35.004628], [-87.607884, 35.003171], [-87.608324, 35.002665], [-87.6098, 35.002141], [-87.61282, 35.002148], [-87.614049, 35.002406], [-87.616309, 35.003357], [-87.617372, 35.003187], [-87.617932, 35.002834], [-87.618328, 35.002296], [-87.618555, 35.001438], [-87.618709, 35.000271], [-87.618539, 34.999416], [-87.618107, 34.998739], [-87.617613, 34.998276], [-87.615704, 34.997318], [-87.615154, 34.996889], [-87.61426, 34.995684], [-87.613685, 34.994795], [-87.613373, 34.994079], [-87.613341, 34.99256], [-87.612665, 34.990281], [-87.612603, 34.989139], [-87.612838, 34.988265], [-87.613417, 34.986744], [-87.614458, 34.984464], [-87.614928, 34.983823], [-87.615949, 34.98264], [-87.617429, 34.981385], [-87.61833, 34.980696], [-87.620544, 34.97969], [-87.622556, 34.978363], [-87.624051, 34.977553], [-87.625196, 34.977083], [-87.627834, 34.976338], [-87.62822, 34.976172], [-87.628807, 34.975797], [-87.631327, 34.973774], [-87.632552, 34.972556], [-87.632852, 34.972165], [-87.633359, 34.971188], [-87.633462, 34.970796], [-87.633497, 34.970492], [-87.633423, 34.969375], [-87.633479, 34.969017], [-87.633751, 34.968456], [-87.633961, 34.968196], [-87.6342, 34.967989], [-87.635182, 34.967539], [-87.636197, 34.967203], [-87.636811, 34.966853], [-87.638552, 34.965288], [-87.639652, 34.964529], [-87.641526, 34.963717], [-87.642014, 34.963392], [-87.642335, 34.963041], [-87.642622, 34.96258], [-87.643191, 34.960445], [-87.64525, 34.954931], [-87.647736, 34.950067], [-87.648346, 34.948988], [-87.648593, 34.948376], [-87.648776, 34.94729], [-87.648652, 34.945952], [-87.648275, 34.944093], [-87.647717, 34.943053], [-87.644204, 34.939706], [-87.643607, 34.938623], [-87.643444, 34.937426], [-87.644025, 34.935579], [-87.648043, 34.927097], [-87.64838, 34.926208], [-87.648321, 34.925472], [-87.648468, 34.923999], [-87.648929, 34.923075], [-87.65093, 34.921431], [-87.652096, 34.920558], [-87.652688, 34.919737], [-87.653873, 34.916402], [-87.655929, 34.910151], [-87.658742, 34.901233], [-87.66, 34.898223], [-87.662342, 34.893697], [-87.665232, 34.887565], [-87.666281, 34.885657], [-87.671058, 34.876065], [-87.671497, 34.874993], [-87.672191, 34.871667], [-87.672275, 34.870672], [-87.672176, 34.869876], [-87.671946, 34.869101], [-87.670736, 34.865981], [-87.670456, 34.865001], [-87.670382, 34.862151], [-87.670205, 34.861226], [-87.669617, 34.859909], [-87.667878, 34.857953], [-87.667326, 34.857084], [-87.667106, 34.856502], [-87.666851, 34.855527], [-87.665691, 34.85037], [-87.665594, 34.849654], [-87.66559, 34.848899], [-87.665695, 34.848213], [-87.666149, 34.847144], [-87.667231, 34.845763], [-87.671666, 34.84146], [-87.672127, 34.840921], [-87.672832, 34.839674], [-87.673063, 34.838785], [-87.673117, 34.837924], [-87.672908, 34.836811], [-87.672243, 34.835232], [-87.669792, 34.830757], [-87.669501, 34.829958], [-87.669396, 34.829342], [-87.66937, 34.828967], [-87.66949, 34.827856], [-87.671595, 34.821803], [-87.671775, 34.820971], [-87.671778, 34.820667], [-87.671646, 34.820104], [-87.671391, 34.819531], [-87.670908, 34.81886], [-87.670544, 34.818496], [-87.670044, 34.818122], [-87.666523, 34.816058], [-87.665486, 34.815232], [-87.657988, 34.806742], [-87.657557, 34.806109], [-87.65702, 34.80503], [-87.655921, 34.801575], [-87.655852, 34.800728], [-87.655891, 34.800373], [-87.65612, 34.799734], [-87.656419, 34.799245], [-87.657337, 34.798405], [-87.659064, 34.797657], [-87.665234, 34.795513], [-87.667738, 34.793089], [-87.668327, 34.792306], [-87.668512, 34.791829], [-87.671092, 34.791991], [-87.671384, 34.79129], [-87.671418, 34.789876], [-87.671282, 34.788668], [-87.670977, 34.787577], [-87.670548, 34.786303], [-87.667736, 34.78039], [-87.667228, 34.778985], [-87.666854, 34.777842], [-87.666646, 34.776478], [-87.666508, 34.77486], [-87.66663, 34.773429], [-87.66677, 34.77265], [-87.667031, 34.771706], [-87.668096, 34.768876], [-87.668215, 34.768711], [-87.669037, 34.766554], [-87.669761, 34.764999], [-87.671423, 34.762375], [-87.672197, 34.761499], [-87.674554, 34.759513], [-87.680239, 34.754209], [-87.679698, 34.755192], [-87.679628, 34.755525], [-87.679632, 34.756223], [-87.679912, 34.756919], [-87.680184, 34.757303], [-87.680608, 34.757657], [-87.68113, 34.757984], [-87.681745, 34.758238], [-87.682741, 34.758511], [-87.693135, 34.758606], [-87.695114, 34.75849], [-87.694133, 34.758477], [-87.696827, 34.758515], [-87.698688, 34.758367], [-87.69915, 34.758249], [-87.699729, 34.757946], [-87.71261, 34.747651], [-87.713018, 34.747306], [-87.713303, 34.746919], [-87.71351, 34.746411], [-87.713646, 34.745576], [-87.713229, 34.7406], [-87.71314, 34.739697], [-87.713052, 34.739379], [-87.712495, 34.738386], [-87.712145, 34.737575], [-87.7121, 34.737212], [-87.712191, 34.734491], [-87.712224, 34.733996], [-87.712322, 34.733655], [-87.712688, 34.733152], [-87.713176, 34.732833], [-87.714155, 34.732602]]}}, {"type": "Feature", "properties": {"company": "Birmingham, Sheffield and Tennessee River Railway", "line": "Birmingham, Sheffield and Tennessee River: Tuscumbia \u2013 Parrish", "id": "bstr-tuscumbia-parrish", "color": "#2825D0", "mode": "intercity_rail", "avg_speed_kmh": 35, "speed_source": "estimated: 19th-century mineral-country line; unsourced", "geometry_source": "Real-traced from OpenStreetMap (ODbL) via Overpass along the Norfolk Southern NA / West End District -- 'NA' for Northern Alabama -- routed from the Memphis District main line near Tuscumbia through Norala Junction, Russellville, Phil Campbell, Haleyville, Lynn, Nauvoo and Jasper to Parrish.", "geometry_quality": "Real-traced, 786 points, no straight-line connectors. Traced 96.4 mi against 95.6 mi documented (Tuscumbia 0.0 to Parrish 95.6 in the gazetteer), 0.8% over; every named station falls within 0.9 km of the drawn line. The first 2.9 mi, Tuscumbia to Norala Junction, are main-line trackage shared with the Memphis and Charleston features above, so that stretch is drawn twice in this layer -- correctly, since the Parrish trains ran into Tuscumbia over it. LATER ALIGNMENT for that shared stretch, for the 1916 reason given above. The line continued south of Parrish to a Georgia Pacific connection west of Birmingham; that extension is not drawn.", "segments": [{"start": 1889, "end": 1899, "headway_min": 480, "note": "Florence and Sheffield's line south into the Warrior coal field. Begun in 1884 as the East Tennessee, Virginia and Georgia, renamed the Birmingham and Tennessee River and then the Sheffield and Birmingham in 1885; the track reached Delmar by August 1887 and Delmar to Jasper, 35.32 mi through Lynn, opened May 16 1888. In April 1889 the Sheffield and Birmingham Coal, Iron and Railway Company sold the 87 mi Sheffield-to-Jasper road to Alfred Parrish of Philadelphia, who renamed it the Birmingham, Sheffield and Tennessee River Railway and pushed it on to the place that took his name, reached in 1889. It carried passengers from early on: the Mountain Eagle reported a southbound passenger train -- locomotive, tender, baggage car and coaches -- derailed two miles north of Blackwater in May 1889. Renamed the Northern Alabama Railway in 1899. Frequency estimated/unsourced.", "sources": ["Segment-level: this segment's own note names the source for its dates and service. Supporting references:", "http://www.freestateofwinston.org/railroad.htm", "https://www.branchline.uk/jfpdf/alabamarrs.pdf (Alabama Railroads SL244, passenger stations and stops: section 21 Chattanooga-Chewalla, 22 Tuscumbia-Parrish, 23 Sheffield-Florence)"]}]}, "geometry": {"type": "LineString", "coordinates": [[-87.708024, 34.751305], [-87.699729, 34.757946], [-87.69915, 34.758249], [-87.698688, 34.758367], [-87.697453, 34.758494], [-87.694133, 34.758477], [-87.693062, 34.758414], [-87.692497, 34.758273], [-87.691925, 34.758015], [-87.691201, 34.757458], [-87.690007, 34.756175], [-87.683173, 34.750353], [-87.682776, 34.749895], [-87.681575, 34.747708], [-87.680281, 34.745839], [-87.679652, 34.745239], [-87.677107, 34.743407], [-87.676424, 34.742767], [-87.676077, 34.742139], [-87.675888, 34.741429], [-87.675724, 34.734077], [-87.675534, 34.733216], [-87.675358, 34.732821], [-87.674934, 34.73221], [-87.669545, 34.726183], [-87.668808, 34.725455], [-87.667355, 34.724409], [-87.659703, 34.719607], [-87.658474, 34.719158], [-87.654478, 34.718137], [-87.653976, 34.717955], [-87.653417, 34.717703], [-87.652822, 34.717312], [-87.651732, 34.716448], [-87.650855, 34.715957], [-87.650062, 34.715684], [-87.648883, 34.715454], [-87.655113, 34.716024], [-87.655957, 34.715997], [-87.656739, 34.715753], [-87.657088, 34.715524], [-87.657581, 34.715], [-87.657802, 34.714509], [-87.659812, 34.683831], [-87.660008, 34.680367], [-87.659987, 34.679762], [-87.659904, 34.679246], [-87.659523, 34.678205], [-87.652762, 34.664781], [-87.652097, 34.663758], [-87.651403, 34.662843], [-87.643859, 34.653536], [-87.643667, 34.653107], [-87.643569, 34.652644], [-87.643604, 34.652139], [-87.643777, 34.651707], [-87.644851, 34.64975], [-87.645374, 34.648993], [-87.647917, 34.646505], [-87.648587, 34.645629], [-87.648879, 34.644974], [-87.649158, 34.642842], [-87.649405, 34.640085], [-87.649241, 34.638852], [-87.649022, 34.638236], [-87.648748, 34.637736], [-87.648414, 34.637231], [-87.645936, 34.634769], [-87.645456, 34.634045], [-87.645302, 34.633684], [-87.645206, 34.63302], [-87.645216, 34.632488], [-87.645405, 34.631928], [-87.645572, 34.631551], [-87.645972, 34.631008], [-87.650035, 34.626828], [-87.650626, 34.626195], [-87.651246, 34.625384], [-87.65286, 34.622304], [-87.653455, 34.620901], [-87.653973, 34.618993], [-87.654207, 34.61842], [-87.657157, 34.613436], [-87.657345, 34.612578], [-87.657264, 34.61212], [-87.65689, 34.611373], [-87.656428, 34.610875], [-87.656132, 34.610332], [-87.656059, 34.609606], [-87.656148, 34.609153], [-87.656401, 34.608778], [-87.656787, 34.608411], [-87.658611, 34.607312], [-87.659174, 34.606817], [-87.659544, 34.606283], [-87.659651, 34.605749], [-87.659658, 34.604527], [-87.659881, 34.603888], [-87.660171, 34.603459], [-87.660984, 34.602722], [-87.662923, 34.601507], [-87.663337, 34.601042], [-87.663961, 34.59997], [-87.664334, 34.599609], [-87.664617, 34.599397], [-87.665982, 34.598661], [-87.666555, 34.598215], [-87.667505, 34.59686], [-87.668474, 34.595047], [-87.668852, 34.594539], [-87.673441, 34.590533], [-87.673738, 34.590186], [-87.6745, 34.589045], [-87.675514, 34.587417], [-87.675863, 34.586538], [-87.676053, 34.585664], [-87.679616, 34.568403], [-87.679812, 34.567888], [-87.683615, 34.559959], [-87.686734, 34.55526], [-87.687062, 34.554511], [-87.687579, 34.552521], [-87.687547, 34.550895], [-87.687636, 34.550468], [-87.68782, 34.550031], [-87.688103, 34.54956], [-87.688572, 34.549038], [-87.689691, 34.548194], [-87.690356, 34.547863], [-87.692644, 34.547021], [-87.6932, 34.546738], [-87.693719, 34.546325], [-87.694248, 34.545706], [-87.695079, 34.543421], [-87.695752, 34.542578], [-87.696296, 34.542167], [-87.697841, 34.541437], [-87.704338, 34.538636], [-87.705844, 34.538214], [-87.709439, 34.537589], [-87.709922, 34.537423], [-87.710859, 34.536774], [-87.711676, 34.535591], [-87.71236, 34.535015], [-87.713121, 34.534651], [-87.715097, 34.534118], [-87.715676, 34.533791], [-87.715982, 34.533539], [-87.716567, 34.532805], [-87.723992, 34.516892], [-87.724347, 34.515898], [-87.724552, 34.514774], [-87.724623, 34.511943], [-87.724832, 34.510536], [-87.725466, 34.508949], [-87.732735, 34.497979], [-87.733607, 34.49629], [-87.734001, 34.495229], [-87.734437, 34.493629], [-87.734718, 34.49215], [-87.734956, 34.489652], [-87.734849, 34.488301], [-87.734361, 34.484767], [-87.734385, 34.483455], [-87.734643, 34.482345], [-87.735222, 34.480361], [-87.736606, 34.476141], [-87.736923, 34.475464], [-87.73755, 34.474553], [-87.745534, 34.465258], [-87.75139, 34.456961], [-87.75169, 34.45651], [-87.752013, 34.455672], [-87.752083, 34.454841], [-87.751817, 34.451938], [-87.751557, 34.451201], [-87.75102, 34.450569], [-87.750132, 34.44992], [-87.749545, 34.449631], [-87.748953, 34.449361], [-87.746697, 34.44857], [-87.74607, 34.448123], [-87.744655, 34.446762], [-87.74392, 34.446225], [-87.742875, 34.44563], [-87.74146, 34.445166], [-87.73989, 34.444923], [-87.739354, 34.444746], [-87.738555, 34.444322], [-87.738137, 34.44392], [-87.737791, 34.443438], [-87.737601, 34.442806], [-87.737526, 34.442245], [-87.737676, 34.440817], [-87.737579, 34.440092], [-87.736958, 34.438637], [-87.736663, 34.43701], [-87.736395, 34.436405], [-87.735532, 34.435189], [-87.735339, 34.434738], [-87.73523, 34.434191], [-87.73527, 34.433567], [-87.736301, 34.428093], [-87.737924, 34.423147], [-87.738253, 34.422421], [-87.738936, 34.421386], [-87.739112, 34.420471], [-87.739075, 34.420051], [-87.738919, 34.419467], [-87.737762, 34.41715], [-87.737263, 34.416686], [-87.736808, 34.416337], [-87.735403, 34.415709], [-87.733104, 34.414935], [-87.732766, 34.414661], [-87.73241, 34.414254], [-87.732262, 34.41369], [-87.732284, 34.413328], [-87.732394, 34.413018], [-87.733307, 34.411835], [-87.733787, 34.410692], [-87.733862, 34.409816], [-87.733767, 34.409129], [-87.732403, 34.405828], [-87.730411, 34.401277], [-87.72142, 34.378799], [-87.721273, 34.378098], [-87.721173, 34.37684], [-87.720923, 34.375919], [-87.720471, 34.375046], [-87.719292, 34.37349], [-87.719043, 34.372988], [-87.718621, 34.371359], [-87.718407, 34.371026], [-87.718099, 34.370711], [-87.717747, 34.37047], [-87.714148, 34.368608], [-87.713243, 34.368252], [-87.711903, 34.368026], [-87.711168, 34.367816], [-87.709927, 34.367206], [-87.709299, 34.366609], [-87.709017, 34.365916], [-87.708971, 34.364381], [-87.708727, 34.363514], [-87.706715, 34.360221], [-87.706346, 34.35945], [-87.706057, 34.358607], [-87.705817, 34.357542], [-87.705666, 34.356316], [-87.705482, 34.352696], [-87.705259, 34.351889], [-87.704925, 34.351268], [-87.701964, 34.34667], [-87.701043, 34.345353], [-87.700166, 34.344544], [-87.692756, 34.339055], [-87.690129, 34.335446], [-87.689091, 34.333833], [-87.688853, 34.333203], [-87.68868, 34.332332], [-87.688716, 34.331753], [-87.689157, 34.330482], [-87.68992, 34.32883], [-87.690472, 34.327877], [-87.691094, 34.327219], [-87.693106, 34.325404], [-87.694139, 34.323884], [-87.694734, 34.322755], [-87.695698, 34.318049], [-87.695941, 34.316695], [-87.696035, 34.315664], [-87.695982, 34.314957], [-87.69574, 34.314156], [-87.695176, 34.313079], [-87.69328, 34.310004], [-87.692811, 34.309045], [-87.692586, 34.308399], [-87.69245, 34.307819], [-87.691529, 34.301117], [-87.691558, 34.299907], [-87.69165, 34.299375], [-87.691861, 34.29856], [-87.692731, 34.295921], [-87.69864, 34.278184], [-87.702611, 34.269787], [-87.702748, 34.269117], [-87.702717, 34.268632], [-87.702292, 34.26743], [-87.700703, 34.263993], [-87.700196, 34.263078], [-87.699664, 34.262375], [-87.699139, 34.261825], [-87.698576, 34.261301], [-87.69789, 34.260781], [-87.687359, 34.25384], [-87.682608, 34.25061], [-87.681093, 34.249795], [-87.679531, 34.249253], [-87.671156, 34.244319], [-87.670225, 34.243989], [-87.659635, 34.2422], [-87.658944, 34.242013], [-87.658307, 34.241752], [-87.657789, 34.241451], [-87.653286, 34.238676], [-87.652671, 34.238176], [-87.651853, 34.237306], [-87.651517, 34.237044], [-87.650785, 34.236687], [-87.649447, 34.236196], [-87.649028, 34.236094], [-87.648129, 34.236011], [-87.647113, 34.236136], [-87.645063, 34.236548], [-87.644612, 34.236593], [-87.64374, 34.236521], [-87.632185, 34.233359], [-87.63125, 34.23293], [-87.626796, 34.229933], [-87.626399, 34.229635], [-87.625808, 34.229023], [-87.62544, 34.228373], [-87.625247, 34.227694], [-87.62524, 34.22711], [-87.6254, 34.226416], [-87.625712, 34.225808], [-87.628137, 34.222803], [-87.628726, 34.221946], [-87.629299, 34.220812], [-87.629529, 34.220121], [-87.630681, 34.213984], [-87.631099, 34.212484], [-87.631563, 34.20391], [-87.631479, 34.20321], [-87.631265, 34.20266], [-87.630467, 34.201564], [-87.629375, 34.200375], [-87.628114, 34.199442], [-87.627618, 34.198906], [-87.627307, 34.198289], [-87.626969, 34.197054], [-87.626542, 34.196402], [-87.624691, 34.194363], [-87.623422, 34.19347], [-87.622831, 34.192953], [-87.622215, 34.192018], [-87.620599, 34.189186], [-87.619961, 34.188259], [-87.61971, 34.18802], [-87.618976, 34.187568], [-87.61737, 34.187008], [-87.614145, 34.185349], [-87.611548, 34.183654], [-87.611098, 34.183266], [-87.610783, 34.182892], [-87.610559, 34.182493], [-87.610286, 34.181646], [-87.609893, 34.180021], [-87.608982, 34.177579], [-87.608409, 34.173567], [-87.608221, 34.172874], [-87.607026, 34.169828], [-87.606884, 34.169308], [-87.606825, 34.168732], [-87.606935, 34.168024], [-87.609146, 34.162822], [-87.609249, 34.162454], [-87.609275, 34.161994], [-87.609188, 34.161244], [-87.608585, 34.15907], [-87.608523, 34.158432], [-87.608567, 34.157844], [-87.609038, 34.155536], [-87.608988, 34.150563], [-87.60904, 34.149965], [-87.609198, 34.149464], [-87.609634, 34.148801], [-87.61041, 34.148186], [-87.614766, 34.145759], [-87.615449, 34.145234], [-87.615772, 34.144821], [-87.61603, 34.144342], [-87.616212, 34.143822], [-87.61628, 34.143261], [-87.61603, 34.141412], [-87.616124, 34.140712], [-87.616253, 34.140411], [-87.617235, 34.138536], [-87.618557, 34.137384], [-87.619617, 34.136152], [-87.621507, 34.135022], [-87.622848, 34.133825], [-87.624492, 34.132758], [-87.625239, 34.132513], [-87.627407, 34.132256], [-87.628052, 34.132059], [-87.628622, 34.131781], [-87.629041, 34.131502], [-87.62937, 34.131189], [-87.629862, 34.130319], [-87.629959, 34.129639], [-87.62971, 34.127106], [-87.62931, 34.125606], [-87.629315, 34.12492], [-87.629557, 34.124189], [-87.630734, 34.122706], [-87.630974, 34.122287], [-87.631077, 34.121896], [-87.631085, 34.121427], [-87.630888, 34.120678], [-87.630162, 34.119871], [-87.629286, 34.119454], [-87.628451, 34.119316], [-87.628019, 34.119328], [-87.626201, 34.119675], [-87.625072, 34.119635], [-87.624377, 34.119488], [-87.623464, 34.119145], [-87.621798, 34.118114], [-87.62124, 34.117974], [-87.620347, 34.117891], [-87.619623, 34.117728], [-87.619041, 34.117455], [-87.618245, 34.11673], [-87.617997, 34.116384], [-87.61722, 34.11312], [-87.616977, 34.112575], [-87.616593, 34.112051], [-87.616214, 34.111705], [-87.615913, 34.111536], [-87.614903, 34.111283], [-87.613357, 34.111134], [-87.612664, 34.110917], [-87.612014, 34.110594], [-87.611582, 34.110185], [-87.611287, 34.109744], [-87.61103, 34.109103], [-87.610828, 34.107565], [-87.61033, 34.106786], [-87.609483, 34.106186], [-87.609039, 34.105987], [-87.607692, 34.105688], [-87.606979, 34.105379], [-87.606179, 34.104789], [-87.60567, 34.10394], [-87.604972, 34.10252], [-87.604578, 34.101979], [-87.603294, 34.10102], [-87.602747, 34.100468], [-87.602161, 34.099492], [-87.601948, 34.098618], [-87.601348, 34.094895], [-87.601353, 34.094607], [-87.601613, 34.093716], [-87.602072, 34.092726], [-87.602339, 34.091897], [-87.602445, 34.091112], [-87.602366, 34.090131], [-87.601848, 34.08876], [-87.600217, 34.086091], [-87.59979, 34.085608], [-87.598881, 34.084812], [-87.597988, 34.08431], [-87.5949, 34.082963], [-87.593819, 34.082232], [-87.593067, 34.081439], [-87.588537, 34.07525], [-87.587662, 34.074427], [-87.585662, 34.072969], [-87.585023, 34.072287], [-87.584313, 34.071173], [-87.583889, 34.070637], [-87.583426, 34.070215], [-87.582106, 34.069411], [-87.581665, 34.069001], [-87.581394, 34.068619], [-87.581202, 34.068137], [-87.581076, 34.066654], [-87.580868, 34.066242], [-87.580628, 34.065962], [-87.579854, 34.06549], [-87.577647, 34.064808], [-87.576757, 34.064465], [-87.576346, 34.064208], [-87.575804, 34.063681], [-87.575014, 34.0625], [-87.574653, 34.061717], [-87.573622, 34.059053], [-87.573374, 34.058644], [-87.572951, 34.058211], [-87.572312, 34.057836], [-87.571837, 34.057678], [-87.568949, 34.057093], [-87.567626, 34.056558], [-87.566856, 34.056102], [-87.566477, 34.055759], [-87.566147, 34.055304], [-87.565181, 34.052825], [-87.564893, 34.052354], [-87.564298, 34.05178], [-87.563552, 34.051382], [-87.562521, 34.051124], [-87.560795, 34.050926], [-87.559911, 34.051024], [-87.55787, 34.051509], [-87.556746, 34.051552], [-87.55572, 34.051348], [-87.55374, 34.050448], [-87.552825, 34.04975], [-87.548418, 34.045317], [-87.54812, 34.045076], [-87.547361, 34.044648], [-87.545202, 34.043806], [-87.544486, 34.043457], [-87.543772, 34.042785], [-87.543005, 34.04158], [-87.542694, 34.041212], [-87.542271, 34.040837], [-87.541624, 34.040453], [-87.539667, 34.039782], [-87.539248, 34.039699], [-87.538341, 34.039693], [-87.537351, 34.039949], [-87.535708, 34.040962], [-87.535069, 34.041244], [-87.534271, 34.041422], [-87.53368, 34.041424], [-87.53311, 34.041345], [-87.532422, 34.041076], [-87.531642, 34.040536], [-87.531052, 34.039798], [-87.530725, 34.039242], [-87.530375, 34.038848], [-87.529024, 34.037953], [-87.528546, 34.037556], [-87.528264, 34.037177], [-87.527498, 34.03584], [-87.526794, 34.035031], [-87.526014, 34.034348], [-87.525405, 34.034007], [-87.524349, 34.03364], [-87.523008, 34.033328], [-87.522181, 34.033221], [-87.518086, 34.033155], [-87.516458, 34.032999], [-87.515408, 34.032709], [-87.514686, 34.032391], [-87.511154, 34.030241], [-87.510655, 34.029809], [-87.510371, 34.029394], [-87.510082, 34.028801], [-87.50966, 34.026456], [-87.509233, 34.025308], [-87.508825, 34.024659], [-87.507628, 34.023496], [-87.503322, 34.020902], [-87.50266, 34.020625], [-87.500709, 34.020068], [-87.500186, 34.019856], [-87.497799, 34.018587], [-87.496867, 34.017986], [-87.495213, 34.016253], [-87.4908, 34.013826], [-87.489152, 34.012567], [-87.488043, 34.011288], [-87.485524, 34.009077], [-87.484954, 34.008469], [-87.484479, 34.00758], [-87.484285, 34.006895], [-87.484241, 34.00638], [-87.484507, 34.004679], [-87.484407, 34.002105], [-87.48496, 34.000506], [-87.485079, 33.999645], [-87.48485, 33.99794], [-87.48496, 33.997386], [-87.48647, 33.993485], [-87.486803, 33.993051], [-87.488636, 33.991366], [-87.489073, 33.990652], [-87.490401, 33.986168], [-87.491899, 33.982546], [-87.493886, 33.978207], [-87.493995, 33.977539], [-87.493977, 33.976852], [-87.492903, 33.973354], [-87.492345, 33.972411], [-87.492107, 33.971679], [-87.491763, 33.965036], [-87.49164, 33.964638], [-87.489564, 33.959978], [-87.489201, 33.9593], [-87.483956, 33.952819], [-87.481711, 33.949648], [-87.481281, 33.949146], [-87.477238, 33.945752], [-87.473511, 33.941334], [-87.471741, 33.939957], [-87.467737, 33.937014], [-87.46702, 33.936622], [-87.46644, 33.936386], [-87.465265, 33.936121], [-87.459506, 33.934984], [-87.458985, 33.934929], [-87.457983, 33.934981], [-87.455115, 33.935376], [-87.45296, 33.935538], [-87.451439, 33.935411], [-87.447482, 33.934926], [-87.446688, 33.934686], [-87.445812, 33.934234], [-87.444829, 33.933444], [-87.441393, 33.929709], [-87.440976, 33.92915], [-87.440719, 33.928672], [-87.440559, 33.928159], [-87.440171, 33.92567], [-87.439822, 33.92471], [-87.439255, 33.923731], [-87.43865, 33.923124], [-87.437961, 33.92265], [-87.435621, 33.92159], [-87.433968, 33.920449], [-87.431956, 33.919451], [-87.431051, 33.918721], [-87.43065, 33.918209], [-87.428654, 33.914552], [-87.428409, 33.914179], [-87.427605, 33.913419], [-87.426534, 33.912844], [-87.422735, 33.911441], [-87.42227, 33.911174], [-87.419657, 33.909325], [-87.418151, 33.908379], [-87.40864, 33.903872], [-87.407972, 33.903493], [-87.405194, 33.901338], [-87.404366, 33.900885], [-87.38991, 33.895261], [-87.389314, 33.895085], [-87.386685, 33.894565], [-87.385515, 33.89416], [-87.385, 33.893846], [-87.384422, 33.89332], [-87.381937, 33.8902], [-87.38138, 33.889702], [-87.38063, 33.889263], [-87.37992, 33.888978], [-87.374061, 33.887502], [-87.372432, 33.887222], [-87.361055, 33.887795], [-87.360061, 33.887781], [-87.359419, 33.887676], [-87.35885, 33.887518], [-87.357895, 33.88708], [-87.357127, 33.886521], [-87.356538, 33.885878], [-87.355671, 33.884705], [-87.355047, 33.884081], [-87.350372, 33.880126], [-87.349242, 33.8795], [-87.348463, 33.879276], [-87.347727, 33.879172], [-87.343067, 33.878877], [-87.339859, 33.879229], [-87.335541, 33.87931], [-87.334673, 33.879156], [-87.333843, 33.878869], [-87.33195, 33.877815], [-87.331121, 33.877216], [-87.330825, 33.876906], [-87.328441, 33.873725], [-87.327927, 33.873199], [-87.327457, 33.872863], [-87.326347, 33.872394], [-87.323118, 33.871557], [-87.322335, 33.871204], [-87.318922, 33.868692], [-87.318535, 33.868276], [-87.31834, 33.867929], [-87.317954, 33.866685], [-87.317636, 33.866027], [-87.316334, 33.864486], [-87.315465, 33.863179], [-87.313352, 33.859315], [-87.312766, 33.858546], [-87.312305, 33.858216], [-87.308194, 33.856169], [-87.305744, 33.854468], [-87.304936, 33.853726], [-87.30364, 33.852092], [-87.303, 33.851553], [-87.301203, 33.850677], [-87.300367, 33.850049], [-87.299902, 33.849453], [-87.29914, 33.847586], [-87.298863, 33.847063], [-87.298419, 33.846468], [-87.29808, 33.846136], [-87.297275, 33.845533], [-87.29406, 33.843423], [-87.293607, 33.842999], [-87.292454, 33.84142], [-87.292015, 33.840945], [-87.277755, 33.829482], [-87.276578, 33.828876], [-87.274458, 33.828079], [-87.273706, 33.827433], [-87.273205, 33.826576], [-87.273064, 33.826021], [-87.272937, 33.820833], [-87.272858, 33.820121], [-87.272611, 33.819097], [-87.269602, 33.81194], [-87.267025, 33.806076], [-87.266505, 33.804737], [-87.266406, 33.803812], [-87.26656, 33.802892], [-87.266773, 33.802362], [-87.267736, 33.80051], [-87.268152, 33.7999], [-87.268632, 33.799447], [-87.269234, 33.799081], [-87.269944, 33.79884], [-87.278263, 33.797858], [-87.279076, 33.797911], [-87.280253, 33.798143], [-87.280831, 33.79832], [-87.281895, 33.798827], [-87.282978, 33.799496], [-87.283491, 33.799973], [-87.284513, 33.801163], [-87.285247, 33.801576], [-87.286106, 33.801745], [-87.286996, 33.801698], [-87.28768, 33.801451], [-87.288131, 33.80117], [-87.288729, 33.800635], [-87.288942, 33.800312], [-87.289177, 33.799835], [-87.289332, 33.799045], [-87.289023, 33.797609], [-87.287667, 33.792411], [-87.287541, 33.791693], [-87.287592, 33.790795], [-87.287678, 33.790409], [-87.288118, 33.789444], [-87.289091, 33.788133], [-87.289462, 33.787779], [-87.290137, 33.787402], [-87.291015, 33.787168], [-87.29349, 33.786916], [-87.294469, 33.786744], [-87.297055, 33.785935], [-87.298042, 33.785316], [-87.298305, 33.785003], [-87.299356, 33.782823], [-87.299775, 33.782203], [-87.300349, 33.781628], [-87.301432, 33.780745], [-87.301695, 33.780375], [-87.30185, 33.779855], [-87.302039, 33.776997], [-87.302123, 33.776471], [-87.302373, 33.775708], [-87.303602, 33.772863], [-87.304034, 33.771626], [-87.304181, 33.770961], [-87.304212, 33.769898], [-87.304115, 33.768918], [-87.303614, 33.767534], [-87.303158, 33.766674], [-87.298019, 33.75963], [-87.296247, 33.756714], [-87.295676, 33.755372], [-87.295429, 33.754133], [-87.29527, 33.749466], [-87.295172, 33.748633], [-87.294256, 33.744235], [-87.293543, 33.740986], [-87.293132, 33.739482], [-87.291981, 33.735823], [-87.291687, 33.733697], [-87.291395, 33.733048], [-87.290713, 33.7321]]}}, {"type": "Feature", "properties": {"company": "Northern Alabama Railway", "line": "Northern Alabama: Tuscumbia \u2013 Parrish", "id": "na-tuscumbia-parrish", "color": "#5525D0", "mode": "intercity_rail", "avg_speed_kmh": 40, "speed_source": "estimated: secondary line; unsourced", "geometry_source": "Real-traced from OpenStreetMap (ODbL) via Overpass along the Norfolk Southern NA / West End District -- 'NA' for Northern Alabama -- routed from the Memphis District main line near Tuscumbia through Norala Junction, Russellville, Phil Campbell, Haleyville, Lynn, Nauvoo and Jasper to Parrish.", "geometry_quality": "Real-traced, 786 points, no straight-line connectors. Traced 96.4 mi against 95.6 mi documented (Tuscumbia 0.0 to Parrish 95.6 in the gazetteer), 0.8% over; every named station falls within 0.9 km of the drawn line. The first 2.9 mi, Tuscumbia to Norala Junction, are main-line trackage shared with the Memphis and Charleston features above, so that stretch is drawn twice in this layer -- correctly, since the Parrish trains ran into Tuscumbia over it. LATER ALIGNMENT for that shared stretch, for the 1916 reason given above. The line continued south of Parrish to a Georgia Pacific connection west of Birmingham; that extension is not drawn.", "segments": [{"start": 1899, "end": 1939, "headway_min": 300, "note": "Renamed the Northern Alabama Railway in 1899 and worked under Southern Railway control; 105.748 mi of single-track standard-gauge road in two sections, of which Sheffield to Parrish was 94.876 mi. THE HEADWAY HERE IS THE ONE SOURCED NUMBER IN THIS LAYER'S FREQUENCIES, and it is a count of all traffic, not of this company's trains: in 1936 seven passenger trains ran daily through Lynn -- station 62, meaning 62 miles from Sheffield -- of which two were Northern Alabama, four Illinois Central and one Mobile and Ohio. Seven trains spread over a working day is roughly a five-hour headway; the Northern Alabama's own two would be twelve. Absorbed into the Southern Railway in 1939.", "sources": ["Segment-level: this segment's own note names the source for its dates and service. Supporting references:", "http://www.freestateofwinston.org/railroad.htm", "https://en.wikipedia.org/wiki/Wikipedia:WikiProject_Trains/ICC_valuations/Northern_Alabama_Railway", "https://www.branchline.uk/jfpdf/alabamarrs.pdf (Alabama Railroads SL244, passenger stations and stops: section 21 Chattanooga-Chewalla, 22 Tuscumbia-Parrish, 23 Sheffield-Florence)"]}]}, "geometry": {"type": "LineString", "coordinates": [[-87.708024, 34.751305], [-87.699729, 34.757946], [-87.69915, 34.758249], [-87.698688, 34.758367], [-87.697453, 34.758494], [-87.694133, 34.758477], [-87.693062, 34.758414], [-87.692497, 34.758273], [-87.691925, 34.758015], [-87.691201, 34.757458], [-87.690007, 34.756175], [-87.683173, 34.750353], [-87.682776, 34.749895], [-87.681575, 34.747708], [-87.680281, 34.745839], [-87.679652, 34.745239], [-87.677107, 34.743407], [-87.676424, 34.742767], [-87.676077, 34.742139], [-87.675888, 34.741429], [-87.675724, 34.734077], [-87.675534, 34.733216], [-87.675358, 34.732821], [-87.674934, 34.73221], [-87.669545, 34.726183], [-87.668808, 34.725455], [-87.667355, 34.724409], [-87.659703, 34.719607], [-87.658474, 34.719158], [-87.654478, 34.718137], [-87.653976, 34.717955], [-87.653417, 34.717703], [-87.652822, 34.717312], [-87.651732, 34.716448], [-87.650855, 34.715957], [-87.650062, 34.715684], [-87.648883, 34.715454], [-87.655113, 34.716024], [-87.655957, 34.715997], [-87.656739, 34.715753], [-87.657088, 34.715524], [-87.657581, 34.715], [-87.657802, 34.714509], [-87.659812, 34.683831], [-87.660008, 34.680367], [-87.659987, 34.679762], [-87.659904, 34.679246], [-87.659523, 34.678205], [-87.652762, 34.664781], [-87.652097, 34.663758], [-87.651403, 34.662843], [-87.643859, 34.653536], [-87.643667, 34.653107], [-87.643569, 34.652644], [-87.643604, 34.652139], [-87.643777, 34.651707], [-87.644851, 34.64975], [-87.645374, 34.648993], [-87.647917, 34.646505], [-87.648587, 34.645629], [-87.648879, 34.644974], [-87.649158, 34.642842], [-87.649405, 34.640085], [-87.649241, 34.638852], [-87.649022, 34.638236], [-87.648748, 34.637736], [-87.648414, 34.637231], [-87.645936, 34.634769], [-87.645456, 34.634045], [-87.645302, 34.633684], [-87.645206, 34.63302], [-87.645216, 34.632488], [-87.645405, 34.631928], [-87.645572, 34.631551], [-87.645972, 34.631008], [-87.650035, 34.626828], [-87.650626, 34.626195], [-87.651246, 34.625384], [-87.65286, 34.622304], [-87.653455, 34.620901], [-87.653973, 34.618993], [-87.654207, 34.61842], [-87.657157, 34.613436], [-87.657345, 34.612578], [-87.657264, 34.61212], [-87.65689, 34.611373], [-87.656428, 34.610875], [-87.656132, 34.610332], [-87.656059, 34.609606], [-87.656148, 34.609153], [-87.656401, 34.608778], [-87.656787, 34.608411], [-87.658611, 34.607312], [-87.659174, 34.606817], [-87.659544, 34.606283], [-87.659651, 34.605749], [-87.659658, 34.604527], [-87.659881, 34.603888], [-87.660171, 34.603459], [-87.660984, 34.602722], [-87.662923, 34.601507], [-87.663337, 34.601042], [-87.663961, 34.59997], [-87.664334, 34.599609], [-87.664617, 34.599397], [-87.665982, 34.598661], [-87.666555, 34.598215], [-87.667505, 34.59686], [-87.668474, 34.595047], [-87.668852, 34.594539], [-87.673441, 34.590533], [-87.673738, 34.590186], [-87.6745, 34.589045], [-87.675514, 34.587417], [-87.675863, 34.586538], [-87.676053, 34.585664], [-87.679616, 34.568403], [-87.679812, 34.567888], [-87.683615, 34.559959], [-87.686734, 34.55526], [-87.687062, 34.554511], [-87.687579, 34.552521], [-87.687547, 34.550895], [-87.687636, 34.550468], [-87.68782, 34.550031], [-87.688103, 34.54956], [-87.688572, 34.549038], [-87.689691, 34.548194], [-87.690356, 34.547863], [-87.692644, 34.547021], [-87.6932, 34.546738], [-87.693719, 34.546325], [-87.694248, 34.545706], [-87.695079, 34.543421], [-87.695752, 34.542578], [-87.696296, 34.542167], [-87.697841, 34.541437], [-87.704338, 34.538636], [-87.705844, 34.538214], [-87.709439, 34.537589], [-87.709922, 34.537423], [-87.710859, 34.536774], [-87.711676, 34.535591], [-87.71236, 34.535015], [-87.713121, 34.534651], [-87.715097, 34.534118], [-87.715676, 34.533791], [-87.715982, 34.533539], [-87.716567, 34.532805], [-87.723992, 34.516892], [-87.724347, 34.515898], [-87.724552, 34.514774], [-87.724623, 34.511943], [-87.724832, 34.510536], [-87.725466, 34.508949], [-87.732735, 34.497979], [-87.733607, 34.49629], [-87.734001, 34.495229], [-87.734437, 34.493629], [-87.734718, 34.49215], [-87.734956, 34.489652], [-87.734849, 34.488301], [-87.734361, 34.484767], [-87.734385, 34.483455], [-87.734643, 34.482345], [-87.735222, 34.480361], [-87.736606, 34.476141], [-87.736923, 34.475464], [-87.73755, 34.474553], [-87.745534, 34.465258], [-87.75139, 34.456961], [-87.75169, 34.45651], [-87.752013, 34.455672], [-87.752083, 34.454841], [-87.751817, 34.451938], [-87.751557, 34.451201], [-87.75102, 34.450569], [-87.750132, 34.44992], [-87.749545, 34.449631], [-87.748953, 34.449361], [-87.746697, 34.44857], [-87.74607, 34.448123], [-87.744655, 34.446762], [-87.74392, 34.446225], [-87.742875, 34.44563], [-87.74146, 34.445166], [-87.73989, 34.444923], [-87.739354, 34.444746], [-87.738555, 34.444322], [-87.738137, 34.44392], [-87.737791, 34.443438], [-87.737601, 34.442806], [-87.737526, 34.442245], [-87.737676, 34.440817], [-87.737579, 34.440092], [-87.736958, 34.438637], [-87.736663, 34.43701], [-87.736395, 34.436405], [-87.735532, 34.435189], [-87.735339, 34.434738], [-87.73523, 34.434191], [-87.73527, 34.433567], [-87.736301, 34.428093], [-87.737924, 34.423147], [-87.738253, 34.422421], [-87.738936, 34.421386], [-87.739112, 34.420471], [-87.739075, 34.420051], [-87.738919, 34.419467], [-87.737762, 34.41715], [-87.737263, 34.416686], [-87.736808, 34.416337], [-87.735403, 34.415709], [-87.733104, 34.414935], [-87.732766, 34.414661], [-87.73241, 34.414254], [-87.732262, 34.41369], [-87.732284, 34.413328], [-87.732394, 34.413018], [-87.733307, 34.411835], [-87.733787, 34.410692], [-87.733862, 34.409816], [-87.733767, 34.409129], [-87.732403, 34.405828], [-87.730411, 34.401277], [-87.72142, 34.378799], [-87.721273, 34.378098], [-87.721173, 34.37684], [-87.720923, 34.375919], [-87.720471, 34.375046], [-87.719292, 34.37349], [-87.719043, 34.372988], [-87.718621, 34.371359], [-87.718407, 34.371026], [-87.718099, 34.370711], [-87.717747, 34.37047], [-87.714148, 34.368608], [-87.713243, 34.368252], [-87.711903, 34.368026], [-87.711168, 34.367816], [-87.709927, 34.367206], [-87.709299, 34.366609], [-87.709017, 34.365916], [-87.708971, 34.364381], [-87.708727, 34.363514], [-87.706715, 34.360221], [-87.706346, 34.35945], [-87.706057, 34.358607], [-87.705817, 34.357542], [-87.705666, 34.356316], [-87.705482, 34.352696], [-87.705259, 34.351889], [-87.704925, 34.351268], [-87.701964, 34.34667], [-87.701043, 34.345353], [-87.700166, 34.344544], [-87.692756, 34.339055], [-87.690129, 34.335446], [-87.689091, 34.333833], [-87.688853, 34.333203], [-87.68868, 34.332332], [-87.688716, 34.331753], [-87.689157, 34.330482], [-87.68992, 34.32883], [-87.690472, 34.327877], [-87.691094, 34.327219], [-87.693106, 34.325404], [-87.694139, 34.323884], [-87.694734, 34.322755], [-87.695698, 34.318049], [-87.695941, 34.316695], [-87.696035, 34.315664], [-87.695982, 34.314957], [-87.69574, 34.314156], [-87.695176, 34.313079], [-87.69328, 34.310004], [-87.692811, 34.309045], [-87.692586, 34.308399], [-87.69245, 34.307819], [-87.691529, 34.301117], [-87.691558, 34.299907], [-87.69165, 34.299375], [-87.691861, 34.29856], [-87.692731, 34.295921], [-87.69864, 34.278184], [-87.702611, 34.269787], [-87.702748, 34.269117], [-87.702717, 34.268632], [-87.702292, 34.26743], [-87.700703, 34.263993], [-87.700196, 34.263078], [-87.699664, 34.262375], [-87.699139, 34.261825], [-87.698576, 34.261301], [-87.69789, 34.260781], [-87.687359, 34.25384], [-87.682608, 34.25061], [-87.681093, 34.249795], [-87.679531, 34.249253], [-87.671156, 34.244319], [-87.670225, 34.243989], [-87.659635, 34.2422], [-87.658944, 34.242013], [-87.658307, 34.241752], [-87.657789, 34.241451], [-87.653286, 34.238676], [-87.652671, 34.238176], [-87.651853, 34.237306], [-87.651517, 34.237044], [-87.650785, 34.236687], [-87.649447, 34.236196], [-87.649028, 34.236094], [-87.648129, 34.236011], [-87.647113, 34.236136], [-87.645063, 34.236548], [-87.644612, 34.236593], [-87.64374, 34.236521], [-87.632185, 34.233359], [-87.63125, 34.23293], [-87.626796, 34.229933], [-87.626399, 34.229635], [-87.625808, 34.229023], [-87.62544, 34.228373], [-87.625247, 34.227694], [-87.62524, 34.22711], [-87.6254, 34.226416], [-87.625712, 34.225808], [-87.628137, 34.222803], [-87.628726, 34.221946], [-87.629299, 34.220812], [-87.629529, 34.220121], [-87.630681, 34.213984], [-87.631099, 34.212484], [-87.631563, 34.20391], [-87.631479, 34.20321], [-87.631265, 34.20266], [-87.630467, 34.201564], [-87.629375, 34.200375], [-87.628114, 34.199442], [-87.627618, 34.198906], [-87.627307, 34.198289], [-87.626969, 34.197054], [-87.626542, 34.196402], [-87.624691, 34.194363], [-87.623422, 34.19347], [-87.622831, 34.192953], [-87.622215, 34.192018], [-87.620599, 34.189186], [-87.619961, 34.188259], [-87.61971, 34.18802], [-87.618976, 34.187568], [-87.61737, 34.187008], [-87.614145, 34.185349], [-87.611548, 34.183654], [-87.611098, 34.183266], [-87.610783, 34.182892], [-87.610559, 34.182493], [-87.610286, 34.181646], [-87.609893, 34.180021], [-87.608982, 34.177579], [-87.608409, 34.173567], [-87.608221, 34.172874], [-87.607026, 34.169828], [-87.606884, 34.169308], [-87.606825, 34.168732], [-87.606935, 34.168024], [-87.609146, 34.162822], [-87.609249, 34.162454], [-87.609275, 34.161994], [-87.609188, 34.161244], [-87.608585, 34.15907], [-87.608523, 34.158432], [-87.608567, 34.157844], [-87.609038, 34.155536], [-87.608988, 34.150563], [-87.60904, 34.149965], [-87.609198, 34.149464], [-87.609634, 34.148801], [-87.61041, 34.148186], [-87.614766, 34.145759], [-87.615449, 34.145234], [-87.615772, 34.144821], [-87.61603, 34.144342], [-87.616212, 34.143822], [-87.61628, 34.143261], [-87.61603, 34.141412], [-87.616124, 34.140712], [-87.616253, 34.140411], [-87.617235, 34.138536], [-87.618557, 34.137384], [-87.619617, 34.136152], [-87.621507, 34.135022], [-87.622848, 34.133825], [-87.624492, 34.132758], [-87.625239, 34.132513], [-87.627407, 34.132256], [-87.628052, 34.132059], [-87.628622, 34.131781], [-87.629041, 34.131502], [-87.62937, 34.131189], [-87.629862, 34.130319], [-87.629959, 34.129639], [-87.62971, 34.127106], [-87.62931, 34.125606], [-87.629315, 34.12492], [-87.629557, 34.124189], [-87.630734, 34.122706], [-87.630974, 34.122287], [-87.631077, 34.121896], [-87.631085, 34.121427], [-87.630888, 34.120678], [-87.630162, 34.119871], [-87.629286, 34.119454], [-87.628451, 34.119316], [-87.628019, 34.119328], [-87.626201, 34.119675], [-87.625072, 34.119635], [-87.624377, 34.119488], [-87.623464, 34.119145], [-87.621798, 34.118114], [-87.62124, 34.117974], [-87.620347, 34.117891], [-87.619623, 34.117728], [-87.619041, 34.117455], [-87.618245, 34.11673], [-87.617997, 34.116384], [-87.61722, 34.11312], [-87.616977, 34.112575], [-87.616593, 34.112051], [-87.616214, 34.111705], [-87.615913, 34.111536], [-87.614903, 34.111283], [-87.613357, 34.111134], [-87.612664, 34.110917], [-87.612014, 34.110594], [-87.611582, 34.110185], [-87.611287, 34.109744], [-87.61103, 34.109103], [-87.610828, 34.107565], [-87.61033, 34.106786], [-87.609483, 34.106186], [-87.609039, 34.105987], [-87.607692, 34.105688], [-87.606979, 34.105379], [-87.606179, 34.104789], [-87.60567, 34.10394], [-87.604972, 34.10252], [-87.604578, 34.101979], [-87.603294, 34.10102], [-87.602747, 34.100468], [-87.602161, 34.099492], [-87.601948, 34.098618], [-87.601348, 34.094895], [-87.601353, 34.094607], [-87.601613, 34.093716], [-87.602072, 34.092726], [-87.602339, 34.091897], [-87.602445, 34.091112], [-87.602366, 34.090131], [-87.601848, 34.08876], [-87.600217, 34.086091], [-87.59979, 34.085608], [-87.598881, 34.084812], [-87.597988, 34.08431], [-87.5949, 34.082963], [-87.593819, 34.082232], [-87.593067, 34.081439], [-87.588537, 34.07525], [-87.587662, 34.074427], [-87.585662, 34.072969], [-87.585023, 34.072287], [-87.584313, 34.071173], [-87.583889, 34.070637], [-87.583426, 34.070215], [-87.582106, 34.069411], [-87.581665, 34.069001], [-87.581394, 34.068619], [-87.581202, 34.068137], [-87.581076, 34.066654], [-87.580868, 34.066242], [-87.580628, 34.065962], [-87.579854, 34.06549], [-87.577647, 34.064808], [-87.576757, 34.064465], [-87.576346, 34.064208], [-87.575804, 34.063681], [-87.575014, 34.0625], [-87.574653, 34.061717], [-87.573622, 34.059053], [-87.573374, 34.058644], [-87.572951, 34.058211], [-87.572312, 34.057836], [-87.571837, 34.057678], [-87.568949, 34.057093], [-87.567626, 34.056558], [-87.566856, 34.056102], [-87.566477, 34.055759], [-87.566147, 34.055304], [-87.565181, 34.052825], [-87.564893, 34.052354], [-87.564298, 34.05178], [-87.563552, 34.051382], [-87.562521, 34.051124], [-87.560795, 34.050926], [-87.559911, 34.051024], [-87.55787, 34.051509], [-87.556746, 34.051552], [-87.55572, 34.051348], [-87.55374, 34.050448], [-87.552825, 34.04975], [-87.548418, 34.045317], [-87.54812, 34.045076], [-87.547361, 34.044648], [-87.545202, 34.043806], [-87.544486, 34.043457], [-87.543772, 34.042785], [-87.543005, 34.04158], [-87.542694, 34.041212], [-87.542271, 34.040837], [-87.541624, 34.040453], [-87.539667, 34.039782], [-87.539248, 34.039699], [-87.538341, 34.039693], [-87.537351, 34.039949], [-87.535708, 34.040962], [-87.535069, 34.041244], [-87.534271, 34.041422], [-87.53368, 34.041424], [-87.53311, 34.041345], [-87.532422, 34.041076], [-87.531642, 34.040536], [-87.531052, 34.039798], [-87.530725, 34.039242], [-87.530375, 34.038848], [-87.529024, 34.037953], [-87.528546, 34.037556], [-87.528264, 34.037177], [-87.527498, 34.03584], [-87.526794, 34.035031], [-87.526014, 34.034348], [-87.525405, 34.034007], [-87.524349, 34.03364], [-87.523008, 34.033328], [-87.522181, 34.033221], [-87.518086, 34.033155], [-87.516458, 34.032999], [-87.515408, 34.032709], [-87.514686, 34.032391], [-87.511154, 34.030241], [-87.510655, 34.029809], [-87.510371, 34.029394], [-87.510082, 34.028801], [-87.50966, 34.026456], [-87.509233, 34.025308], [-87.508825, 34.024659], [-87.507628, 34.023496], [-87.503322, 34.020902], [-87.50266, 34.020625], [-87.500709, 34.020068], [-87.500186, 34.019856], [-87.497799, 34.018587], [-87.496867, 34.017986], [-87.495213, 34.016253], [-87.4908, 34.013826], [-87.489152, 34.012567], [-87.488043, 34.011288], [-87.485524, 34.009077], [-87.484954, 34.008469], [-87.484479, 34.00758], [-87.484285, 34.006895], [-87.484241, 34.00638], [-87.484507, 34.004679], [-87.484407, 34.002105], [-87.48496, 34.000506], [-87.485079, 33.999645], [-87.48485, 33.99794], [-87.48496, 33.997386], [-87.48647, 33.993485], [-87.486803, 33.993051], [-87.488636, 33.991366], [-87.489073, 33.990652], [-87.490401, 33.986168], [-87.491899, 33.982546], [-87.493886, 33.978207], [-87.493995, 33.977539], [-87.493977, 33.976852], [-87.492903, 33.973354], [-87.492345, 33.972411], [-87.492107, 33.971679], [-87.491763, 33.965036], [-87.49164, 33.964638], [-87.489564, 33.959978], [-87.489201, 33.9593], [-87.483956, 33.952819], [-87.481711, 33.949648], [-87.481281, 33.949146], [-87.477238, 33.945752], [-87.473511, 33.941334], [-87.471741, 33.939957], [-87.467737, 33.937014], [-87.46702, 33.936622], [-87.46644, 33.936386], [-87.465265, 33.936121], [-87.459506, 33.934984], [-87.458985, 33.934929], [-87.457983, 33.934981], [-87.455115, 33.935376], [-87.45296, 33.935538], [-87.451439, 33.935411], [-87.447482, 33.934926], [-87.446688, 33.934686], [-87.445812, 33.934234], [-87.444829, 33.933444], [-87.441393, 33.929709], [-87.440976, 33.92915], [-87.440719, 33.928672], [-87.440559, 33.928159], [-87.440171, 33.92567], [-87.439822, 33.92471], [-87.439255, 33.923731], [-87.43865, 33.923124], [-87.437961, 33.92265], [-87.435621, 33.92159], [-87.433968, 33.920449], [-87.431956, 33.919451], [-87.431051, 33.918721], [-87.43065, 33.918209], [-87.428654, 33.914552], [-87.428409, 33.914179], [-87.427605, 33.913419], [-87.426534, 33.912844], [-87.422735, 33.911441], [-87.42227, 33.911174], [-87.419657, 33.909325], [-87.418151, 33.908379], [-87.40864, 33.903872], [-87.407972, 33.903493], [-87.405194, 33.901338], [-87.404366, 33.900885], [-87.38991, 33.895261], [-87.389314, 33.895085], [-87.386685, 33.894565], [-87.385515, 33.89416], [-87.385, 33.893846], [-87.384422, 33.89332], [-87.381937, 33.8902], [-87.38138, 33.889702], [-87.38063, 33.889263], [-87.37992, 33.888978], [-87.374061, 33.887502], [-87.372432, 33.887222], [-87.361055, 33.887795], [-87.360061, 33.887781], [-87.359419, 33.887676], [-87.35885, 33.887518], [-87.357895, 33.88708], [-87.357127, 33.886521], [-87.356538, 33.885878], [-87.355671, 33.884705], [-87.355047, 33.884081], [-87.350372, 33.880126], [-87.349242, 33.8795], [-87.348463, 33.879276], [-87.347727, 33.879172], [-87.343067, 33.878877], [-87.339859, 33.879229], [-87.335541, 33.87931], [-87.334673, 33.879156], [-87.333843, 33.878869], [-87.33195, 33.877815], [-87.331121, 33.877216], [-87.330825, 33.876906], [-87.328441, 33.873725], [-87.327927, 33.873199], [-87.327457, 33.872863], [-87.326347, 33.872394], [-87.323118, 33.871557], [-87.322335, 33.871204], [-87.318922, 33.868692], [-87.318535, 33.868276], [-87.31834, 33.867929], [-87.317954, 33.866685], [-87.317636, 33.866027], [-87.316334, 33.864486], [-87.315465, 33.863179], [-87.313352, 33.859315], [-87.312766, 33.858546], [-87.312305, 33.858216], [-87.308194, 33.856169], [-87.305744, 33.854468], [-87.304936, 33.853726], [-87.30364, 33.852092], [-87.303, 33.851553], [-87.301203, 33.850677], [-87.300367, 33.850049], [-87.299902, 33.849453], [-87.29914, 33.847586], [-87.298863, 33.847063], [-87.298419, 33.846468], [-87.29808, 33.846136], [-87.297275, 33.845533], [-87.29406, 33.843423], [-87.293607, 33.842999], [-87.292454, 33.84142], [-87.292015, 33.840945], [-87.277755, 33.829482], [-87.276578, 33.828876], [-87.274458, 33.828079], [-87.273706, 33.827433], [-87.273205, 33.826576], [-87.273064, 33.826021], [-87.272937, 33.820833], [-87.272858, 33.820121], [-87.272611, 33.819097], [-87.269602, 33.81194], [-87.267025, 33.806076], [-87.266505, 33.804737], [-87.266406, 33.803812], [-87.26656, 33.802892], [-87.266773, 33.802362], [-87.267736, 33.80051], [-87.268152, 33.7999], [-87.268632, 33.799447], [-87.269234, 33.799081], [-87.269944, 33.79884], [-87.278263, 33.797858], [-87.279076, 33.797911], [-87.280253, 33.798143], [-87.280831, 33.79832], [-87.281895, 33.798827], [-87.282978, 33.799496], [-87.283491, 33.799973], [-87.284513, 33.801163], [-87.285247, 33.801576], [-87.286106, 33.801745], [-87.286996, 33.801698], [-87.28768, 33.801451], [-87.288131, 33.80117], [-87.288729, 33.800635], [-87.288942, 33.800312], [-87.289177, 33.799835], [-87.289332, 33.799045], [-87.289023, 33.797609], [-87.287667, 33.792411], [-87.287541, 33.791693], [-87.287592, 33.790795], [-87.287678, 33.790409], [-87.288118, 33.789444], [-87.289091, 33.788133], [-87.289462, 33.787779], [-87.290137, 33.787402], [-87.291015, 33.787168], [-87.29349, 33.786916], [-87.294469, 33.786744], [-87.297055, 33.785935], [-87.298042, 33.785316], [-87.298305, 33.785003], [-87.299356, 33.782823], [-87.299775, 33.782203], [-87.300349, 33.781628], [-87.301432, 33.780745], [-87.301695, 33.780375], [-87.30185, 33.779855], [-87.302039, 33.776997], [-87.302123, 33.776471], [-87.302373, 33.775708], [-87.303602, 33.772863], [-87.304034, 33.771626], [-87.304181, 33.770961], [-87.304212, 33.769898], [-87.304115, 33.768918], [-87.303614, 33.767534], [-87.303158, 33.766674], [-87.298019, 33.75963], [-87.296247, 33.756714], [-87.295676, 33.755372], [-87.295429, 33.754133], [-87.29527, 33.749466], [-87.295172, 33.748633], [-87.294256, 33.744235], [-87.293543, 33.740986], [-87.293132, 33.739482], [-87.291981, 33.735823], [-87.291687, 33.733697], [-87.291395, 33.733048], [-87.290713, 33.7321]]}}, {"type": "Feature", "properties": {"company": "Southern Railway", "line": "Southern Railway: Tuscumbia \u2013 Parrish", "id": "sou-tuscumbia-parrish", "color": "#006747", "mode": "intercity_rail", "avg_speed_kmh": 40, "speed_source": "estimated: secondary line; unsourced", "geometry_source": "Real-traced from OpenStreetMap (ODbL) via Overpass along the Norfolk Southern NA / West End District -- 'NA' for Northern Alabama -- routed from the Memphis District main line near Tuscumbia through Norala Junction, Russellville, Phil Campbell, Haleyville, Lynn, Nauvoo and Jasper to Parrish.", "geometry_quality": "Real-traced, 786 points, no straight-line connectors. Traced 96.4 mi against 95.6 mi documented (Tuscumbia 0.0 to Parrish 95.6 in the gazetteer), 0.8% over; every named station falls within 0.9 km of the drawn line. The first 2.9 mi, Tuscumbia to Norala Junction, are main-line trackage shared with the Memphis and Charleston features above, so that stretch is drawn twice in this layer -- correctly, since the Parrish trains ran into Tuscumbia over it. LATER ALIGNMENT for that shared stretch, for the 1916 reason given above. The line continued south of Parrish to a Georgia Pacific connection west of Birmingham; that extension is not drawn.", "segments": [{"start": 1939, "end": 1948, "headway_min": 480, "note": "The Northern Alabama was absorbed into the Southern Railway in 1939. THE 1948 END IS THE LAST POSITIVE EVIDENCE FOUND, NOT A DOCUMENTED LAST TRAIN: Cameron, MP 87.1 between Jasper and Calumet, is listed in a 1948 company timetable, so passenger service still ran then. No source consulted names the date it stopped. Do not read the 1948 as an event. Frequency estimated/unsourced.", "sources": ["NOT SOURCED AT SEGMENT LEVEL: the 1939 start is sourced; the 1948 end is the last timetable evidence found, as the note says. References for the line:", "https://www.branchline.uk/jfpdf/alabamarrs.pdf (Alabama Railroads SL244, passenger stations and stops: section 21 Chattanooga-Chewalla, 22 Tuscumbia-Parrish, 23 Sheffield-Florence)", "http://www.freestateofwinston.org/railroad.htm"]}]}, "geometry": {"type": "LineString", "coordinates": [[-87.708024, 34.751305], [-87.699729, 34.757946], [-87.69915, 34.758249], [-87.698688, 34.758367], [-87.697453, 34.758494], [-87.694133, 34.758477], [-87.693062, 34.758414], [-87.692497, 34.758273], [-87.691925, 34.758015], [-87.691201, 34.757458], [-87.690007, 34.756175], [-87.683173, 34.750353], [-87.682776, 34.749895], [-87.681575, 34.747708], [-87.680281, 34.745839], [-87.679652, 34.745239], [-87.677107, 34.743407], [-87.676424, 34.742767], [-87.676077, 34.742139], [-87.675888, 34.741429], [-87.675724, 34.734077], [-87.675534, 34.733216], [-87.675358, 34.732821], [-87.674934, 34.73221], [-87.669545, 34.726183], [-87.668808, 34.725455], [-87.667355, 34.724409], [-87.659703, 34.719607], [-87.658474, 34.719158], [-87.654478, 34.718137], [-87.653976, 34.717955], [-87.653417, 34.717703], [-87.652822, 34.717312], [-87.651732, 34.716448], [-87.650855, 34.715957], [-87.650062, 34.715684], [-87.648883, 34.715454], [-87.655113, 34.716024], [-87.655957, 34.715997], [-87.656739, 34.715753], [-87.657088, 34.715524], [-87.657581, 34.715], [-87.657802, 34.714509], [-87.659812, 34.683831], [-87.660008, 34.680367], [-87.659987, 34.679762], [-87.659904, 34.679246], [-87.659523, 34.678205], [-87.652762, 34.664781], [-87.652097, 34.663758], [-87.651403, 34.662843], [-87.643859, 34.653536], [-87.643667, 34.653107], [-87.643569, 34.652644], [-87.643604, 34.652139], [-87.643777, 34.651707], [-87.644851, 34.64975], [-87.645374, 34.648993], [-87.647917, 34.646505], [-87.648587, 34.645629], [-87.648879, 34.644974], [-87.649158, 34.642842], [-87.649405, 34.640085], [-87.649241, 34.638852], [-87.649022, 34.638236], [-87.648748, 34.637736], [-87.648414, 34.637231], [-87.645936, 34.634769], [-87.645456, 34.634045], [-87.645302, 34.633684], [-87.645206, 34.63302], [-87.645216, 34.632488], [-87.645405, 34.631928], [-87.645572, 34.631551], [-87.645972, 34.631008], [-87.650035, 34.626828], [-87.650626, 34.626195], [-87.651246, 34.625384], [-87.65286, 34.622304], [-87.653455, 34.620901], [-87.653973, 34.618993], [-87.654207, 34.61842], [-87.657157, 34.613436], [-87.657345, 34.612578], [-87.657264, 34.61212], [-87.65689, 34.611373], [-87.656428, 34.610875], [-87.656132, 34.610332], [-87.656059, 34.609606], [-87.656148, 34.609153], [-87.656401, 34.608778], [-87.656787, 34.608411], [-87.658611, 34.607312], [-87.659174, 34.606817], [-87.659544, 34.606283], [-87.659651, 34.605749], [-87.659658, 34.604527], [-87.659881, 34.603888], [-87.660171, 34.603459], [-87.660984, 34.602722], [-87.662923, 34.601507], [-87.663337, 34.601042], [-87.663961, 34.59997], [-87.664334, 34.599609], [-87.664617, 34.599397], [-87.665982, 34.598661], [-87.666555, 34.598215], [-87.667505, 34.59686], [-87.668474, 34.595047], [-87.668852, 34.594539], [-87.673441, 34.590533], [-87.673738, 34.590186], [-87.6745, 34.589045], [-87.675514, 34.587417], [-87.675863, 34.586538], [-87.676053, 34.585664], [-87.679616, 34.568403], [-87.679812, 34.567888], [-87.683615, 34.559959], [-87.686734, 34.55526], [-87.687062, 34.554511], [-87.687579, 34.552521], [-87.687547, 34.550895], [-87.687636, 34.550468], [-87.68782, 34.550031], [-87.688103, 34.54956], [-87.688572, 34.549038], [-87.689691, 34.548194], [-87.690356, 34.547863], [-87.692644, 34.547021], [-87.6932, 34.546738], [-87.693719, 34.546325], [-87.694248, 34.545706], [-87.695079, 34.543421], [-87.695752, 34.542578], [-87.696296, 34.542167], [-87.697841, 34.541437], [-87.704338, 34.538636], [-87.705844, 34.538214], [-87.709439, 34.537589], [-87.709922, 34.537423], [-87.710859, 34.536774], [-87.711676, 34.535591], [-87.71236, 34.535015], [-87.713121, 34.534651], [-87.715097, 34.534118], [-87.715676, 34.533791], [-87.715982, 34.533539], [-87.716567, 34.532805], [-87.723992, 34.516892], [-87.724347, 34.515898], [-87.724552, 34.514774], [-87.724623, 34.511943], [-87.724832, 34.510536], [-87.725466, 34.508949], [-87.732735, 34.497979], [-87.733607, 34.49629], [-87.734001, 34.495229], [-87.734437, 34.493629], [-87.734718, 34.49215], [-87.734956, 34.489652], [-87.734849, 34.488301], [-87.734361, 34.484767], [-87.734385, 34.483455], [-87.734643, 34.482345], [-87.735222, 34.480361], [-87.736606, 34.476141], [-87.736923, 34.475464], [-87.73755, 34.474553], [-87.745534, 34.465258], [-87.75139, 34.456961], [-87.75169, 34.45651], [-87.752013, 34.455672], [-87.752083, 34.454841], [-87.751817, 34.451938], [-87.751557, 34.451201], [-87.75102, 34.450569], [-87.750132, 34.44992], [-87.749545, 34.449631], [-87.748953, 34.449361], [-87.746697, 34.44857], [-87.74607, 34.448123], [-87.744655, 34.446762], [-87.74392, 34.446225], [-87.742875, 34.44563], [-87.74146, 34.445166], [-87.73989, 34.444923], [-87.739354, 34.444746], [-87.738555, 34.444322], [-87.738137, 34.44392], [-87.737791, 34.443438], [-87.737601, 34.442806], [-87.737526, 34.442245], [-87.737676, 34.440817], [-87.737579, 34.440092], [-87.736958, 34.438637], [-87.736663, 34.43701], [-87.736395, 34.436405], [-87.735532, 34.435189], [-87.735339, 34.434738], [-87.73523, 34.434191], [-87.73527, 34.433567], [-87.736301, 34.428093], [-87.737924, 34.423147], [-87.738253, 34.422421], [-87.738936, 34.421386], [-87.739112, 34.420471], [-87.739075, 34.420051], [-87.738919, 34.419467], [-87.737762, 34.41715], [-87.737263, 34.416686], [-87.736808, 34.416337], [-87.735403, 34.415709], [-87.733104, 34.414935], [-87.732766, 34.414661], [-87.73241, 34.414254], [-87.732262, 34.41369], [-87.732284, 34.413328], [-87.732394, 34.413018], [-87.733307, 34.411835], [-87.733787, 34.410692], [-87.733862, 34.409816], [-87.733767, 34.409129], [-87.732403, 34.405828], [-87.730411, 34.401277], [-87.72142, 34.378799], [-87.721273, 34.378098], [-87.721173, 34.37684], [-87.720923, 34.375919], [-87.720471, 34.375046], [-87.719292, 34.37349], [-87.719043, 34.372988], [-87.718621, 34.371359], [-87.718407, 34.371026], [-87.718099, 34.370711], [-87.717747, 34.37047], [-87.714148, 34.368608], [-87.713243, 34.368252], [-87.711903, 34.368026], [-87.711168, 34.367816], [-87.709927, 34.367206], [-87.709299, 34.366609], [-87.709017, 34.365916], [-87.708971, 34.364381], [-87.708727, 34.363514], [-87.706715, 34.360221], [-87.706346, 34.35945], [-87.706057, 34.358607], [-87.705817, 34.357542], [-87.705666, 34.356316], [-87.705482, 34.352696], [-87.705259, 34.351889], [-87.704925, 34.351268], [-87.701964, 34.34667], [-87.701043, 34.345353], [-87.700166, 34.344544], [-87.692756, 34.339055], [-87.690129, 34.335446], [-87.689091, 34.333833], [-87.688853, 34.333203], [-87.68868, 34.332332], [-87.688716, 34.331753], [-87.689157, 34.330482], [-87.68992, 34.32883], [-87.690472, 34.327877], [-87.691094, 34.327219], [-87.693106, 34.325404], [-87.694139, 34.323884], [-87.694734, 34.322755], [-87.695698, 34.318049], [-87.695941, 34.316695], [-87.696035, 34.315664], [-87.695982, 34.314957], [-87.69574, 34.314156], [-87.695176, 34.313079], [-87.69328, 34.310004], [-87.692811, 34.309045], [-87.692586, 34.308399], [-87.69245, 34.307819], [-87.691529, 34.301117], [-87.691558, 34.299907], [-87.69165, 34.299375], [-87.691861, 34.29856], [-87.692731, 34.295921], [-87.69864, 34.278184], [-87.702611, 34.269787], [-87.702748, 34.269117], [-87.702717, 34.268632], [-87.702292, 34.26743], [-87.700703, 34.263993], [-87.700196, 34.263078], [-87.699664, 34.262375], [-87.699139, 34.261825], [-87.698576, 34.261301], [-87.69789, 34.260781], [-87.687359, 34.25384], [-87.682608, 34.25061], [-87.681093, 34.249795], [-87.679531, 34.249253], [-87.671156, 34.244319], [-87.670225, 34.243989], [-87.659635, 34.2422], [-87.658944, 34.242013], [-87.658307, 34.241752], [-87.657789, 34.241451], [-87.653286, 34.238676], [-87.652671, 34.238176], [-87.651853, 34.237306], [-87.651517, 34.237044], [-87.650785, 34.236687], [-87.649447, 34.236196], [-87.649028, 34.236094], [-87.648129, 34.236011], [-87.647113, 34.236136], [-87.645063, 34.236548], [-87.644612, 34.236593], [-87.64374, 34.236521], [-87.632185, 34.233359], [-87.63125, 34.23293], [-87.626796, 34.229933], [-87.626399, 34.229635], [-87.625808, 34.229023], [-87.62544, 34.228373], [-87.625247, 34.227694], [-87.62524, 34.22711], [-87.6254, 34.226416], [-87.625712, 34.225808], [-87.628137, 34.222803], [-87.628726, 34.221946], [-87.629299, 34.220812], [-87.629529, 34.220121], [-87.630681, 34.213984], [-87.631099, 34.212484], [-87.631563, 34.20391], [-87.631479, 34.20321], [-87.631265, 34.20266], [-87.630467, 34.201564], [-87.629375, 34.200375], [-87.628114, 34.199442], [-87.627618, 34.198906], [-87.627307, 34.198289], [-87.626969, 34.197054], [-87.626542, 34.196402], [-87.624691, 34.194363], [-87.623422, 34.19347], [-87.622831, 34.192953], [-87.622215, 34.192018], [-87.620599, 34.189186], [-87.619961, 34.188259], [-87.61971, 34.18802], [-87.618976, 34.187568], [-87.61737, 34.187008], [-87.614145, 34.185349], [-87.611548, 34.183654], [-87.611098, 34.183266], [-87.610783, 34.182892], [-87.610559, 34.182493], [-87.610286, 34.181646], [-87.609893, 34.180021], [-87.608982, 34.177579], [-87.608409, 34.173567], [-87.608221, 34.172874], [-87.607026, 34.169828], [-87.606884, 34.169308], [-87.606825, 34.168732], [-87.606935, 34.168024], [-87.609146, 34.162822], [-87.609249, 34.162454], [-87.609275, 34.161994], [-87.609188, 34.161244], [-87.608585, 34.15907], [-87.608523, 34.158432], [-87.608567, 34.157844], [-87.609038, 34.155536], [-87.608988, 34.150563], [-87.60904, 34.149965], [-87.609198, 34.149464], [-87.609634, 34.148801], [-87.61041, 34.148186], [-87.614766, 34.145759], [-87.615449, 34.145234], [-87.615772, 34.144821], [-87.61603, 34.144342], [-87.616212, 34.143822], [-87.61628, 34.143261], [-87.61603, 34.141412], [-87.616124, 34.140712], [-87.616253, 34.140411], [-87.617235, 34.138536], [-87.618557, 34.137384], [-87.619617, 34.136152], [-87.621507, 34.135022], [-87.622848, 34.133825], [-87.624492, 34.132758], [-87.625239, 34.132513], [-87.627407, 34.132256], [-87.628052, 34.132059], [-87.628622, 34.131781], [-87.629041, 34.131502], [-87.62937, 34.131189], [-87.629862, 34.130319], [-87.629959, 34.129639], [-87.62971, 34.127106], [-87.62931, 34.125606], [-87.629315, 34.12492], [-87.629557, 34.124189], [-87.630734, 34.122706], [-87.630974, 34.122287], [-87.631077, 34.121896], [-87.631085, 34.121427], [-87.630888, 34.120678], [-87.630162, 34.119871], [-87.629286, 34.119454], [-87.628451, 34.119316], [-87.628019, 34.119328], [-87.626201, 34.119675], [-87.625072, 34.119635], [-87.624377, 34.119488], [-87.623464, 34.119145], [-87.621798, 34.118114], [-87.62124, 34.117974], [-87.620347, 34.117891], [-87.619623, 34.117728], [-87.619041, 34.117455], [-87.618245, 34.11673], [-87.617997, 34.116384], [-87.61722, 34.11312], [-87.616977, 34.112575], [-87.616593, 34.112051], [-87.616214, 34.111705], [-87.615913, 34.111536], [-87.614903, 34.111283], [-87.613357, 34.111134], [-87.612664, 34.110917], [-87.612014, 34.110594], [-87.611582, 34.110185], [-87.611287, 34.109744], [-87.61103, 34.109103], [-87.610828, 34.107565], [-87.61033, 34.106786], [-87.609483, 34.106186], [-87.609039, 34.105987], [-87.607692, 34.105688], [-87.606979, 34.105379], [-87.606179, 34.104789], [-87.60567, 34.10394], [-87.604972, 34.10252], [-87.604578, 34.101979], [-87.603294, 34.10102], [-87.602747, 34.100468], [-87.602161, 34.099492], [-87.601948, 34.098618], [-87.601348, 34.094895], [-87.601353, 34.094607], [-87.601613, 34.093716], [-87.602072, 34.092726], [-87.602339, 34.091897], [-87.602445, 34.091112], [-87.602366, 34.090131], [-87.601848, 34.08876], [-87.600217, 34.086091], [-87.59979, 34.085608], [-87.598881, 34.084812], [-87.597988, 34.08431], [-87.5949, 34.082963], [-87.593819, 34.082232], [-87.593067, 34.081439], [-87.588537, 34.07525], [-87.587662, 34.074427], [-87.585662, 34.072969], [-87.585023, 34.072287], [-87.584313, 34.071173], [-87.583889, 34.070637], [-87.583426, 34.070215], [-87.582106, 34.069411], [-87.581665, 34.069001], [-87.581394, 34.068619], [-87.581202, 34.068137], [-87.581076, 34.066654], [-87.580868, 34.066242], [-87.580628, 34.065962], [-87.579854, 34.06549], [-87.577647, 34.064808], [-87.576757, 34.064465], [-87.576346, 34.064208], [-87.575804, 34.063681], [-87.575014, 34.0625], [-87.574653, 34.061717], [-87.573622, 34.059053], [-87.573374, 34.058644], [-87.572951, 34.058211], [-87.572312, 34.057836], [-87.571837, 34.057678], [-87.568949, 34.057093], [-87.567626, 34.056558], [-87.566856, 34.056102], [-87.566477, 34.055759], [-87.566147, 34.055304], [-87.565181, 34.052825], [-87.564893, 34.052354], [-87.564298, 34.05178], [-87.563552, 34.051382], [-87.562521, 34.051124], [-87.560795, 34.050926], [-87.559911, 34.051024], [-87.55787, 34.051509], [-87.556746, 34.051552], [-87.55572, 34.051348], [-87.55374, 34.050448], [-87.552825, 34.04975], [-87.548418, 34.045317], [-87.54812, 34.045076], [-87.547361, 34.044648], [-87.545202, 34.043806], [-87.544486, 34.043457], [-87.543772, 34.042785], [-87.543005, 34.04158], [-87.542694, 34.041212], [-87.542271, 34.040837], [-87.541624, 34.040453], [-87.539667, 34.039782], [-87.539248, 34.039699], [-87.538341, 34.039693], [-87.537351, 34.039949], [-87.535708, 34.040962], [-87.535069, 34.041244], [-87.534271, 34.041422], [-87.53368, 34.041424], [-87.53311, 34.041345], [-87.532422, 34.041076], [-87.531642, 34.040536], [-87.531052, 34.039798], [-87.530725, 34.039242], [-87.530375, 34.038848], [-87.529024, 34.037953], [-87.528546, 34.037556], [-87.528264, 34.037177], [-87.527498, 34.03584], [-87.526794, 34.035031], [-87.526014, 34.034348], [-87.525405, 34.034007], [-87.524349, 34.03364], [-87.523008, 34.033328], [-87.522181, 34.033221], [-87.518086, 34.033155], [-87.516458, 34.032999], [-87.515408, 34.032709], [-87.514686, 34.032391], [-87.511154, 34.030241], [-87.510655, 34.029809], [-87.510371, 34.029394], [-87.510082, 34.028801], [-87.50966, 34.026456], [-87.509233, 34.025308], [-87.508825, 34.024659], [-87.507628, 34.023496], [-87.503322, 34.020902], [-87.50266, 34.020625], [-87.500709, 34.020068], [-87.500186, 34.019856], [-87.497799, 34.018587], [-87.496867, 34.017986], [-87.495213, 34.016253], [-87.4908, 34.013826], [-87.489152, 34.012567], [-87.488043, 34.011288], [-87.485524, 34.009077], [-87.484954, 34.008469], [-87.484479, 34.00758], [-87.484285, 34.006895], [-87.484241, 34.00638], [-87.484507, 34.004679], [-87.484407, 34.002105], [-87.48496, 34.000506], [-87.485079, 33.999645], [-87.48485, 33.99794], [-87.48496, 33.997386], [-87.48647, 33.993485], [-87.486803, 33.993051], [-87.488636, 33.991366], [-87.489073, 33.990652], [-87.490401, 33.986168], [-87.491899, 33.982546], [-87.493886, 33.978207], [-87.493995, 33.977539], [-87.493977, 33.976852], [-87.492903, 33.973354], [-87.492345, 33.972411], [-87.492107, 33.971679], [-87.491763, 33.965036], [-87.49164, 33.964638], [-87.489564, 33.959978], [-87.489201, 33.9593], [-87.483956, 33.952819], [-87.481711, 33.949648], [-87.481281, 33.949146], [-87.477238, 33.945752], [-87.473511, 33.941334], [-87.471741, 33.939957], [-87.467737, 33.937014], [-87.46702, 33.936622], [-87.46644, 33.936386], [-87.465265, 33.936121], [-87.459506, 33.934984], [-87.458985, 33.934929], [-87.457983, 33.934981], [-87.455115, 33.935376], [-87.45296, 33.935538], [-87.451439, 33.935411], [-87.447482, 33.934926], [-87.446688, 33.934686], [-87.445812, 33.934234], [-87.444829, 33.933444], [-87.441393, 33.929709], [-87.440976, 33.92915], [-87.440719, 33.928672], [-87.440559, 33.928159], [-87.440171, 33.92567], [-87.439822, 33.92471], [-87.439255, 33.923731], [-87.43865, 33.923124], [-87.437961, 33.92265], [-87.435621, 33.92159], [-87.433968, 33.920449], [-87.431956, 33.919451], [-87.431051, 33.918721], [-87.43065, 33.918209], [-87.428654, 33.914552], [-87.428409, 33.914179], [-87.427605, 33.913419], [-87.426534, 33.912844], [-87.422735, 33.911441], [-87.42227, 33.911174], [-87.419657, 33.909325], [-87.418151, 33.908379], [-87.40864, 33.903872], [-87.407972, 33.903493], [-87.405194, 33.901338], [-87.404366, 33.900885], [-87.38991, 33.895261], [-87.389314, 33.895085], [-87.386685, 33.894565], [-87.385515, 33.89416], [-87.385, 33.893846], [-87.384422, 33.89332], [-87.381937, 33.8902], [-87.38138, 33.889702], [-87.38063, 33.889263], [-87.37992, 33.888978], [-87.374061, 33.887502], [-87.372432, 33.887222], [-87.361055, 33.887795], [-87.360061, 33.887781], [-87.359419, 33.887676], [-87.35885, 33.887518], [-87.357895, 33.88708], [-87.357127, 33.886521], [-87.356538, 33.885878], [-87.355671, 33.884705], [-87.355047, 33.884081], [-87.350372, 33.880126], [-87.349242, 33.8795], [-87.348463, 33.879276], [-87.347727, 33.879172], [-87.343067, 33.878877], [-87.339859, 33.879229], [-87.335541, 33.87931], [-87.334673, 33.879156], [-87.333843, 33.878869], [-87.33195, 33.877815], [-87.331121, 33.877216], [-87.330825, 33.876906], [-87.328441, 33.873725], [-87.327927, 33.873199], [-87.327457, 33.872863], [-87.326347, 33.872394], [-87.323118, 33.871557], [-87.322335, 33.871204], [-87.318922, 33.868692], [-87.318535, 33.868276], [-87.31834, 33.867929], [-87.317954, 33.866685], [-87.317636, 33.866027], [-87.316334, 33.864486], [-87.315465, 33.863179], [-87.313352, 33.859315], [-87.312766, 33.858546], [-87.312305, 33.858216], [-87.308194, 33.856169], [-87.305744, 33.854468], [-87.304936, 33.853726], [-87.30364, 33.852092], [-87.303, 33.851553], [-87.301203, 33.850677], [-87.300367, 33.850049], [-87.299902, 33.849453], [-87.29914, 33.847586], [-87.298863, 33.847063], [-87.298419, 33.846468], [-87.29808, 33.846136], [-87.297275, 33.845533], [-87.29406, 33.843423], [-87.293607, 33.842999], [-87.292454, 33.84142], [-87.292015, 33.840945], [-87.277755, 33.829482], [-87.276578, 33.828876], [-87.274458, 33.828079], [-87.273706, 33.827433], [-87.273205, 33.826576], [-87.273064, 33.826021], [-87.272937, 33.820833], [-87.272858, 33.820121], [-87.272611, 33.819097], [-87.269602, 33.81194], [-87.267025, 33.806076], [-87.266505, 33.804737], [-87.266406, 33.803812], [-87.26656, 33.802892], [-87.266773, 33.802362], [-87.267736, 33.80051], [-87.268152, 33.7999], [-87.268632, 33.799447], [-87.269234, 33.799081], [-87.269944, 33.79884], [-87.278263, 33.797858], [-87.279076, 33.797911], [-87.280253, 33.798143], [-87.280831, 33.79832], [-87.281895, 33.798827], [-87.282978, 33.799496], [-87.283491, 33.799973], [-87.284513, 33.801163], [-87.285247, 33.801576], [-87.286106, 33.801745], [-87.286996, 33.801698], [-87.28768, 33.801451], [-87.288131, 33.80117], [-87.288729, 33.800635], [-87.288942, 33.800312], [-87.289177, 33.799835], [-87.289332, 33.799045], [-87.289023, 33.797609], [-87.287667, 33.792411], [-87.287541, 33.791693], [-87.287592, 33.790795], [-87.287678, 33.790409], [-87.288118, 33.789444], [-87.289091, 33.788133], [-87.289462, 33.787779], [-87.290137, 33.787402], [-87.291015, 33.787168], [-87.29349, 33.786916], [-87.294469, 33.786744], [-87.297055, 33.785935], [-87.298042, 33.785316], [-87.298305, 33.785003], [-87.299356, 33.782823], [-87.299775, 33.782203], [-87.300349, 33.781628], [-87.301432, 33.780745], [-87.301695, 33.780375], [-87.30185, 33.779855], [-87.302039, 33.776997], [-87.302123, 33.776471], [-87.302373, 33.775708], [-87.303602, 33.772863], [-87.304034, 33.771626], [-87.304181, 33.770961], [-87.304212, 33.769898], [-87.304115, 33.768918], [-87.303614, 33.767534], [-87.303158, 33.766674], [-87.298019, 33.75963], [-87.296247, 33.756714], [-87.295676, 33.755372], [-87.295429, 33.754133], [-87.29527, 33.749466], [-87.295172, 33.748633], [-87.294256, 33.744235], [-87.293543, 33.740986], [-87.293132, 33.739482], [-87.291981, 33.735823], [-87.291687, 33.733697], [-87.291395, 33.733048], [-87.290713, 33.7321]]}}, {"type": "Feature", "properties": {"company": "The Sheffield Company", "line": "Sheffield Company: Florence \u2013 Tuscumbia", "id": "sheffield-co-shoals-interurban", "color": "#D02578", "mode": "interurban", "avg_speed_kmh": 22, "speed_source": "estimated: street-running electric cars; unsourced", "geometry_source": "Approximated on the present-day street grid from OpenStreetMap (ODbL) via Overpass, downtown Tuscumbia to downtown Sheffield to downtown Florence, crossing the Tennessee River on the traced Old Railroad Bridge alignment used by mc-sheffield-florence.", "geometry_quality": "APPROXIMATE, 48 points, 7.4 mi. Only the river crossing is properly sourced geometry: the cars are documented to have run to Florence over the railroad portion of the Tennessee River bridge, and that 2.7 km is the traced rail alignment. The other 5.7 mi -- Tuscumbia to Sheffield, Sheffield out to the bridge, and the bridge into downtown Florence -- are shortest-path routes over today's streets between the three downtowns. NO SOURCE NAMING THE STREETS THE CARS ACTUALLY USED HAS BEEN CONSULTED, and no route mileage is documented to check the drawn length against. Treat the shape of this feature as a placeholder for a line that certainly existed on roughly this corridor, not as a traced route.", "segments": [{"start": 1904, "end": 1924, "headway_min": 60, "note": "The electric railway that tied the three Shoals cities together, and the reason the Southern's Sheffield-Florence local trains stopped in 1904. The Sheffield Company was founded that year to supply water and electricity to Sheffield, Florence and Tuscumbia, and ran a streetcar line between them. The Sheffield-Florence electric car line opened Jun 18 1904; in July 1904 the first car crossed to Florence over the railroad portion of the Tennessee River bridge, 'and thereafter hourly service was established' -- so the 60-minute headway on this segment is SOURCED, not estimated, unusually for this repository. Tagged interurban, not streetcar, under Rule 7: Florence, Sheffield and Tuscumbia were three separate incorporated cities and the line was built to join them, crossing a major river to do it. An earlier steam dummy line ran under the Sheffield Street Railway Company from 1891 to 1895; whether it followed this route is not sourced, so it is not drawn. Passed to Alabama Power in 1924.", "sources": ["Segment-level: this segment's own note names the source for its dates and service. Supporting references:", "https://encyclopediaofalabama.org/article/sheffield/", "https://roar.una.edu/shoals_history_images/14/", "https://oldrailroadbridge.com/old-railroad-bridge-landmark/", "https://www.chicagorailfan.com/aatal2.html", "https://www.historic-structures.com/al/florence/tennessee_river_bridge1.php"]}]}, "geometry": {"type": "LineString", "coordinates": [[-87.703137, 34.731377], [-87.703586, 34.731386], [-87.703266, 34.745754], [-87.703099, 34.746026], [-87.698871, 34.749453], [-87.698651, 34.760844], [-87.695202, 34.760809], [-87.695154, 34.763935], [-87.692163, 34.763868], [-87.691992, 34.763924], [-87.682875, 34.771183], [-87.682084, 34.771718], [-87.68097, 34.772232], [-87.679522, 34.772647], [-87.678662, 34.772782], [-87.677836, 34.772826], [-87.671175, 34.772672], [-87.669873, 34.772451], [-87.669397, 34.772284], [-87.669131, 34.773261], [-87.66912, 34.773891], [-87.668409, 34.773888], [-87.667335, 34.773726], [-87.666714, 34.77371], [-87.666607, 34.774812], [-87.666508, 34.77486], [-87.666646, 34.776478], [-87.666854, 34.777842], [-87.667736, 34.78039], [-87.670665, 34.786588], [-87.671282, 34.788668], [-87.671418, 34.789876], [-87.671384, 34.79129], [-87.668512, 34.791829], [-87.671092, 34.791991], [-87.668456, 34.792063], [-87.668327, 34.792306], [-87.66846, 34.79238], [-87.66967, 34.790719], [-87.670091, 34.791145], [-87.67064, 34.791899], [-87.672499, 34.794797], [-87.671195, 34.795393], [-87.671743, 34.796272], [-87.673085, 34.795693], [-87.675926, 34.800157], [-87.677209, 34.799599], [-87.677278, 34.799708]]}}, {"type": "Feature", "properties": {"company": "Alabama Power Company", "line": "Alabama Power: Florence \u2013 Tuscumbia", "id": "alabama-power-shoals-interurban", "color": "#A3D01B", "mode": "interurban", "avg_speed_kmh": 22, "speed_source": "estimated: street-running electric cars; unsourced", "geometry_source": "Approximated on the present-day street grid from OpenStreetMap (ODbL) via Overpass, downtown Tuscumbia to downtown Sheffield to downtown Florence, crossing the Tennessee River on the traced Old Railroad Bridge alignment used by mc-sheffield-florence.", "geometry_quality": "APPROXIMATE, 48 points, 7.4 mi. Only the river crossing is properly sourced geometry: the cars are documented to have run to Florence over the railroad portion of the Tennessee River bridge, and that 2.7 km is the traced rail alignment. The other 5.7 mi -- Tuscumbia to Sheffield, Sheffield out to the bridge, and the bridge into downtown Florence -- are shortest-path routes over today's streets between the three downtowns. NO SOURCE NAMING THE STREETS THE CARS ACTUALLY USED HAS BEEN CONSULTED, and no route mileage is documented to check the drawn length against. Treat the shape of this feature as a placeholder for a line that certainly existed on roughly this corridor, not as a traced route.", "segments": [{"start": 1924, "end": 1933, "headway_min": 60, "note": "Alabama Power took the streetcars over from the Sheffield Company in 1924 and ran them for nine more years. THE END IS SOURCED TO THE HOUR: the last car crossed at midnight on Feb 3 1933, after which buses -- Burns Transportation Company, then Shoals Transit from 1941 -- replaced them. The headway is carried over from the hourly service established in 1904 and is not separately sourced for the Alabama Power years.", "sources": ["Segment-level: this segment's own note names the source for its dates and service. Supporting references:", "https://oldrailroadbridge.com/old-railroad-bridge-landmark/", "https://www.chicagorailfan.com/aatal2.html", "https://encyclopediaofalabama.org/article/sheffield/"]}]}, "geometry": {"type": "LineString", "coordinates": [[-87.703137, 34.731377], [-87.703586, 34.731386], [-87.703266, 34.745754], [-87.703099, 34.746026], [-87.698871, 34.749453], [-87.698651, 34.760844], [-87.695202, 34.760809], [-87.695154, 34.763935], [-87.692163, 34.763868], [-87.691992, 34.763924], [-87.682875, 34.771183], [-87.682084, 34.771718], [-87.68097, 34.772232], [-87.679522, 34.772647], [-87.678662, 34.772782], [-87.677836, 34.772826], [-87.671175, 34.772672], [-87.669873, 34.772451], [-87.669397, 34.772284], [-87.669131, 34.773261], [-87.66912, 34.773891], [-87.668409, 34.773888], [-87.667335, 34.773726], [-87.666714, 34.77371], [-87.666607, 34.774812], [-87.666508, 34.77486], [-87.666646, 34.776478], [-87.666854, 34.777842], [-87.667736, 34.78039], [-87.670665, 34.786588], [-87.671282, 34.788668], [-87.671418, 34.789876], [-87.671384, 34.79129], [-87.668512, 34.791829], [-87.671092, 34.791991], [-87.668456, 34.792063], [-87.668327, 34.792306], [-87.66846, 34.79238], [-87.66967, 34.790719], [-87.670091, 34.791145], [-87.67064, 34.791899], [-87.672499, 34.794797], [-87.671195, 34.795393], [-87.671743, 34.796272], [-87.673085, 34.795693], [-87.675926, 34.800157], [-87.677209, 34.799599], [-87.677278, 34.799708]]}}]}