{"type": "FeatureCollection", "metadata": {"note": "The Frisco's Memphis-Birmingham main line through Tupelo -- the east-west half of the railroad crossing that created the town. The Kansas City, Memphis and Birmingham, incorporated in Mississippi on Feb 18 1886, took over the unfinished Memphis, Birmingham and Atlantic and completed the line from Holly Springs through Tupelo to Birmingham in 1887; the Frisco absorbed it operationally in 1896. Into the late 1950s it still brought the Kansas City-Florida Special, the Memphian and the Sunnyland through Tupelo. The Southland's last run on Dec 9 1967 ended passenger service across the whole of northeast Mississippi. See mobile_and_ohio_tupelo.geojson for the north-south line that crossed it.", "sources": ["https://en.wikipedia.org/wiki/Kansas_City,_Memphis_and_Birmingham_Railroad (incorporated in Mississippi Feb 18 1886, consolidated 1887 with the Memphis and Birmingham Railway; main line Memphis to Birmingham completed 1887, about 276 miles; merged into the Frisco Sep 1 1928)", "https://en.wikipedia.org/wiki/Tupelo,_Mississippi (the KCM&B acquired the unfinished Memphis, Birmingham and Atlantic and completed the line from Holly Springs through Tupelo to Birmingham; operationally absorbed into the Frisco in 1896; the Frisco's Southland ceased running Dec 9 1967, marking the last passenger train in northeast Mississippi)", "https://en.wikipedia.org/wiki/St._Louis%E2%80%93San_Francisco_Railway (the Frisco operated 1876 to Nov 21 1980, when it merged into the Burlington Northern; the Sunnyland among its named trains)", "Named trains serving Tupelo into the late 1950s -- the Kansas City-Florida Special, Memphian and Sunnyland -- are from secondary summaries of Frisco passenger service and have not been checked against a timetable"], "not_yet_sourced": "Headways are estimates and no timetable has been consulted. The 1958 segment boundary is not a documented event: the only anchor is that these trains served Tupelo 'into the late 1950s', so 1958 marks that bound rather than a dated change. Individual end dates for the Kansas City-Florida Special, Memphian and Sunnyland at Tupelo are unknown; only the Southland's Dec 9 1967 finale is dated. The traced length is 235 mi against a documented 276."}, "features": [{"type": "Feature", "properties": {"company": "Kansas City, Memphis and Birmingham Railroad", "line": "Kansas City, Memphis and Birmingham: Memphis \u2013 Birmingham", "id": "kcmb-memphis-tupelo-birmingham", "color": "#B7410E", "mode": "intercity_rail", "avg_speed_kmh": 45, "speed_source": "estimated: 1880s-90s southern main line; unsourced", "geometry_source": "Real-traced from OpenStreetMap (ODbL) via Overpass along the BNSF Birmingham Subdivision, the surviving line that was the Kansas City, Memphis and Birmingham and then the Frisco, routed through Tupelo.", "geometry_quality": "Real-traced, 2559 points; 11% of the drawn length (25.4 mi across 46 places) is straight-line connector inserted where the mapped way network breaks, the rest sits on mapped track. Traced 235.0 mi against the roughly 276 miles quoted for the KCM&B main line Memphis to Birmingham -- the gap is unresolved and may be terminal trackage at both ends, where the trace snaps to the subdivision rather than the city centres. LATER ALIGNMENT: the corridor as it survives today, not a verified 1887 alignment. Straight-line repair 2026-08-29: 1 ruled segment totalling 11 mi replaced with OpenStreetMap-traced rail geometry (see geometry_repairs for the OSM lines each one followed).", "segments": [{"start": 1887, "end": 1896, "headway_min": 480, "note": "The Kansas City, Memphis and Birmingham was incorporated in Mississippi on Feb 18 1886 and consolidated in 1887 with the Memphis and Birmingham Railway. It took over the unfinished Memphis, Birmingham and Atlantic and completed the line from Holly Springs through Tupelo to Birmingham, about 276 miles, in 1887 -- the east-west half of the crossing that made Tupelo a rail hub. Frequency estimated/unsourced", "sources": ["Segment-level: this segment's own note carries the citation for its dates and service. Supporting references for the line:", "https://en.wikipedia.org/wiki/Kansas_City,_Memphis_and_Birmingham_Railroad", "https://en.wikipedia.org/wiki/Tupelo,_Mississippi", "https://en.wikipedia.org/wiki/St._Louis%E2%80%93San_Francisco_Railway"]}], "geometry_repairs": [{"date": "2026-08-29", "from": [-89.86331, 34.992348], "to": [-89.727652, 34.887972], "chord_mi": 10.59, "traced_mi": 10.56, "snap_m": [0, 0], "bridged_mi": 0.0, "osm_lines": ["BNSF Birmingham Subdivision (10.56 mi)"], "method": "Overpass rail graph, 8.0 km corridor, Dijkstra, simplified to 3.0 m"}]}, "geometry": {"type": "LineString", "coordinates": [[-89.872017, 35.002132], [-89.868498, 34.998145], [-89.867844, 34.997405], [-89.865079, 34.994291], [-89.864189, 34.993294], [-89.863809, 34.992869], [-89.86331, 34.992348], [-89.862078, 34.991269], [-89.790534, 34.935561], [-89.788979, 34.93443], [-89.781743, 34.929514], [-89.781043, 34.92893], [-89.780554, 34.92845], [-89.779368, 34.927118], [-89.778614, 34.92636], [-89.77747, 34.925366], [-89.763808, 34.914716], [-89.762674, 34.913915], [-89.745599, 34.90262], [-89.744626, 34.901932], [-89.743229, 34.900782], [-89.731321, 34.889925], [-89.730447, 34.889294], [-89.729571, 34.888791], [-89.727652, 34.887972], [-89.723871, 34.886438], [-89.719019, 34.884463], [-89.718485, 34.884245], [-89.715896, 34.883186], [-89.714851, 34.882758], [-89.706525, 34.87936], [-89.705911, 34.879112], [-89.704873, 34.878692], [-89.70361, 34.878177], [-89.703003, 34.877922], [-89.702762, 34.877827], [-89.701798, 34.877444], [-89.700663, 34.876975], [-89.699969, 34.876696], [-89.699356, 34.876472], [-89.698838, 34.876301], [-89.698056, 34.876058], [-89.697619, 34.875937], [-89.697071, 34.8758], [-89.695744, 34.87547], [-89.695075, 34.875307], [-89.69365, 34.874956], [-89.69278, 34.87474], [-89.692192, 34.874592], [-89.690895, 34.874276], [-89.688646, 34.873722], [-89.687337, 34.873392], [-89.684536, 34.872705], [-89.682676, 34.872254], [-89.681766, 34.87203], [-89.680069, 34.871606], [-89.678894, 34.871304], [-89.677161, 34.870888], [-89.676779, 34.870796], [-89.674908, 34.870346], [-89.674178, 34.870158], [-89.672661, 34.869802], [-89.670699, 34.869298], [-89.668971, 34.868856], [-89.662633, 34.8673], [-89.658274, 34.866199], [-89.657074, 34.865925], [-89.65094, 34.863589], [-89.642413, 34.858554], [-89.629912, 34.851374], [-89.628575, 34.8509], [-89.619994, 34.847752], [-89.618365, 34.847211], [-89.618002, 34.847114], [-89.617786, 34.847064], [-89.614656, 34.846527], [-89.612595, 34.846161], [-89.60434, 34.844785], [-89.602825, 34.844458], [-89.600336, 34.843886], [-89.5972, 34.843187], [-89.595853, 34.8429], [-89.591302, 34.841887], [-89.589981, 34.841558], [-89.58536, 34.840504], [-89.582289, 34.839816], [-89.57989, 34.839242], [-89.578039, 34.838661], [-89.575786, 34.83775], [-89.573918, 34.837071], [-89.571029, 34.836419], [-89.569768, 34.835963], [-89.564732, 34.833354], [-89.563464, 34.832678], [-89.562141, 34.831989], [-89.560758, 34.831269], [-89.560163, 34.830998], [-89.554079, 34.829277], [-89.541769, 34.824831], [-89.541316, 34.824638], [-89.541075, 34.824528], [-89.54034, 34.824068], [-89.538619, 34.822822], [-89.538173, 34.822515], [-89.53758, 34.82215], [-89.536923, 34.82183], [-89.536142, 34.821489], [-89.533734, 34.820505], [-89.531702, 34.819665], [-89.529958, 34.818993], [-89.529087, 34.818735], [-89.528682, 34.818645], [-89.528126, 34.818531], [-89.519474, 34.817416], [-89.516202, 34.817001], [-89.513567, 34.816658], [-89.509226, 34.816127], [-89.508805, 34.81604], [-89.508435, 34.815948], [-89.507977, 34.815801], [-89.507364, 34.815508], [-89.506886, 34.815222], [-89.505765, 34.814275], [-89.496917, 34.806514], [-89.495204, 34.805055], [-89.49141, 34.801744], [-89.490687, 34.801208], [-89.490422, 34.801075], [-89.489825, 34.800775], [-89.489191, 34.800528], [-89.488269, 34.800317], [-89.486271, 34.800004], [-89.477595, 34.798494], [-89.476862, 34.798337], [-89.47627, 34.798133], [-89.475743, 34.797903], [-89.474724, 34.7974], [-89.47442, 34.797266], [-89.473751, 34.797017], [-89.473053, 34.796835], [-89.472434, 34.796723], [-89.471672, 34.796664], [-89.470864, 34.796658], [-89.469993, 34.796666], [-89.468428, 34.79668], [-89.467713, 34.796644], [-89.467148, 34.796568], [-89.466628, 34.796434], [-89.466141, 34.796255], [-89.46561, 34.796016], [-89.464968, 34.795633], [-89.462582, 34.794035], [-89.460564, 34.79266], [-89.459122, 34.791703], [-89.457934, 34.790915], [-89.453601, 34.787997], [-89.452253, 34.787107], [-89.451072, 34.786323], [-89.450523, 34.785951], [-89.450003, 34.785599], [-89.449346, 34.785167], [-89.448762, 34.784763], [-89.44495, 34.782213], [-89.444147, 34.781676], [-89.441987, 34.780226], [-89.44072, 34.779373], [-89.439755, 34.778728], [-89.436807, 34.776753], [-89.436134, 34.776307], [-89.435722, 34.776035], [-89.435235, 34.775709], [-89.431135, 34.766305], [-89.430975, 34.766062], [-89.430795, 34.765831], [-89.430159, 34.764873], [-89.428757, 34.762811], [-89.428029, 34.761739], [-89.426872, 34.760051], [-89.426437, 34.759501], [-89.426035, 34.759099], [-89.425581, 34.758728], [-89.425008, 34.758343], [-89.424404, 34.758029], [-89.423706, 34.757756], [-89.423089, 34.757586], [-89.422426, 34.757459], [-89.421171, 34.757354], [-89.420125, 34.757273], [-89.41942, 34.757193], [-89.418718, 34.757029], [-89.418044, 34.756783], [-89.417503, 34.756493], [-89.417034, 34.756168], [-89.416504, 34.755667], [-89.416065, 34.755097], [-89.415798, 34.754598], [-89.41564, 34.754046], [-89.415525, 34.753364], [-89.415456, 34.752854], [-89.415333, 34.752424], [-89.415142, 34.751968], [-89.414481, 34.750877], [-89.41425, 34.750433], [-89.414133, 34.75011], [-89.414035, 34.749693], [-89.414003, 34.749234], [-89.414045, 34.748721], [-89.414103, 34.748376], [-89.414223, 34.747957], [-89.414393, 34.747391], [-89.41456, 34.746638], [-89.41466, 34.745981], [-89.414707, 34.745429], [-89.414784, 34.743491], [-89.415021, 34.736557], [-89.415076, 34.735207], [-89.41514, 34.733777], [-89.415166, 34.732936], [-89.415239, 34.732195], [-89.415358, 34.731416], [-89.41548, 34.730668], [-89.415625, 34.729788], [-89.415721, 34.729186], [-89.415798, 34.728608], [-89.415841, 34.728008], [-89.415798, 34.727421], [-89.4157, 34.72696], [-89.41548, 34.726307], [-89.415239, 34.725816], [-89.414876, 34.725288], [-89.414562, 34.724908], [-89.414101, 34.724452], [-89.413571, 34.724047], [-89.411727, 34.722837], [-89.411108, 34.722425], [-89.409228, 34.721188], [-89.406919, 34.7197], [-89.403898, 34.717723], [-89.40279, 34.717021], [-89.400394, 34.715449], [-89.39481, 34.711803], [-89.393923, 34.711205], [-89.393714, 34.711064], [-89.38085, 34.702707], [-89.379754, 34.702009], [-89.379293, 34.701746], [-89.37867, 34.70149], [-89.378113, 34.701338], [-89.377431, 34.701217], [-89.37679, 34.701157], [-89.375282, 34.701048], [-89.374086, 34.700962], [-89.372486, 34.700848], [-89.37057, 34.700704], [-89.369874, 34.700625], [-89.369522, 34.700563], [-89.369131, 34.700468], [-89.3687, 34.700315], [-89.36831, 34.700157], [-89.367828, 34.699889], [-89.367454, 34.699658], [-89.365553, 34.698201], [-89.364229, 34.697175], [-89.36145, 34.696154], [-89.359461, 34.696041], [-89.358549, 34.695969], [-89.357765, 34.695873], [-89.356926, 34.695686], [-89.3562, 34.695448], [-89.355503, 34.695152], [-89.354891, 34.694817], [-89.354282, 34.694388], [-89.353326, 34.693599], [-89.352883, 34.693255], [-89.352454, 34.692989], [-89.351959, 34.692765], [-89.351395, 34.692573], [-89.347925, 34.691791], [-89.342723, 34.690612], [-89.338509, 34.689661], [-89.337871, 34.689484], [-89.337341, 34.689279], [-89.336766, 34.688977], [-89.336292, 34.688641], [-89.335924, 34.688315], [-89.335529, 34.687838], [-89.334906, 34.687021], [-89.33453, 34.68652], [-89.334022, 34.685856], [-89.333328, 34.684941], [-89.332316, 34.6836], [-89.330533, 34.679713], [-89.330571, 34.678617], [-89.33057, 34.677234], [-89.330637, 34.676383], [-89.330726, 34.673701], [-89.330766, 34.672679], [-89.330784, 34.671982], [-89.330736, 34.67124], [-89.330648, 34.670684], [-89.330551, 34.670267], [-89.330354, 34.669649], [-89.330029, 34.668919], [-89.32965, 34.668275], [-89.329296, 34.667778], [-89.328735, 34.667101], [-89.328114, 34.666466], [-89.326822, 34.665169], [-89.322104, 34.660361], [-89.32077, 34.659031], [-89.320175, 34.658437], [-89.316872, 34.655106], [-89.313097, 34.6513], [-89.31159, 34.649773], [-89.309176, 34.647362], [-89.307779, 34.645945], [-89.306988, 34.645143], [-89.305776, 34.643921], [-89.305659, 34.643803], [-89.304785, 34.642935], [-89.304213, 34.642411], [-89.303438, 34.64172], [-89.30298, 34.641318], [-89.301795, 34.640424], [-89.300821, 34.639792], [-89.299733, 34.639174], [-89.298785, 34.638698], [-89.298052, 34.638388], [-89.297332, 34.638101], [-89.296531, 34.637818], [-89.295477, 34.637497], [-89.273062, 34.630653], [-89.268446, 34.629247], [-89.266463, 34.628633], [-89.263173, 34.627635], [-89.262297, 34.627368], [-89.260596, 34.626859], [-89.25964, 34.626612], [-89.25875, 34.626393], [-89.257544, 34.626132], [-89.253604, 34.625294], [-89.252351, 34.62503], [-89.251189, 34.624784], [-89.248614, 34.624237], [-89.246186, 34.623728], [-89.241213, 34.62267], [-89.237748, 34.621944], [-89.23743, 34.621876], [-89.230221, 34.620343], [-89.228096, 34.619885], [-89.223516, 34.618921], [-89.221334, 34.618455], [-89.219249, 34.618015], [-89.215571, 34.617237], [-89.212649, 34.616611], [-89.209972, 34.616048], [-89.207866, 34.615596], [-89.202886, 34.614535], [-89.20145, 34.614239], [-89.199995, 34.61393], [-89.198089, 34.613524], [-89.197181, 34.61333], [-89.196234, 34.61313], [-89.195201, 34.612947], [-89.194586, 34.612873], [-89.194122, 34.612844], [-89.193304, 34.612847], [-89.19237, 34.612898], [-89.188865, 34.613157], [-89.187434, 34.613268], [-89.182606, 34.613616], [-89.179816, 34.613824], [-89.177569, 34.613991], [-89.176332, 34.614075], [-89.174599, 34.614203], [-89.17368, 34.614273], [-89.17276, 34.614342], [-89.168032, 34.614683], [-89.165732, 34.614856], [-89.165249, 34.61489], [-89.163971, 34.614979], [-89.162948, 34.614996], [-89.161801, 34.614924], [-89.160649, 34.614711], [-89.159601, 34.614409], [-89.158613, 34.614025], [-89.157331, 34.613419], [-89.156928, 34.613232], [-89.155811, 34.612662], [-89.152785, 34.611237], [-89.150918, 34.610336], [-89.149334, 34.609596], [-89.146065, 34.606891], [-89.14129, 34.601976], [-89.139095, 34.599701], [-89.138575, 34.59912], [-89.138117, 34.59853], [-89.137509, 34.597668], [-89.137193, 34.597163], [-89.13679, 34.596446], [-89.136573, 34.59602], [-89.136323, 34.595481], [-89.136131, 34.594993], [-89.135543, 34.593372], [-89.135402, 34.592978], [-89.134591, 34.590692], [-89.133628, 34.587997], [-89.132227, 34.584099], [-89.1316, 34.582331], [-89.129188, 34.575574], [-89.129077, 34.575255], [-89.128659, 34.574059], [-89.128396, 34.573355], [-89.128304, 34.57308], [-89.127783, 34.571614], [-89.127513, 34.570863], [-89.126752, 34.568719], [-89.125717, 34.565816], [-89.125421, 34.565022], [-89.125146, 34.564435], [-89.12476, 34.563811], [-89.124388, 34.563301], [-89.123947, 34.562804], [-89.123363, 34.562245], [-89.122804, 34.561797], [-89.121651, 34.56106], [-89.119844, 34.56006], [-89.118458, 34.559303], [-89.115007, 34.5574], [-89.113649, 34.556651], [-89.111827, 34.555657], [-89.110305, 34.554817], [-89.109074, 34.554129], [-89.104741, 34.551751], [-89.104041, 34.551324], [-89.103621, 34.551018], [-89.103206, 34.550683], [-89.102478, 34.550006], [-89.101929, 34.549463], [-89.101263, 34.548831], [-89.098426, 34.546082], [-89.096718, 34.544401], [-89.095011, 34.542729], [-89.094135, 34.541848], [-89.093832, 34.541556], [-89.092615, 34.540383], [-89.092049, 34.539814], [-89.091207, 34.539006], [-89.090507, 34.538393], [-89.089894, 34.537927], [-89.089373, 34.537604], [-89.088845, 34.537323], [-89.086374, 34.536106], [-89.085265, 34.535564], [-89.079975, 34.532978], [-89.079156, 34.532574], [-89.077931, 34.53198], [-89.069039, 34.527606], [-89.062131, 34.524253], [-89.061418, 34.523897], [-89.05866, 34.522551], [-89.049953, 34.518274], [-89.048529, 34.517584], [-89.046612, 34.516636], [-89.043908, 34.515315], [-89.043337, 34.515092], [-89.042467, 34.514655], [-89.041466, 34.514193], [-89.040855, 34.513872], [-89.039114, 34.512996], [-89.038913, 34.512881], [-89.037362, 34.512131], [-89.036261, 34.511505], [-89.034297, 34.510092], [-89.033695, 34.509588], [-89.033072, 34.509015], [-89.032321, 34.508252], [-89.03041, 34.506283], [-89.029538, 34.505389], [-89.028142, 34.503955], [-89.027054, 34.502835], [-89.026235, 34.501986], [-89.025639, 34.501376], [-89.02426, 34.49997], [-89.013642, 34.49591], [-89.000846, 34.488126], [-89.000419, 34.486588], [-89.000369, 34.486407], [-89.000175, 34.485738], [-89.000029, 34.485293], [-88.999834, 34.484847], [-88.999629, 34.484504], [-88.999319, 34.484114], [-88.999112, 34.483903], [-88.998865, 34.483694], [-88.998603, 34.483474], [-88.998248, 34.483254], [-88.997726, 34.482984], [-88.997257, 34.482829], [-88.995865, 34.4824], [-88.99541, 34.48221], [-88.995086, 34.482054], [-88.994801, 34.481893], [-88.9944, 34.481625], [-88.993723, 34.481072], [-88.992914, 34.480388], [-88.991987, 34.479705], [-88.991222, 34.479197], [-88.990567, 34.478799], [-88.989669, 34.478319], [-88.989021, 34.47799], [-88.987668, 34.477302], [-88.984004, 34.475415], [-88.982485, 34.474643], [-88.978077, 34.472393], [-88.975683, 34.471168], [-88.97439, 34.470495], [-88.973894, 34.47019], [-88.973415, 34.469841], [-88.973019, 34.469444], [-88.972678, 34.468972], [-88.972491, 34.468566], [-88.972275, 34.467997], [-88.972211, 34.467385], [-88.972155, 34.46674], [-88.972075, 34.465771], [-88.971931, 34.465101], [-88.971716, 34.464502], [-88.971416, 34.463918], [-88.970985, 34.463294], [-88.970325, 34.462376], [-88.969979, 34.461771], [-88.969738, 34.461161], [-88.969645, 34.460666], [-88.969599, 34.460095], [-88.96965, 34.459536], [-88.970002, 34.458185], [-88.970055, 34.457895], [-88.970078, 34.45765], [-88.970092, 34.45736], [-88.970071, 34.457184], [-88.969995, 34.456824], [-88.96989, 34.456463], [-88.969759, 34.456122], [-88.969473, 34.455621], [-88.969208, 34.455289], [-88.968938, 34.455022], [-88.968542, 34.454702], [-88.968171, 34.454454], [-88.967651, 34.454158], [-88.966745, 34.453683], [-88.966379, 34.453453], [-88.966073, 34.45322], [-88.965786, 34.452952], [-88.965565, 34.452683], [-88.965334, 34.452367], [-88.965207, 34.452163], [-88.965052, 34.451876], [-88.964879, 34.451496], [-88.964546, 34.450655], [-88.964314, 34.450152], [-88.964077, 34.449685], [-88.963826, 34.449251], [-88.963492, 34.44879], [-88.963197, 34.448442], [-88.962697, 34.447915], [-88.962158, 34.447416], [-88.961551, 34.446931], [-88.961028, 34.446548], [-88.960456, 34.44618], [-88.959744, 34.445774], [-88.959046, 34.445415], [-88.958221, 34.44503], [-88.957284, 34.444664], [-88.955913, 34.444252], [-88.955193, 34.444078], [-88.954465, 34.443928], [-88.952815, 34.443598], [-88.951368, 34.443319], [-88.950589, 34.443159], [-88.950041, 34.443006], [-88.949615, 34.442855], [-88.949161, 34.442641], [-88.948827, 34.442451], [-88.948556, 34.442262], [-88.948266, 34.442033], [-88.948071, 34.441831], [-88.947818, 34.441555], [-88.947588, 34.441246], [-88.947425, 34.440957], [-88.947293, 34.440682], [-88.947144, 34.440294], [-88.947026, 34.439872], [-88.946933, 34.439458], [-88.946665, 34.438277], [-88.946505, 34.437591], [-88.946378, 34.437163], [-88.946236, 34.436811], [-88.946059, 34.436442], [-88.945482, 34.435493], [-88.944942, 34.434641], [-88.944459, 34.433886], [-88.943536, 34.432421], [-88.942678, 34.431065], [-88.942061, 34.430107], [-88.941686, 34.429617], [-88.941306, 34.429182], [-88.940802, 34.428701], [-88.940318, 34.428307], [-88.939368, 34.427657], [-88.938388, 34.427033], [-88.937941, 34.426705], [-88.93748, 34.426285], [-88.937145, 34.425923], [-88.936357, 34.424926], [-88.93435, 34.422418], [-88.932221, 34.419747], [-88.931947, 34.419432], [-88.931357, 34.418835], [-88.930883, 34.418498], [-88.93029, 34.418185], [-88.92942, 34.417874], [-88.928942, 34.417784], [-88.928111, 34.417696], [-88.924651, 34.417405], [-88.920181, 34.417073], [-88.919739, 34.417043], [-88.919029, 34.416993], [-88.918142, 34.416962], [-88.917581, 34.416938], [-88.911047, 34.41643], [-88.908728, 34.416239], [-88.90213, 34.415724], [-88.894903, 34.41516], [-88.893347, 34.415049], [-88.8917, 34.414912], [-88.890005, 34.414782], [-88.889099, 34.41471], [-88.88771, 34.414609], [-88.887003, 34.414605], [-88.886214, 34.414673], [-88.885426, 34.414784], [-88.884233, 34.414925], [-88.883191, 34.415095], [-88.882128, 34.415215], [-88.881429, 34.41522], [-88.880672, 34.415137], [-88.880117, 34.415014], [-88.879576, 34.41482], [-88.879024, 34.414561], [-88.878447, 34.41417], [-88.877741, 34.413476], [-88.877233, 34.412751], [-88.874708, 34.408536], [-88.873054, 34.405805], [-88.872727, 34.405212], [-88.872465, 34.404678], [-88.872348, 34.404405], [-88.872198, 34.403886], [-88.872135, 34.403516], [-88.872112, 34.402866], [-88.872179, 34.402104], [-88.872375, 34.401119], [-88.872651, 34.399665], [-88.872811, 34.398849], [-88.872882, 34.3983], [-88.872882, 34.397782], [-88.87283, 34.397434], [-88.872701, 34.396982], [-88.872213, 34.395685], [-88.871564, 34.394053], [-88.871507, 34.39391], [-88.869039, 34.387506], [-88.866746, 34.382254], [-88.866222, 34.381252], [-88.865548, 34.380189], [-88.865143, 34.379674], [-88.864722, 34.379215], [-88.864189, 34.378704], [-88.863535, 34.378192], [-88.863038, 34.377859], [-88.862192, 34.377382], [-88.860971, 34.376724], [-88.860357, 34.376378], [-88.859817, 34.376017], [-88.859264, 34.375588], [-88.858767, 34.375132], [-88.851852, 34.368696], [-88.851261, 34.368153], [-88.847953, 34.365019], [-88.845371, 34.362613], [-88.842858, 34.360259], [-88.842309, 34.359748], [-88.841617, 34.359099], [-88.841046, 34.358574], [-88.83974, 34.357357], [-88.838481, 34.356166], [-88.83672, 34.354516], [-88.83494, 34.352802], [-88.832393, 34.350473], [-88.826326, 34.344799], [-88.824712, 34.343293], [-88.816185, 34.335256], [-88.814609, 34.333809], [-88.810082, 34.329552], [-88.800333, 34.320424], [-88.799621, 34.319761], [-88.796533, 34.316861], [-88.79462, 34.315106], [-88.793534, 34.314074], [-88.793114, 34.313648], [-88.790447, 34.311174], [-88.789235, 34.310027], [-88.788373, 34.309213], [-88.787381, 34.308288], [-88.777651, 34.299169], [-88.776881, 34.298532], [-88.775596, 34.297674], [-88.774359, 34.29704], [-88.773251, 34.29659], [-88.772239, 34.296257], [-88.771382, 34.296014], [-88.767987, 34.295009], [-88.76418, 34.293862], [-88.755508, 34.29128], [-88.751331, 34.290036], [-88.750097, 34.289673], [-88.748874, 34.289314], [-88.747845, 34.28899], [-88.747167, 34.288718], [-88.746523, 34.2884], [-88.745146, 34.287526], [-88.744812, 34.287308], [-88.741752, 34.285127], [-88.739983, 34.283916], [-88.739231, 34.283177], [-88.738935, 34.282885], [-88.737506, 34.2813], [-88.735521, 34.279358], [-88.734998, 34.278812], [-88.733845, 34.277586], [-88.732833, 34.276516], [-88.731821, 34.275445], [-88.730677, 34.274216], [-88.730154, 34.273584], [-88.729712, 34.272957], [-88.729357, 34.272297], [-88.72905, 34.271526], [-88.728798, 34.270578], [-88.728691, 34.26962], [-88.728685, 34.269386], [-88.728656, 34.268269], [-88.728597, 34.267602], [-88.728441, 34.266977], [-88.728151, 34.266359], [-88.727737, 34.265804], [-88.727172, 34.26529], [-88.726234, 34.264664], [-88.723558, 34.262802], [-88.721541, 34.261414], [-88.721338, 34.261275], [-88.719473, 34.259999], [-88.719216, 34.259846], [-88.718711, 34.259496], [-88.717979, 34.258995], [-88.717783, 34.258861], [-88.717133, 34.258418], [-88.716472, 34.25797], [-88.71556, 34.25734], [-88.715417, 34.257249], [-88.715122, 34.257045], [-88.714893, 34.256878], [-88.713818, 34.256203], [-88.712918, 34.255584], [-88.71236, 34.255281], [-88.711641, 34.254957], [-88.710878, 34.254681], [-88.71017, 34.254492], [-88.709549, 34.25436], [-88.708637, 34.254225], [-88.708527, 34.25421], [-88.708298, 34.254183], [-88.706947, 34.254001], [-88.705658, 34.253829], [-88.705328, 34.253779], [-88.705155, 34.253746], [-88.704981, 34.253707], [-88.704823, 34.253668], [-88.704668, 34.253621], [-88.704486, 34.253562], [-88.704359, 34.253513], [-88.704241, 34.253466], [-88.704107, 34.253408], [-88.70398, 34.253349], [-88.703806, 34.25326], [-88.703663, 34.253182], [-88.703507, 34.253093], [-88.703341, 34.252992], [-88.703188, 34.252893], [-88.703047, 34.252792], [-88.702914, 34.252685], [-88.7028, 34.252587], [-88.702669, 34.252459], [-88.702588, 34.252371], [-88.702484, 34.252242], [-88.702348, 34.252057], [-88.702194, 34.251837], [-88.702101, 34.251684], [-88.700867, 34.249832], [-88.700615, 34.249472], [-88.699849, 34.248357], [-88.69365, 34.239019], [-88.691758, 34.236068], [-88.691444, 34.235712], [-88.690971, 34.234987], [-88.690353, 34.234077], [-88.690013, 34.233561], [-88.68941, 34.23249], [-88.685909, 34.227444], [-88.68347, 34.223493], [-88.682929, 34.222674], [-88.681516, 34.220859], [-88.681334, 34.220601], [-88.681076, 34.220181], [-88.676824, 34.213809], [-88.676646, 34.213538], [-88.674296, 34.209976], [-88.673901, 34.20932], [-88.673595, 34.208732], [-88.673318, 34.208165], [-88.673026, 34.207473], [-88.672374, 34.205888], [-88.67151, 34.203786], [-88.669316, 34.198379], [-88.669117, 34.197926], [-88.667376, 34.193698], [-88.665579, 34.189324], [-88.665407, 34.188905], [-88.665295, 34.188635], [-88.66402, 34.185545], [-88.663296, 34.183762], [-88.662154, 34.180998], [-88.659223, 34.173857], [-88.658141, 34.171185], [-88.656157, 34.166377], [-88.655376, 34.164469], [-88.654012, 34.161123], [-88.65307, 34.158834], [-88.650738, 34.153154], [-88.646702, 34.143308], [-88.642051, 34.13199], [-88.63941, 34.125544], [-88.639033, 34.12462], [-88.637953, 34.121987], [-88.636403, 34.118186], [-88.635317, 34.115559], [-88.633381, 34.110836], [-88.631702, 34.106724], [-88.631644, 34.106571], [-88.631004, 34.104913], [-88.630309, 34.103276], [-88.629839, 34.10217], [-88.628682, 34.099346], [-88.62755, 34.096566], [-88.62681, 34.094785], [-88.625853, 34.092425], [-88.625435, 34.091448], [-88.624859, 34.090036], [-88.624443, 34.089007], [-88.624049, 34.088054], [-88.623672, 34.087133], [-88.622977, 34.085448], [-88.62222, 34.083584], [-88.621202, 34.081136], [-88.620914, 34.080601], [-88.62031, 34.079717], [-88.619996, 34.079333], [-88.619718, 34.079042], [-88.619418, 34.078758], [-88.618814, 34.078258], [-88.617988, 34.077681], [-88.615359, 34.075931], [-88.613014, 34.074366], [-88.610174, 34.072471], [-88.609334, 34.071927], [-88.60552, 34.069376], [-88.601712, 34.066839], [-88.596705, 34.063485], [-88.595863, 34.062917], [-88.592163, 34.06048], [-88.590444, 34.059332], [-88.589387, 34.058621], [-88.571367, 34.046653], [-88.56611, 34.043149], [-88.556499, 34.036743], [-88.555194, 34.035874], [-88.554678, 34.03553], [-88.551902, 34.033657], [-88.546289, 34.029938], [-88.540414, 34.026004], [-88.540079, 34.025777], [-88.539954, 34.025693], [-88.533354, 34.021297], [-88.527545, 34.017397], [-88.523594, 34.014766], [-88.521881, 34.013611], [-88.521322, 34.013218], [-88.519584, 34.011741], [-88.519033, 34.011239], [-88.516924, 34.009319], [-88.507015, 34.000403], [-88.503756, 33.997473], [-88.503426, 33.997176], [-88.501404, 33.995353], [-88.500737, 33.994751], [-88.500181, 33.994268], [-88.499519, 33.993778], [-88.498851, 33.993353], [-88.497765, 33.992666], [-88.497392, 33.992403], [-88.496753, 33.991907], [-88.496405, 33.991582], [-88.49593, 33.991077], [-88.495306, 33.990302], [-88.494719, 33.989606], [-88.49199, 33.986263], [-88.489611, 33.983356], [-88.488826, 33.982399], [-88.487988, 33.981377], [-88.487038, 33.980218], [-88.48613, 33.979066], [-88.482426, 33.974524], [-88.481133, 33.972945], [-88.479379, 33.970792], [-88.478564, 33.969795], [-88.478015, 33.969129], [-88.47461, 33.964937], [-88.470663, 33.960112], [-88.469442, 33.958614], [-88.461459, 33.948821], [-88.460054, 33.947702], [-88.458286, 33.946645], [-88.450953, 33.94233], [-88.449396, 33.94141], [-88.448993, 33.941107], [-88.448476, 33.940661], [-88.447971, 33.940155], [-88.445518, 33.937146], [-88.444775, 33.93646], [-88.443674, 33.935752], [-88.442133, 33.934998], [-88.440484, 33.934589], [-88.438835, 33.934408], [-88.427711, 33.933996], [-88.425604, 33.933907], [-88.417503, 33.933622], [-88.405237, 33.933174], [-88.404637, 33.933152], [-88.403935, 33.933115], [-88.403221, 33.933042], [-88.400509, 33.932632], [-88.399684, 33.93236], [-88.398834, 33.932135], [-88.398189, 33.931915], [-88.397852, 33.931783], [-88.395482, 33.93073], [-88.393674, 33.929647], [-88.391879, 33.928247], [-88.390632, 33.927035], [-88.38992, 33.926244], [-88.384711, 33.918753], [-88.383954, 33.917663], [-88.376692, 33.913838], [-88.37611, 33.913906], [-88.375735, 33.913941], [-88.375529, 33.913958], [-88.374917, 33.91398], [-88.374494, 33.913951], [-88.3741, 33.913902], [-88.373638, 33.9138], [-88.373283, 33.913698], [-88.372243, 33.913332], [-88.371293, 33.912998], [-88.370404, 33.912657], [-88.368659, 33.911769], [-88.367324, 33.910269], [-88.366999, 33.909874], [-88.366917, 33.909785], [-88.366366, 33.908983], [-88.36578, 33.90786], [-88.364805, 33.906037], [-88.363939, 33.905338], [-88.363127, 33.904927], [-88.362089, 33.904603], [-88.361061, 33.904297], [-88.357187, 33.903324], [-88.353648, 33.902655], [-88.35088, 33.90213], [-88.347996, 33.90119], [-88.34641, 33.900437], [-88.343804, 33.898914], [-88.342538, 33.898227], [-88.341633, 33.89797], [-88.34087, 33.897864], [-88.339873, 33.89788], [-88.337104, 33.898666], [-88.33632, 33.898749], [-88.333586, 33.898741], [-88.332855, 33.898805], [-88.332139, 33.898982], [-88.331698, 33.899132], [-88.329561, 33.899972], [-88.327481, 33.900732], [-88.325963, 33.900874], [-88.320626, 33.900816], [-88.319532, 33.900655], [-88.317896, 33.90007], [-88.316642, 33.899201], [-88.311028, 33.893941], [-88.30952, 33.893009], [-88.30778, 33.892128], [-88.306618, 33.891532], [-88.305179, 33.890782], [-88.304594, 33.890554], [-88.303505, 33.89031], [-88.295613, 33.88883], [-88.282568, 33.886372], [-88.282215, 33.886306], [-88.278903, 33.88569], [-88.278189, 33.885577], [-88.277127, 33.885453], [-88.27608, 33.885374], [-88.275133, 33.885351], [-88.274288, 33.88535], [-88.267606, 33.885568], [-88.235217, 33.886617], [-88.232672, 33.886699], [-88.232256, 33.886711], [-88.231953, 33.886721], [-88.230599, 33.886759], [-88.22972, 33.886783], [-88.229188, 33.886795], [-88.227539, 33.886858], [-88.218803, 33.887148], [-88.218366, 33.887148], [-88.212908, 33.887337], [-88.212514, 33.887349], [-88.207536, 33.887504], [-88.206697, 33.887529], [-88.206322, 33.887542], [-88.199513, 33.887761], [-88.191396, 33.888028], [-88.17888, 33.888448], [-88.17852, 33.88846], [-88.175038, 33.888547], [-88.167783, 33.888789], [-88.16698, 33.888831], [-88.166476, 33.888879], [-88.166161, 33.888924], [-88.16479, 33.889185], [-88.163994, 33.889408], [-88.162994, 33.889749], [-88.16174, 33.890288], [-88.157107, 33.892296], [-88.152159, 33.894463], [-88.150801, 33.895046], [-88.149252, 33.895744], [-88.147854, 33.896348], [-88.147543, 33.896483], [-88.146076, 33.897124], [-88.144231, 33.897907], [-88.13841, 33.900447], [-88.134967, 33.901944], [-88.134642, 33.902079], [-88.134583, 33.902099], [-88.133241, 33.9027], [-88.13277, 33.902903], [-88.129053, 33.904501], [-88.128352, 33.904819], [-88.128311, 33.904838], [-88.124372, 33.906569], [-88.118008, 33.90933], [-88.117411, 33.909589], [-88.116615, 33.909932], [-88.111975, 33.911941], [-88.109144, 33.913207], [-88.108319, 33.91351], [-88.106882, 33.913919], [-88.10546, 33.914153], [-88.10404, 33.914283], [-88.102863, 33.914245], [-88.101854, 33.914224], [-88.09589, 33.914035], [-88.089168, 33.913755], [-88.080621, 33.913459], [-88.073687, 33.913194], [-88.069312, 33.91305], [-88.067657, 33.913198], [-88.066301, 33.913489], [-88.065061, 33.913968], [-88.056967, 33.917399], [-88.050486, 33.920188], [-88.044973, 33.922566], [-88.040087, 33.924689], [-88.039621, 33.924891], [-88.03439, 33.927101], [-88.021373, 33.932696], [-88.020461, 33.933063], [-88.019801, 33.933344], [-88.019311, 33.933554], [-88.019139, 33.933627], [-88.004105, 33.940049], [-88.000651, 33.941523], [-88.00001, 33.941824], [-87.980901, 33.949972], [-87.979201, 33.950705], [-87.972226, 33.952805], [-87.970511, 33.953318], [-87.96708, 33.954354], [-87.96596, 33.954705], [-87.965767, 33.954756], [-87.964997, 33.954937], [-87.964201, 33.955061], [-87.963431, 33.95513], [-87.962449, 33.955127], [-87.960252, 33.955053], [-87.951859, 33.954779], [-87.949585, 33.954725], [-87.948729, 33.954773], [-87.947665, 33.954914], [-87.946447, 33.95521], [-87.945574, 33.955541], [-87.941261, 33.957396], [-87.934262, 33.960382], [-87.930845, 33.961851], [-87.929626, 33.962364], [-87.929339, 33.962488], [-87.928975, 33.962643], [-87.927969, 33.962963], [-87.927108, 33.96319], [-87.926001, 33.963339], [-87.919731, 33.963721], [-87.919101, 33.96376], [-87.915597, 33.963988], [-87.914835, 33.964038], [-87.914784, 33.96404], [-87.913406, 33.964117], [-87.913106, 33.964134], [-87.912806, 33.964144], [-87.912505, 33.964146], [-87.912205, 33.96414], [-87.911905, 33.964126], [-87.91173, 33.964114], [-87.903106, 33.962942], [-87.889547, 33.962262], [-87.886206, 33.960344], [-87.881274, 33.954211], [-87.881077, 33.953931], [-87.880071, 33.953041], [-87.877363, 33.951243], [-87.877245, 33.95117], [-87.875772, 33.950184], [-87.874706, 33.949485], [-87.872389, 33.948026], [-87.871528, 33.947462], [-87.870413, 33.946733], [-87.869617, 33.946199], [-87.868879, 33.945778], [-87.862625, 33.941661], [-87.858962, 33.9393], [-87.852756, 33.935256], [-87.852611, 33.935149], [-87.850694, 33.933931], [-87.843722, 33.929366], [-87.831475, 33.921389], [-87.830865, 33.920991], [-87.830163, 33.920629], [-87.82945, 33.920364], [-87.828877, 33.920233], [-87.828305, 33.920203], [-87.828002, 33.920206], [-87.827637, 33.920232], [-87.8272, 33.920311], [-87.82682, 33.920413], [-87.826349, 33.920602], [-87.825963, 33.920801], [-87.825521, 33.921096], [-87.82534, 33.921244], [-87.825014, 33.921579], [-87.824628, 33.922101], [-87.823488, 33.923724], [-87.823027, 33.924335], [-87.822608, 33.924827], [-87.822241, 33.925142], [-87.821827, 33.925461], [-87.821297, 33.925783], [-87.820737, 33.926048], [-87.82033, 33.926225], [-87.817604, 33.92723], [-87.81613, 33.927778], [-87.813844, 33.928608], [-87.813048, 33.928911], [-87.809178, 33.930299], [-87.807225, 33.931057], [-87.806208, 33.931374], [-87.80525, 33.931541], [-87.804224, 33.931573], [-87.803264, 33.931477], [-87.799188, 33.930684], [-87.797818, 33.930462], [-87.796665, 33.930431], [-87.794857, 33.930543], [-87.789935, 33.931532], [-87.788975, 33.931588], [-87.787985, 33.931442], [-87.787216, 33.931206], [-87.78635, 33.930815], [-87.785012, 33.930159], [-87.784515, 33.929977], [-87.783636, 33.929751], [-87.782469, 33.929632], [-87.78078, 33.92973], [-87.779275, 33.929911], [-87.778128, 33.929917], [-87.777089, 33.929699], [-87.775633, 33.929095], [-87.775115, 33.928914], [-87.774348, 33.928677], [-87.773486, 33.928513], [-87.771835, 33.928545], [-87.769893, 33.928575], [-87.768869, 33.92859], [-87.767525, 33.928613], [-87.766685, 33.928606], [-87.766463, 33.928588], [-87.766241, 33.928563], [-87.766022, 33.928529], [-87.765804, 33.928487], [-87.765589, 33.928437], [-87.765391, 33.928383], [-87.765197, 33.928323], [-87.765006, 33.928257], [-87.764819, 33.928183], [-87.763987, 33.927836], [-87.762658, 33.927442], [-87.759735, 33.926991], [-87.758883, 33.926849], [-87.757931, 33.926591], [-87.757509, 33.926443], [-87.757207, 33.926309], [-87.755959, 33.925677], [-87.754818, 33.924746], [-87.754419, 33.924326], [-87.753684, 33.923397], [-87.753394, 33.922964], [-87.752941, 33.922041], [-87.752558, 33.921274], [-87.752307, 33.92086], [-87.75196, 33.920258], [-87.751461, 33.919305], [-87.750839, 33.917995], [-87.750283, 33.917123], [-87.750056, 33.916829], [-87.749658, 33.916436], [-87.748968, 33.915934], [-87.747283, 33.915237], [-87.746721, 33.914994], [-87.74252, 33.913328], [-87.740648, 33.912547], [-87.740067, 33.912342], [-87.739099, 33.911998], [-87.738321, 33.911787], [-87.737076, 33.911773], [-87.736558, 33.911855], [-87.735185, 33.912149], [-87.734107, 33.912244], [-87.733651, 33.91222], [-87.732485, 33.911972], [-87.731277, 33.911654], [-87.730008, 33.911267], [-87.729606, 33.911113], [-87.729085, 33.910865], [-87.728533, 33.910551], [-87.7191, 33.903198], [-87.718383, 33.902655], [-87.717574, 33.902128], [-87.714747, 33.900762], [-87.713156, 33.900012], [-87.71232, 33.899691], [-87.711658, 33.89953], [-87.709151, 33.899035], [-87.707758, 33.898596], [-87.706518, 33.898005], [-87.704621, 33.896673], [-87.701921, 33.894102], [-87.701665, 33.893751], [-87.700901, 33.89286], [-87.700385, 33.892221], [-87.699495, 33.891055], [-87.698598, 33.890175], [-87.697845, 33.889714], [-87.697363, 33.889493], [-87.696225, 33.889153], [-87.695871, 33.889096], [-87.694997, 33.889029], [-87.693651, 33.889173], [-87.690322, 33.889951], [-87.689538, 33.89011], [-87.688194, 33.890421], [-87.679852, 33.892492], [-87.678808, 33.893018], [-87.677599, 33.893796], [-87.676609, 33.89462], [-87.675399, 33.895078], [-87.674026, 33.895283], [-87.670619, 33.895602], [-87.66941, 33.895876], [-87.668651, 33.896159], [-87.662006, 33.898639], [-87.660635, 33.899393], [-87.655262, 33.903025], [-87.653425, 33.903894], [-87.645616, 33.907935], [-87.64284, 33.909374], [-87.642025, 33.909756], [-87.641869, 33.909839], [-87.640581, 33.910485], [-87.639581, 33.910969], [-87.639114, 33.911176], [-87.638627, 33.911313], [-87.638133, 33.911419], [-87.637443, 33.911512], [-87.635928, 33.911611], [-87.635046, 33.91159], [-87.629935, 33.912112], [-87.621532, 33.918896], [-87.620033, 33.919671], [-87.619722, 33.919817], [-87.618842, 33.920249], [-87.617762, 33.920824], [-87.617132, 33.921095], [-87.616339, 33.921348], [-87.615717, 33.921442], [-87.615217, 33.921465], [-87.614391, 33.921477], [-87.613489, 33.921504], [-87.612136, 33.921523], [-87.611155, 33.921538], [-87.610611, 33.921577], [-87.61017, 33.921635], [-87.609861, 33.921688], [-87.609516, 33.921778], [-87.609063, 33.92193], [-87.608665, 33.922102], [-87.608301, 33.922288], [-87.607985, 33.922453], [-87.607277, 33.922962], [-87.606948, 33.923253], [-87.606156, 33.92385], [-87.605689, 33.924085], [-87.605165, 33.924301], [-87.604663, 33.924471], [-87.604261, 33.924572], [-87.603775, 33.924658], [-87.603142, 33.924721], [-87.602722, 33.924721], [-87.602352, 33.924701], [-87.601823, 33.924636], [-87.601402, 33.924557], [-87.600949, 33.924439], [-87.600448, 33.924263], [-87.599393, 33.923816], [-87.598039, 33.923334], [-87.597428, 33.923154], [-87.596673, 33.923028], [-87.594601, 33.922688], [-87.593105, 33.922471], [-87.587413, 33.921586], [-87.58666, 33.92138], [-87.586055, 33.921174], [-87.58535, 33.920791], [-87.584812, 33.92034], [-87.584221, 33.919633], [-87.583883, 33.919008], [-87.583173, 33.916605], [-87.582683, 33.915553], [-87.58224, 33.91496], [-87.581526, 33.914228], [-87.580652, 33.913529], [-87.579459, 33.912891], [-87.577104, 33.911803], [-87.576532, 33.911483], [-87.576034, 33.911123], [-87.575542, 33.910678], [-87.575241, 33.910348], [-87.574838, 33.90983], [-87.574232, 33.909018], [-87.573472, 33.907967], [-87.570038, 33.903312], [-87.569665, 33.902881], [-87.569211, 33.902455], [-87.568572, 33.902037], [-87.567911, 33.901747], [-87.567291, 33.901549], [-87.565915, 33.901231], [-87.563106, 33.900574], [-87.561158, 33.900117], [-87.556721, 33.899094], [-87.555586, 33.898905], [-87.55425, 33.898827], [-87.553925, 33.898834], [-87.552625, 33.898876], [-87.552112, 33.898898], [-87.550392, 33.898955], [-87.547162, 33.899063], [-87.545505, 33.899122], [-87.544579, 33.899113], [-87.543576, 33.899023], [-87.542574, 33.898842], [-87.541435, 33.898517], [-87.540477, 33.898134], [-87.539547, 33.897635], [-87.53867, 33.89705], [-87.537967, 33.896408], [-87.537534, 33.895956], [-87.537217, 33.895553], [-87.536632, 33.894721], [-87.536414, 33.89433], [-87.534957, 33.89152], [-87.534623, 33.891], [-87.534423, 33.89074], [-87.53419, 33.890493], [-87.533832, 33.890178], [-87.53341, 33.889891], [-87.533021, 33.889676], [-87.532627, 33.889505], [-87.532127, 33.889313], [-87.531158, 33.888965], [-87.521661, 33.885575], [-87.520139, 33.885035], [-87.515297, 33.883304], [-87.512984, 33.882466], [-87.511657, 33.881997], [-87.510672, 33.881637], [-87.507471, 33.880503], [-87.505675, 33.879856], [-87.503493, 33.879074], [-87.501976, 33.878528], [-87.501442, 33.878368], [-87.50079, 33.878209], [-87.499975, 33.878048], [-87.498743, 33.87782], [-87.496839, 33.877482], [-87.496654, 33.877456], [-87.495994, 33.877342], [-87.495342, 33.877237], [-87.494954, 33.877164], [-87.494837, 33.877138], [-87.494261, 33.877038], [-87.493291, 33.87686], [-87.492989, 33.876805], [-87.49181, 33.876561], [-87.491425, 33.876423], [-87.490966, 33.876239], [-87.490398, 33.875921], [-87.489767, 33.875552], [-87.488824, 33.875065], [-87.488462, 33.874915], [-87.488132, 33.8748], [-87.487677, 33.874682], [-87.487101, 33.87461], [-87.486476, 33.874607], [-87.48452, 33.874794], [-87.48266, 33.874887], [-87.481996, 33.874842], [-87.481372, 33.874761], [-87.480799, 33.87464], [-87.480524, 33.874604], [-87.480173, 33.874513], [-87.479292, 33.874255], [-87.475327, 33.873115], [-87.474568, 33.872925], [-87.474153, 33.872851], [-87.47372, 33.8728], [-87.473073, 33.87282], [-87.472635, 33.872863], [-87.472048, 33.872972], [-87.471852, 33.873026], [-87.471117, 33.873232], [-87.468136, 33.874263], [-87.467367, 33.874461], [-87.466743, 33.874558], [-87.466282, 33.874593], [-87.465607, 33.874539], [-87.464908, 33.874446], [-87.464158, 33.874294], [-87.460372, 33.873536], [-87.460069, 33.873438], [-87.459822, 33.873337], [-87.45917, 33.872979], [-87.458621, 33.872594], [-87.458267, 33.87233], [-87.456652, 33.87085], [-87.456011, 33.870251], [-87.455578, 33.869745], [-87.455377, 33.869412], [-87.455071, 33.868656], [-87.454408, 33.866715], [-87.454162, 33.866176], [-87.453854, 33.8656], [-87.453212, 33.864694], [-87.451562, 33.862579], [-87.451224, 33.862035], [-87.450963, 33.861393], [-87.450828, 33.860989], [-87.450501, 33.859983], [-87.448801, 33.854537], [-87.448379, 33.853197], [-87.447368, 33.850138], [-87.44712, 33.849621], [-87.446825, 33.849156], [-87.446345, 33.848483], [-87.444891, 33.846959], [-87.444, 33.846012], [-87.441314, 33.843266], [-87.438932, 33.840803], [-87.438065, 33.839892], [-87.437278, 33.838943], [-87.436561, 33.837931], [-87.435957, 33.836896], [-87.435211, 33.835293], [-87.434018, 33.83263], [-87.433682, 33.831896], [-87.433095, 33.830598], [-87.432662, 33.829616], [-87.432308, 33.828941], [-87.432106, 33.828616], [-87.431786, 33.828213], [-87.4316, 33.828022], [-87.431393, 33.827823], [-87.43096, 33.827444], [-87.430236, 33.826881], [-87.428005, 33.825213], [-87.425514, 33.823182], [-87.424838, 33.822575], [-87.424087, 33.821793], [-87.423635, 33.821296], [-87.421462, 33.818829], [-87.420747, 33.818062], [-87.420241, 33.817618], [-87.419746, 33.817318], [-87.419095, 33.81703], [-87.41844, 33.816827], [-87.41724, 33.816512], [-87.416596, 33.816303], [-87.415966, 33.816068], [-87.41529, 33.815695], [-87.414851, 33.815412], [-87.414409, 33.815033], [-87.414016, 33.81466], [-87.413715, 33.814292], [-87.413347, 33.813719], [-87.413071, 33.81316], [-87.412819, 33.812391], [-87.412537, 33.811432], [-87.411706, 33.808237], [-87.411451, 33.807634], [-87.41112, 33.8071], [-87.410653, 33.806584], [-87.410075, 33.806139], [-87.409197, 33.805686], [-87.408662, 33.805507], [-87.408184, 33.805399], [-87.407699, 33.80534], [-87.406471, 33.805272], [-87.404535, 33.805203], [-87.403311, 33.805261], [-87.402535, 33.805533], [-87.399497, 33.806968], [-87.398442, 33.807517], [-87.393278, 33.810022], [-87.392925, 33.81019], [-87.391814, 33.810741], [-87.391269, 33.811044], [-87.390819, 33.811368], [-87.390328, 33.811779], [-87.389358, 33.812692], [-87.388318, 33.813666], [-87.388037, 33.813897], [-87.387663, 33.814215], [-87.387315, 33.814467], [-87.386848, 33.814723], [-87.386344, 33.814946], [-87.385724, 33.815129], [-87.385027, 33.815238], [-87.384262, 33.815311], [-87.383205, 33.815389], [-87.379906, 33.815675], [-87.379568, 33.815695], [-87.379099, 33.81571], [-87.378458, 33.815675], [-87.378042, 33.815621], [-87.377431, 33.815481], [-87.376339, 33.81512], [-87.375293, 33.814745], [-87.374759, 33.814554], [-87.373802, 33.814219], [-87.372997, 33.813975], [-87.372149, 33.813773], [-87.371488, 33.813699], [-87.370897, 33.813721], [-87.370084, 33.813851], [-87.369425, 33.814045], [-87.368273, 33.814446], [-87.367515, 33.814715], [-87.365311, 33.815466], [-87.364241, 33.815832], [-87.363855, 33.815925], [-87.363381, 33.816023], [-87.362878, 33.816066], [-87.362194, 33.816043], [-87.361445, 33.815928], [-87.360817, 33.815774], [-87.358762, 33.815239], [-87.357033, 33.81478], [-87.355268, 33.81431], [-87.352932, 33.813702], [-87.350791, 33.813139], [-87.34266, 33.809925], [-87.340749, 33.809434], [-87.340208, 33.8093], [-87.338859, 33.808961], [-87.33782, 33.808708], [-87.336346, 33.808327], [-87.333992, 33.807738], [-87.333411, 33.807579], [-87.332954, 33.807465], [-87.332448, 33.807343], [-87.331005, 33.807032], [-87.32939, 33.806791], [-87.327076, 33.806688], [-87.325498, 33.806742], [-87.324071, 33.806846], [-87.321162, 33.807037], [-87.318755, 33.807188], [-87.316646, 33.807321], [-87.31608, 33.807343], [-87.315367, 33.807332], [-87.314195, 33.807187], [-87.312569, 33.806998], [-87.312095, 33.806984], [-87.311451, 33.807015], [-87.308691, 33.807279], [-87.301304, 33.807998], [-87.299703, 33.808155], [-87.298133, 33.808291], [-87.296694, 33.808462], [-87.29587, 33.808654], [-87.295313, 33.808867], [-87.29442, 33.809387], [-87.294065, 33.809641], [-87.293762, 33.809966], [-87.293539, 33.810214], [-87.293319, 33.810535], [-87.293083, 33.81088], [-87.292321, 33.811889], [-87.291978, 33.812208], [-87.291506, 33.812549], [-87.291125, 33.812774], [-87.290559, 33.813072], [-87.290433, 33.813133], [-87.29031, 33.8132], [-87.289526, 33.813677], [-87.289049, 33.814091], [-87.288548, 33.814698], [-87.288264, 33.815189], [-87.287829, 33.81576], [-87.287497, 33.816047], [-87.287121, 33.816277], [-87.286773, 33.816431], [-87.286432, 33.816549], [-87.286043, 33.816627], [-87.28555, 33.81666], [-87.284176, 33.816468], [-87.28379, 33.816435], [-87.283406, 33.81646], [-87.282902, 33.816542], [-87.282511, 33.816658], [-87.281986, 33.816903], [-87.28166, 33.817126], [-87.281317, 33.817416], [-87.281162, 33.817646], [-87.280974, 33.81792], [-87.280833, 33.818208], [-87.280626, 33.818726], [-87.280265, 33.819704], [-87.275882, 33.825671], [-87.262503, 33.826137], [-87.261592, 33.825935], [-87.260259, 33.825751], [-87.259357, 33.825635], [-87.258929, 33.825562], [-87.258677, 33.825528], [-87.258185, 33.825462], [-87.254195, 33.82488], [-87.253253, 33.824381], [-87.252393, 33.823721], [-87.251569, 33.822713], [-87.250004, 33.820404], [-87.249553, 33.819739], [-87.248119, 33.817674], [-87.247993, 33.817573], [-87.247072, 33.816957], [-87.246318, 33.816626], [-87.245509, 33.816407], [-87.244698, 33.816313], [-87.243828, 33.816296], [-87.242853, 33.816296], [-87.241984, 33.81629], [-87.241318, 33.816249], [-87.240596, 33.816092], [-87.239741, 33.815818], [-87.238591, 33.815376], [-87.237406, 33.814933], [-87.236775, 33.81477], [-87.23633, 33.814686], [-87.235128, 33.814736], [-87.233455, 33.815007], [-87.232353, 33.815237], [-87.232125, 33.815279], [-87.231879, 33.815317], [-87.231631, 33.81535], [-87.231382, 33.815376], [-87.23112, 33.815395], [-87.230858, 33.815407], [-87.230595, 33.815412], [-87.227696, 33.815419], [-87.226465, 33.815423], [-87.226246, 33.815424], [-87.226028, 33.815416], [-87.22581, 33.815401], [-87.225593, 33.815377], [-87.225377, 33.815346], [-87.225163, 33.815306], [-87.224952, 33.815258], [-87.224744, 33.815202], [-87.224539, 33.815139], [-87.224328, 33.815064], [-87.224121, 33.814981], [-87.223919, 33.81489], [-87.223723, 33.814791], [-87.223533, 33.814684], [-87.223349, 33.81457], [-87.223171, 33.814449], [-87.223001, 33.814321], [-87.222838, 33.814186], [-87.222684, 33.814045], [-87.222537, 33.813898], [-87.222399, 33.813746], [-87.22227, 33.813588], [-87.22215, 33.813426], [-87.22204, 33.813258], [-87.221939, 33.813087], [-87.221848, 33.812912], [-87.221584, 33.812442], [-87.219976, 33.809391], [-87.219879, 33.809194], [-87.219789, 33.808995], [-87.219706, 33.808794], [-87.219631, 33.808591], [-87.219548, 33.808337], [-87.219476, 33.808081], [-87.219415, 33.807823], [-87.219366, 33.807563], [-87.219121, 33.806004], [-87.218981, 33.805206], [-87.218664, 33.803403], [-87.218483, 33.802821], [-87.215465, 33.793801], [-87.215387, 33.793611], [-87.215302, 33.793423], [-87.21521, 33.793238], [-87.215112, 33.793055], [-87.215006, 33.792874], [-87.214882, 33.79268], [-87.214751, 33.792489], [-87.214612, 33.792303], [-87.214275, 33.791921], [-87.210815, 33.78798], [-87.20981, 33.786886], [-87.208212, 33.785009], [-87.207883, 33.784629], [-87.207232, 33.783885], [-87.204955, 33.782112], [-87.200704, 33.78062], [-87.19914, 33.779862], [-87.195593, 33.777507], [-87.194799, 33.776968], [-87.194058, 33.776322], [-87.193427, 33.775648], [-87.192783, 33.774771], [-87.192603, 33.774505], [-87.191923, 33.773508], [-87.191236, 33.772515], [-87.190542, 33.771524], [-87.189841, 33.770537], [-87.186385, 33.765683], [-87.186245, 33.765479], [-87.186078, 33.765229], [-87.185976, 33.765052], [-87.185728, 33.764555], [-87.185622, 33.76424], [-87.185537, 33.763965], [-87.185271, 33.762784], [-87.185208, 33.762504], [-87.185064, 33.761923], [-87.184772, 33.761333], [-87.184424, 33.76083], [-87.184186, 33.760545], [-87.184066, 33.760439], [-87.183772, 33.760176], [-87.183251, 33.759821], [-87.183021, 33.759694], [-87.182947, 33.759655], [-87.182525, 33.759465], [-87.181982, 33.759269], [-87.181397, 33.759131], [-87.180678, 33.759082], [-87.179822, 33.759118], [-87.179272, 33.759184], [-87.178317, 33.759319], [-87.178007, 33.759352], [-87.177768, 33.759396], [-87.177194, 33.75944], [-87.176543, 33.759424], [-87.175986, 33.759355], [-87.174303, 33.75891], [-87.171929, 33.758242], [-87.17053, 33.757848], [-87.170129, 33.757755], [-87.15719, 33.754109], [-87.156002, 33.753323], [-87.15427, 33.752167], [-87.152829, 33.751193], [-87.152206, 33.750765], [-87.151644, 33.75039], [-87.151152, 33.750067], [-87.150834, 33.749873], [-87.150519, 33.749708], [-87.150162, 33.749558], [-87.149517, 33.749404], [-87.148929, 33.74933], [-87.14815, 33.749228], [-87.147784, 33.749183], [-87.147462, 33.749116], [-87.147102, 33.749003], [-87.146786, 33.748855], [-87.146583, 33.748731], [-87.14637, 33.748588], [-87.146153, 33.748387], [-87.146017, 33.748244], [-87.145768, 33.747944], [-87.145326, 33.747151], [-87.145069, 33.746608], [-87.144741, 33.746198], [-87.144384, 33.745857], [-87.143507, 33.745205], [-87.143035, 33.744756], [-87.1428, 33.744487], [-87.142481, 33.743988], [-87.142301, 33.743633], [-87.141949, 33.742324], [-87.141953, 33.741268], [-87.141929, 33.740167], [-87.141714, 33.739272], [-87.141632, 33.739134], [-87.141687, 33.739087], [-87.141169, 33.738467], [-87.140682, 33.738167], [-87.140458, 33.738029], [-87.13983, 33.737846], [-87.137943, 33.737726], [-87.137204, 33.73754], [-87.134486, 33.736166], [-87.134003, 33.735974], [-87.133354, 33.73576], [-87.132925, 33.735697], [-87.13234, 33.735697], [-87.131654, 33.735818], [-87.130318, 33.736099], [-87.12675, 33.736845], [-87.126412, 33.73693], [-87.126109, 33.737024], [-87.125866, 33.737125], [-87.125621, 33.737257], [-87.125387, 33.737421], [-87.125134, 33.737619], [-87.124939, 33.737811], [-87.12419, 33.738652], [-87.124007, 33.738858], [-87.12379, 33.739127], [-87.123663, 33.73926], [-87.123355, 33.73955], [-87.12302, 33.739789], [-87.122636, 33.739965], [-87.122292, 33.740044], [-87.121864, 33.740102], [-87.121591, 33.740107], [-87.120892, 33.739978], [-87.120461, 33.7398], [-87.120024, 33.739542], [-87.118766, 33.738237], [-87.117175, 33.736525], [-87.116781, 33.736152], [-87.116451, 33.735882], [-87.115804, 33.735583], [-87.115316, 33.735407], [-87.114769, 33.735338], [-87.114254, 33.735336], [-87.113525, 33.735436], [-87.112272, 33.735655], [-87.112062, 33.73568], [-87.111826, 33.735689], [-87.111601, 33.735683], [-87.111338, 33.735667], [-87.111118, 33.73564], [-87.1109, 33.735603], [-87.110705, 33.735553], [-87.110472, 33.735484], [-87.110259, 33.735406], [-87.110005, 33.735297], [-87.109711, 33.73514], [-87.109568, 33.735048], [-87.109147, 33.734747], [-87.108665, 33.73433], [-87.108267, 33.734051], [-87.107565, 33.733745], [-87.107063, 33.73363], [-87.106111, 33.733279], [-87.104739, 33.732785], [-87.104025, 33.732458], [-87.103454, 33.732229], [-87.103115, 33.732088], [-87.102715, 33.731906], [-87.102343, 33.73168], [-87.101929, 33.731324], [-87.101457, 33.730855], [-87.101154, 33.730598], [-87.100812, 33.73035], [-87.10046, 33.730177], [-87.100092, 33.730036], [-87.09948, 33.729906], [-87.098779, 33.729852], [-87.098123, 33.729808], [-87.097533, 33.729688], [-87.096898, 33.729437], [-87.096722, 33.729343], [-87.096559, 33.729246], [-87.096229, 33.728986], [-87.09605, 33.728814], [-87.09569, 33.728348], [-87.095304, 33.727546], [-87.095015, 33.72696], [-87.094894, 33.726773], [-87.094561, 33.726377], [-87.094225, 33.72607], [-87.094014, 33.725938], [-87.093511, 33.725668], [-87.092679, 33.725421], [-87.091054, 33.725015], [-87.090317, 33.72474], [-87.090085, 33.724629], [-87.089243, 33.724154], [-87.088705, 33.723716], [-87.087895, 33.723063], [-87.087122, 33.722111], [-87.08651, 33.721413], [-87.0849, 33.71951], [-87.084436, 33.718741], [-87.083888, 33.717862], [-87.083596, 33.716935], [-87.083448, 33.716023], [-87.083425, 33.715682], [-87.083397, 33.715272], [-87.083362, 33.714536], [-87.083359, 33.713689], [-87.08318, 33.711155], [-87.082792, 33.702549], [-87.082647, 33.701556], [-87.082432, 33.701043], [-87.082124, 33.70057], [-87.081783, 33.700195], [-87.081432, 33.699878], [-87.080708, 33.699396], [-87.07985, 33.699015], [-87.078964, 33.69878], [-87.078125, 33.698693], [-87.077318, 33.698687], [-87.076749, 33.6987], [-87.076223, 33.698713], [-87.074909, 33.698729], [-87.07426, 33.698684], [-87.073909, 33.698629], [-87.073474, 33.698515], [-87.072997, 33.69835], [-87.072321, 33.697953], [-87.072087, 33.697745], [-87.071639, 33.697223], [-87.071414, 33.696875], [-87.071205, 33.696346], [-87.07095, 33.695594], [-87.070816, 33.695105], [-87.069931, 33.692338], [-87.069033, 33.689514], [-87.068493, 33.687635], [-87.067737, 33.685459], [-87.067076, 33.683187], [-87.066867, 33.682429], [-87.066722, 33.681914], [-87.066445, 33.681096], [-87.066298, 33.680616], [-87.066176, 33.680138], [-87.066037, 33.679388], [-87.066022, 33.679086], [-87.066003, 33.678592], [-87.066043, 33.677841], [-87.066153, 33.677349], [-87.066319, 33.676624], [-87.066494, 33.676042], [-87.066709, 33.675298], [-87.066891, 33.674732], [-87.067024, 33.67427], [-87.067115, 33.67381], [-87.067154, 33.67343], [-87.067157, 33.67308], [-87.067129, 33.67268], [-87.067015, 33.672176], [-87.066965, 33.671964], [-87.066875, 33.671714], [-87.066768, 33.671437], [-87.066636, 33.67118], [-87.066064, 33.67024], [-87.065651, 33.6696], [-87.065292, 33.669148], [-87.063253, 33.666952], [-87.062513, 33.666206], [-87.057725, 33.66129], [-87.057386, 33.66097], [-87.057049, 33.660617], [-87.056699, 33.660263], [-87.056413, 33.659968], [-87.056023, 33.659547], [-87.055775, 33.659252], [-87.055604, 33.659037], [-87.055367, 33.65868], [-87.055142, 33.65827], [-87.055002, 33.657978], [-87.054902, 33.657719], [-87.054791, 33.657395], [-87.0547, 33.65706], [-87.054541, 33.65633], [-87.054475, 33.655882], [-87.054374, 33.655289], [-87.054272, 33.654731], [-87.054125, 33.653929], [-87.054027, 33.653342], [-87.053948, 33.652932], [-87.053814, 33.652505], [-87.053657, 33.652202], [-87.053478, 33.651939], [-87.053278, 33.651717], [-87.052941, 33.651433], [-87.052445, 33.651129], [-87.052089, 33.650995], [-87.051555, 33.650841], [-87.051097, 33.650745], [-87.050553, 33.650638], [-87.049548, 33.650445], [-87.049086, 33.650347], [-87.048593, 33.650239], [-87.047995, 33.650118], [-87.047648, 33.650043], [-87.047349, 33.649974], [-87.047029, 33.649887], [-87.046782, 33.649794], [-87.046537, 33.64968], [-87.046324, 33.649563], [-87.046096, 33.649415], [-87.045829, 33.6492], [-87.045635, 33.649011], [-87.045486, 33.648837], [-87.045373, 33.648682], [-87.045264, 33.648522], [-87.045147, 33.648277], [-87.045019, 33.647884], [-87.044973, 33.647525], [-87.044965, 33.647248], [-87.045013, 33.646833], [-87.045126, 33.646233], [-87.045221, 33.645679], [-87.04531, 33.645134], [-87.045347, 33.644357], [-87.042158, 33.6377], [-87.042029, 33.637546], [-87.041533, 33.636922], [-87.041021, 33.63657], [-87.040429, 33.636298], [-87.040272, 33.636219], [-87.040109, 33.636138], [-87.039645, 33.636106], [-87.039197, 33.63609], [-87.038653, 33.636122], [-87.038141, 33.636202], [-87.037661, 33.636375], [-87.037389, 33.636487], [-87.036765, 33.636714], [-87.036509, 33.636794], [-87.036064, 33.636851], [-87.035517, 33.636826], [-87.034765, 33.636698], [-87.034093, 33.636378], [-87.033645, 33.635914], [-87.033292, 33.63561], [-87.033247, 33.635566], [-87.032812, 33.635146], [-87.032711, 33.635041], [-87.032624, 33.63495], [-87.032428, 33.634746], [-87.032012, 33.634346], [-87.031548, 33.634042], [-87.031132, 33.633866], [-87.030492, 33.633626], [-87.029996, 33.633466], [-87.029164, 33.633162], [-87.028732, 33.632906], [-87.028172, 33.632458], [-87.027756, 33.632058], [-87.026828, 33.631162], [-87.026161, 33.63055], [-87.02606, 33.630458], [-87.025388, 33.629802], [-87.024988, 33.62929], [-87.024652, 33.62897], [-87.024476, 33.628602], [-87.023713, 33.62736], [-87.023433, 33.626845], [-87.023053, 33.626142], [-87.02251, 33.625181], [-87.022131, 33.62472], [-87.021841, 33.624402], [-87.021072, 33.623797], [-87.019254, 33.622556], [-87.01617, 33.620347], [-87.0143, 33.618857], [-87.014008, 33.618599], [-87.013691, 33.618198], [-87.013519, 33.617782], [-87.013402, 33.617404], [-87.013266, 33.616791], [-87.013004, 33.616194], [-87.01276, 33.615914], [-87.012444, 33.615642], [-87.011964, 33.615369], [-87.011584, 33.615233], [-87.01114, 33.615157], [-87.010516, 33.615203], [-87.010028, 33.615331], [-87.009512, 33.615596], [-87.008997, 33.615906], [-87.008436, 33.616277], [-87.007477, 33.617207], [-87.006229, 33.618652], [-87.005424, 33.6195], [-87.004935, 33.619825], [-87.004338, 33.620052], [-87.003497, 33.620158], [-87.002701, 33.619976], [-87.001977, 33.61959], [-87.001435, 33.619114], [-87.00072, 33.618176], [-86.999996, 33.61745], [-86.999309, 33.617018], [-86.998459, 33.616663], [-86.997554, 33.616383], [-86.996623, 33.616171], [-86.995239, 33.615906], [-86.994479, 33.61577], [-86.993493, 33.615838], [-86.992688, 33.615952], [-86.989487, 33.61645], [-86.988762, 33.616645], [-86.988076, 33.616895], [-86.987544, 33.617154], [-86.987041, 33.617227], [-86.986423, 33.617122], [-86.98591, 33.616936], [-86.98527, 33.616539], [-86.984886, 33.616192], [-86.984518, 33.615885], [-86.983948, 33.615359], [-86.98361, 33.615036], [-86.983001, 33.614445], [-86.982324, 33.613823], [-86.981703, 33.613245], [-86.981563, 33.613122], [-86.981252, 33.612836], [-86.980431, 33.612153], [-86.979408, 33.611371], [-86.978667, 33.61093], [-86.978514, 33.610841], [-86.978201, 33.610713], [-86.977926, 33.610649], [-86.977582, 33.610617], [-86.976969, 33.610604], [-86.976772, 33.610598], [-86.97649, 33.610598], [-86.975617, 33.610573], [-86.974937, 33.610545], [-86.9745, 33.61046], [-86.973869, 33.610289], [-86.973372, 33.610055], [-86.973074, 33.609889], [-86.972639, 33.609697], [-86.972196, 33.609531], [-86.971768, 33.609416], [-86.97121, 33.609269], [-86.970737, 33.609192], [-86.970286, 33.609122], [-86.970003, 33.609071], [-86.969606, 33.608994], [-86.969208, 33.608854], [-86.968834, 33.608681], [-86.968429, 33.608483], [-86.968024, 33.60824], [-86.967581, 33.608017], [-86.967199, 33.607844], [-86.966672, 33.607723], [-86.966305, 33.607659], [-86.965924, 33.607634], [-86.96548, 33.607684], [-86.964983, 33.607812], [-86.964441, 33.607991], [-86.964116, 33.608152], [-86.963536, 33.608487], [-86.963127, 33.608707], [-86.962896, 33.608802], [-86.962749, 33.608852], [-86.962572, 33.608897], [-86.962341, 33.608936], [-86.962168, 33.608952], [-86.96197, 33.608957], [-86.961749, 33.608946], [-86.961545, 33.608921], [-86.961293, 33.608868], [-86.961033, 33.608788], [-86.960794, 33.608703], [-86.960588, 33.60858], [-86.96008, 33.608114], [-86.959559, 33.6075], [-86.959198, 33.607064], [-86.958681, 33.606397], [-86.958548, 33.606175], [-86.958443, 33.605944], [-86.958362, 33.605724], [-86.958323, 33.605569], [-86.958294, 33.605429], [-86.958241, 33.605011], [-86.95817, 33.604263], [-86.958127, 33.604001], [-86.958068, 33.603739], [-86.957998, 33.60356], [-86.957876, 33.603329], [-86.957755, 33.603151], [-86.957617, 33.602978], [-86.957454, 33.602798], [-86.956707, 33.602153], [-86.955484, 33.601136], [-86.953499, 33.599491], [-86.952359, 33.598537], [-86.952184, 33.598381], [-86.951892, 33.598092], [-86.951739, 33.597911], [-86.951556, 33.597655], [-86.951368, 33.59735], [-86.951168, 33.596988], [-86.949595, 33.594005], [-86.949423, 33.593713], [-86.948612, 33.592543], [-86.948241, 33.592029], [-86.947609, 33.591099], [-86.947447, 33.590803], [-86.94728, 33.590464], [-86.947048, 33.589944], [-86.946824, 33.589453], [-86.946666, 33.589062], [-86.946513, 33.588739], [-86.946294, 33.58835], [-86.946077, 33.588017], [-86.944824, 33.586296], [-86.944795, 33.586245], [-86.944772, 33.586214], [-86.944539, 33.585734], [-86.944282, 33.58524], [-86.944132, 33.58474], [-86.944071, 33.584336], [-86.944017, 33.583859], [-86.944051, 33.583301], [-86.944166, 33.582773], [-86.944302, 33.58213], [-86.94454, 33.581226], [-86.944669, 33.580686], [-86.944717, 33.580214], [-86.944635, 33.579634], [-86.944493, 33.579253], [-86.944214, 33.578764], [-86.942456, 33.576311], [-86.942188, 33.575904], [-86.94048, 33.573642], [-86.940238, 33.573335], [-86.939995, 33.572921], [-86.939854, 33.57254], [-86.939328, 33.571162], [-86.939072, 33.570288], [-86.938863, 33.569557], [-86.938569, 33.569065], [-86.938113, 33.568566], [-86.937687, 33.568249], [-86.937266, 33.567918], [-86.937009, 33.567616], [-86.93676, 33.567274], [-86.936454, 33.566621], [-86.936062, 33.565835], [-86.935647, 33.565305], [-86.935161, 33.564765], [-86.934198, 33.564063], [-86.933443, 33.563653], [-86.932699, 33.56335], [-86.93174, 33.563107], [-86.930362, 33.562906], [-86.929596, 33.562776], [-86.929015, 33.562706], [-86.928184, 33.562577], [-86.927716, 33.562483], [-86.926942, 33.562365], [-86.926477, 33.562261], [-86.926295, 33.562203], [-86.926125, 33.562141], [-86.925854, 33.561997], [-86.925626, 33.561859], [-86.92547, 33.561753], [-86.925161, 33.561464], [-86.924943, 33.56117], [-86.924789, 33.560903], [-86.924661, 33.5606], [-86.924523, 33.560155], [-86.924331, 33.559336], [-86.924107, 33.558352], [-86.923847, 33.557306], [-86.923362, 33.555343], [-86.923144, 33.554431], [-86.923112, 33.554159], [-86.923101, 33.553874], [-86.923112, 33.553455], [-86.923203, 33.552779], [-86.923362, 33.551417], [-86.923378, 33.551039], [-86.923341, 33.550714], [-86.92324, 33.550282], [-86.922835, 33.549044], [-86.922463, 33.547958], [-86.922042, 33.546912], [-86.921813, 33.546525], [-86.921531, 33.546163], [-86.921276, 33.545896], [-86.92101, 33.54567], [-86.9206, 33.545381], [-86.91888, 33.544589], [-86.908095, 33.539893], [-86.907084, 33.539465], [-86.906302, 33.539119], [-86.905732, 33.538946], [-86.905131, 33.538821], [-86.904583, 33.53875], [-86.903279, 33.538607], [-86.902576, 33.538487], [-86.902022, 33.538331], [-86.900829, 33.537877], [-86.892353, 33.528661], [-86.888301, 33.526827], [-86.873647, 33.52111], [-86.868618, 33.519162], [-86.854825, 33.522883], [-86.848971, 33.527428], [-86.848688, 33.52767], [-86.848442, 33.527869], [-86.848217, 33.528043], [-86.848033, 33.528165], [-86.846465, 33.529193], [-86.846283, 33.529306], [-86.846072, 33.52942], [-86.845872, 33.529521], [-86.843526, 33.530651], [-86.841266, 33.531746], [-86.841086, 33.531832], [-86.840902, 33.531902], [-86.840167, 33.532149], [-86.838675, 33.532651], [-86.837846, 33.53293], [-86.837523, 33.533053], [-86.837237, 33.533181], [-86.835076, 33.534224], [-86.833139, 33.535163], [-86.833061, 33.535201], [-86.832524, 33.535451], [-86.832227, 33.535578], [-86.831796, 33.535734], [-86.831343, 33.535904], [-86.830785, 33.536121], [-86.830587, 33.536214], [-86.830331, 33.536354], [-86.830132, 33.536475], [-86.829879, 33.536638], [-86.829339, 33.536992], [-86.822682, 33.539071], [-86.822373, 33.539154], [-86.822015, 33.539264], [-86.821689, 33.539377], [-86.821368, 33.539501]]}}, {"type": "Feature", "properties": {"company": "St. Louis-San Francisco Railway (Frisco)", "line": "Frisco: Memphis \u2013 Birmingham", "id": "frisco-memphis-tupelo-birmingham", "color": "#B7410E", "mode": "intercity_rail", "avg_speed_kmh": 55, "speed_source": "estimated: Frisco through service; unsourced", "geometry_source": "Real-traced from OpenStreetMap (ODbL) via Overpass along the BNSF Birmingham Subdivision, the surviving line that was the Kansas City, Memphis and Birmingham and then the Frisco, routed through Tupelo.", "geometry_quality": "Real-traced, 2559 points; 11% of the drawn length (25.4 mi across 46 places) is straight-line connector inserted where the mapped way network breaks, the rest sits on mapped track. Traced 235.0 mi against the roughly 276 miles quoted for the KCM&B main line Memphis to Birmingham -- the gap is unresolved and may be terminal trackage at both ends, where the trace snaps to the subdivision rather than the city centres. LATER ALIGNMENT: the corridor as it survives today, not a verified 1887 alignment. Straight-line repair 2026-08-29: 1 ruled segment totalling 11 mi replaced with OpenStreetMap-traced rail geometry (see geometry_repairs for the OSM lines each one followed).", "segments": [{"start": 1896, "end": 1958, "headway_min": 360, "note": "The KCM&B was operationally absorbed into the St. Louis and San Francisco Railway -- the Frisco -- in 1896, the corporate merger following on Sep 1 1928. Into the late 1950s Tupelo was still served by the Frisco's Kansas City-Florida Special (Kansas City - Memphis - Jacksonville), the Memphian (Memphis - Birmingham) and the Sunnyland, which ran west to Kansas City with sections east to Birmingham and Pensacola. Frequency estimated/unsourced", "sources": ["Segment-level: this segment's own note carries the citation for its dates and service. Supporting references for the line:", "https://en.wikipedia.org/wiki/Kansas_City,_Memphis_and_Birmingham_Railroad", "https://en.wikipedia.org/wiki/Tupelo,_Mississippi", "https://en.wikipedia.org/wiki/St._Louis%E2%80%93San_Francisco_Railway"]}, {"start": 1958, "end": 1967, "headway_min": 1440, "note": "The last years, down to a single train. The Frisco's Southland made its final run on Dec 9 1967 -- the last passenger train not just at Tupelo but in the whole of northeast Mississippi. The Frisco itself merged into the Burlington Northern on Nov 21 1980 and the line is BNSF freight today. Frequency estimated/unsourced", "sources": ["Segment-level: this segment's own note carries the citation for its dates and service. Supporting references for the line:", "https://en.wikipedia.org/wiki/Kansas_City,_Memphis_and_Birmingham_Railroad", "https://en.wikipedia.org/wiki/Tupelo,_Mississippi", "https://en.wikipedia.org/wiki/St._Louis%E2%80%93San_Francisco_Railway"]}], "geometry_repairs": [{"date": "2026-08-29", "from": [-89.86331, 34.992348], "to": [-89.727652, 34.887972], "chord_mi": 10.59, "traced_mi": 10.56, "snap_m": [0, 0], "bridged_mi": 0.0, "osm_lines": ["BNSF Birmingham Subdivision (10.56 mi)"], "method": "Overpass rail graph, 8.0 km corridor, Dijkstra, simplified to 3.0 m"}]}, "geometry": {"type": "LineString", "coordinates": [[-89.872017, 35.002132], [-89.868498, 34.998145], [-89.867844, 34.997405], [-89.865079, 34.994291], [-89.864189, 34.993294], [-89.863809, 34.992869], [-89.86331, 34.992348], [-89.862078, 34.991269], [-89.790534, 34.935561], [-89.788979, 34.93443], [-89.781743, 34.929514], [-89.781043, 34.92893], [-89.780554, 34.92845], [-89.779368, 34.927118], [-89.778614, 34.92636], [-89.77747, 34.925366], [-89.763808, 34.914716], [-89.762674, 34.913915], [-89.745599, 34.90262], [-89.744626, 34.901932], [-89.743229, 34.900782], [-89.731321, 34.889925], [-89.730447, 34.889294], [-89.729571, 34.888791], [-89.727652, 34.887972], [-89.723871, 34.886438], [-89.719019, 34.884463], [-89.718485, 34.884245], [-89.715896, 34.883186], [-89.714851, 34.882758], [-89.706525, 34.87936], [-89.705911, 34.879112], [-89.704873, 34.878692], [-89.70361, 34.878177], [-89.703003, 34.877922], [-89.702762, 34.877827], [-89.701798, 34.877444], [-89.700663, 34.876975], [-89.699969, 34.876696], [-89.699356, 34.876472], [-89.698838, 34.876301], [-89.698056, 34.876058], [-89.697619, 34.875937], [-89.697071, 34.8758], [-89.695744, 34.87547], [-89.695075, 34.875307], [-89.69365, 34.874956], [-89.69278, 34.87474], [-89.692192, 34.874592], [-89.690895, 34.874276], [-89.688646, 34.873722], [-89.687337, 34.873392], [-89.684536, 34.872705], [-89.682676, 34.872254], [-89.681766, 34.87203], [-89.680069, 34.871606], [-89.678894, 34.871304], [-89.677161, 34.870888], [-89.676779, 34.870796], [-89.674908, 34.870346], [-89.674178, 34.870158], [-89.672661, 34.869802], [-89.670699, 34.869298], [-89.668971, 34.868856], [-89.662633, 34.8673], [-89.658274, 34.866199], [-89.657074, 34.865925], [-89.65094, 34.863589], [-89.642413, 34.858554], [-89.629912, 34.851374], [-89.628575, 34.8509], [-89.619994, 34.847752], [-89.618365, 34.847211], [-89.618002, 34.847114], [-89.617786, 34.847064], [-89.614656, 34.846527], [-89.612595, 34.846161], [-89.60434, 34.844785], [-89.602825, 34.844458], [-89.600336, 34.843886], [-89.5972, 34.843187], [-89.595853, 34.8429], [-89.591302, 34.841887], [-89.589981, 34.841558], [-89.58536, 34.840504], [-89.582289, 34.839816], [-89.57989, 34.839242], [-89.578039, 34.838661], [-89.575786, 34.83775], [-89.573918, 34.837071], [-89.571029, 34.836419], [-89.569768, 34.835963], [-89.564732, 34.833354], [-89.563464, 34.832678], [-89.562141, 34.831989], [-89.560758, 34.831269], [-89.560163, 34.830998], [-89.554079, 34.829277], [-89.541769, 34.824831], [-89.541316, 34.824638], [-89.541075, 34.824528], [-89.54034, 34.824068], [-89.538619, 34.822822], [-89.538173, 34.822515], [-89.53758, 34.82215], [-89.536923, 34.82183], [-89.536142, 34.821489], [-89.533734, 34.820505], [-89.531702, 34.819665], [-89.529958, 34.818993], [-89.529087, 34.818735], [-89.528682, 34.818645], [-89.528126, 34.818531], [-89.519474, 34.817416], [-89.516202, 34.817001], [-89.513567, 34.816658], [-89.509226, 34.816127], [-89.508805, 34.81604], [-89.508435, 34.815948], [-89.507977, 34.815801], [-89.507364, 34.815508], [-89.506886, 34.815222], [-89.505765, 34.814275], [-89.496917, 34.806514], [-89.495204, 34.805055], [-89.49141, 34.801744], [-89.490687, 34.801208], [-89.490422, 34.801075], [-89.489825, 34.800775], [-89.489191, 34.800528], [-89.488269, 34.800317], [-89.486271, 34.800004], [-89.477595, 34.798494], [-89.476862, 34.798337], [-89.47627, 34.798133], [-89.475743, 34.797903], [-89.474724, 34.7974], [-89.47442, 34.797266], [-89.473751, 34.797017], [-89.473053, 34.796835], [-89.472434, 34.796723], [-89.471672, 34.796664], [-89.470864, 34.796658], [-89.469993, 34.796666], [-89.468428, 34.79668], [-89.467713, 34.796644], [-89.467148, 34.796568], [-89.466628, 34.796434], [-89.466141, 34.796255], [-89.46561, 34.796016], [-89.464968, 34.795633], [-89.462582, 34.794035], [-89.460564, 34.79266], [-89.459122, 34.791703], [-89.457934, 34.790915], [-89.453601, 34.787997], [-89.452253, 34.787107], [-89.451072, 34.786323], [-89.450523, 34.785951], [-89.450003, 34.785599], [-89.449346, 34.785167], [-89.448762, 34.784763], [-89.44495, 34.782213], [-89.444147, 34.781676], [-89.441987, 34.780226], [-89.44072, 34.779373], [-89.439755, 34.778728], [-89.436807, 34.776753], [-89.436134, 34.776307], [-89.435722, 34.776035], [-89.435235, 34.775709], [-89.431135, 34.766305], [-89.430975, 34.766062], [-89.430795, 34.765831], [-89.430159, 34.764873], [-89.428757, 34.762811], [-89.428029, 34.761739], [-89.426872, 34.760051], [-89.426437, 34.759501], [-89.426035, 34.759099], [-89.425581, 34.758728], [-89.425008, 34.758343], [-89.424404, 34.758029], [-89.423706, 34.757756], [-89.423089, 34.757586], [-89.422426, 34.757459], [-89.421171, 34.757354], [-89.420125, 34.757273], [-89.41942, 34.757193], [-89.418718, 34.757029], [-89.418044, 34.756783], [-89.417503, 34.756493], [-89.417034, 34.756168], [-89.416504, 34.755667], [-89.416065, 34.755097], [-89.415798, 34.754598], [-89.41564, 34.754046], [-89.415525, 34.753364], [-89.415456, 34.752854], [-89.415333, 34.752424], [-89.415142, 34.751968], [-89.414481, 34.750877], [-89.41425, 34.750433], [-89.414133, 34.75011], [-89.414035, 34.749693], [-89.414003, 34.749234], [-89.414045, 34.748721], [-89.414103, 34.748376], [-89.414223, 34.747957], [-89.414393, 34.747391], [-89.41456, 34.746638], [-89.41466, 34.745981], [-89.414707, 34.745429], [-89.414784, 34.743491], [-89.415021, 34.736557], [-89.415076, 34.735207], [-89.41514, 34.733777], [-89.415166, 34.732936], [-89.415239, 34.732195], [-89.415358, 34.731416], [-89.41548, 34.730668], [-89.415625, 34.729788], [-89.415721, 34.729186], [-89.415798, 34.728608], [-89.415841, 34.728008], [-89.415798, 34.727421], [-89.4157, 34.72696], [-89.41548, 34.726307], [-89.415239, 34.725816], [-89.414876, 34.725288], [-89.414562, 34.724908], [-89.414101, 34.724452], [-89.413571, 34.724047], [-89.411727, 34.722837], [-89.411108, 34.722425], [-89.409228, 34.721188], [-89.406919, 34.7197], [-89.403898, 34.717723], [-89.40279, 34.717021], [-89.400394, 34.715449], [-89.39481, 34.711803], [-89.393923, 34.711205], [-89.393714, 34.711064], [-89.38085, 34.702707], [-89.379754, 34.702009], [-89.379293, 34.701746], [-89.37867, 34.70149], [-89.378113, 34.701338], [-89.377431, 34.701217], [-89.37679, 34.701157], [-89.375282, 34.701048], [-89.374086, 34.700962], [-89.372486, 34.700848], [-89.37057, 34.700704], [-89.369874, 34.700625], [-89.369522, 34.700563], [-89.369131, 34.700468], [-89.3687, 34.700315], [-89.36831, 34.700157], [-89.367828, 34.699889], [-89.367454, 34.699658], [-89.365553, 34.698201], [-89.364229, 34.697175], [-89.36145, 34.696154], [-89.359461, 34.696041], [-89.358549, 34.695969], [-89.357765, 34.695873], [-89.356926, 34.695686], [-89.3562, 34.695448], [-89.355503, 34.695152], [-89.354891, 34.694817], [-89.354282, 34.694388], [-89.353326, 34.693599], [-89.352883, 34.693255], [-89.352454, 34.692989], [-89.351959, 34.692765], [-89.351395, 34.692573], [-89.347925, 34.691791], [-89.342723, 34.690612], [-89.338509, 34.689661], [-89.337871, 34.689484], [-89.337341, 34.689279], [-89.336766, 34.688977], [-89.336292, 34.688641], [-89.335924, 34.688315], [-89.335529, 34.687838], [-89.334906, 34.687021], [-89.33453, 34.68652], [-89.334022, 34.685856], [-89.333328, 34.684941], [-89.332316, 34.6836], [-89.330533, 34.679713], [-89.330571, 34.678617], [-89.33057, 34.677234], [-89.330637, 34.676383], [-89.330726, 34.673701], [-89.330766, 34.672679], [-89.330784, 34.671982], [-89.330736, 34.67124], [-89.330648, 34.670684], [-89.330551, 34.670267], [-89.330354, 34.669649], [-89.330029, 34.668919], [-89.32965, 34.668275], [-89.329296, 34.667778], [-89.328735, 34.667101], [-89.328114, 34.666466], [-89.326822, 34.665169], [-89.322104, 34.660361], [-89.32077, 34.659031], [-89.320175, 34.658437], [-89.316872, 34.655106], [-89.313097, 34.6513], [-89.31159, 34.649773], [-89.309176, 34.647362], [-89.307779, 34.645945], [-89.306988, 34.645143], [-89.305776, 34.643921], [-89.305659, 34.643803], [-89.304785, 34.642935], [-89.304213, 34.642411], [-89.303438, 34.64172], [-89.30298, 34.641318], [-89.301795, 34.640424], [-89.300821, 34.639792], [-89.299733, 34.639174], [-89.298785, 34.638698], [-89.298052, 34.638388], [-89.297332, 34.638101], [-89.296531, 34.637818], [-89.295477, 34.637497], [-89.273062, 34.630653], [-89.268446, 34.629247], [-89.266463, 34.628633], [-89.263173, 34.627635], [-89.262297, 34.627368], [-89.260596, 34.626859], [-89.25964, 34.626612], [-89.25875, 34.626393], [-89.257544, 34.626132], [-89.253604, 34.625294], [-89.252351, 34.62503], [-89.251189, 34.624784], [-89.248614, 34.624237], [-89.246186, 34.623728], [-89.241213, 34.62267], [-89.237748, 34.621944], [-89.23743, 34.621876], [-89.230221, 34.620343], [-89.228096, 34.619885], [-89.223516, 34.618921], [-89.221334, 34.618455], [-89.219249, 34.618015], [-89.215571, 34.617237], [-89.212649, 34.616611], [-89.209972, 34.616048], [-89.207866, 34.615596], [-89.202886, 34.614535], [-89.20145, 34.614239], [-89.199995, 34.61393], [-89.198089, 34.613524], [-89.197181, 34.61333], [-89.196234, 34.61313], [-89.195201, 34.612947], [-89.194586, 34.612873], [-89.194122, 34.612844], [-89.193304, 34.612847], [-89.19237, 34.612898], [-89.188865, 34.613157], [-89.187434, 34.613268], [-89.182606, 34.613616], [-89.179816, 34.613824], [-89.177569, 34.613991], [-89.176332, 34.614075], [-89.174599, 34.614203], [-89.17368, 34.614273], [-89.17276, 34.614342], [-89.168032, 34.614683], [-89.165732, 34.614856], [-89.165249, 34.61489], [-89.163971, 34.614979], [-89.162948, 34.614996], [-89.161801, 34.614924], [-89.160649, 34.614711], [-89.159601, 34.614409], [-89.158613, 34.614025], [-89.157331, 34.613419], [-89.156928, 34.613232], [-89.155811, 34.612662], [-89.152785, 34.611237], [-89.150918, 34.610336], [-89.149334, 34.609596], [-89.146065, 34.606891], [-89.14129, 34.601976], [-89.139095, 34.599701], [-89.138575, 34.59912], [-89.138117, 34.59853], [-89.137509, 34.597668], [-89.137193, 34.597163], [-89.13679, 34.596446], [-89.136573, 34.59602], [-89.136323, 34.595481], [-89.136131, 34.594993], [-89.135543, 34.593372], [-89.135402, 34.592978], [-89.134591, 34.590692], [-89.133628, 34.587997], [-89.132227, 34.584099], [-89.1316, 34.582331], [-89.129188, 34.575574], [-89.129077, 34.575255], [-89.128659, 34.574059], [-89.128396, 34.573355], [-89.128304, 34.57308], [-89.127783, 34.571614], [-89.127513, 34.570863], [-89.126752, 34.568719], [-89.125717, 34.565816], [-89.125421, 34.565022], [-89.125146, 34.564435], [-89.12476, 34.563811], [-89.124388, 34.563301], [-89.123947, 34.562804], [-89.123363, 34.562245], [-89.122804, 34.561797], [-89.121651, 34.56106], [-89.119844, 34.56006], [-89.118458, 34.559303], [-89.115007, 34.5574], [-89.113649, 34.556651], [-89.111827, 34.555657], [-89.110305, 34.554817], [-89.109074, 34.554129], [-89.104741, 34.551751], [-89.104041, 34.551324], [-89.103621, 34.551018], [-89.103206, 34.550683], [-89.102478, 34.550006], [-89.101929, 34.549463], [-89.101263, 34.548831], [-89.098426, 34.546082], [-89.096718, 34.544401], [-89.095011, 34.542729], [-89.094135, 34.541848], [-89.093832, 34.541556], [-89.092615, 34.540383], [-89.092049, 34.539814], [-89.091207, 34.539006], [-89.090507, 34.538393], [-89.089894, 34.537927], [-89.089373, 34.537604], [-89.088845, 34.537323], [-89.086374, 34.536106], [-89.085265, 34.535564], [-89.079975, 34.532978], [-89.079156, 34.532574], [-89.077931, 34.53198], [-89.069039, 34.527606], [-89.062131, 34.524253], [-89.061418, 34.523897], [-89.05866, 34.522551], [-89.049953, 34.518274], [-89.048529, 34.517584], [-89.046612, 34.516636], [-89.043908, 34.515315], [-89.043337, 34.515092], [-89.042467, 34.514655], [-89.041466, 34.514193], [-89.040855, 34.513872], [-89.039114, 34.512996], [-89.038913, 34.512881], [-89.037362, 34.512131], [-89.036261, 34.511505], [-89.034297, 34.510092], [-89.033695, 34.509588], [-89.033072, 34.509015], [-89.032321, 34.508252], [-89.03041, 34.506283], [-89.029538, 34.505389], [-89.028142, 34.503955], [-89.027054, 34.502835], [-89.026235, 34.501986], [-89.025639, 34.501376], [-89.02426, 34.49997], [-89.013642, 34.49591], [-89.000846, 34.488126], [-89.000419, 34.486588], [-89.000369, 34.486407], [-89.000175, 34.485738], [-89.000029, 34.485293], [-88.999834, 34.484847], [-88.999629, 34.484504], [-88.999319, 34.484114], [-88.999112, 34.483903], [-88.998865, 34.483694], [-88.998603, 34.483474], [-88.998248, 34.483254], [-88.997726, 34.482984], [-88.997257, 34.482829], [-88.995865, 34.4824], [-88.99541, 34.48221], [-88.995086, 34.482054], [-88.994801, 34.481893], [-88.9944, 34.481625], [-88.993723, 34.481072], [-88.992914, 34.480388], [-88.991987, 34.479705], [-88.991222, 34.479197], [-88.990567, 34.478799], [-88.989669, 34.478319], [-88.989021, 34.47799], [-88.987668, 34.477302], [-88.984004, 34.475415], [-88.982485, 34.474643], [-88.978077, 34.472393], [-88.975683, 34.471168], [-88.97439, 34.470495], [-88.973894, 34.47019], [-88.973415, 34.469841], [-88.973019, 34.469444], [-88.972678, 34.468972], [-88.972491, 34.468566], [-88.972275, 34.467997], [-88.972211, 34.467385], [-88.972155, 34.46674], [-88.972075, 34.465771], [-88.971931, 34.465101], [-88.971716, 34.464502], [-88.971416, 34.463918], [-88.970985, 34.463294], [-88.970325, 34.462376], [-88.969979, 34.461771], [-88.969738, 34.461161], [-88.969645, 34.460666], [-88.969599, 34.460095], [-88.96965, 34.459536], [-88.970002, 34.458185], [-88.970055, 34.457895], [-88.970078, 34.45765], [-88.970092, 34.45736], [-88.970071, 34.457184], [-88.969995, 34.456824], [-88.96989, 34.456463], [-88.969759, 34.456122], [-88.969473, 34.455621], [-88.969208, 34.455289], [-88.968938, 34.455022], [-88.968542, 34.454702], [-88.968171, 34.454454], [-88.967651, 34.454158], [-88.966745, 34.453683], [-88.966379, 34.453453], [-88.966073, 34.45322], [-88.965786, 34.452952], [-88.965565, 34.452683], [-88.965334, 34.452367], [-88.965207, 34.452163], [-88.965052, 34.451876], [-88.964879, 34.451496], [-88.964546, 34.450655], [-88.964314, 34.450152], [-88.964077, 34.449685], [-88.963826, 34.449251], [-88.963492, 34.44879], [-88.963197, 34.448442], [-88.962697, 34.447915], [-88.962158, 34.447416], [-88.961551, 34.446931], [-88.961028, 34.446548], [-88.960456, 34.44618], [-88.959744, 34.445774], [-88.959046, 34.445415], [-88.958221, 34.44503], [-88.957284, 34.444664], [-88.955913, 34.444252], [-88.955193, 34.444078], [-88.954465, 34.443928], [-88.952815, 34.443598], [-88.951368, 34.443319], [-88.950589, 34.443159], [-88.950041, 34.443006], [-88.949615, 34.442855], [-88.949161, 34.442641], [-88.948827, 34.442451], [-88.948556, 34.442262], [-88.948266, 34.442033], [-88.948071, 34.441831], [-88.947818, 34.441555], [-88.947588, 34.441246], [-88.947425, 34.440957], [-88.947293, 34.440682], [-88.947144, 34.440294], [-88.947026, 34.439872], [-88.946933, 34.439458], [-88.946665, 34.438277], [-88.946505, 34.437591], [-88.946378, 34.437163], [-88.946236, 34.436811], [-88.946059, 34.436442], [-88.945482, 34.435493], [-88.944942, 34.434641], [-88.944459, 34.433886], [-88.943536, 34.432421], [-88.942678, 34.431065], [-88.942061, 34.430107], [-88.941686, 34.429617], [-88.941306, 34.429182], [-88.940802, 34.428701], [-88.940318, 34.428307], [-88.939368, 34.427657], [-88.938388, 34.427033], [-88.937941, 34.426705], [-88.93748, 34.426285], [-88.937145, 34.425923], [-88.936357, 34.424926], [-88.93435, 34.422418], [-88.932221, 34.419747], [-88.931947, 34.419432], [-88.931357, 34.418835], [-88.930883, 34.418498], [-88.93029, 34.418185], [-88.92942, 34.417874], [-88.928942, 34.417784], [-88.928111, 34.417696], [-88.924651, 34.417405], [-88.920181, 34.417073], [-88.919739, 34.417043], [-88.919029, 34.416993], [-88.918142, 34.416962], [-88.917581, 34.416938], [-88.911047, 34.41643], [-88.908728, 34.416239], [-88.90213, 34.415724], [-88.894903, 34.41516], [-88.893347, 34.415049], [-88.8917, 34.414912], [-88.890005, 34.414782], [-88.889099, 34.41471], [-88.88771, 34.414609], [-88.887003, 34.414605], [-88.886214, 34.414673], [-88.885426, 34.414784], [-88.884233, 34.414925], [-88.883191, 34.415095], [-88.882128, 34.415215], [-88.881429, 34.41522], [-88.880672, 34.415137], [-88.880117, 34.415014], [-88.879576, 34.41482], [-88.879024, 34.414561], [-88.878447, 34.41417], [-88.877741, 34.413476], [-88.877233, 34.412751], [-88.874708, 34.408536], [-88.873054, 34.405805], [-88.872727, 34.405212], [-88.872465, 34.404678], [-88.872348, 34.404405], [-88.872198, 34.403886], [-88.872135, 34.403516], [-88.872112, 34.402866], [-88.872179, 34.402104], [-88.872375, 34.401119], [-88.872651, 34.399665], [-88.872811, 34.398849], [-88.872882, 34.3983], [-88.872882, 34.397782], [-88.87283, 34.397434], [-88.872701, 34.396982], [-88.872213, 34.395685], [-88.871564, 34.394053], [-88.871507, 34.39391], [-88.869039, 34.387506], [-88.866746, 34.382254], [-88.866222, 34.381252], [-88.865548, 34.380189], [-88.865143, 34.379674], [-88.864722, 34.379215], [-88.864189, 34.378704], [-88.863535, 34.378192], [-88.863038, 34.377859], [-88.862192, 34.377382], [-88.860971, 34.376724], [-88.860357, 34.376378], [-88.859817, 34.376017], [-88.859264, 34.375588], [-88.858767, 34.375132], [-88.851852, 34.368696], [-88.851261, 34.368153], [-88.847953, 34.365019], [-88.845371, 34.362613], [-88.842858, 34.360259], [-88.842309, 34.359748], [-88.841617, 34.359099], [-88.841046, 34.358574], [-88.83974, 34.357357], [-88.838481, 34.356166], [-88.83672, 34.354516], [-88.83494, 34.352802], [-88.832393, 34.350473], [-88.826326, 34.344799], [-88.824712, 34.343293], [-88.816185, 34.335256], [-88.814609, 34.333809], [-88.810082, 34.329552], [-88.800333, 34.320424], [-88.799621, 34.319761], [-88.796533, 34.316861], [-88.79462, 34.315106], [-88.793534, 34.314074], [-88.793114, 34.313648], [-88.790447, 34.311174], [-88.789235, 34.310027], [-88.788373, 34.309213], [-88.787381, 34.308288], [-88.777651, 34.299169], [-88.776881, 34.298532], [-88.775596, 34.297674], [-88.774359, 34.29704], [-88.773251, 34.29659], [-88.772239, 34.296257], [-88.771382, 34.296014], [-88.767987, 34.295009], [-88.76418, 34.293862], [-88.755508, 34.29128], [-88.751331, 34.290036], [-88.750097, 34.289673], [-88.748874, 34.289314], [-88.747845, 34.28899], [-88.747167, 34.288718], [-88.746523, 34.2884], [-88.745146, 34.287526], [-88.744812, 34.287308], [-88.741752, 34.285127], [-88.739983, 34.283916], [-88.739231, 34.283177], [-88.738935, 34.282885], [-88.737506, 34.2813], [-88.735521, 34.279358], [-88.734998, 34.278812], [-88.733845, 34.277586], [-88.732833, 34.276516], [-88.731821, 34.275445], [-88.730677, 34.274216], [-88.730154, 34.273584], [-88.729712, 34.272957], [-88.729357, 34.272297], [-88.72905, 34.271526], [-88.728798, 34.270578], [-88.728691, 34.26962], [-88.728685, 34.269386], [-88.728656, 34.268269], [-88.728597, 34.267602], [-88.728441, 34.266977], [-88.728151, 34.266359], [-88.727737, 34.265804], [-88.727172, 34.26529], [-88.726234, 34.264664], [-88.723558, 34.262802], [-88.721541, 34.261414], [-88.721338, 34.261275], [-88.719473, 34.259999], [-88.719216, 34.259846], [-88.718711, 34.259496], [-88.717979, 34.258995], [-88.717783, 34.258861], [-88.717133, 34.258418], [-88.716472, 34.25797], [-88.71556, 34.25734], [-88.715417, 34.257249], [-88.715122, 34.257045], [-88.714893, 34.256878], [-88.713818, 34.256203], [-88.712918, 34.255584], [-88.71236, 34.255281], [-88.711641, 34.254957], [-88.710878, 34.254681], [-88.71017, 34.254492], [-88.709549, 34.25436], [-88.708637, 34.254225], [-88.708527, 34.25421], [-88.708298, 34.254183], [-88.706947, 34.254001], [-88.705658, 34.253829], [-88.705328, 34.253779], [-88.705155, 34.253746], [-88.704981, 34.253707], [-88.704823, 34.253668], [-88.704668, 34.253621], [-88.704486, 34.253562], [-88.704359, 34.253513], [-88.704241, 34.253466], [-88.704107, 34.253408], [-88.70398, 34.253349], [-88.703806, 34.25326], [-88.703663, 34.253182], [-88.703507, 34.253093], [-88.703341, 34.252992], [-88.703188, 34.252893], [-88.703047, 34.252792], [-88.702914, 34.252685], [-88.7028, 34.252587], [-88.702669, 34.252459], [-88.702588, 34.252371], [-88.702484, 34.252242], [-88.702348, 34.252057], [-88.702194, 34.251837], [-88.702101, 34.251684], [-88.700867, 34.249832], [-88.700615, 34.249472], [-88.699849, 34.248357], [-88.69365, 34.239019], [-88.691758, 34.236068], [-88.691444, 34.235712], [-88.690971, 34.234987], [-88.690353, 34.234077], [-88.690013, 34.233561], [-88.68941, 34.23249], [-88.685909, 34.227444], [-88.68347, 34.223493], [-88.682929, 34.222674], [-88.681516, 34.220859], [-88.681334, 34.220601], [-88.681076, 34.220181], [-88.676824, 34.213809], [-88.676646, 34.213538], [-88.674296, 34.209976], [-88.673901, 34.20932], [-88.673595, 34.208732], [-88.673318, 34.208165], [-88.673026, 34.207473], [-88.672374, 34.205888], [-88.67151, 34.203786], [-88.669316, 34.198379], [-88.669117, 34.197926], [-88.667376, 34.193698], [-88.665579, 34.189324], [-88.665407, 34.188905], [-88.665295, 34.188635], [-88.66402, 34.185545], [-88.663296, 34.183762], [-88.662154, 34.180998], [-88.659223, 34.173857], [-88.658141, 34.171185], [-88.656157, 34.166377], [-88.655376, 34.164469], [-88.654012, 34.161123], [-88.65307, 34.158834], [-88.650738, 34.153154], [-88.646702, 34.143308], [-88.642051, 34.13199], [-88.63941, 34.125544], [-88.639033, 34.12462], [-88.637953, 34.121987], [-88.636403, 34.118186], [-88.635317, 34.115559], [-88.633381, 34.110836], [-88.631702, 34.106724], [-88.631644, 34.106571], [-88.631004, 34.104913], [-88.630309, 34.103276], [-88.629839, 34.10217], [-88.628682, 34.099346], [-88.62755, 34.096566], [-88.62681, 34.094785], [-88.625853, 34.092425], [-88.625435, 34.091448], [-88.624859, 34.090036], [-88.624443, 34.089007], [-88.624049, 34.088054], [-88.623672, 34.087133], [-88.622977, 34.085448], [-88.62222, 34.083584], [-88.621202, 34.081136], [-88.620914, 34.080601], [-88.62031, 34.079717], [-88.619996, 34.079333], [-88.619718, 34.079042], [-88.619418, 34.078758], [-88.618814, 34.078258], [-88.617988, 34.077681], [-88.615359, 34.075931], [-88.613014, 34.074366], [-88.610174, 34.072471], [-88.609334, 34.071927], [-88.60552, 34.069376], [-88.601712, 34.066839], [-88.596705, 34.063485], [-88.595863, 34.062917], [-88.592163, 34.06048], [-88.590444, 34.059332], [-88.589387, 34.058621], [-88.571367, 34.046653], [-88.56611, 34.043149], [-88.556499, 34.036743], [-88.555194, 34.035874], [-88.554678, 34.03553], [-88.551902, 34.033657], [-88.546289, 34.029938], [-88.540414, 34.026004], [-88.540079, 34.025777], [-88.539954, 34.025693], [-88.533354, 34.021297], [-88.527545, 34.017397], [-88.523594, 34.014766], [-88.521881, 34.013611], [-88.521322, 34.013218], [-88.519584, 34.011741], [-88.519033, 34.011239], [-88.516924, 34.009319], [-88.507015, 34.000403], [-88.503756, 33.997473], [-88.503426, 33.997176], [-88.501404, 33.995353], [-88.500737, 33.994751], [-88.500181, 33.994268], [-88.499519, 33.993778], [-88.498851, 33.993353], [-88.497765, 33.992666], [-88.497392, 33.992403], [-88.496753, 33.991907], [-88.496405, 33.991582], [-88.49593, 33.991077], [-88.495306, 33.990302], [-88.494719, 33.989606], [-88.49199, 33.986263], [-88.489611, 33.983356], [-88.488826, 33.982399], [-88.487988, 33.981377], [-88.487038, 33.980218], [-88.48613, 33.979066], [-88.482426, 33.974524], [-88.481133, 33.972945], [-88.479379, 33.970792], [-88.478564, 33.969795], [-88.478015, 33.969129], [-88.47461, 33.964937], [-88.470663, 33.960112], [-88.469442, 33.958614], [-88.461459, 33.948821], [-88.460054, 33.947702], [-88.458286, 33.946645], [-88.450953, 33.94233], [-88.449396, 33.94141], [-88.448993, 33.941107], [-88.448476, 33.940661], [-88.447971, 33.940155], [-88.445518, 33.937146], [-88.444775, 33.93646], [-88.443674, 33.935752], [-88.442133, 33.934998], [-88.440484, 33.934589], [-88.438835, 33.934408], [-88.427711, 33.933996], [-88.425604, 33.933907], [-88.417503, 33.933622], [-88.405237, 33.933174], [-88.404637, 33.933152], [-88.403935, 33.933115], [-88.403221, 33.933042], [-88.400509, 33.932632], [-88.399684, 33.93236], [-88.398834, 33.932135], [-88.398189, 33.931915], [-88.397852, 33.931783], [-88.395482, 33.93073], [-88.393674, 33.929647], [-88.391879, 33.928247], [-88.390632, 33.927035], [-88.38992, 33.926244], [-88.384711, 33.918753], [-88.383954, 33.917663], [-88.376692, 33.913838], [-88.37611, 33.913906], [-88.375735, 33.913941], [-88.375529, 33.913958], [-88.374917, 33.91398], [-88.374494, 33.913951], [-88.3741, 33.913902], [-88.373638, 33.9138], [-88.373283, 33.913698], [-88.372243, 33.913332], [-88.371293, 33.912998], [-88.370404, 33.912657], [-88.368659, 33.911769], [-88.367324, 33.910269], [-88.366999, 33.909874], [-88.366917, 33.909785], [-88.366366, 33.908983], [-88.36578, 33.90786], [-88.364805, 33.906037], [-88.363939, 33.905338], [-88.363127, 33.904927], [-88.362089, 33.904603], [-88.361061, 33.904297], [-88.357187, 33.903324], [-88.353648, 33.902655], [-88.35088, 33.90213], [-88.347996, 33.90119], [-88.34641, 33.900437], [-88.343804, 33.898914], [-88.342538, 33.898227], [-88.341633, 33.89797], [-88.34087, 33.897864], [-88.339873, 33.89788], [-88.337104, 33.898666], [-88.33632, 33.898749], [-88.333586, 33.898741], [-88.332855, 33.898805], [-88.332139, 33.898982], [-88.331698, 33.899132], [-88.329561, 33.899972], [-88.327481, 33.900732], [-88.325963, 33.900874], [-88.320626, 33.900816], [-88.319532, 33.900655], [-88.317896, 33.90007], [-88.316642, 33.899201], [-88.311028, 33.893941], [-88.30952, 33.893009], [-88.30778, 33.892128], [-88.306618, 33.891532], [-88.305179, 33.890782], [-88.304594, 33.890554], [-88.303505, 33.89031], [-88.295613, 33.88883], [-88.282568, 33.886372], [-88.282215, 33.886306], [-88.278903, 33.88569], [-88.278189, 33.885577], [-88.277127, 33.885453], [-88.27608, 33.885374], [-88.275133, 33.885351], [-88.274288, 33.88535], [-88.267606, 33.885568], [-88.235217, 33.886617], [-88.232672, 33.886699], [-88.232256, 33.886711], [-88.231953, 33.886721], [-88.230599, 33.886759], [-88.22972, 33.886783], [-88.229188, 33.886795], [-88.227539, 33.886858], [-88.218803, 33.887148], [-88.218366, 33.887148], [-88.212908, 33.887337], [-88.212514, 33.887349], [-88.207536, 33.887504], [-88.206697, 33.887529], [-88.206322, 33.887542], [-88.199513, 33.887761], [-88.191396, 33.888028], [-88.17888, 33.888448], [-88.17852, 33.88846], [-88.175038, 33.888547], [-88.167783, 33.888789], [-88.16698, 33.888831], [-88.166476, 33.888879], [-88.166161, 33.888924], [-88.16479, 33.889185], [-88.163994, 33.889408], [-88.162994, 33.889749], [-88.16174, 33.890288], [-88.157107, 33.892296], [-88.152159, 33.894463], [-88.150801, 33.895046], [-88.149252, 33.895744], [-88.147854, 33.896348], [-88.147543, 33.896483], [-88.146076, 33.897124], [-88.144231, 33.897907], [-88.13841, 33.900447], [-88.134967, 33.901944], [-88.134642, 33.902079], [-88.134583, 33.902099], [-88.133241, 33.9027], [-88.13277, 33.902903], [-88.129053, 33.904501], [-88.128352, 33.904819], [-88.128311, 33.904838], [-88.124372, 33.906569], [-88.118008, 33.90933], [-88.117411, 33.909589], [-88.116615, 33.909932], [-88.111975, 33.911941], [-88.109144, 33.913207], [-88.108319, 33.91351], [-88.106882, 33.913919], [-88.10546, 33.914153], [-88.10404, 33.914283], [-88.102863, 33.914245], [-88.101854, 33.914224], [-88.09589, 33.914035], [-88.089168, 33.913755], [-88.080621, 33.913459], [-88.073687, 33.913194], [-88.069312, 33.91305], [-88.067657, 33.913198], [-88.066301, 33.913489], [-88.065061, 33.913968], [-88.056967, 33.917399], [-88.050486, 33.920188], [-88.044973, 33.922566], [-88.040087, 33.924689], [-88.039621, 33.924891], [-88.03439, 33.927101], [-88.021373, 33.932696], [-88.020461, 33.933063], [-88.019801, 33.933344], [-88.019311, 33.933554], [-88.019139, 33.933627], [-88.004105, 33.940049], [-88.000651, 33.941523], [-88.00001, 33.941824], [-87.980901, 33.949972], [-87.979201, 33.950705], [-87.972226, 33.952805], [-87.970511, 33.953318], [-87.96708, 33.954354], [-87.96596, 33.954705], [-87.965767, 33.954756], [-87.964997, 33.954937], [-87.964201, 33.955061], [-87.963431, 33.95513], [-87.962449, 33.955127], [-87.960252, 33.955053], [-87.951859, 33.954779], [-87.949585, 33.954725], [-87.948729, 33.954773], [-87.947665, 33.954914], [-87.946447, 33.95521], [-87.945574, 33.955541], [-87.941261, 33.957396], [-87.934262, 33.960382], [-87.930845, 33.961851], [-87.929626, 33.962364], [-87.929339, 33.962488], [-87.928975, 33.962643], [-87.927969, 33.962963], [-87.927108, 33.96319], [-87.926001, 33.963339], [-87.919731, 33.963721], [-87.919101, 33.96376], [-87.915597, 33.963988], [-87.914835, 33.964038], [-87.914784, 33.96404], [-87.913406, 33.964117], [-87.913106, 33.964134], [-87.912806, 33.964144], [-87.912505, 33.964146], [-87.912205, 33.96414], [-87.911905, 33.964126], [-87.91173, 33.964114], [-87.903106, 33.962942], [-87.889547, 33.962262], [-87.886206, 33.960344], [-87.881274, 33.954211], [-87.881077, 33.953931], [-87.880071, 33.953041], [-87.877363, 33.951243], [-87.877245, 33.95117], [-87.875772, 33.950184], [-87.874706, 33.949485], [-87.872389, 33.948026], [-87.871528, 33.947462], [-87.870413, 33.946733], [-87.869617, 33.946199], [-87.868879, 33.945778], [-87.862625, 33.941661], [-87.858962, 33.9393], [-87.852756, 33.935256], [-87.852611, 33.935149], [-87.850694, 33.933931], [-87.843722, 33.929366], [-87.831475, 33.921389], [-87.830865, 33.920991], [-87.830163, 33.920629], [-87.82945, 33.920364], [-87.828877, 33.920233], [-87.828305, 33.920203], [-87.828002, 33.920206], [-87.827637, 33.920232], [-87.8272, 33.920311], [-87.82682, 33.920413], [-87.826349, 33.920602], [-87.825963, 33.920801], [-87.825521, 33.921096], [-87.82534, 33.921244], [-87.825014, 33.921579], [-87.824628, 33.922101], [-87.823488, 33.923724], [-87.823027, 33.924335], [-87.822608, 33.924827], [-87.822241, 33.925142], [-87.821827, 33.925461], [-87.821297, 33.925783], [-87.820737, 33.926048], [-87.82033, 33.926225], [-87.817604, 33.92723], [-87.81613, 33.927778], [-87.813844, 33.928608], [-87.813048, 33.928911], [-87.809178, 33.930299], [-87.807225, 33.931057], [-87.806208, 33.931374], [-87.80525, 33.931541], [-87.804224, 33.931573], [-87.803264, 33.931477], [-87.799188, 33.930684], [-87.797818, 33.930462], [-87.796665, 33.930431], [-87.794857, 33.930543], [-87.789935, 33.931532], [-87.788975, 33.931588], [-87.787985, 33.931442], [-87.787216, 33.931206], [-87.78635, 33.930815], [-87.785012, 33.930159], [-87.784515, 33.929977], [-87.783636, 33.929751], [-87.782469, 33.929632], [-87.78078, 33.92973], [-87.779275, 33.929911], [-87.778128, 33.929917], [-87.777089, 33.929699], [-87.775633, 33.929095], [-87.775115, 33.928914], [-87.774348, 33.928677], [-87.773486, 33.928513], [-87.771835, 33.928545], [-87.769893, 33.928575], [-87.768869, 33.92859], [-87.767525, 33.928613], [-87.766685, 33.928606], [-87.766463, 33.928588], [-87.766241, 33.928563], [-87.766022, 33.928529], [-87.765804, 33.928487], [-87.765589, 33.928437], [-87.765391, 33.928383], [-87.765197, 33.928323], [-87.765006, 33.928257], [-87.764819, 33.928183], [-87.763987, 33.927836], [-87.762658, 33.927442], [-87.759735, 33.926991], [-87.758883, 33.926849], [-87.757931, 33.926591], [-87.757509, 33.926443], [-87.757207, 33.926309], [-87.755959, 33.925677], [-87.754818, 33.924746], [-87.754419, 33.924326], [-87.753684, 33.923397], [-87.753394, 33.922964], [-87.752941, 33.922041], [-87.752558, 33.921274], [-87.752307, 33.92086], [-87.75196, 33.920258], [-87.751461, 33.919305], [-87.750839, 33.917995], [-87.750283, 33.917123], [-87.750056, 33.916829], [-87.749658, 33.916436], [-87.748968, 33.915934], [-87.747283, 33.915237], [-87.746721, 33.914994], [-87.74252, 33.913328], [-87.740648, 33.912547], [-87.740067, 33.912342], [-87.739099, 33.911998], [-87.738321, 33.911787], [-87.737076, 33.911773], [-87.736558, 33.911855], [-87.735185, 33.912149], [-87.734107, 33.912244], [-87.733651, 33.91222], [-87.732485, 33.911972], [-87.731277, 33.911654], [-87.730008, 33.911267], [-87.729606, 33.911113], [-87.729085, 33.910865], [-87.728533, 33.910551], [-87.7191, 33.903198], [-87.718383, 33.902655], [-87.717574, 33.902128], [-87.714747, 33.900762], [-87.713156, 33.900012], [-87.71232, 33.899691], [-87.711658, 33.89953], [-87.709151, 33.899035], [-87.707758, 33.898596], [-87.706518, 33.898005], [-87.704621, 33.896673], [-87.701921, 33.894102], [-87.701665, 33.893751], [-87.700901, 33.89286], [-87.700385, 33.892221], [-87.699495, 33.891055], [-87.698598, 33.890175], [-87.697845, 33.889714], [-87.697363, 33.889493], [-87.696225, 33.889153], [-87.695871, 33.889096], [-87.694997, 33.889029], [-87.693651, 33.889173], [-87.690322, 33.889951], [-87.689538, 33.89011], [-87.688194, 33.890421], [-87.679852, 33.892492], [-87.678808, 33.893018], [-87.677599, 33.893796], [-87.676609, 33.89462], [-87.675399, 33.895078], [-87.674026, 33.895283], [-87.670619, 33.895602], [-87.66941, 33.895876], [-87.668651, 33.896159], [-87.662006, 33.898639], [-87.660635, 33.899393], [-87.655262, 33.903025], [-87.653425, 33.903894], [-87.645616, 33.907935], [-87.64284, 33.909374], [-87.642025, 33.909756], [-87.641869, 33.909839], [-87.640581, 33.910485], [-87.639581, 33.910969], [-87.639114, 33.911176], [-87.638627, 33.911313], [-87.638133, 33.911419], [-87.637443, 33.911512], [-87.635928, 33.911611], [-87.635046, 33.91159], [-87.629935, 33.912112], [-87.621532, 33.918896], [-87.620033, 33.919671], [-87.619722, 33.919817], [-87.618842, 33.920249], [-87.617762, 33.920824], [-87.617132, 33.921095], [-87.616339, 33.921348], [-87.615717, 33.921442], [-87.615217, 33.921465], [-87.614391, 33.921477], [-87.613489, 33.921504], [-87.612136, 33.921523], [-87.611155, 33.921538], [-87.610611, 33.921577], [-87.61017, 33.921635], [-87.609861, 33.921688], [-87.609516, 33.921778], [-87.609063, 33.92193], [-87.608665, 33.922102], [-87.608301, 33.922288], [-87.607985, 33.922453], [-87.607277, 33.922962], [-87.606948, 33.923253], [-87.606156, 33.92385], [-87.605689, 33.924085], [-87.605165, 33.924301], [-87.604663, 33.924471], [-87.604261, 33.924572], [-87.603775, 33.924658], [-87.603142, 33.924721], [-87.602722, 33.924721], [-87.602352, 33.924701], [-87.601823, 33.924636], [-87.601402, 33.924557], [-87.600949, 33.924439], [-87.600448, 33.924263], [-87.599393, 33.923816], [-87.598039, 33.923334], [-87.597428, 33.923154], [-87.596673, 33.923028], [-87.594601, 33.922688], [-87.593105, 33.922471], [-87.587413, 33.921586], [-87.58666, 33.92138], [-87.586055, 33.921174], [-87.58535, 33.920791], [-87.584812, 33.92034], [-87.584221, 33.919633], [-87.583883, 33.919008], [-87.583173, 33.916605], [-87.582683, 33.915553], [-87.58224, 33.91496], [-87.581526, 33.914228], [-87.580652, 33.913529], [-87.579459, 33.912891], [-87.577104, 33.911803], [-87.576532, 33.911483], [-87.576034, 33.911123], [-87.575542, 33.910678], [-87.575241, 33.910348], [-87.574838, 33.90983], [-87.574232, 33.909018], [-87.573472, 33.907967], [-87.570038, 33.903312], [-87.569665, 33.902881], [-87.569211, 33.902455], [-87.568572, 33.902037], [-87.567911, 33.901747], [-87.567291, 33.901549], [-87.565915, 33.901231], [-87.563106, 33.900574], [-87.561158, 33.900117], [-87.556721, 33.899094], [-87.555586, 33.898905], [-87.55425, 33.898827], [-87.553925, 33.898834], [-87.552625, 33.898876], [-87.552112, 33.898898], [-87.550392, 33.898955], [-87.547162, 33.899063], [-87.545505, 33.899122], [-87.544579, 33.899113], [-87.543576, 33.899023], [-87.542574, 33.898842], [-87.541435, 33.898517], [-87.540477, 33.898134], [-87.539547, 33.897635], [-87.53867, 33.89705], [-87.537967, 33.896408], [-87.537534, 33.895956], [-87.537217, 33.895553], [-87.536632, 33.894721], [-87.536414, 33.89433], [-87.534957, 33.89152], [-87.534623, 33.891], [-87.534423, 33.89074], [-87.53419, 33.890493], [-87.533832, 33.890178], [-87.53341, 33.889891], [-87.533021, 33.889676], [-87.532627, 33.889505], [-87.532127, 33.889313], [-87.531158, 33.888965], [-87.521661, 33.885575], [-87.520139, 33.885035], [-87.515297, 33.883304], [-87.512984, 33.882466], [-87.511657, 33.881997], [-87.510672, 33.881637], [-87.507471, 33.880503], [-87.505675, 33.879856], [-87.503493, 33.879074], [-87.501976, 33.878528], [-87.501442, 33.878368], [-87.50079, 33.878209], [-87.499975, 33.878048], [-87.498743, 33.87782], [-87.496839, 33.877482], [-87.496654, 33.877456], [-87.495994, 33.877342], [-87.495342, 33.877237], [-87.494954, 33.877164], [-87.494837, 33.877138], [-87.494261, 33.877038], [-87.493291, 33.87686], [-87.492989, 33.876805], [-87.49181, 33.876561], [-87.491425, 33.876423], [-87.490966, 33.876239], [-87.490398, 33.875921], [-87.489767, 33.875552], [-87.488824, 33.875065], [-87.488462, 33.874915], [-87.488132, 33.8748], [-87.487677, 33.874682], [-87.487101, 33.87461], [-87.486476, 33.874607], [-87.48452, 33.874794], [-87.48266, 33.874887], [-87.481996, 33.874842], [-87.481372, 33.874761], [-87.480799, 33.87464], [-87.480524, 33.874604], [-87.480173, 33.874513], [-87.479292, 33.874255], [-87.475327, 33.873115], [-87.474568, 33.872925], [-87.474153, 33.872851], [-87.47372, 33.8728], [-87.473073, 33.87282], [-87.472635, 33.872863], [-87.472048, 33.872972], [-87.471852, 33.873026], [-87.471117, 33.873232], [-87.468136, 33.874263], [-87.467367, 33.874461], [-87.466743, 33.874558], [-87.466282, 33.874593], [-87.465607, 33.874539], [-87.464908, 33.874446], [-87.464158, 33.874294], [-87.460372, 33.873536], [-87.460069, 33.873438], [-87.459822, 33.873337], [-87.45917, 33.872979], [-87.458621, 33.872594], [-87.458267, 33.87233], [-87.456652, 33.87085], [-87.456011, 33.870251], [-87.455578, 33.869745], [-87.455377, 33.869412], [-87.455071, 33.868656], [-87.454408, 33.866715], [-87.454162, 33.866176], [-87.453854, 33.8656], [-87.453212, 33.864694], [-87.451562, 33.862579], [-87.451224, 33.862035], [-87.450963, 33.861393], [-87.450828, 33.860989], [-87.450501, 33.859983], [-87.448801, 33.854537], [-87.448379, 33.853197], [-87.447368, 33.850138], [-87.44712, 33.849621], [-87.446825, 33.849156], [-87.446345, 33.848483], [-87.444891, 33.846959], [-87.444, 33.846012], [-87.441314, 33.843266], [-87.438932, 33.840803], [-87.438065, 33.839892], [-87.437278, 33.838943], [-87.436561, 33.837931], [-87.435957, 33.836896], [-87.435211, 33.835293], [-87.434018, 33.83263], [-87.433682, 33.831896], [-87.433095, 33.830598], [-87.432662, 33.829616], [-87.432308, 33.828941], [-87.432106, 33.828616], [-87.431786, 33.828213], [-87.4316, 33.828022], [-87.431393, 33.827823], [-87.43096, 33.827444], [-87.430236, 33.826881], [-87.428005, 33.825213], [-87.425514, 33.823182], [-87.424838, 33.822575], [-87.424087, 33.821793], [-87.423635, 33.821296], [-87.421462, 33.818829], [-87.420747, 33.818062], [-87.420241, 33.817618], [-87.419746, 33.817318], [-87.419095, 33.81703], [-87.41844, 33.816827], [-87.41724, 33.816512], [-87.416596, 33.816303], [-87.415966, 33.816068], [-87.41529, 33.815695], [-87.414851, 33.815412], [-87.414409, 33.815033], [-87.414016, 33.81466], [-87.413715, 33.814292], [-87.413347, 33.813719], [-87.413071, 33.81316], [-87.412819, 33.812391], [-87.412537, 33.811432], [-87.411706, 33.808237], [-87.411451, 33.807634], [-87.41112, 33.8071], [-87.410653, 33.806584], [-87.410075, 33.806139], [-87.409197, 33.805686], [-87.408662, 33.805507], [-87.408184, 33.805399], [-87.407699, 33.80534], [-87.406471, 33.805272], [-87.404535, 33.805203], [-87.403311, 33.805261], [-87.402535, 33.805533], [-87.399497, 33.806968], [-87.398442, 33.807517], [-87.393278, 33.810022], [-87.392925, 33.81019], [-87.391814, 33.810741], [-87.391269, 33.811044], [-87.390819, 33.811368], [-87.390328, 33.811779], [-87.389358, 33.812692], [-87.388318, 33.813666], [-87.388037, 33.813897], [-87.387663, 33.814215], [-87.387315, 33.814467], [-87.386848, 33.814723], [-87.386344, 33.814946], [-87.385724, 33.815129], [-87.385027, 33.815238], [-87.384262, 33.815311], [-87.383205, 33.815389], [-87.379906, 33.815675], [-87.379568, 33.815695], [-87.379099, 33.81571], [-87.378458, 33.815675], [-87.378042, 33.815621], [-87.377431, 33.815481], [-87.376339, 33.81512], [-87.375293, 33.814745], [-87.374759, 33.814554], [-87.373802, 33.814219], [-87.372997, 33.813975], [-87.372149, 33.813773], [-87.371488, 33.813699], [-87.370897, 33.813721], [-87.370084, 33.813851], [-87.369425, 33.814045], [-87.368273, 33.814446], [-87.367515, 33.814715], [-87.365311, 33.815466], [-87.364241, 33.815832], [-87.363855, 33.815925], [-87.363381, 33.816023], [-87.362878, 33.816066], [-87.362194, 33.816043], [-87.361445, 33.815928], [-87.360817, 33.815774], [-87.358762, 33.815239], [-87.357033, 33.81478], [-87.355268, 33.81431], [-87.352932, 33.813702], [-87.350791, 33.813139], [-87.34266, 33.809925], [-87.340749, 33.809434], [-87.340208, 33.8093], [-87.338859, 33.808961], [-87.33782, 33.808708], [-87.336346, 33.808327], [-87.333992, 33.807738], [-87.333411, 33.807579], [-87.332954, 33.807465], [-87.332448, 33.807343], [-87.331005, 33.807032], [-87.32939, 33.806791], [-87.327076, 33.806688], [-87.325498, 33.806742], [-87.324071, 33.806846], [-87.321162, 33.807037], [-87.318755, 33.807188], [-87.316646, 33.807321], [-87.31608, 33.807343], [-87.315367, 33.807332], [-87.314195, 33.807187], [-87.312569, 33.806998], [-87.312095, 33.806984], [-87.311451, 33.807015], [-87.308691, 33.807279], [-87.301304, 33.807998], [-87.299703, 33.808155], [-87.298133, 33.808291], [-87.296694, 33.808462], [-87.29587, 33.808654], [-87.295313, 33.808867], [-87.29442, 33.809387], [-87.294065, 33.809641], [-87.293762, 33.809966], [-87.293539, 33.810214], [-87.293319, 33.810535], [-87.293083, 33.81088], [-87.292321, 33.811889], [-87.291978, 33.812208], [-87.291506, 33.812549], [-87.291125, 33.812774], [-87.290559, 33.813072], [-87.290433, 33.813133], [-87.29031, 33.8132], [-87.289526, 33.813677], [-87.289049, 33.814091], [-87.288548, 33.814698], [-87.288264, 33.815189], [-87.287829, 33.81576], [-87.287497, 33.816047], [-87.287121, 33.816277], [-87.286773, 33.816431], [-87.286432, 33.816549], [-87.286043, 33.816627], [-87.28555, 33.81666], [-87.284176, 33.816468], [-87.28379, 33.816435], [-87.283406, 33.81646], [-87.282902, 33.816542], [-87.282511, 33.816658], [-87.281986, 33.816903], [-87.28166, 33.817126], [-87.281317, 33.817416], [-87.281162, 33.817646], [-87.280974, 33.81792], [-87.280833, 33.818208], [-87.280626, 33.818726], [-87.280265, 33.819704], [-87.275882, 33.825671], [-87.262503, 33.826137], [-87.261592, 33.825935], [-87.260259, 33.825751], [-87.259357, 33.825635], [-87.258929, 33.825562], [-87.258677, 33.825528], [-87.258185, 33.825462], [-87.254195, 33.82488], [-87.253253, 33.824381], [-87.252393, 33.823721], [-87.251569, 33.822713], [-87.250004, 33.820404], [-87.249553, 33.819739], [-87.248119, 33.817674], [-87.247993, 33.817573], [-87.247072, 33.816957], [-87.246318, 33.816626], [-87.245509, 33.816407], [-87.244698, 33.816313], [-87.243828, 33.816296], [-87.242853, 33.816296], [-87.241984, 33.81629], [-87.241318, 33.816249], [-87.240596, 33.816092], [-87.239741, 33.815818], [-87.238591, 33.815376], [-87.237406, 33.814933], [-87.236775, 33.81477], [-87.23633, 33.814686], [-87.235128, 33.814736], [-87.233455, 33.815007], [-87.232353, 33.815237], [-87.232125, 33.815279], [-87.231879, 33.815317], [-87.231631, 33.81535], [-87.231382, 33.815376], [-87.23112, 33.815395], [-87.230858, 33.815407], [-87.230595, 33.815412], [-87.227696, 33.815419], [-87.226465, 33.815423], [-87.226246, 33.815424], [-87.226028, 33.815416], [-87.22581, 33.815401], [-87.225593, 33.815377], [-87.225377, 33.815346], [-87.225163, 33.815306], [-87.224952, 33.815258], [-87.224744, 33.815202], [-87.224539, 33.815139], [-87.224328, 33.815064], [-87.224121, 33.814981], [-87.223919, 33.81489], [-87.223723, 33.814791], [-87.223533, 33.814684], [-87.223349, 33.81457], [-87.223171, 33.814449], [-87.223001, 33.814321], [-87.222838, 33.814186], [-87.222684, 33.814045], [-87.222537, 33.813898], [-87.222399, 33.813746], [-87.22227, 33.813588], [-87.22215, 33.813426], [-87.22204, 33.813258], [-87.221939, 33.813087], [-87.221848, 33.812912], [-87.221584, 33.812442], [-87.219976, 33.809391], [-87.219879, 33.809194], [-87.219789, 33.808995], [-87.219706, 33.808794], [-87.219631, 33.808591], [-87.219548, 33.808337], [-87.219476, 33.808081], [-87.219415, 33.807823], [-87.219366, 33.807563], [-87.219121, 33.806004], [-87.218981, 33.805206], [-87.218664, 33.803403], [-87.218483, 33.802821], [-87.215465, 33.793801], [-87.215387, 33.793611], [-87.215302, 33.793423], [-87.21521, 33.793238], [-87.215112, 33.793055], [-87.215006, 33.792874], [-87.214882, 33.79268], [-87.214751, 33.792489], [-87.214612, 33.792303], [-87.214275, 33.791921], [-87.210815, 33.78798], [-87.20981, 33.786886], [-87.208212, 33.785009], [-87.207883, 33.784629], [-87.207232, 33.783885], [-87.204955, 33.782112], [-87.200704, 33.78062], [-87.19914, 33.779862], [-87.195593, 33.777507], [-87.194799, 33.776968], [-87.194058, 33.776322], [-87.193427, 33.775648], [-87.192783, 33.774771], [-87.192603, 33.774505], [-87.191923, 33.773508], [-87.191236, 33.772515], [-87.190542, 33.771524], [-87.189841, 33.770537], [-87.186385, 33.765683], [-87.186245, 33.765479], [-87.186078, 33.765229], [-87.185976, 33.765052], [-87.185728, 33.764555], [-87.185622, 33.76424], [-87.185537, 33.763965], [-87.185271, 33.762784], [-87.185208, 33.762504], [-87.185064, 33.761923], [-87.184772, 33.761333], [-87.184424, 33.76083], [-87.184186, 33.760545], [-87.184066, 33.760439], [-87.183772, 33.760176], [-87.183251, 33.759821], [-87.183021, 33.759694], [-87.182947, 33.759655], [-87.182525, 33.759465], [-87.181982, 33.759269], [-87.181397, 33.759131], [-87.180678, 33.759082], [-87.179822, 33.759118], [-87.179272, 33.759184], [-87.178317, 33.759319], [-87.178007, 33.759352], [-87.177768, 33.759396], [-87.177194, 33.75944], [-87.176543, 33.759424], [-87.175986, 33.759355], [-87.174303, 33.75891], [-87.171929, 33.758242], [-87.17053, 33.757848], [-87.170129, 33.757755], [-87.15719, 33.754109], [-87.156002, 33.753323], [-87.15427, 33.752167], [-87.152829, 33.751193], [-87.152206, 33.750765], [-87.151644, 33.75039], [-87.151152, 33.750067], [-87.150834, 33.749873], [-87.150519, 33.749708], [-87.150162, 33.749558], [-87.149517, 33.749404], [-87.148929, 33.74933], [-87.14815, 33.749228], [-87.147784, 33.749183], [-87.147462, 33.749116], [-87.147102, 33.749003], [-87.146786, 33.748855], [-87.146583, 33.748731], [-87.14637, 33.748588], [-87.146153, 33.748387], [-87.146017, 33.748244], [-87.145768, 33.747944], [-87.145326, 33.747151], [-87.145069, 33.746608], [-87.144741, 33.746198], [-87.144384, 33.745857], [-87.143507, 33.745205], [-87.143035, 33.744756], [-87.1428, 33.744487], [-87.142481, 33.743988], [-87.142301, 33.743633], [-87.141949, 33.742324], [-87.141953, 33.741268], [-87.141929, 33.740167], [-87.141714, 33.739272], [-87.141632, 33.739134], [-87.141687, 33.739087], [-87.141169, 33.738467], [-87.140682, 33.738167], [-87.140458, 33.738029], [-87.13983, 33.737846], [-87.137943, 33.737726], [-87.137204, 33.73754], [-87.134486, 33.736166], [-87.134003, 33.735974], [-87.133354, 33.73576], [-87.132925, 33.735697], [-87.13234, 33.735697], [-87.131654, 33.735818], [-87.130318, 33.736099], [-87.12675, 33.736845], [-87.126412, 33.73693], [-87.126109, 33.737024], [-87.125866, 33.737125], [-87.125621, 33.737257], [-87.125387, 33.737421], [-87.125134, 33.737619], [-87.124939, 33.737811], [-87.12419, 33.738652], [-87.124007, 33.738858], [-87.12379, 33.739127], [-87.123663, 33.73926], [-87.123355, 33.73955], [-87.12302, 33.739789], [-87.122636, 33.739965], [-87.122292, 33.740044], [-87.121864, 33.740102], [-87.121591, 33.740107], [-87.120892, 33.739978], [-87.120461, 33.7398], [-87.120024, 33.739542], [-87.118766, 33.738237], [-87.117175, 33.736525], [-87.116781, 33.736152], [-87.116451, 33.735882], [-87.115804, 33.735583], [-87.115316, 33.735407], [-87.114769, 33.735338], [-87.114254, 33.735336], [-87.113525, 33.735436], [-87.112272, 33.735655], [-87.112062, 33.73568], [-87.111826, 33.735689], [-87.111601, 33.735683], [-87.111338, 33.735667], [-87.111118, 33.73564], [-87.1109, 33.735603], [-87.110705, 33.735553], [-87.110472, 33.735484], [-87.110259, 33.735406], [-87.110005, 33.735297], [-87.109711, 33.73514], [-87.109568, 33.735048], [-87.109147, 33.734747], [-87.108665, 33.73433], [-87.108267, 33.734051], [-87.107565, 33.733745], [-87.107063, 33.73363], [-87.106111, 33.733279], [-87.104739, 33.732785], [-87.104025, 33.732458], [-87.103454, 33.732229], [-87.103115, 33.732088], [-87.102715, 33.731906], [-87.102343, 33.73168], [-87.101929, 33.731324], [-87.101457, 33.730855], [-87.101154, 33.730598], [-87.100812, 33.73035], [-87.10046, 33.730177], [-87.100092, 33.730036], [-87.09948, 33.729906], [-87.098779, 33.729852], [-87.098123, 33.729808], [-87.097533, 33.729688], [-87.096898, 33.729437], [-87.096722, 33.729343], [-87.096559, 33.729246], [-87.096229, 33.728986], [-87.09605, 33.728814], [-87.09569, 33.728348], [-87.095304, 33.727546], [-87.095015, 33.72696], [-87.094894, 33.726773], [-87.094561, 33.726377], [-87.094225, 33.72607], [-87.094014, 33.725938], [-87.093511, 33.725668], [-87.092679, 33.725421], [-87.091054, 33.725015], [-87.090317, 33.72474], [-87.090085, 33.724629], [-87.089243, 33.724154], [-87.088705, 33.723716], [-87.087895, 33.723063], [-87.087122, 33.722111], [-87.08651, 33.721413], [-87.0849, 33.71951], [-87.084436, 33.718741], [-87.083888, 33.717862], [-87.083596, 33.716935], [-87.083448, 33.716023], [-87.083425, 33.715682], [-87.083397, 33.715272], [-87.083362, 33.714536], [-87.083359, 33.713689], [-87.08318, 33.711155], [-87.082792, 33.702549], [-87.082647, 33.701556], [-87.082432, 33.701043], [-87.082124, 33.70057], [-87.081783, 33.700195], [-87.081432, 33.699878], [-87.080708, 33.699396], [-87.07985, 33.699015], [-87.078964, 33.69878], [-87.078125, 33.698693], [-87.077318, 33.698687], [-87.076749, 33.6987], [-87.076223, 33.698713], [-87.074909, 33.698729], [-87.07426, 33.698684], [-87.073909, 33.698629], [-87.073474, 33.698515], [-87.072997, 33.69835], [-87.072321, 33.697953], [-87.072087, 33.697745], [-87.071639, 33.697223], [-87.071414, 33.696875], [-87.071205, 33.696346], [-87.07095, 33.695594], [-87.070816, 33.695105], [-87.069931, 33.692338], [-87.069033, 33.689514], [-87.068493, 33.687635], [-87.067737, 33.685459], [-87.067076, 33.683187], [-87.066867, 33.682429], [-87.066722, 33.681914], [-87.066445, 33.681096], [-87.066298, 33.680616], [-87.066176, 33.680138], [-87.066037, 33.679388], [-87.066022, 33.679086], [-87.066003, 33.678592], [-87.066043, 33.677841], [-87.066153, 33.677349], [-87.066319, 33.676624], [-87.066494, 33.676042], [-87.066709, 33.675298], [-87.066891, 33.674732], [-87.067024, 33.67427], [-87.067115, 33.67381], [-87.067154, 33.67343], [-87.067157, 33.67308], [-87.067129, 33.67268], [-87.067015, 33.672176], [-87.066965, 33.671964], [-87.066875, 33.671714], [-87.066768, 33.671437], [-87.066636, 33.67118], [-87.066064, 33.67024], [-87.065651, 33.6696], [-87.065292, 33.669148], [-87.063253, 33.666952], [-87.062513, 33.666206], [-87.057725, 33.66129], [-87.057386, 33.66097], [-87.057049, 33.660617], [-87.056699, 33.660263], [-87.056413, 33.659968], [-87.056023, 33.659547], [-87.055775, 33.659252], [-87.055604, 33.659037], [-87.055367, 33.65868], [-87.055142, 33.65827], [-87.055002, 33.657978], [-87.054902, 33.657719], [-87.054791, 33.657395], [-87.0547, 33.65706], [-87.054541, 33.65633], [-87.054475, 33.655882], [-87.054374, 33.655289], [-87.054272, 33.654731], [-87.054125, 33.653929], [-87.054027, 33.653342], [-87.053948, 33.652932], [-87.053814, 33.652505], [-87.053657, 33.652202], [-87.053478, 33.651939], [-87.053278, 33.651717], [-87.052941, 33.651433], [-87.052445, 33.651129], [-87.052089, 33.650995], [-87.051555, 33.650841], [-87.051097, 33.650745], [-87.050553, 33.650638], [-87.049548, 33.650445], [-87.049086, 33.650347], [-87.048593, 33.650239], [-87.047995, 33.650118], [-87.047648, 33.650043], [-87.047349, 33.649974], [-87.047029, 33.649887], [-87.046782, 33.649794], [-87.046537, 33.64968], [-87.046324, 33.649563], [-87.046096, 33.649415], [-87.045829, 33.6492], [-87.045635, 33.649011], [-87.045486, 33.648837], [-87.045373, 33.648682], [-87.045264, 33.648522], [-87.045147, 33.648277], [-87.045019, 33.647884], [-87.044973, 33.647525], [-87.044965, 33.647248], [-87.045013, 33.646833], [-87.045126, 33.646233], [-87.045221, 33.645679], [-87.04531, 33.645134], [-87.045347, 33.644357], [-87.042158, 33.6377], [-87.042029, 33.637546], [-87.041533, 33.636922], [-87.041021, 33.63657], [-87.040429, 33.636298], [-87.040272, 33.636219], [-87.040109, 33.636138], [-87.039645, 33.636106], [-87.039197, 33.63609], [-87.038653, 33.636122], [-87.038141, 33.636202], [-87.037661, 33.636375], [-87.037389, 33.636487], [-87.036765, 33.636714], [-87.036509, 33.636794], [-87.036064, 33.636851], [-87.035517, 33.636826], [-87.034765, 33.636698], [-87.034093, 33.636378], [-87.033645, 33.635914], [-87.033292, 33.63561], [-87.033247, 33.635566], [-87.032812, 33.635146], [-87.032711, 33.635041], [-87.032624, 33.63495], [-87.032428, 33.634746], [-87.032012, 33.634346], [-87.031548, 33.634042], [-87.031132, 33.633866], [-87.030492, 33.633626], [-87.029996, 33.633466], [-87.029164, 33.633162], [-87.028732, 33.632906], [-87.028172, 33.632458], [-87.027756, 33.632058], [-87.026828, 33.631162], [-87.026161, 33.63055], [-87.02606, 33.630458], [-87.025388, 33.629802], [-87.024988, 33.62929], [-87.024652, 33.62897], [-87.024476, 33.628602], [-87.023713, 33.62736], [-87.023433, 33.626845], [-87.023053, 33.626142], [-87.02251, 33.625181], [-87.022131, 33.62472], [-87.021841, 33.624402], [-87.021072, 33.623797], [-87.019254, 33.622556], [-87.01617, 33.620347], [-87.0143, 33.618857], [-87.014008, 33.618599], [-87.013691, 33.618198], [-87.013519, 33.617782], [-87.013402, 33.617404], [-87.013266, 33.616791], [-87.013004, 33.616194], [-87.01276, 33.615914], [-87.012444, 33.615642], [-87.011964, 33.615369], [-87.011584, 33.615233], [-87.01114, 33.615157], [-87.010516, 33.615203], [-87.010028, 33.615331], [-87.009512, 33.615596], [-87.008997, 33.615906], [-87.008436, 33.616277], [-87.007477, 33.617207], [-87.006229, 33.618652], [-87.005424, 33.6195], [-87.004935, 33.619825], [-87.004338, 33.620052], [-87.003497, 33.620158], [-87.002701, 33.619976], [-87.001977, 33.61959], [-87.001435, 33.619114], [-87.00072, 33.618176], [-86.999996, 33.61745], [-86.999309, 33.617018], [-86.998459, 33.616663], [-86.997554, 33.616383], [-86.996623, 33.616171], [-86.995239, 33.615906], [-86.994479, 33.61577], [-86.993493, 33.615838], [-86.992688, 33.615952], [-86.989487, 33.61645], [-86.988762, 33.616645], [-86.988076, 33.616895], [-86.987544, 33.617154], [-86.987041, 33.617227], [-86.986423, 33.617122], [-86.98591, 33.616936], [-86.98527, 33.616539], [-86.984886, 33.616192], [-86.984518, 33.615885], [-86.983948, 33.615359], [-86.98361, 33.615036], [-86.983001, 33.614445], [-86.982324, 33.613823], [-86.981703, 33.613245], [-86.981563, 33.613122], [-86.981252, 33.612836], [-86.980431, 33.612153], [-86.979408, 33.611371], [-86.978667, 33.61093], [-86.978514, 33.610841], [-86.978201, 33.610713], [-86.977926, 33.610649], [-86.977582, 33.610617], [-86.976969, 33.610604], [-86.976772, 33.610598], [-86.97649, 33.610598], [-86.975617, 33.610573], [-86.974937, 33.610545], [-86.9745, 33.61046], [-86.973869, 33.610289], [-86.973372, 33.610055], [-86.973074, 33.609889], [-86.972639, 33.609697], [-86.972196, 33.609531], [-86.971768, 33.609416], [-86.97121, 33.609269], [-86.970737, 33.609192], [-86.970286, 33.609122], [-86.970003, 33.609071], [-86.969606, 33.608994], [-86.969208, 33.608854], [-86.968834, 33.608681], [-86.968429, 33.608483], [-86.968024, 33.60824], [-86.967581, 33.608017], [-86.967199, 33.607844], [-86.966672, 33.607723], [-86.966305, 33.607659], [-86.965924, 33.607634], [-86.96548, 33.607684], [-86.964983, 33.607812], [-86.964441, 33.607991], [-86.964116, 33.608152], [-86.963536, 33.608487], [-86.963127, 33.608707], [-86.962896, 33.608802], [-86.962749, 33.608852], [-86.962572, 33.608897], [-86.962341, 33.608936], [-86.962168, 33.608952], [-86.96197, 33.608957], [-86.961749, 33.608946], [-86.961545, 33.608921], [-86.961293, 33.608868], [-86.961033, 33.608788], [-86.960794, 33.608703], [-86.960588, 33.60858], [-86.96008, 33.608114], [-86.959559, 33.6075], [-86.959198, 33.607064], [-86.958681, 33.606397], [-86.958548, 33.606175], [-86.958443, 33.605944], [-86.958362, 33.605724], [-86.958323, 33.605569], [-86.958294, 33.605429], [-86.958241, 33.605011], [-86.95817, 33.604263], [-86.958127, 33.604001], [-86.958068, 33.603739], [-86.957998, 33.60356], [-86.957876, 33.603329], [-86.957755, 33.603151], [-86.957617, 33.602978], [-86.957454, 33.602798], [-86.956707, 33.602153], [-86.955484, 33.601136], [-86.953499, 33.599491], [-86.952359, 33.598537], [-86.952184, 33.598381], [-86.951892, 33.598092], [-86.951739, 33.597911], [-86.951556, 33.597655], [-86.951368, 33.59735], [-86.951168, 33.596988], [-86.949595, 33.594005], [-86.949423, 33.593713], [-86.948612, 33.592543], [-86.948241, 33.592029], [-86.947609, 33.591099], [-86.947447, 33.590803], [-86.94728, 33.590464], [-86.947048, 33.589944], [-86.946824, 33.589453], [-86.946666, 33.589062], [-86.946513, 33.588739], [-86.946294, 33.58835], [-86.946077, 33.588017], [-86.944824, 33.586296], [-86.944795, 33.586245], [-86.944772, 33.586214], [-86.944539, 33.585734], [-86.944282, 33.58524], [-86.944132, 33.58474], [-86.944071, 33.584336], [-86.944017, 33.583859], [-86.944051, 33.583301], [-86.944166, 33.582773], [-86.944302, 33.58213], [-86.94454, 33.581226], [-86.944669, 33.580686], [-86.944717, 33.580214], [-86.944635, 33.579634], [-86.944493, 33.579253], [-86.944214, 33.578764], [-86.942456, 33.576311], [-86.942188, 33.575904], [-86.94048, 33.573642], [-86.940238, 33.573335], [-86.939995, 33.572921], [-86.939854, 33.57254], [-86.939328, 33.571162], [-86.939072, 33.570288], [-86.938863, 33.569557], [-86.938569, 33.569065], [-86.938113, 33.568566], [-86.937687, 33.568249], [-86.937266, 33.567918], [-86.937009, 33.567616], [-86.93676, 33.567274], [-86.936454, 33.566621], [-86.936062, 33.565835], [-86.935647, 33.565305], [-86.935161, 33.564765], [-86.934198, 33.564063], [-86.933443, 33.563653], [-86.932699, 33.56335], [-86.93174, 33.563107], [-86.930362, 33.562906], [-86.929596, 33.562776], [-86.929015, 33.562706], [-86.928184, 33.562577], [-86.927716, 33.562483], [-86.926942, 33.562365], [-86.926477, 33.562261], [-86.926295, 33.562203], [-86.926125, 33.562141], [-86.925854, 33.561997], [-86.925626, 33.561859], [-86.92547, 33.561753], [-86.925161, 33.561464], [-86.924943, 33.56117], [-86.924789, 33.560903], [-86.924661, 33.5606], [-86.924523, 33.560155], [-86.924331, 33.559336], [-86.924107, 33.558352], [-86.923847, 33.557306], [-86.923362, 33.555343], [-86.923144, 33.554431], [-86.923112, 33.554159], [-86.923101, 33.553874], [-86.923112, 33.553455], [-86.923203, 33.552779], [-86.923362, 33.551417], [-86.923378, 33.551039], [-86.923341, 33.550714], [-86.92324, 33.550282], [-86.922835, 33.549044], [-86.922463, 33.547958], [-86.922042, 33.546912], [-86.921813, 33.546525], [-86.921531, 33.546163], [-86.921276, 33.545896], [-86.92101, 33.54567], [-86.9206, 33.545381], [-86.91888, 33.544589], [-86.908095, 33.539893], [-86.907084, 33.539465], [-86.906302, 33.539119], [-86.905732, 33.538946], [-86.905131, 33.538821], [-86.904583, 33.53875], [-86.903279, 33.538607], [-86.902576, 33.538487], [-86.902022, 33.538331], [-86.900829, 33.537877], [-86.892353, 33.528661], [-86.888301, 33.526827], [-86.873647, 33.52111], [-86.868618, 33.519162], [-86.854825, 33.522883], [-86.848971, 33.527428], [-86.848688, 33.52767], [-86.848442, 33.527869], [-86.848217, 33.528043], [-86.848033, 33.528165], [-86.846465, 33.529193], [-86.846283, 33.529306], [-86.846072, 33.52942], [-86.845872, 33.529521], [-86.843526, 33.530651], [-86.841266, 33.531746], [-86.841086, 33.531832], [-86.840902, 33.531902], [-86.840167, 33.532149], [-86.838675, 33.532651], [-86.837846, 33.53293], [-86.837523, 33.533053], [-86.837237, 33.533181], [-86.835076, 33.534224], [-86.833139, 33.535163], [-86.833061, 33.535201], [-86.832524, 33.535451], [-86.832227, 33.535578], [-86.831796, 33.535734], [-86.831343, 33.535904], [-86.830785, 33.536121], [-86.830587, 33.536214], [-86.830331, 33.536354], [-86.830132, 33.536475], [-86.829879, 33.536638], [-86.829339, 33.536992], [-86.822682, 33.539071], [-86.822373, 33.539154], [-86.822015, 33.539264], [-86.821689, 33.539377], [-86.821368, 33.539501]]}}]}