{
 "type": "FeatureCollection",
 "metadata": {
  "note": "The Green Bay Route: the Green Bay and Western Railroad and the companies before it - the Green Bay and Lake Pepin (1866, renamed Green Bay and Minnesota 9 Sep 1873), the Green Bay, Winona and St. Paul (operating 14 Oct 1881 - 10 Jun 1896) and the Green Bay and Western (from 10 Jun 1896) - plus its Kewaunee, Green Bay and Western, Ahnapee and Western and Waupaca-Green Bay affiliates. Drawn from research/branches/green_bay_and_western_railroad.txt in the site repo (DanielMConnolly/historical-trains) (2026-10-06). Before this layer the map drew no GB&W route at all. Only the report's drawable spans are drawn. Rule 4 splits: the main line, the Winona approaches and the La Crosse Division are split at 14 Oct 1881 and 10 Jun 1896 into features sharing identical geometry, one per operating company (the 1873 Lake Pepin -> Minnesota rename is the same corporation and is not split). The Kewaunee line is split at GB&W control (28 Jun 1897) and the Ahnapee and Western at GB&W control (12 Nov 1906). Last GB&W passenger train April 1949; the Feb 1952 Official Guide prints both the GB&W and the KGB&W as 'Freight Service only'. Green Bay terminal: drawn to the GB&W's west-bank stub terminal (Norwood side), not Washington Street. The Winona approach is era-specific: C&NW track and bridge 1874-1891 (drawn as its own feature on the C&NW grade and the C&NW bridge, located from OHM, the OSM Flyway Trail and a surviving disused bridge span), the Winona Bridge Railway from 1 Sep 1891.",
  "sources": [
   "https://greenbayroute.com/timetable1.htm (Jan 23 1872 public timetable)",
   "https://greenbayroute.com/1878timetable.htm (Mar 3 1878 GB&M timetable)",
   "https://greenbayroute.com/1886ett61.htm (GBW&StP timetable dated May 2 1896)",
   "https://greenbayroute.com/1944ett.htm (May 14 1944 employee timetable)",
   "https://blog.greenbayroute.com/1948ett.htm (1948 employee timetable; 'Passenger service ended on April 4, 1949')",
   "https://blog.greenbayroute.com/passes.htm",
   "https://greenbayroute.com/railroads.htm (corporate and construction chronology)",
   "https://en.wikipedia.org/wiki/Green_Bay_and_Western_Railroad",
   "https://en.wikipedia.org/wiki/Whitehall_station_(Wisconsin) (last train Apr 13 1949, citing Winona Daily News Apr 14 1949)",
   "https://en.wikipedia.org/wiki/Marshland,_Wisconsin",
   "https://greenbayroute.com/1910winona.htm",
   "https://blog.greenbayroute.com/lacrosse.htm",
   "https://archives.lacrosselibrary.org/blog/the-green-bay-and-western-railroad-legacy/",
   "https://blog.greenbayroute.com/abandonments.htm",
   "https://mail.pchswi.org/archives/rrhist/rrmemplover.html",
   "https://en.wikipedia.org/wiki/Kewaunee,_Green_Bay_and_Western_Railroad",
   "https://en.wikipedia.org/wiki/Ahnapee_and_Western_Railway",
   "https://doorcounty.substack.com/p/after-stormy-start-railroad-served (Door County Advocate, Jun 10 1976: 'even limited passenger service was dropped in 1936')",
   "https://www.branchline.uk/jfpdf/wisconsinrrs.pdf (John Fowler, Wisconsin passenger stations: GB&W section 132, A&W 120, Scandinavia - Waupaca 133 'b: 1920RG', KGB&W 138)",
   "https://greenbayroute.com/1908waupaca.htm",
   "Official Guide of the Railways, Feb 1952 (research/sources/official_guide_1952.txt ~line 54031-54112): GB&W and KGB&W both '(Freight Service only.)'"
  ],
  "geometry_method": "OpenStreetMap via Overpass (mail.ru mirror, cached degree tiles) plus OpenHistoricalMap (CC0) for lifted grades, traced with opstrace.py: Dijkstra over all railway ways; the GB&W's own grade (members of the CN Whitehall Subdivision, Plover Subdivision, Luxemburg Branch and GB&W Waupaca Branch route relations, ways tagged old_railway_operator=Green Bay and Western / Ahnapee and Western, the Newton Blackmour, Tomorrow River and Ahnapee State Trails, and OHM ways labelled Green Bay and Western / Kewaunee, Green Bay and Western / Ahnapee and Western / Green Bay, Winona & St Paul) costed 1x, untagged rail 1.25x, cycleways 3x, any other named operator 12x; waypoints from the research report's via lists, each geocode's type checked and the bad ones (Seymour, Royalton, Scranton, Dodge, Trempealeau, Kewaunee, Waupaca returned towns or counties) hand-pinned. Straight-line legs: the Winona Bridge Railway river crossing (0.67 mi) and a Marshland junction connector on the La Crosse Division (0.49 mi); branch-to-main joins under 300 m at Plover, Scandinavia and Casco Junction. OHM dates were never copied into segments.",
  "not_yet_sourced": [
   "End years that are the last CONFIRMED year, not a known end ([OPEN]): La Crosse Division 1896 (the true end lies between 1896 and the 26 Oct 1922 abandonment of Onalaska - La Crosse; a 1900s-1910s Official Guide would settle it); Stevens Point Branch 1896 (true end between 1896 and the 1944 ETT, which shows it freight only).",
   "Start year that is the first full year, not a proven first train: the Marshland - Winona C&NW-bridge approach from 1874 (the line reached Marshland Dec 1873).",
   "[ANCHOR] Waupaca Branch (Waupaca-Green Bay Railway): only 1920 is proven (Fowler, 1920 Russell's Guide). First and last passenger years unknown; construction '1907, 1913' suggests it may have reached Waupaca only in 1913.",
   "CONFLICT, Arcadia - Marshland/East Winona opening: greenbayroute and the Marshland article put the GB&M through to Marshland/East Winona in Dec 1873; Wikipedia lists 'Arcadia - East Winona opened 1883', and OHM dates the GB&W Arcadia - East Winona grade to 1883. Drawn from 1873 per the report. If 1883 is the line's own opening, the 1873-1882 Arcadia - Marshland years are overstated or drawn on a later alignment.",
   "CONFLICT, last main-line train: 4 Apr 1949 (greenbayroute) vs 13 Apr 1949 (Winona Daily News, via Wikipedia's Whitehall station article). Year 1949 either way.",
   "CONFLICT, Kewaunee Division end: 1937 (greenbayroute, drawn) vs an unverified 1941.",
   "CONFLICT, Sturgeon Bay Division end: 1936 (Door County Advocate 1976, drawn) vs 1937 (other web summaries).",
   "Kewaunee, Green Bay and Western 1892-1897: who operated the trains (the KGB&W itself or the GBW&StP) is not established; drawn under the KGB&W's own company name and colour.",
   "Ahnapee and Western 1892-1906: whether A&W trains ran through to Green Bay over the KGB&W is not established; drawn from Casco Junction only.",
   "Winona: the GB&M/GB&W's own Winona station site (pre-1891, which trains backed into) and the exact Winona Bridge Railway landing points were not located; both approaches end at the Winona riverfront and the WBR bridge is a straight line.",
   "Every headway_min and avg_speed_kmh in this layer is an estimate; no speed was measured from a timetable."
  ],
  "branches_deliberately_omitted": [
   "Iola Branch, Scandinavia - Iola (Iola & Northern, 4.7 mi, 1893-1958): 'train service' began July 1893 and Fowler lists Iola as a station, but no timetable year confirms a passenger train, and the 1944 and 1948 ETTs show it freight only. Report drawable: NONE.",
   "Biron spur, Wisconsin Rapids - Coyne - Biron (2.23 mi): Fowler marks Coyne and Biron 'b pass?' (passenger service doubtful); paper-mill spur with no confirmed passenger year. Report drawable: NONE.",
   "Green Bay, Stevens Point and Northern as a separate company (Jan - Aug 1882): leased to the GBW&StP within months and not shown to have run its own trains; the Stevens Point Branch is drawn as GBW&StP throughout.",
   "La Crosse Division after June 1896 (GB&W era): no post-1896 passenger year is proven, so no GB&W-coloured La Crosse feature is drawn."
  ],
  "freight_only_excluded": [
   "OG1952: 'GREEN BAY AND WESTERN RAILROAD. (Freight Service only.)' and 'KEWAUNEE, GREEN BAY AND WESTERN RAILROAD. (Freight Service only.)' - nothing past April 1949 is drawn.",
   "Kewaunee Division after 1937 and Sturgeon Bay Division after 1936; the Ahnapee and Western under Sturgeon Bay owners from 1947 (freight only, to 1986).",
   "Stevens Point, Waupaca and Iola branches in the 1940s (freight only in the 1944 ETT).",
   "Onalaska - La Crosse track 1896-1922: kept to the last confirmed passenger year (1896).",
   "Fox Valley & Western (from 1993) and the Fox Valley & Lake Superior: freight successors, never drawn."
  ]
 },
 "features": [
  {
   "type": "Feature",
   "properties": {
    "company": "Green Bay and Minnesota Rail Road",
    "line": "Green Bay and Minnesota: Green Bay – New London",
    "id": "gbm-main-green-bay-new-london",
    "color": "#9C6B30",
    "mode": "intercity_rail",
    "avg_speed_kmh": 35,
    "speed_source": "estimated; not computed from a real timetable (Rule 3)",
    "geometry_source": "OpenStreetMap via Overpass (mail.ru mirror, cached degree tiles) plus OpenHistoricalMap (CC0) for lifted grades, traced with opstrace.py: Dijkstra over all railway ways; the GB&W's own grade (members of the CN Whitehall Subdivision, Plover Subdivision, Luxemburg Branch and GB&W Waupaca Branch route relations, ways tagged old_railway_operator=Green Bay and Western / Ahnapee and Western, the Newton Blackmour, Tomorrow River and Ahnapee State Trails, and OHM ways labelled Green Bay and Western / Kewaunee, Green Bay and Western / Ahnapee and Western / Green Bay, Winona & St Paul) costed 1x, untagged rail 1.25x, cycleways 3x, any other named operator 12x; waypoints from the research report's via lists, each geocode's type checked and the bad ones (Seymour, Royalton, Scranton, Dodge, Trempealeau, Kewaunee, Waupaca returned towns or counties) hand-pinned",
    "geometry_quality": "Traced: 38.8 mi against the documented 39.3 mi (Fowler MP 0.0 - 39.3 New London). Built from the OHM 'Green Bay Route' way (Green Bay - Seymour, lifted 2001) and the Newton Blackmour State Trail (Seymour - New London). No straight-line leg longer than 300 m. Green Bay terminal: drawn to the GB&W's own stub terminal on the west bank of the Fox River at 44.510, -88.025 (the eastern end of the OHM 'Green Bay Route' way; Fowler MP 0.0, 0.7 mi east of Norwood yard) - the Norwood side, NOT a Washington Street station on the east bank. Where the original grade has been lifted and a successor or rail-trail survives on the same corridor the trace follows what survives, and the CN Whitehall and Plover Subdivisions are drawn on their present-day alignment, so short stretches may draw a LATER alignment than the era shown.",
    "segments": [
     {
      "start": 1872,
      "end": 1873,
      "headway_min": 1440,
      "note": "First regular train under the timetable that 'takes effect Tuesday, January 23rd [1872]': trains 1 and 2, Green Bay - New London. The company was then the Green Bay and Lake Pepin Railway; it was renamed the Green Bay and Minnesota on 9 Sep 1873 - the same corporation, so one feature and one colour cover both names. Wikipedia gives 'opened November 1871' for this stretch; 1872 is the first year a timetable proves. Headway is an estimate from the number of trains in the cited timetables, not a measured figure; avg_speed_kmh is NOT sourced.",
      "sources": [
       "Segment-level: the 1872 start is the Jan 23 1872 public timetable reproduced on greenbayroute.com; the rename date is greenbayroute's chronology. Headway estimated.",
       "https://greenbayroute.com/timetable1.htm (Jan 23 1872 public timetable)",
       "https://greenbayroute.com/railroads.htm (corporate and construction chronology)",
       "https://en.wikipedia.org/wiki/Green_Bay_and_Western_Railroad"
      ]
     },
     {
      "start": 1873,
      "end": 1881,
      "headway_min": 720,
      "note": "Green Bay and Minnesota years (receivership from 23 Jan 1878). The Mar 1878 timetable shows an Accommodation and a Passenger each way daily except Sunday, through to Winona and La Crosse. Ends 14 Oct 1881, when the Green Bay, Winona and St. Paul took over operation after foreclosure (a new corporation, drawn in its own colour). Headway is an estimate from the number of trains in the cited timetables, not a measured figure; avg_speed_kmh is NOT sourced.",
      "sources": [
       "Segment-level: the 1878 timetable proves the service and the train count; the 1881 end is the GBW&StP takeover date in greenbayroute's chronology. Headway estimated.",
       "https://greenbayroute.com/1878timetable.htm (Mar 3 1878 GB&M timetable)",
       "https://greenbayroute.com/railroads.htm (corporate and construction chronology)"
      ]
     }
    ]
   },
   "geometry": {
    "type": "LineString",
    "coordinates": [
     [
      -88.024614,
      44.510042
     ],
     [
      -88.024663,
      44.510737
     ],
     [
      -88.024956,
      44.511271
     ],
     [
      -88.025606,
      44.512002
     ],
     [
      -88.02642,
      44.512593
     ],
     [
      -88.027737,
      44.513231
     ],
     [
      -88.032518,
      44.514819
     ],
     [
      -88.034957,
      44.515724
     ],
     [
      -88.035884,
      44.516188
     ],
     [
      -88.036616,
      44.516721
     ],
     [
      -88.038811,
      44.51882
     ],
     [
      -88.039754,
      44.519597
     ],
     [
      -88.040567,
      44.52006
     ],
     [
      -88.075335,
      44.532176
     ],
     [
      -88.077742,
      44.533463
     ],
     [
      -88.092597,
      44.542963
     ],
     [
      -88.094409,
      44.543754
     ],
     [
      -88.095259,
      44.543947
     ],
     [
      -88.096331,
      44.544
     ],
     [
      -88.097983,
      44.543903
     ],
     [
      -88.108384,
      44.542629
     ],
     [
      -88.115162,
      44.543271
     ],
     [
      -88.116506,
      44.543279
     ],
     [
      -88.118157,
      44.543113
     ],
     [
      -88.119636,
      44.542823
     ],
     [
      -88.121103,
      44.542305
     ],
     [
      -88.133328,
      44.536709
     ],
     [
      -88.136594,
      44.535013
     ],
     [
      -88.139318,
      44.532984
     ],
     [
      -88.143323,
      44.529567
     ],
     [
      -88.144457,
      44.528741
     ],
     [
      -88.1467,
      44.527335
     ],
     [
      -88.148524,
      44.526456
     ],
     [
      -88.154809,
      44.523926
     ],
     [
      -88.157373,
      44.523407
     ],
     [
      -88.161107,
      44.523135
     ],
     [
      -88.163597,
      44.522485
     ],
     [
      -88.164928,
      44.521914
     ],
     [
      -88.16865,
      44.519708
     ],
     [
      -88.173789,
      44.515437
     ],
     [
      -88.178484,
      44.512669
     ],
     [
      -88.179741,
      44.51179
     ],
     [
      -88.185669,
      44.505682
     ],
     [
      -88.187053,
      44.504443
     ],
     [
      -88.188372,
      44.503624
     ],
     [
      -88.190561,
      44.502729
     ],
     [
      -88.193072,
      44.502216
     ],
     [
      -88.194563,
      44.502101
     ],
     [
      -88.239517,
      44.502752
     ],
     [
      -88.271555,
      44.503732
     ],
     [
      -88.274939,
      44.504176
     ],
     [
      -88.322218,
      44.511627
     ],
     [
      -88.325558,
      44.512101
     ],
     [
      -88.327579,
      44.512259
     ],
     [
      -88.329711,
      44.512242
     ],
     [
      -88.332016,
      44.512048
     ],
     [
      -88.361717,
      44.508638
     ],
     [
      -88.36343,
      44.50826
     ],
     [
      -88.365094,
      44.507698
     ],
     [
      -88.385626,
      44.497027
     ],
     [
      -88.412949,
      44.486651
     ],
     [
      -88.562372,
      44.442199
     ],
     [
      -88.565269,
      44.441571
     ],
     [
      -88.592048,
      44.438798
     ],
     [
      -88.665476,
      44.421529
     ],
     [
      -88.694932,
      44.412188
     ],
     [
      -88.73741,
      44.398456
     ],
     [
      -88.738382,
      44.397589
     ]
    ]
   }
  },
  {
   "type": "Feature",
   "properties": {
    "company": "Green Bay and Minnesota Rail Road",
    "line": "Green Bay and Minnesota: New London – Winona",
    "id": "gbm-main-new-london-winona",
    "color": "#9C6B30",
    "mode": "intercity_rail",
    "avg_speed_kmh": 35,
    "speed_source": "estimated; not computed from a real timetable (Rule 3)",
    "geometry_source": "OpenStreetMap via Overpass (mail.ru mirror, cached degree tiles) plus OpenHistoricalMap (CC0) for lifted grades, traced with opstrace.py: Dijkstra over all railway ways; the GB&W's own grade (members of the CN Whitehall Subdivision, Plover Subdivision, Luxemburg Branch and GB&W Waupaca Branch route relations, ways tagged old_railway_operator=Green Bay and Western / Ahnapee and Western, the Newton Blackmour, Tomorrow River and Ahnapee State Trails, and OHM ways labelled Green Bay and Western / Kewaunee, Green Bay and Western / Ahnapee and Western / Green Bay, Winona & St Paul) costed 1x, untagged rail 1.25x, cycleways 3x, any other named operator 12x; waypoints from the research report's via lists, each geocode's type checked and the bad ones (Seymour, Royalton, Scranton, Dodge, Trempealeau, Kewaunee, Waupaca returned towns or counties) hand-pinned",
    "geometry_quality": "Traced: 169.6 mi against the documented 170.0 mi (Fowler MP 39.3 New London - 209.3 Marshland). OHM GB&W ways and the Tomorrow River State Trail (New London - Scandinavia - Plover, lifted 1994-2000), then the CN Plover and Whitehall Subdivisions (Plover - Wisconsin Rapids - Merrillan - Arcadia - Marshland). No straight-line leg longer than 300 m. The feature ends at the GB&W main line just north of Marshland (44.0757, -91.5475); the Winona approach is drawn as separate era-specific features because it changed alignment in 1891. Where the original grade has been lifted and a successor or rail-trail survives on the same corridor the trace follows what survives, and the CN Whitehall and Plover Subdivisions are drawn on their present-day alignment, so short stretches may draw a LATER alignment than the era shown. Arcadia - Marshland is drawn on the GB&W's own grade for every year from 1873, but OHM and Wikipedia date that grade to 1883; if the 1873-1883 trains reached Marshland some other way, this stretch (44.249, -91.508 to 44.076, -91.548, about 19 mi) draws a LATER alignment for those years.",
    "segments": [
     {
      "start": 1873,
      "end": 1881,
      "headway_min": 720,
      "note": "New London - Grand Rapids (Wisconsin Rapids) opened January 1873 and the line reached Merrillan, Arcadia and East Winona in December 1873, so for 1873 the western half is drawn for a year in which it ran only from December. Arcadia - Marshland is drawn from 1873 following the research report (greenbayroute: the line reached East Winona 18 Dec 1873), but Wikipedia lists 'Arcadia - East Winona opened 1883' - an unresolved CONFLICT, recorded in metadata.not_yet_sourced. The company was the Green Bay and Lake Pepin until 9 Sep 1873 and the Green Bay and Minnesota after (same corporation). Trains ran on into Winona over C&NW track - see the separate C&NW-bridge feature. The Mar 1878 timetable shows an Accommodation and a Passenger each way daily except Sunday. Ends 14 Oct 1881 (GBW&StP takeover). Headway is an estimate from the number of trains in the cited timetables, not a measured figure; avg_speed_kmh is NOT sourced.",
      "sources": [
       "Segment-level: opening dates from Wikipedia and greenbayroute; through service proven by the Mar 1878 timetable. The Arcadia - Marshland start year is in conflict (1873 vs 1883). Headway estimated.",
       "https://en.wikipedia.org/wiki/Green_Bay_and_Western_Railroad",
       "https://greenbayroute.com/1878timetable.htm (Mar 3 1878 GB&M timetable)",
       "https://greenbayroute.com/railroads.htm (corporate and construction chronology)",
       "https://en.wikipedia.org/wiki/Marshland,_Wisconsin"
      ]
     }
    ]
   },
   "geometry": {
    "type": "LineString",
    "coordinates": [
     [
      -88.738382,
      44.397589
     ],
     [
      -88.740773,
      44.397789
     ],
     [
      -88.748413,
      44.398016
     ],
     [
      -88.751607,
      44.398323
     ],
     [
      -88.754988,
      44.399044
     ],
     [
      -88.771725,
      44.403621
     ],
     [
      -88.780299,
      44.405823
     ],
     [
      -88.783699,
      44.40629
     ],
     [
      -88.789079,
      44.406264
     ],
     [
      -88.798923,
      44.405743
     ],
     [
      -88.800904,
      44.40557
     ],
     [
      -88.802192,
      44.405276
     ],
     [
      -88.804266,
      44.404462
     ],
     [
      -88.805349,
      44.403915
     ],
     [
      -88.806321,
      44.403221
     ],
     [
      -88.812429,
      44.397269
     ],
     [
      -88.814559,
      44.39568
     ],
     [
      -88.816371,
      44.394946
     ],
     [
      -88.818295,
      44.394492
     ],
     [
      -88.820798,
      44.394399
     ],
     [
      -88.823189,
      44.394919
     ],
     [
      -88.824777,
      44.395654
     ],
     [
      -88.879173,
      44.428038
     ],
     [
      -88.905866,
      44.449672
     ],
     [
      -88.907398,
      44.450619
     ],
     [
      -88.909565,
      44.451459
     ],
     [
      -88.913021,
      44.452219
     ],
     [
      -88.945038,
      44.458926
     ],
     [
      -88.947691,
      44.459312
     ],
     [
      -88.983706,
      44.460686
     ],
     [
      -88.985985,
      44.460646
     ],
     [
      -88.988749,
      44.460379
     ],
     [
      -89.025456,
      44.454006
     ],
     [
      -89.028912,
      44.453566
     ],
     [
      -89.033189,
      44.453472
     ],
     [
      -89.076826,
      44.455832
     ],
     [
      -89.079235,
      44.456139
     ],
     [
      -89.083849,
      44.457432
     ],
     [
      -89.085736,
      44.457806
     ],
     [
      -89.088762,
      44.458126
     ],
     [
      -89.128457,
      44.458699
     ],
     [
      -89.137125,
      44.459299
     ],
     [
      -89.138171,
      44.459246
     ],
     [
      -89.138974,
      44.459072
     ],
     [
      -89.141608,
      44.458304
     ],
     [
      -89.143022,
      44.457407
     ],
     [
      -89.146609,
      44.4557
     ],
     [
      -89.147755,
      44.455268
     ],
     [
      -89.149994,
      44.454768
     ],
     [
      -89.152425,
      44.454655
     ],
     [
      -89.154297,
      44.454853
     ],
     [
      -89.219257,
      44.465276
     ],
     [
      -89.221018,
      44.465347
     ],
     [
      -89.222918,
      44.465199
     ],
     [
      -89.230172,
      44.463525
     ],
     [
      -89.23211,
      44.463438
     ],
     [
      -89.233521,
      44.463579
     ],
     [
      -89.253369,
      44.467839
     ],
     [
      -89.255558,
      44.468077
     ],
     [
      -89.257972,
      44.468092
     ],
     [
      -89.26041,
      44.467847
     ],
     [
      -89.262475,
      44.467415
     ],
     [
      -89.264347,
      44.466825
     ],
     [
      -89.267333,
      44.465581
     ],
     [
      -89.268803,
      44.465249
     ],
     [
      -89.282512,
      44.463836
     ],
     [
      -89.285375,
      44.463684
     ],
     [
      -89.28786,
      44.464066
     ],
     [
      -89.305455,
      44.468992
     ],
     [
      -89.307486,
      44.469344
     ],
     [
      -89.309294,
      44.469437
     ],
     [
      -89.31118,
      44.469311
     ],
     [
      -89.363151,
      44.462593
     ],
     [
      -89.366435,
      44.462494
     ],
     [
      -89.368825,
      44.462651
     ],
     [
      -89.376408,
      44.463855
     ],
     [
      -89.380516,
      44.46431
     ],
     [
      -89.383775,
      44.464392
     ],
     [
      -89.386591,
      44.464291
     ],
     [
      -89.390275,
      44.463882
     ],
     [
      -89.422536,
      44.458929
     ],
     [
      -89.45131,
      44.456969
     ],
     [
      -89.545984,
      44.457104
     ],
     [
      -89.547229,
      44.457227
     ],
     [
      -89.551027,
      44.457236
     ],
     [
      -89.552459,
      44.457114
     ],
     [
      -89.556875,
      44.45711
     ],
     [
      -89.559288,
      44.45695
     ],
     [
      -89.562667,
      44.456389
     ],
     [
      -89.628429,
      44.440922
     ],
     [
      -89.802663,
      44.399593
     ],
     [
      -89.804587,
      44.39948
     ],
     [
      -89.805699,
      44.399552
     ],
     [
      -89.825657,
      44.402169
     ],
     [
      -89.829093,
      44.402368
     ],
     [
      -89.831149,
      44.402354
     ],
     [
      -89.832177,
      44.402779
     ],
     [
      -89.832937,
      44.402858
     ],
     [
      -89.833446,
      44.402241
     ],
     [
      -89.834351,
      44.401891
     ],
     [
      -89.907308,
      44.391852
     ],
     [
      -90.103135,
      44.376063
     ],
     [
      -90.10535,
      44.37611
     ],
     [
      -90.119548,
      44.377561
     ],
     [
      -90.120987,
      44.377603
     ],
     [
      -90.215554,
      44.372545
     ],
     [
      -90.217714,
      44.372239
     ],
     [
      -90.306944,
      44.355366
     ],
     [
      -90.309698,
      44.354755
     ],
     [
      -90.353753,
      44.346375
     ],
     [
      -90.356165,
      44.346135
     ],
     [
      -90.359008,
      44.346348
     ],
     [
      -90.395904,
      44.351963
     ],
     [
      -90.456289,
      44.36156
     ],
     [
      -90.457695,
      44.36189
     ],
     [
      -90.487299,
      44.371411
     ],
     [
      -90.490171,
      44.372298
     ],
     [
      -90.491651,
      44.372559
     ],
     [
      -90.558106,
      44.378356
     ],
     [
      -90.576004,
      44.380859
     ],
     [
      -90.599004,
      44.384259
     ],
     [
      -90.703471,
      44.399297
     ],
     [
      -90.705125,
      44.3998
     ],
     [
      -90.706303,
      44.400416
     ],
     [
      -90.720984,
      44.410242
     ],
     [
      -90.722086,
      44.410815
     ],
     [
      -90.731015,
      44.414059
     ],
     [
      -90.75264,
      44.422298
     ],
     [
      -90.833798,
      44.453535
     ],
     [
      -90.835696,
      44.454049
     ],
     [
      -90.837789,
      44.454171
     ],
     [
      -90.8519,
      44.453046
     ],
     [
      -90.853402,
      44.452657
     ],
     [
      -90.857116,
      44.450831
     ],
     [
      -90.859281,
      44.450097
     ],
     [
      -90.917918,
      44.437764
     ],
     [
      -90.919998,
      44.437193
     ],
     [
      -90.923291,
      44.435859
     ],
     [
      -90.926043,
      44.434283
     ],
     [
      -90.975512,
      44.400026
     ],
     [
      -91.043463,
      44.366126
     ],
     [
      -91.117,
      44.326643
     ],
     [
      -91.122811,
      44.323496
     ],
     [
      -91.12387,
      44.322718
     ],
     [
      -91.126934,
      44.321269
     ],
     [
      -91.154569,
      44.306393
     ],
     [
      -91.156817,
      44.305385
     ],
     [
      -91.159065,
      44.304835
     ],
     [
      -91.195654,
      44.30042
     ],
     [
      -91.229344,
      44.296504
     ],
     [
      -91.231667,
      44.296512
     ],
     [
      -91.233945,
      44.297075
     ],
     [
      -91.258698,
      44.308917
     ],
     [
      -91.28381,
      44.326206
     ],
     [
      -91.285101,
      44.327287
     ],
     [
      -91.286356,
      44.328953
     ],
     [
      -91.287007,
      44.330784
     ],
     [
      -91.287759,
      44.342922
     ],
     [
      -91.288169,
      44.344206
     ],
     [
      -91.288813,
      44.345035
     ],
     [
      -91.289474,
      44.345583
     ],
     [
      -91.302376,
      44.354396
     ],
     [
      -91.303768,
      44.355625
     ],
     [
      -91.304607,
      44.357197
     ],
     [
      -91.305688,
      44.363372
     ],
     [
      -91.306417,
      44.364619
     ],
     [
      -91.307513,
      44.365631
     ],
     [
      -91.308476,
      44.366162
     ],
     [
      -91.309477,
      44.366502
     ],
     [
      -91.348255,
      44.374552
     ],
     [
      -91.352172,
      44.375162
     ],
     [
      -91.354605,
      44.375346
     ],
     [
      -91.35637,
      44.375089
     ],
     [
      -91.358076,
      44.374334
     ],
     [
      -91.358986,
      44.373559
     ],
     [
      -91.370205,
      44.360484
     ],
     [
      -91.371732,
      44.359386
     ],
     [
      -91.373507,
      44.358689
     ],
     [
      -91.375655,
      44.358357
     ],
     [
      -91.394627,
      44.358027
     ],
     [
      -91.399088,
      44.358198
     ],
     [
      -91.406916,
      44.358888
     ],
     [
      -91.408539,
      44.358894
     ],
     [
      -91.409936,
      44.358681
     ],
     [
      -91.420041,
      44.356457
     ],
     [
      -91.421536,
      44.355985
     ],
     [
      -91.423136,
      44.355238
     ],
     [
      -91.424423,
      44.354388
     ],
     [
      -91.433082,
      44.347694
     ],
     [
      -91.443276,
      44.343194
     ],
     [
      -91.445423,
      44.342037
     ],
     [
      -91.447168,
      44.340852
     ],
     [
      -91.448823,
      44.339431
     ],
     [
      -91.449998,
      44.338175
     ],
     [
      -91.455997,
      44.329951
     ],
     [
      -91.457056,
      44.327757
     ],
     [
      -91.457659,
      44.325394
     ],
     [
      -91.460506,
      44.297531
     ],
     [
      -91.460751,
      44.295622
     ],
     [
      -91.461008,
      44.294822
     ],
     [
      -91.461577,
      44.293839
     ],
     [
      -91.467953,
      44.284806
     ],
     [
      -91.473548,
      44.278056
     ],
     [
      -91.47793,
      44.268687
     ],
     [
      -91.478483,
      44.267966
     ],
     [
      -91.483083,
      44.2633
     ],
     [
      -91.483974,
      44.262665
     ],
     [
      -91.48523,
      44.262066
     ],
     [
      -91.489171,
      44.26114
     ],
     [
      -91.491289,
      44.260252
     ],
     [
      -91.49211,
      44.25967
     ],
     [
      -91.495291,
      44.256628
     ],
     [
      -91.496535,
      44.255655
     ],
     [
      -91.507306,
      44.249177
     ],
     [
      -91.536369,
      44.237827
     ],
     [
      -91.537429,
      44.236958
     ],
     [
      -91.538615,
      44.235
     ],
     [
      -91.544784,
      44.229646
     ],
     [
      -91.565936,
      44.217686
     ],
     [
      -91.567151,
      44.217209
     ],
     [
      -91.5685,
      44.216908
     ],
     [
      -91.587225,
      44.214455
     ],
     [
      -91.594735,
      44.214076
     ],
     [
      -91.59595,
      44.213906
     ],
     [
      -91.596984,
      44.21354
     ],
     [
      -91.598236,
      44.212692
     ],
     [
      -91.599579,
      44.211267
     ],
     [
      -91.6002,
      44.210294
     ],
     [
      -91.60058,
      44.208692
     ],
     [
      -91.601286,
      44.183967
     ],
     [
      -91.600779,
      44.18239
     ],
     [
      -91.598802,
      44.179603
     ],
     [
      -91.598161,
      44.178385
     ],
     [
      -91.595376,
      44.167333
     ],
     [
      -91.593728,
      44.163374
     ],
     [
      -91.593347,
      44.16287
     ],
     [
      -91.592618,
      44.162267
     ],
     [
      -91.57178,
      44.147613
     ],
     [
      -91.560187,
      44.142082
     ],
     [
      -91.559456,
      44.141639
     ],
     [
      -91.558681,
      44.140919
     ],
     [
      -91.558043,
      44.139683
     ],
     [
      -91.557537,
      44.137215
     ],
     [
      -91.556881,
      44.136099
     ],
     [
      -91.549278,
      44.129084
     ],
     [
      -91.548371,
      44.127904
     ],
     [
      -91.547926,
      44.126677
     ],
     [
      -91.54737,
      44.122141
     ],
     [
      -91.547065,
      44.121264
     ],
     [
      -91.5345,
      44.100493
     ],
     [
      -91.532958,
      44.097151
     ],
     [
      -91.533189,
      44.094728
     ],
     [
      -91.533912,
      44.093451
     ],
     [
      -91.547519,
      44.075735
     ]
    ]
   }
  },
  {
   "type": "Feature",
   "properties": {
    "company": "Green Bay, Winona and St. Paul Railroad",
    "line": "Green Bay, Winona and St. Paul: Green Bay – Winona",
    "id": "gbwsp-main-green-bay-winona",
    "color": "#4E5D94",
    "mode": "intercity_rail",
    "avg_speed_kmh": 35,
    "speed_source": "estimated; not computed from a real timetable (Rule 3)",
    "geometry_source": "OpenStreetMap via Overpass (mail.ru mirror, cached degree tiles) plus OpenHistoricalMap (CC0) for lifted grades, traced with opstrace.py: Dijkstra over all railway ways; the GB&W's own grade (members of the CN Whitehall Subdivision, Plover Subdivision, Luxemburg Branch and GB&W Waupaca Branch route relations, ways tagged old_railway_operator=Green Bay and Western / Ahnapee and Western, the Newton Blackmour, Tomorrow River and Ahnapee State Trails, and OHM ways labelled Green Bay and Western / Kewaunee, Green Bay and Western / Ahnapee and Western / Green Bay, Winona & St Paul) costed 1x, untagged rail 1.25x, cycleways 3x, any other named operator 12x; waypoints from the research report's via lists, each geocode's type checked and the bad ones (Seymour, Royalton, Scranton, Dodge, Trempealeau, Kewaunee, Waupaca returned towns or counties) hand-pinned",
    "geometry_quality": "Traced: 208.4 mi against the documented 209.3 mi (Fowler MP 0.0 Green Bay - 209.3 Marshland). Green Bay - Seymour on the OHM 'Green Bay Route' way, Seymour - New London on the Newton Blackmour State Trail, New London - Plover on OHM GB&W ways and the Tomorrow River State Trail, Plover - Marshland on the CN Plover and Whitehall Subdivisions. No straight-line leg longer than 300 m. The feature ends at the GB&W main line just north of Marshland (44.0757, -91.5475); the Winona approach is drawn as separate era-specific features. Green Bay terminal: drawn to the GB&W's own stub terminal on the west bank of the Fox River at 44.510, -88.025 (the eastern end of the OHM 'Green Bay Route' way; Fowler MP 0.0, 0.7 mi east of Norwood yard) - the Norwood side, NOT a Washington Street station on the east bank. Where the original grade has been lifted and a successor or rail-trail survives on the same corridor the trace follows what survives, and the CN Whitehall and Plover Subdivisions are drawn on their present-day alignment, so short stretches may draw a LATER alignment than the era shown. Arcadia - Marshland (44.249, -91.508 to 44.076, -91.548) is the 1883 grade per OHM/Wikipedia; see the 1873-vs-1883 conflict in metadata.",
    "segments": [
     {
      "start": 1881,
      "end": 1896,
      "headway_min": 720,
      "note": "Green Bay, Winona and St. Paul Railroad (incorporated 16 May 1881) operated from 14 Oct 1881 until the Green Bay and Western took over on 10 Jun 1896 after a second foreclosure. The May 2 1896 timetable shows passenger trains on the New London, Whitehall, Stevens Point and La Crosse divisions. Trains ran on into Winona - over C&NW track and bridge until 1891, then over the Winona Bridge Railway; both approaches are separate features. Headway is an estimate from the number of trains in the cited timetables, not a measured figure; avg_speed_kmh is NOT sourced.",
      "sources": [
       "Segment-level: the 1881 and 1896 operator dates are greenbayroute's chronology; the May 1896 timetable proves passenger trains in the last year. Headway estimated.",
       "https://greenbayroute.com/railroads.htm (corporate and construction chronology)",
       "https://greenbayroute.com/1886ett61.htm (GBW&StP timetable dated May 2 1896)",
       "https://en.wikipedia.org/wiki/Green_Bay_and_Western_Railroad"
      ]
     }
    ]
   },
   "geometry": {
    "type": "LineString",
    "coordinates": [
     [
      -88.024614,
      44.510042
     ],
     [
      -88.024663,
      44.510737
     ],
     [
      -88.024956,
      44.511271
     ],
     [
      -88.025606,
      44.512002
     ],
     [
      -88.02642,
      44.512593
     ],
     [
      -88.027737,
      44.513231
     ],
     [
      -88.032518,
      44.514819
     ],
     [
      -88.034957,
      44.515724
     ],
     [
      -88.035884,
      44.516188
     ],
     [
      -88.036616,
      44.516721
     ],
     [
      -88.038811,
      44.51882
     ],
     [
      -88.039754,
      44.519597
     ],
     [
      -88.040567,
      44.52006
     ],
     [
      -88.075335,
      44.532176
     ],
     [
      -88.077742,
      44.533463
     ],
     [
      -88.092597,
      44.542963
     ],
     [
      -88.094409,
      44.543754
     ],
     [
      -88.095259,
      44.543947
     ],
     [
      -88.096331,
      44.544
     ],
     [
      -88.097983,
      44.543903
     ],
     [
      -88.108384,
      44.542629
     ],
     [
      -88.115162,
      44.543271
     ],
     [
      -88.116506,
      44.543279
     ],
     [
      -88.118157,
      44.543113
     ],
     [
      -88.119636,
      44.542823
     ],
     [
      -88.121103,
      44.542305
     ],
     [
      -88.133328,
      44.536709
     ],
     [
      -88.136594,
      44.535013
     ],
     [
      -88.139318,
      44.532984
     ],
     [
      -88.143323,
      44.529567
     ],
     [
      -88.144457,
      44.528741
     ],
     [
      -88.1467,
      44.527335
     ],
     [
      -88.148524,
      44.526456
     ],
     [
      -88.154809,
      44.523926
     ],
     [
      -88.157373,
      44.523407
     ],
     [
      -88.161107,
      44.523135
     ],
     [
      -88.163597,
      44.522485
     ],
     [
      -88.164928,
      44.521914
     ],
     [
      -88.16865,
      44.519708
     ],
     [
      -88.173789,
      44.515437
     ],
     [
      -88.178484,
      44.512669
     ],
     [
      -88.179741,
      44.51179
     ],
     [
      -88.185669,
      44.505682
     ],
     [
      -88.187053,
      44.504443
     ],
     [
      -88.188372,
      44.503624
     ],
     [
      -88.190561,
      44.502729
     ],
     [
      -88.193072,
      44.502216
     ],
     [
      -88.194563,
      44.502101
     ],
     [
      -88.239517,
      44.502752
     ],
     [
      -88.271555,
      44.503732
     ],
     [
      -88.274939,
      44.504176
     ],
     [
      -88.322218,
      44.511627
     ],
     [
      -88.325558,
      44.512101
     ],
     [
      -88.327579,
      44.512259
     ],
     [
      -88.329711,
      44.512242
     ],
     [
      -88.332016,
      44.512048
     ],
     [
      -88.361717,
      44.508638
     ],
     [
      -88.36343,
      44.50826
     ],
     [
      -88.365094,
      44.507698
     ],
     [
      -88.385626,
      44.497027
     ],
     [
      -88.412949,
      44.486651
     ],
     [
      -88.562372,
      44.442199
     ],
     [
      -88.565269,
      44.441571
     ],
     [
      -88.592048,
      44.438798
     ],
     [
      -88.665476,
      44.421529
     ],
     [
      -88.694932,
      44.412188
     ],
     [
      -88.73741,
      44.398456
     ],
     [
      -88.738382,
      44.397589
     ],
     [
      -88.740773,
      44.397789
     ],
     [
      -88.748413,
      44.398016
     ],
     [
      -88.751607,
      44.398323
     ],
     [
      -88.754988,
      44.399044
     ],
     [
      -88.771725,
      44.403621
     ],
     [
      -88.780299,
      44.405823
     ],
     [
      -88.783699,
      44.40629
     ],
     [
      -88.789079,
      44.406264
     ],
     [
      -88.798923,
      44.405743
     ],
     [
      -88.800904,
      44.40557
     ],
     [
      -88.802192,
      44.405276
     ],
     [
      -88.804266,
      44.404462
     ],
     [
      -88.805349,
      44.403915
     ],
     [
      -88.806321,
      44.403221
     ],
     [
      -88.812429,
      44.397269
     ],
     [
      -88.814559,
      44.39568
     ],
     [
      -88.816371,
      44.394946
     ],
     [
      -88.818295,
      44.394492
     ],
     [
      -88.820798,
      44.394399
     ],
     [
      -88.823189,
      44.394919
     ],
     [
      -88.824777,
      44.395654
     ],
     [
      -88.879173,
      44.428038
     ],
     [
      -88.905866,
      44.449672
     ],
     [
      -88.907398,
      44.450619
     ],
     [
      -88.909565,
      44.451459
     ],
     [
      -88.913021,
      44.452219
     ],
     [
      -88.945038,
      44.458926
     ],
     [
      -88.947691,
      44.459312
     ],
     [
      -88.983706,
      44.460686
     ],
     [
      -88.985985,
      44.460646
     ],
     [
      -88.988749,
      44.460379
     ],
     [
      -89.025456,
      44.454006
     ],
     [
      -89.028912,
      44.453566
     ],
     [
      -89.033189,
      44.453472
     ],
     [
      -89.076826,
      44.455832
     ],
     [
      -89.079235,
      44.456139
     ],
     [
      -89.083849,
      44.457432
     ],
     [
      -89.085736,
      44.457806
     ],
     [
      -89.088762,
      44.458126
     ],
     [
      -89.128457,
      44.458699
     ],
     [
      -89.137125,
      44.459299
     ],
     [
      -89.138171,
      44.459246
     ],
     [
      -89.138974,
      44.459072
     ],
     [
      -89.141608,
      44.458304
     ],
     [
      -89.143022,
      44.457407
     ],
     [
      -89.146609,
      44.4557
     ],
     [
      -89.147755,
      44.455268
     ],
     [
      -89.149994,
      44.454768
     ],
     [
      -89.152425,
      44.454655
     ],
     [
      -89.154297,
      44.454853
     ],
     [
      -89.219257,
      44.465276
     ],
     [
      -89.221018,
      44.465347
     ],
     [
      -89.222918,
      44.465199
     ],
     [
      -89.230172,
      44.463525
     ],
     [
      -89.23211,
      44.463438
     ],
     [
      -89.233521,
      44.463579
     ],
     [
      -89.253369,
      44.467839
     ],
     [
      -89.255558,
      44.468077
     ],
     [
      -89.257972,
      44.468092
     ],
     [
      -89.26041,
      44.467847
     ],
     [
      -89.262475,
      44.467415
     ],
     [
      -89.264347,
      44.466825
     ],
     [
      -89.267333,
      44.465581
     ],
     [
      -89.268803,
      44.465249
     ],
     [
      -89.282512,
      44.463836
     ],
     [
      -89.285375,
      44.463684
     ],
     [
      -89.28786,
      44.464066
     ],
     [
      -89.305455,
      44.468992
     ],
     [
      -89.307486,
      44.469344
     ],
     [
      -89.309294,
      44.469437
     ],
     [
      -89.31118,
      44.469311
     ],
     [
      -89.363151,
      44.462593
     ],
     [
      -89.366435,
      44.462494
     ],
     [
      -89.368825,
      44.462651
     ],
     [
      -89.376408,
      44.463855
     ],
     [
      -89.380516,
      44.46431
     ],
     [
      -89.383775,
      44.464392
     ],
     [
      -89.386591,
      44.464291
     ],
     [
      -89.390275,
      44.463882
     ],
     [
      -89.422536,
      44.458929
     ],
     [
      -89.45131,
      44.456969
     ],
     [
      -89.545984,
      44.457104
     ],
     [
      -89.547229,
      44.457227
     ],
     [
      -89.551027,
      44.457236
     ],
     [
      -89.552459,
      44.457114
     ],
     [
      -89.556875,
      44.45711
     ],
     [
      -89.559288,
      44.45695
     ],
     [
      -89.562667,
      44.456389
     ],
     [
      -89.628429,
      44.440922
     ],
     [
      -89.802663,
      44.399593
     ],
     [
      -89.804587,
      44.39948
     ],
     [
      -89.805699,
      44.399552
     ],
     [
      -89.825657,
      44.402169
     ],
     [
      -89.829093,
      44.402368
     ],
     [
      -89.831149,
      44.402354
     ],
     [
      -89.832177,
      44.402779
     ],
     [
      -89.832937,
      44.402858
     ],
     [
      -89.833446,
      44.402241
     ],
     [
      -89.834351,
      44.401891
     ],
     [
      -89.907308,
      44.391852
     ],
     [
      -90.103135,
      44.376063
     ],
     [
      -90.10535,
      44.37611
     ],
     [
      -90.119548,
      44.377561
     ],
     [
      -90.120987,
      44.377603
     ],
     [
      -90.215554,
      44.372545
     ],
     [
      -90.217714,
      44.372239
     ],
     [
      -90.306944,
      44.355366
     ],
     [
      -90.309698,
      44.354755
     ],
     [
      -90.353753,
      44.346375
     ],
     [
      -90.356165,
      44.346135
     ],
     [
      -90.359008,
      44.346348
     ],
     [
      -90.395904,
      44.351963
     ],
     [
      -90.456289,
      44.36156
     ],
     [
      -90.457695,
      44.36189
     ],
     [
      -90.487299,
      44.371411
     ],
     [
      -90.490171,
      44.372298
     ],
     [
      -90.491651,
      44.372559
     ],
     [
      -90.558106,
      44.378356
     ],
     [
      -90.576004,
      44.380859
     ],
     [
      -90.599004,
      44.384259
     ],
     [
      -90.703471,
      44.399297
     ],
     [
      -90.705125,
      44.3998
     ],
     [
      -90.706303,
      44.400416
     ],
     [
      -90.720984,
      44.410242
     ],
     [
      -90.722086,
      44.410815
     ],
     [
      -90.731015,
      44.414059
     ],
     [
      -90.75264,
      44.422298
     ],
     [
      -90.833798,
      44.453535
     ],
     [
      -90.835696,
      44.454049
     ],
     [
      -90.837789,
      44.454171
     ],
     [
      -90.8519,
      44.453046
     ],
     [
      -90.853402,
      44.452657
     ],
     [
      -90.857116,
      44.450831
     ],
     [
      -90.859281,
      44.450097
     ],
     [
      -90.917918,
      44.437764
     ],
     [
      -90.919998,
      44.437193
     ],
     [
      -90.923291,
      44.435859
     ],
     [
      -90.926043,
      44.434283
     ],
     [
      -90.975512,
      44.400026
     ],
     [
      -91.043463,
      44.366126
     ],
     [
      -91.117,
      44.326643
     ],
     [
      -91.122811,
      44.323496
     ],
     [
      -91.12387,
      44.322718
     ],
     [
      -91.126934,
      44.321269
     ],
     [
      -91.154569,
      44.306393
     ],
     [
      -91.156817,
      44.305385
     ],
     [
      -91.159065,
      44.304835
     ],
     [
      -91.195654,
      44.30042
     ],
     [
      -91.229344,
      44.296504
     ],
     [
      -91.231667,
      44.296512
     ],
     [
      -91.233945,
      44.297075
     ],
     [
      -91.258698,
      44.308917
     ],
     [
      -91.28381,
      44.326206
     ],
     [
      -91.285101,
      44.327287
     ],
     [
      -91.286356,
      44.328953
     ],
     [
      -91.287007,
      44.330784
     ],
     [
      -91.287759,
      44.342922
     ],
     [
      -91.288169,
      44.344206
     ],
     [
      -91.288813,
      44.345035
     ],
     [
      -91.289474,
      44.345583
     ],
     [
      -91.302376,
      44.354396
     ],
     [
      -91.303768,
      44.355625
     ],
     [
      -91.304607,
      44.357197
     ],
     [
      -91.305688,
      44.363372
     ],
     [
      -91.306417,
      44.364619
     ],
     [
      -91.307513,
      44.365631
     ],
     [
      -91.308476,
      44.366162
     ],
     [
      -91.309477,
      44.366502
     ],
     [
      -91.348255,
      44.374552
     ],
     [
      -91.352172,
      44.375162
     ],
     [
      -91.354605,
      44.375346
     ],
     [
      -91.35637,
      44.375089
     ],
     [
      -91.358076,
      44.374334
     ],
     [
      -91.358986,
      44.373559
     ],
     [
      -91.370205,
      44.360484
     ],
     [
      -91.371732,
      44.359386
     ],
     [
      -91.373507,
      44.358689
     ],
     [
      -91.375655,
      44.358357
     ],
     [
      -91.394627,
      44.358027
     ],
     [
      -91.399088,
      44.358198
     ],
     [
      -91.406916,
      44.358888
     ],
     [
      -91.408539,
      44.358894
     ],
     [
      -91.409936,
      44.358681
     ],
     [
      -91.420041,
      44.356457
     ],
     [
      -91.421536,
      44.355985
     ],
     [
      -91.423136,
      44.355238
     ],
     [
      -91.424423,
      44.354388
     ],
     [
      -91.433082,
      44.347694
     ],
     [
      -91.443276,
      44.343194
     ],
     [
      -91.445423,
      44.342037
     ],
     [
      -91.447168,
      44.340852
     ],
     [
      -91.448823,
      44.339431
     ],
     [
      -91.449998,
      44.338175
     ],
     [
      -91.455997,
      44.329951
     ],
     [
      -91.457056,
      44.327757
     ],
     [
      -91.457659,
      44.325394
     ],
     [
      -91.460506,
      44.297531
     ],
     [
      -91.460751,
      44.295622
     ],
     [
      -91.461008,
      44.294822
     ],
     [
      -91.461577,
      44.293839
     ],
     [
      -91.467953,
      44.284806
     ],
     [
      -91.473548,
      44.278056
     ],
     [
      -91.47793,
      44.268687
     ],
     [
      -91.478483,
      44.267966
     ],
     [
      -91.483083,
      44.2633
     ],
     [
      -91.483974,
      44.262665
     ],
     [
      -91.48523,
      44.262066
     ],
     [
      -91.489171,
      44.26114
     ],
     [
      -91.491289,
      44.260252
     ],
     [
      -91.49211,
      44.25967
     ],
     [
      -91.495291,
      44.256628
     ],
     [
      -91.496535,
      44.255655
     ],
     [
      -91.507306,
      44.249177
     ],
     [
      -91.536369,
      44.237827
     ],
     [
      -91.537429,
      44.236958
     ],
     [
      -91.538615,
      44.235
     ],
     [
      -91.544784,
      44.229646
     ],
     [
      -91.565936,
      44.217686
     ],
     [
      -91.567151,
      44.217209
     ],
     [
      -91.5685,
      44.216908
     ],
     [
      -91.587225,
      44.214455
     ],
     [
      -91.594735,
      44.214076
     ],
     [
      -91.59595,
      44.213906
     ],
     [
      -91.596984,
      44.21354
     ],
     [
      -91.598236,
      44.212692
     ],
     [
      -91.599579,
      44.211267
     ],
     [
      -91.6002,
      44.210294
     ],
     [
      -91.60058,
      44.208692
     ],
     [
      -91.601286,
      44.183967
     ],
     [
      -91.600779,
      44.18239
     ],
     [
      -91.598802,
      44.179603
     ],
     [
      -91.598161,
      44.178385
     ],
     [
      -91.595376,
      44.167333
     ],
     [
      -91.593728,
      44.163374
     ],
     [
      -91.593347,
      44.16287
     ],
     [
      -91.592618,
      44.162267
     ],
     [
      -91.57178,
      44.147613
     ],
     [
      -91.560187,
      44.142082
     ],
     [
      -91.559456,
      44.141639
     ],
     [
      -91.558681,
      44.140919
     ],
     [
      -91.558043,
      44.139683
     ],
     [
      -91.557537,
      44.137215
     ],
     [
      -91.556881,
      44.136099
     ],
     [
      -91.549278,
      44.129084
     ],
     [
      -91.548371,
      44.127904
     ],
     [
      -91.547926,
      44.126677
     ],
     [
      -91.54737,
      44.122141
     ],
     [
      -91.547065,
      44.121264
     ],
     [
      -91.5345,
      44.100493
     ],
     [
      -91.532958,
      44.097151
     ],
     [
      -91.533189,
      44.094728
     ],
     [
      -91.533912,
      44.093451
     ],
     [
      -91.547519,
      44.075735
     ]
    ]
   }
  },
  {
   "type": "Feature",
   "properties": {
    "company": "Green Bay and Western Railroad",
    "line": "Green Bay and Western: Green Bay – Winona",
    "id": "gbw-main-green-bay-winona",
    "color": "#2E7D5B",
    "mode": "intercity_rail",
    "avg_speed_kmh": 35,
    "speed_source": "estimated; not computed from a real timetable (Rule 3)",
    "geometry_source": "OpenStreetMap via Overpass (mail.ru mirror, cached degree tiles) plus OpenHistoricalMap (CC0) for lifted grades, traced with opstrace.py: Dijkstra over all railway ways; the GB&W's own grade (members of the CN Whitehall Subdivision, Plover Subdivision, Luxemburg Branch and GB&W Waupaca Branch route relations, ways tagged old_railway_operator=Green Bay and Western / Ahnapee and Western, the Newton Blackmour, Tomorrow River and Ahnapee State Trails, and OHM ways labelled Green Bay and Western / Kewaunee, Green Bay and Western / Ahnapee and Western / Green Bay, Winona & St Paul) costed 1x, untagged rail 1.25x, cycleways 3x, any other named operator 12x; waypoints from the research report's via lists, each geocode's type checked and the bad ones (Seymour, Royalton, Scranton, Dodge, Trempealeau, Kewaunee, Waupaca returned towns or counties) hand-pinned",
    "geometry_quality": "Traced: 208.4 mi against the documented 209.3 mi (Fowler MP 0.0 Green Bay - 209.3 Marshland). Green Bay - Seymour on the OHM 'Green Bay Route' way, Seymour - New London on the Newton Blackmour State Trail, New London - Plover on OHM GB&W ways and the Tomorrow River State Trail, Plover - Marshland on the CN Plover and Whitehall Subdivisions. No straight-line leg longer than 300 m. The feature ends at the GB&W main line just north of Marshland (44.0757, -91.5475); the Winona approach is drawn as separate era-specific features. Green Bay terminal: drawn to the GB&W's own stub terminal on the west bank of the Fox River at 44.510, -88.025 (the eastern end of the OHM 'Green Bay Route' way; Fowler MP 0.0, 0.7 mi east of Norwood yard) - the Norwood side, NOT a Washington Street station on the east bank. Where the original grade has been lifted and a successor or rail-trail survives on the same corridor the trace follows what survives, and the CN Whitehall and Plover Subdivisions are drawn on their present-day alignment, so short stretches may draw a LATER alignment than the era shown. Arcadia - Marshland (44.249, -91.508 to 44.076, -91.548) is the 1883 grade per OHM/Wikipedia; see the 1873-vs-1883 conflict in metadata.",
    "segments": [
     {
      "start": 1896,
      "end": 1943,
      "headway_min": 720,
      "note": "Green Bay and Western Railroad, incorporated 3 Jun 1896, began operating 10 Jun 1896. Passengers peaked at 310,000 in 1915. Through trains Green Bay - Winona via New London, Wisconsin Rapids and Merrillan. Headway is an estimate from the number of trains in the cited timetables, not a measured figure; avg_speed_kmh is NOT sourced.",
      "sources": [
       "Segment-level: the 1896 start is the GB&W's first operating day (greenbayroute chronology); the ridership figure is from greenbayroute. Headway estimated - the 1896-1943 train count was not checked year by year.",
       "https://greenbayroute.com/railroads.htm (corporate and construction chronology)",
       "https://blog.greenbayroute.com/passes.htm",
       "https://en.wikipedia.org/wiki/Green_Bay_and_Western_Railroad"
      ]
     },
     {
      "start": 1944,
      "end": 1949,
      "headway_min": 1440,
      "note": "By the May 1944 employee timetable the service was mixed trains on the New London and Whitehall divisions; in 1948 mixed trains 5/6 and 7/8 ran daily, and fast freights 1/2 carried passengers on alternate days. Fewer than 1,000 passengers in 1947. The ICC allowed discontinuance and the last passenger train ran in April 1949 - 4 April per greenbayroute, 13 April per the Winona Daily News of 14 Apr 1949 (a conflict of days, not of year). The Feb 1952 Official Guide prints the GB&W as 'Freight Service only'. Freight continued (GB&W, then the Fox Valley & Western from 1993) and is not drawn.",
      "sources": [
       "Segment-level: the 1944 ETT and the 1948 ETT (which states the April 1949 end) establish the mixed-train service and its end; the Whitehall station article gives the 13 Apr date; the Feb 1952 Guide confirms freight only. Headway is an estimate.",
       "https://greenbayroute.com/1944ett.htm (May 14 1944 employee timetable)",
       "https://blog.greenbayroute.com/1948ett.htm (1948 employee timetable; 'Passenger service ended on April 4, 1949')",
       "https://en.wikipedia.org/wiki/Whitehall_station_(Wisconsin) (last train Apr 13 1949, citing Winona Daily News Apr 14 1949)",
       "Official Guide of the Railways, Feb 1952 (research/sources/official_guide_1952.txt ~line 54031-54112): GB&W and KGB&W both '(Freight Service only.)'"
      ]
     }
    ]
   },
   "geometry": {
    "type": "LineString",
    "coordinates": [
     [
      -88.024614,
      44.510042
     ],
     [
      -88.024663,
      44.510737
     ],
     [
      -88.024956,
      44.511271
     ],
     [
      -88.025606,
      44.512002
     ],
     [
      -88.02642,
      44.512593
     ],
     [
      -88.027737,
      44.513231
     ],
     [
      -88.032518,
      44.514819
     ],
     [
      -88.034957,
      44.515724
     ],
     [
      -88.035884,
      44.516188
     ],
     [
      -88.036616,
      44.516721
     ],
     [
      -88.038811,
      44.51882
     ],
     [
      -88.039754,
      44.519597
     ],
     [
      -88.040567,
      44.52006
     ],
     [
      -88.075335,
      44.532176
     ],
     [
      -88.077742,
      44.533463
     ],
     [
      -88.092597,
      44.542963
     ],
     [
      -88.094409,
      44.543754
     ],
     [
      -88.095259,
      44.543947
     ],
     [
      -88.096331,
      44.544
     ],
     [
      -88.097983,
      44.543903
     ],
     [
      -88.108384,
      44.542629
     ],
     [
      -88.115162,
      44.543271
     ],
     [
      -88.116506,
      44.543279
     ],
     [
      -88.118157,
      44.543113
     ],
     [
      -88.119636,
      44.542823
     ],
     [
      -88.121103,
      44.542305
     ],
     [
      -88.133328,
      44.536709
     ],
     [
      -88.136594,
      44.535013
     ],
     [
      -88.139318,
      44.532984
     ],
     [
      -88.143323,
      44.529567
     ],
     [
      -88.144457,
      44.528741
     ],
     [
      -88.1467,
      44.527335
     ],
     [
      -88.148524,
      44.526456
     ],
     [
      -88.154809,
      44.523926
     ],
     [
      -88.157373,
      44.523407
     ],
     [
      -88.161107,
      44.523135
     ],
     [
      -88.163597,
      44.522485
     ],
     [
      -88.164928,
      44.521914
     ],
     [
      -88.16865,
      44.519708
     ],
     [
      -88.173789,
      44.515437
     ],
     [
      -88.178484,
      44.512669
     ],
     [
      -88.179741,
      44.51179
     ],
     [
      -88.185669,
      44.505682
     ],
     [
      -88.187053,
      44.504443
     ],
     [
      -88.188372,
      44.503624
     ],
     [
      -88.190561,
      44.502729
     ],
     [
      -88.193072,
      44.502216
     ],
     [
      -88.194563,
      44.502101
     ],
     [
      -88.239517,
      44.502752
     ],
     [
      -88.271555,
      44.503732
     ],
     [
      -88.274939,
      44.504176
     ],
     [
      -88.322218,
      44.511627
     ],
     [
      -88.325558,
      44.512101
     ],
     [
      -88.327579,
      44.512259
     ],
     [
      -88.329711,
      44.512242
     ],
     [
      -88.332016,
      44.512048
     ],
     [
      -88.361717,
      44.508638
     ],
     [
      -88.36343,
      44.50826
     ],
     [
      -88.365094,
      44.507698
     ],
     [
      -88.385626,
      44.497027
     ],
     [
      -88.412949,
      44.486651
     ],
     [
      -88.562372,
      44.442199
     ],
     [
      -88.565269,
      44.441571
     ],
     [
      -88.592048,
      44.438798
     ],
     [
      -88.665476,
      44.421529
     ],
     [
      -88.694932,
      44.412188
     ],
     [
      -88.73741,
      44.398456
     ],
     [
      -88.738382,
      44.397589
     ],
     [
      -88.740773,
      44.397789
     ],
     [
      -88.748413,
      44.398016
     ],
     [
      -88.751607,
      44.398323
     ],
     [
      -88.754988,
      44.399044
     ],
     [
      -88.771725,
      44.403621
     ],
     [
      -88.780299,
      44.405823
     ],
     [
      -88.783699,
      44.40629
     ],
     [
      -88.789079,
      44.406264
     ],
     [
      -88.798923,
      44.405743
     ],
     [
      -88.800904,
      44.40557
     ],
     [
      -88.802192,
      44.405276
     ],
     [
      -88.804266,
      44.404462
     ],
     [
      -88.805349,
      44.403915
     ],
     [
      -88.806321,
      44.403221
     ],
     [
      -88.812429,
      44.397269
     ],
     [
      -88.814559,
      44.39568
     ],
     [
      -88.816371,
      44.394946
     ],
     [
      -88.818295,
      44.394492
     ],
     [
      -88.820798,
      44.394399
     ],
     [
      -88.823189,
      44.394919
     ],
     [
      -88.824777,
      44.395654
     ],
     [
      -88.879173,
      44.428038
     ],
     [
      -88.905866,
      44.449672
     ],
     [
      -88.907398,
      44.450619
     ],
     [
      -88.909565,
      44.451459
     ],
     [
      -88.913021,
      44.452219
     ],
     [
      -88.945038,
      44.458926
     ],
     [
      -88.947691,
      44.459312
     ],
     [
      -88.983706,
      44.460686
     ],
     [
      -88.985985,
      44.460646
     ],
     [
      -88.988749,
      44.460379
     ],
     [
      -89.025456,
      44.454006
     ],
     [
      -89.028912,
      44.453566
     ],
     [
      -89.033189,
      44.453472
     ],
     [
      -89.076826,
      44.455832
     ],
     [
      -89.079235,
      44.456139
     ],
     [
      -89.083849,
      44.457432
     ],
     [
      -89.085736,
      44.457806
     ],
     [
      -89.088762,
      44.458126
     ],
     [
      -89.128457,
      44.458699
     ],
     [
      -89.137125,
      44.459299
     ],
     [
      -89.138171,
      44.459246
     ],
     [
      -89.138974,
      44.459072
     ],
     [
      -89.141608,
      44.458304
     ],
     [
      -89.143022,
      44.457407
     ],
     [
      -89.146609,
      44.4557
     ],
     [
      -89.147755,
      44.455268
     ],
     [
      -89.149994,
      44.454768
     ],
     [
      -89.152425,
      44.454655
     ],
     [
      -89.154297,
      44.454853
     ],
     [
      -89.219257,
      44.465276
     ],
     [
      -89.221018,
      44.465347
     ],
     [
      -89.222918,
      44.465199
     ],
     [
      -89.230172,
      44.463525
     ],
     [
      -89.23211,
      44.463438
     ],
     [
      -89.233521,
      44.463579
     ],
     [
      -89.253369,
      44.467839
     ],
     [
      -89.255558,
      44.468077
     ],
     [
      -89.257972,
      44.468092
     ],
     [
      -89.26041,
      44.467847
     ],
     [
      -89.262475,
      44.467415
     ],
     [
      -89.264347,
      44.466825
     ],
     [
      -89.267333,
      44.465581
     ],
     [
      -89.268803,
      44.465249
     ],
     [
      -89.282512,
      44.463836
     ],
     [
      -89.285375,
      44.463684
     ],
     [
      -89.28786,
      44.464066
     ],
     [
      -89.305455,
      44.468992
     ],
     [
      -89.307486,
      44.469344
     ],
     [
      -89.309294,
      44.469437
     ],
     [
      -89.31118,
      44.469311
     ],
     [
      -89.363151,
      44.462593
     ],
     [
      -89.366435,
      44.462494
     ],
     [
      -89.368825,
      44.462651
     ],
     [
      -89.376408,
      44.463855
     ],
     [
      -89.380516,
      44.46431
     ],
     [
      -89.383775,
      44.464392
     ],
     [
      -89.386591,
      44.464291
     ],
     [
      -89.390275,
      44.463882
     ],
     [
      -89.422536,
      44.458929
     ],
     [
      -89.45131,
      44.456969
     ],
     [
      -89.545984,
      44.457104
     ],
     [
      -89.547229,
      44.457227
     ],
     [
      -89.551027,
      44.457236
     ],
     [
      -89.552459,
      44.457114
     ],
     [
      -89.556875,
      44.45711
     ],
     [
      -89.559288,
      44.45695
     ],
     [
      -89.562667,
      44.456389
     ],
     [
      -89.628429,
      44.440922
     ],
     [
      -89.802663,
      44.399593
     ],
     [
      -89.804587,
      44.39948
     ],
     [
      -89.805699,
      44.399552
     ],
     [
      -89.825657,
      44.402169
     ],
     [
      -89.829093,
      44.402368
     ],
     [
      -89.831149,
      44.402354
     ],
     [
      -89.832177,
      44.402779
     ],
     [
      -89.832937,
      44.402858
     ],
     [
      -89.833446,
      44.402241
     ],
     [
      -89.834351,
      44.401891
     ],
     [
      -89.907308,
      44.391852
     ],
     [
      -90.103135,
      44.376063
     ],
     [
      -90.10535,
      44.37611
     ],
     [
      -90.119548,
      44.377561
     ],
     [
      -90.120987,
      44.377603
     ],
     [
      -90.215554,
      44.372545
     ],
     [
      -90.217714,
      44.372239
     ],
     [
      -90.306944,
      44.355366
     ],
     [
      -90.309698,
      44.354755
     ],
     [
      -90.353753,
      44.346375
     ],
     [
      -90.356165,
      44.346135
     ],
     [
      -90.359008,
      44.346348
     ],
     [
      -90.395904,
      44.351963
     ],
     [
      -90.456289,
      44.36156
     ],
     [
      -90.457695,
      44.36189
     ],
     [
      -90.487299,
      44.371411
     ],
     [
      -90.490171,
      44.372298
     ],
     [
      -90.491651,
      44.372559
     ],
     [
      -90.558106,
      44.378356
     ],
     [
      -90.576004,
      44.380859
     ],
     [
      -90.599004,
      44.384259
     ],
     [
      -90.703471,
      44.399297
     ],
     [
      -90.705125,
      44.3998
     ],
     [
      -90.706303,
      44.400416
     ],
     [
      -90.720984,
      44.410242
     ],
     [
      -90.722086,
      44.410815
     ],
     [
      -90.731015,
      44.414059
     ],
     [
      -90.75264,
      44.422298
     ],
     [
      -90.833798,
      44.453535
     ],
     [
      -90.835696,
      44.454049
     ],
     [
      -90.837789,
      44.454171
     ],
     [
      -90.8519,
      44.453046
     ],
     [
      -90.853402,
      44.452657
     ],
     [
      -90.857116,
      44.450831
     ],
     [
      -90.859281,
      44.450097
     ],
     [
      -90.917918,
      44.437764
     ],
     [
      -90.919998,
      44.437193
     ],
     [
      -90.923291,
      44.435859
     ],
     [
      -90.926043,
      44.434283
     ],
     [
      -90.975512,
      44.400026
     ],
     [
      -91.043463,
      44.366126
     ],
     [
      -91.117,
      44.326643
     ],
     [
      -91.122811,
      44.323496
     ],
     [
      -91.12387,
      44.322718
     ],
     [
      -91.126934,
      44.321269
     ],
     [
      -91.154569,
      44.306393
     ],
     [
      -91.156817,
      44.305385
     ],
     [
      -91.159065,
      44.304835
     ],
     [
      -91.195654,
      44.30042
     ],
     [
      -91.229344,
      44.296504
     ],
     [
      -91.231667,
      44.296512
     ],
     [
      -91.233945,
      44.297075
     ],
     [
      -91.258698,
      44.308917
     ],
     [
      -91.28381,
      44.326206
     ],
     [
      -91.285101,
      44.327287
     ],
     [
      -91.286356,
      44.328953
     ],
     [
      -91.287007,
      44.330784
     ],
     [
      -91.287759,
      44.342922
     ],
     [
      -91.288169,
      44.344206
     ],
     [
      -91.288813,
      44.345035
     ],
     [
      -91.289474,
      44.345583
     ],
     [
      -91.302376,
      44.354396
     ],
     [
      -91.303768,
      44.355625
     ],
     [
      -91.304607,
      44.357197
     ],
     [
      -91.305688,
      44.363372
     ],
     [
      -91.306417,
      44.364619
     ],
     [
      -91.307513,
      44.365631
     ],
     [
      -91.308476,
      44.366162
     ],
     [
      -91.309477,
      44.366502
     ],
     [
      -91.348255,
      44.374552
     ],
     [
      -91.352172,
      44.375162
     ],
     [
      -91.354605,
      44.375346
     ],
     [
      -91.35637,
      44.375089
     ],
     [
      -91.358076,
      44.374334
     ],
     [
      -91.358986,
      44.373559
     ],
     [
      -91.370205,
      44.360484
     ],
     [
      -91.371732,
      44.359386
     ],
     [
      -91.373507,
      44.358689
     ],
     [
      -91.375655,
      44.358357
     ],
     [
      -91.394627,
      44.358027
     ],
     [
      -91.399088,
      44.358198
     ],
     [
      -91.406916,
      44.358888
     ],
     [
      -91.408539,
      44.358894
     ],
     [
      -91.409936,
      44.358681
     ],
     [
      -91.420041,
      44.356457
     ],
     [
      -91.421536,
      44.355985
     ],
     [
      -91.423136,
      44.355238
     ],
     [
      -91.424423,
      44.354388
     ],
     [
      -91.433082,
      44.347694
     ],
     [
      -91.443276,
      44.343194
     ],
     [
      -91.445423,
      44.342037
     ],
     [
      -91.447168,
      44.340852
     ],
     [
      -91.448823,
      44.339431
     ],
     [
      -91.449998,
      44.338175
     ],
     [
      -91.455997,
      44.329951
     ],
     [
      -91.457056,
      44.327757
     ],
     [
      -91.457659,
      44.325394
     ],
     [
      -91.460506,
      44.297531
     ],
     [
      -91.460751,
      44.295622
     ],
     [
      -91.461008,
      44.294822
     ],
     [
      -91.461577,
      44.293839
     ],
     [
      -91.467953,
      44.284806
     ],
     [
      -91.473548,
      44.278056
     ],
     [
      -91.47793,
      44.268687
     ],
     [
      -91.478483,
      44.267966
     ],
     [
      -91.483083,
      44.2633
     ],
     [
      -91.483974,
      44.262665
     ],
     [
      -91.48523,
      44.262066
     ],
     [
      -91.489171,
      44.26114
     ],
     [
      -91.491289,
      44.260252
     ],
     [
      -91.49211,
      44.25967
     ],
     [
      -91.495291,
      44.256628
     ],
     [
      -91.496535,
      44.255655
     ],
     [
      -91.507306,
      44.249177
     ],
     [
      -91.536369,
      44.237827
     ],
     [
      -91.537429,
      44.236958
     ],
     [
      -91.538615,
      44.235
     ],
     [
      -91.544784,
      44.229646
     ],
     [
      -91.565936,
      44.217686
     ],
     [
      -91.567151,
      44.217209
     ],
     [
      -91.5685,
      44.216908
     ],
     [
      -91.587225,
      44.214455
     ],
     [
      -91.594735,
      44.214076
     ],
     [
      -91.59595,
      44.213906
     ],
     [
      -91.596984,
      44.21354
     ],
     [
      -91.598236,
      44.212692
     ],
     [
      -91.599579,
      44.211267
     ],
     [
      -91.6002,
      44.210294
     ],
     [
      -91.60058,
      44.208692
     ],
     [
      -91.601286,
      44.183967
     ],
     [
      -91.600779,
      44.18239
     ],
     [
      -91.598802,
      44.179603
     ],
     [
      -91.598161,
      44.178385
     ],
     [
      -91.595376,
      44.167333
     ],
     [
      -91.593728,
      44.163374
     ],
     [
      -91.593347,
      44.16287
     ],
     [
      -91.592618,
      44.162267
     ],
     [
      -91.57178,
      44.147613
     ],
     [
      -91.560187,
      44.142082
     ],
     [
      -91.559456,
      44.141639
     ],
     [
      -91.558681,
      44.140919
     ],
     [
      -91.558043,
      44.139683
     ],
     [
      -91.557537,
      44.137215
     ],
     [
      -91.556881,
      44.136099
     ],
     [
      -91.549278,
      44.129084
     ],
     [
      -91.548371,
      44.127904
     ],
     [
      -91.547926,
      44.126677
     ],
     [
      -91.54737,
      44.122141
     ],
     [
      -91.547065,
      44.121264
     ],
     [
      -91.5345,
      44.100493
     ],
     [
      -91.532958,
      44.097151
     ],
     [
      -91.533189,
      44.094728
     ],
     [
      -91.533912,
      44.093451
     ],
     [
      -91.547519,
      44.075735
     ]
    ]
   }
  },
  {
   "type": "Feature",
   "properties": {
    "company": "Green Bay and Minnesota Rail Road",
    "line": "Green Bay and Minnesota: Marshland – Winona (C&NW bridge)",
    "id": "gbm-winona-cnw-bridge",
    "color": "#9C6B30",
    "mode": "intercity_rail",
    "avg_speed_kmh": 35,
    "speed_source": "estimated; not computed from a real timetable (Rule 3)",
    "geometry_source": "OpenStreetMap via Overpass (mail.ru mirror, cached degree tiles) plus OpenHistoricalMap (CC0) for lifted grades, traced with opstrace.py: Dijkstra over all railway ways; the GB&W's own grade (members of the CN Whitehall Subdivision, Plover Subdivision, Luxemburg Branch and GB&W Waupaca Branch route relations, ways tagged old_railway_operator=Green Bay and Western / Ahnapee and Western, the Newton Blackmour, Tomorrow River and Ahnapee State Trails, and OHM ways labelled Green Bay and Western / Kewaunee, Green Bay and Western / Ahnapee and Western / Green Bay, Winona & St Paul) costed 1x for the GB&W's own track; for this C&NW trackage piece OHM/OSM ways of the Chicago and North Western (La Crosse, Trempealeau & Prescott) were costed 1x instead; untagged rail 1.25x, cycleways 3x, any other named operator 12x; waypoints from the research report's via lists, each geocode's type checked and the bad ones (Seymour, Royalton, Scranton, Dodge, Trempealeau, Kewaunee, Waupaca returned towns or counties) hand-pinned",
    "geometry_quality": "Traced: 5.2 mi, all on the Chicago and North Western's (La Crosse, Trempealeau & Prescott) track, NOT GB&M/GBW&StP rails: the C&NW grade west from Marshland (now the Flyway Trail, 44.0709, -91.5562 to 44.0714, -91.6230), the C&NW Mississippi bridge (a disused span survives in OSM at 44.0617, -91.6361; OHM C&NW way), and the C&NW to the Winona riverfront (44.0574, -91.6384). Documented: Marshland - Winona about 4.6 mi by the GB&W's later mileposts; the C&NW route's own mileage was not found. No straight-line leg longer than 300 m. The Winona end is the C&NW bridge landing; the GB&M's own Winona station, which trains backed into, was not located.",
    "segments": [
     {
      "start": 1874,
      "end": 1881,
      "headway_min": 720,
      "note": "From the Dec 1873 arrival at Marshland, Green Bay trains ran into Winona over C&NW (La Crosse, Trempealeau & Prescott) trackage and the C&NW Mississippi bridge, then backed into their own Winona station. Start year 1874 is the first full year after the Dec 1873 arrival and is a withheld unknown at its START: trains may have reached Winona proper in Dec 1873, but that is not proven. The Mar 1878 timetable runs through to Winona. Ends 14 Oct 1881 (GBW&StP takeover). Headway is an estimate from the number of trains in the cited timetables, not a measured figure; avg_speed_kmh is NOT sourced.",
      "sources": [
       "Segment-level: greenbayroute's Winona page (C&NW trackage and bridge from 1873) and the Mar 1878 timetable (through trains to Winona). The 1874 start is the first full year, not a proven first train. Headway estimated.",
       "https://greenbayroute.com/1910winona.htm",
       "https://greenbayroute.com/1878timetable.htm (Mar 3 1878 GB&M timetable)",
       "https://greenbayroute.com/railroads.htm (corporate and construction chronology)"
      ]
     }
    ]
   },
   "geometry": {
    "type": "LineString",
    "coordinates": [
     [
      -91.547519,
      44.075735
     ],
     [
      -91.548294,
      44.074984
     ],
     [
      -91.549249,
      44.074357
     ],
     [
      -91.554837,
      44.07179
     ],
     [
      -91.556154,
      44.070879
     ],
     [
      -91.558524,
      44.070054
     ],
     [
      -91.559886,
      44.069382
     ],
     [
      -91.562744,
      44.068486
     ],
     [
      -91.565619,
      44.068065
     ],
     [
      -91.571372,
      44.067883
     ],
     [
      -91.594426,
      44.068145
     ],
     [
      -91.595916,
      44.068307
     ],
     [
      -91.60138,
      44.069452
     ],
     [
      -91.603959,
      44.069876
     ],
     [
      -91.609579,
      44.070438
     ],
     [
      -91.62296,
      44.071368
     ],
     [
      -91.625066,
      44.070827
     ],
     [
      -91.626743,
      44.070081
     ],
     [
      -91.634232,
      44.064505
     ],
     [
      -91.635144,
      44.063487
     ],
     [
      -91.638382,
      44.057409
     ]
    ]
   }
  },
  {
   "type": "Feature",
   "properties": {
    "company": "Green Bay, Winona and St. Paul Railroad",
    "line": "Green Bay, Winona and St. Paul: Marshland – Winona (C&NW bridge)",
    "id": "gbwsp-winona-cnw-bridge",
    "color": "#4E5D94",
    "mode": "intercity_rail",
    "avg_speed_kmh": 35,
    "speed_source": "estimated; not computed from a real timetable (Rule 3)",
    "geometry_source": "OpenStreetMap via Overpass (mail.ru mirror, cached degree tiles) plus OpenHistoricalMap (CC0) for lifted grades, traced with opstrace.py: Dijkstra over all railway ways; the GB&W's own grade (members of the CN Whitehall Subdivision, Plover Subdivision, Luxemburg Branch and GB&W Waupaca Branch route relations, ways tagged old_railway_operator=Green Bay and Western / Ahnapee and Western, the Newton Blackmour, Tomorrow River and Ahnapee State Trails, and OHM ways labelled Green Bay and Western / Kewaunee, Green Bay and Western / Ahnapee and Western / Green Bay, Winona & St Paul) costed 1x for the GB&W's own track; for this C&NW trackage piece OHM/OSM ways of the Chicago and North Western (La Crosse, Trempealeau & Prescott) were costed 1x instead; untagged rail 1.25x, cycleways 3x, any other named operator 12x; waypoints from the research report's via lists, each geocode's type checked and the bad ones (Seymour, Royalton, Scranton, Dodge, Trempealeau, Kewaunee, Waupaca returned towns or counties) hand-pinned",
    "geometry_quality": "Traced: 5.2 mi, all on the Chicago and North Western's (La Crosse, Trempealeau & Prescott) track, NOT GB&M/GBW&StP rails: the C&NW grade west from Marshland (now the Flyway Trail, 44.0709, -91.5562 to 44.0714, -91.6230), the C&NW Mississippi bridge (a disused span survives in OSM at 44.0617, -91.6361; OHM C&NW way), and the C&NW to the Winona riverfront (44.0574, -91.6384). Documented: Marshland - Winona about 4.6 mi by the GB&W's later mileposts; the C&NW route's own mileage was not found. No straight-line leg longer than 300 m. The Winona end is the C&NW bridge landing; the GB&M's own Winona station, which trains backed into, was not located.",
    "segments": [
     {
      "start": 1881,
      "end": 1891,
      "headway_min": 1440,
      "note": "GBW&StP trains continued over C&NW trackage and the C&NW bridge into Winona until the Winona Bridge Railway opened on 1 Sep 1891; by then the C&NW agreement had limited them to 'one mixed train a day'. Not drawn past 1891. Headway is an estimate from the number of trains in the cited timetables, not a measured figure; avg_speed_kmh is NOT sourced.",
      "sources": [
       "Segment-level: greenbayroute's Winona page (the one-mixed-train limit and the 1 Sep 1891 WBR opening). Headway estimated.",
       "https://greenbayroute.com/1910winona.htm",
       "https://greenbayroute.com/railroads.htm (corporate and construction chronology)"
      ]
     }
    ]
   },
   "geometry": {
    "type": "LineString",
    "coordinates": [
     [
      -91.547519,
      44.075735
     ],
     [
      -91.548294,
      44.074984
     ],
     [
      -91.549249,
      44.074357
     ],
     [
      -91.554837,
      44.07179
     ],
     [
      -91.556154,
      44.070879
     ],
     [
      -91.558524,
      44.070054
     ],
     [
      -91.559886,
      44.069382
     ],
     [
      -91.562744,
      44.068486
     ],
     [
      -91.565619,
      44.068065
     ],
     [
      -91.571372,
      44.067883
     ],
     [
      -91.594426,
      44.068145
     ],
     [
      -91.595916,
      44.068307
     ],
     [
      -91.60138,
      44.069452
     ],
     [
      -91.603959,
      44.069876
     ],
     [
      -91.609579,
      44.070438
     ],
     [
      -91.62296,
      44.071368
     ],
     [
      -91.625066,
      44.070827
     ],
     [
      -91.626743,
      44.070081
     ],
     [
      -91.634232,
      44.064505
     ],
     [
      -91.635144,
      44.063487
     ],
     [
      -91.638382,
      44.057409
     ]
    ]
   }
  },
  {
   "type": "Feature",
   "properties": {
    "company": "Green Bay, Winona and St. Paul Railroad",
    "line": "Green Bay, Winona and St. Paul: Marshland – Winona (WBR bridge)",
    "id": "gbwsp-winona-bridge-railway",
    "color": "#4E5D94",
    "mode": "intercity_rail",
    "avg_speed_kmh": 35,
    "speed_source": "estimated; not computed from a real timetable (Rule 3)",
    "geometry_source": "OpenStreetMap via Overpass (mail.ru mirror, cached degree tiles) plus OpenHistoricalMap (CC0) for lifted grades, traced with opstrace.py: Dijkstra over all railway ways; the GB&W's own grade (members of the CN Whitehall Subdivision, Plover Subdivision, Luxemburg Branch and GB&W Waupaca Branch route relations, ways tagged old_railway_operator=Green Bay and Western / Ahnapee and Western, the Newton Blackmour, Tomorrow River and Ahnapee State Trails, and OHM ways labelled Green Bay and Western / Kewaunee, Green Bay and Western / Ahnapee and Western / Green Bay, Winona & St Paul) costed 1x, untagged rail 1.25x, cycleways 3x, any other named operator 12x; waypoints from the research report's via lists, each geocode's type checked and the bad ones (Seymour, Royalton, Scranton, Dodge, Trempealeau, Kewaunee, Waupaca returned towns or counties) hand-pinned",
    "geometry_quality": "Traced except the river crossing: 5.7 mi against the documented 4.6 mi (Fowler MP 209.3 Marshland - 211.0 East Winona - 213.9 Winona (CNW)); the 1.1 mi excess is the uncertain Winona end, drawn to the riverfront C&NW station area (44.0561, -91.6409) because the GB&W's Winona depot site was not located. APPROXIMATED: the Winona Bridge Railway bridge itself (closed 1985, burned 1989, not in OSM or OHM) is a straight line of 0.67 mi from East Winona (44.0482, -91.5956) to the GB&W-named spur on the Minnesota bank (44.0442, -91.6078); the bridge's exact landing points are not sourced. Marshland - East Winona is the GB&W's own grade (CN Whitehall Subdivision, 2.6 mi); the 2.0 mi on the Minnesota side follows untagged present-day industrial track (ex-C&NW / CPKC) and may be a LATER alignment than the GB&W used. Drawn only from 1891: before the WBR bridge opened on 1 Sep 1891 Green Bay trains used the C&NW bridge (separate feature).",
    "segments": [
     {
      "start": 1891,
      "end": 1896,
      "headway_min": 720,
      "note": "From 1 Sep 1891 Green Bay trains crossed into Winona over the Winona Bridge Railway (GB&W one-third owner) instead of the C&NW bridge. Ends 10 Jun 1896 (GB&W takeover). Headway is an estimate from the number of trains in the cited timetables, not a measured figure; avg_speed_kmh is NOT sourced.",
      "sources": [
       "Segment-level: greenbayroute (WBR opened 1 Sep 1891); the May 1896 timetable shows passenger trains on the Whitehall division to Winona. Headway estimated.",
       "https://greenbayroute.com/1910winona.htm",
       "https://greenbayroute.com/railroads.htm (corporate and construction chronology)",
       "https://greenbayroute.com/1886ett61.htm (GBW&StP timetable dated May 2 1896)"
      ]
     }
    ]
   },
   "geometry": {
    "type": "LineString",
    "coordinates": [
     [
      -91.547519,
      44.075735
     ],
     [
      -91.548294,
      44.074984
     ],
     [
      -91.549249,
      44.074357
     ],
     [
      -91.555237,
      44.071561
     ],
     [
      -91.557871,
      44.069701
     ],
     [
      -91.59279,
      44.048534
     ],
     [
      -91.593696,
      44.048129
     ],
     [
      -91.594753,
      44.047953
     ],
     [
      -91.595588,
      44.048211
     ],
     [
      -91.60782,
      44.044199
     ],
     [
      -91.609064,
      44.044183
     ],
     [
      -91.610169,
      44.044381
     ],
     [
      -91.612759,
      44.045624
     ],
     [
      -91.613395,
      44.046103
     ],
     [
      -91.613631,
      44.046464
     ],
     [
      -91.61364,
      44.047831
     ],
     [
      -91.613962,
      44.048198
     ],
     [
      -91.614454,
      44.048421
     ],
     [
      -91.6327,
      44.053484
     ],
     [
      -91.639761,
      44.055539
     ],
     [
      -91.640911,
      44.056075
     ]
    ]
   }
  },
  {
   "type": "Feature",
   "properties": {
    "company": "Green Bay and Western Railroad",
    "line": "Green Bay and Western: Marshland – Winona (WBR bridge)",
    "id": "gbw-winona-bridge-railway",
    "color": "#2E7D5B",
    "mode": "intercity_rail",
    "avg_speed_kmh": 35,
    "speed_source": "estimated; not computed from a real timetable (Rule 3)",
    "geometry_source": "OpenStreetMap via Overpass (mail.ru mirror, cached degree tiles) plus OpenHistoricalMap (CC0) for lifted grades, traced with opstrace.py: Dijkstra over all railway ways; the GB&W's own grade (members of the CN Whitehall Subdivision, Plover Subdivision, Luxemburg Branch and GB&W Waupaca Branch route relations, ways tagged old_railway_operator=Green Bay and Western / Ahnapee and Western, the Newton Blackmour, Tomorrow River and Ahnapee State Trails, and OHM ways labelled Green Bay and Western / Kewaunee, Green Bay and Western / Ahnapee and Western / Green Bay, Winona & St Paul) costed 1x, untagged rail 1.25x, cycleways 3x, any other named operator 12x; waypoints from the research report's via lists, each geocode's type checked and the bad ones (Seymour, Royalton, Scranton, Dodge, Trempealeau, Kewaunee, Waupaca returned towns or counties) hand-pinned",
    "geometry_quality": "Traced except the river crossing: 5.7 mi against the documented 4.6 mi (Fowler MP 209.3 Marshland - 211.0 East Winona - 213.9 Winona (CNW)); the 1.1 mi excess is the uncertain Winona end, drawn to the riverfront C&NW station area (44.0561, -91.6409) because the GB&W's Winona depot site was not located. APPROXIMATED: the Winona Bridge Railway bridge itself (closed 1985, burned 1989, not in OSM or OHM) is a straight line of 0.67 mi from East Winona (44.0482, -91.5956) to the GB&W-named spur on the Minnesota bank (44.0442, -91.6078); the bridge's exact landing points are not sourced. Marshland - East Winona is the GB&W's own grade (CN Whitehall Subdivision, 2.6 mi); the 2.0 mi on the Minnesota side follows untagged present-day industrial track (ex-C&NW / CPKC) and may be a LATER alignment than the GB&W used. Drawn only from 1891: before the WBR bridge opened on 1 Sep 1891 Green Bay trains used the C&NW bridge (separate feature).",
    "segments": [
     {
      "start": 1896,
      "end": 1949,
      "headway_min": 720,
      "note": "Green Bay and Western trains into Winona over the Winona Bridge Railway until passenger service ended in April 1949 (mixed trains from the 1940s; see the main-line feature). The bridge closed in Sep 1985 and burned on 17 Dec 1989. Headway is an estimate from the number of trains in the cited timetables, not a measured figure; avg_speed_kmh is NOT sourced.",
      "sources": [
       "Segment-level: greenbayroute's Winona page and the 1948 ETT (April 1949 end). Headway estimated.",
       "https://greenbayroute.com/1910winona.htm",
       "https://blog.greenbayroute.com/1948ett.htm (1948 employee timetable; 'Passenger service ended on April 4, 1949')",
       "https://en.wikipedia.org/wiki/Whitehall_station_(Wisconsin) (last train Apr 13 1949, citing Winona Daily News Apr 14 1949)"
      ]
     }
    ]
   },
   "geometry": {
    "type": "LineString",
    "coordinates": [
     [
      -91.547519,
      44.075735
     ],
     [
      -91.548294,
      44.074984
     ],
     [
      -91.549249,
      44.074357
     ],
     [
      -91.555237,
      44.071561
     ],
     [
      -91.557871,
      44.069701
     ],
     [
      -91.59279,
      44.048534
     ],
     [
      -91.593696,
      44.048129
     ],
     [
      -91.594753,
      44.047953
     ],
     [
      -91.595588,
      44.048211
     ],
     [
      -91.60782,
      44.044199
     ],
     [
      -91.609064,
      44.044183
     ],
     [
      -91.610169,
      44.044381
     ],
     [
      -91.612759,
      44.045624
     ],
     [
      -91.613395,
      44.046103
     ],
     [
      -91.613631,
      44.046464
     ],
     [
      -91.61364,
      44.047831
     ],
     [
      -91.613962,
      44.048198
     ],
     [
      -91.614454,
      44.048421
     ],
     [
      -91.6327,
      44.053484
     ],
     [
      -91.639761,
      44.055539
     ],
     [
      -91.640911,
      44.056075
     ]
    ]
   }
  },
  {
   "type": "Feature",
   "properties": {
    "company": "Green Bay and Minnesota Rail Road",
    "line": "Green Bay and Minnesota: La Crosse Division",
    "id": "gbm-la-crosse-division",
    "color": "#9C6B30",
    "mode": "intercity_rail",
    "avg_speed_kmh": 35,
    "speed_source": "estimated; not computed from a real timetable (Rule 3)",
    "geometry_source": "OpenStreetMap via Overpass (mail.ru mirror, cached degree tiles) plus OpenHistoricalMap (CC0) for lifted grades, traced with opstrace.py: Dijkstra over all railway ways; the GB&W's own grade (members of the CN Whitehall Subdivision, Plover Subdivision, Luxemburg Branch and GB&W Waupaca Branch route relations, ways tagged old_railway_operator=Green Bay and Western / Ahnapee and Western, the Newton Blackmour, Tomorrow River and Ahnapee State Trails, and OHM ways labelled Green Bay and Western / Kewaunee, Green Bay and Western / Ahnapee and Western / Green Bay, Winona & St Paul) costed 1x for the GB&W's own track; for this C&NW trackage piece OHM/OSM ways of the Chicago and North Western (La Crosse, Trempealeau & Prescott) were costed 1x instead; untagged rail 1.25x, cycleways 3x, any other named operator 12x; waypoints from the research report's via lists, each geocode's type checked and the bad ones (Seymour, Royalton, Scranton, Dodge, Trempealeau, Kewaunee, Waupaca returned towns or counties) hand-pinned",
    "geometry_quality": "Traced except one connector: 28.4 mi against the documented about 28 mi (1878 timetable). About 22 mi, Marshland - Trempealeau - Midway - Onalaska (44.069, -91.547 to 43.88, -91.23), is the Chicago and North Western's (La Crosse, Trempealeau & Prescott) track, used by trackage rights - drawn on the C&NW grade (Great River State Trail and OHM C&NW ways), NOT GB&W rails. Onalaska - La Crosse (about 6.5 mi) is the GBW&StP's own track, abandoned 1922, from OHM's 'Green Bay, Winona & St Paul Railroad' ways; the La Crosse end is the south end of that OHM trace (43.794, -91.244). APPROXIMATED: a straight 0.49 mi connector at Marshland from the GB&W main line (44.0757, -91.5475) to the C&NW grade (44.0687, -91.5469) - the junction track there is not in OSM or OHM.",
    "segments": [
     {
      "start": 1876,
      "end": 1881,
      "headway_min": 720,
      "note": "First regular train 25 Sep 1876, a branch from Marshland by an 1876 compromise; Marshland - Onalaska was C&NW trackage, Onalaska - La Crosse the company's own 6.5 mi. The Mar 1878 timetable runs Green Bay - Winona - La Crosse. Ends 14 Oct 1881 (GBW&StP takeover). Headway is an estimate from the number of trains in the cited timetables, not a measured figure; avg_speed_kmh is NOT sourced.",
      "sources": [
       "Segment-level: greenbayroute's La Crosse page ('first regular train ... September 25, 1876') and the Mar 1878 timetable. Headway estimated.",
       "https://blog.greenbayroute.com/lacrosse.htm",
       "https://greenbayroute.com/1878timetable.htm (Mar 3 1878 GB&M timetable)",
       "https://archives.lacrosselibrary.org/blog/the-green-bay-and-western-railroad-legacy/"
      ]
     }
    ]
   },
   "geometry": {
    "type": "LineString",
    "coordinates": [
     [
      -91.547519,
      44.075735
     ],
     [
      -91.546923,
      44.068668
     ],
     [
      -91.533922,
      44.064614
     ],
     [
      -91.531606,
      44.063822
     ],
     [
      -91.529588,
      44.062802
     ],
     [
      -91.528524,
      44.062091
     ],
     [
      -91.524862,
      44.059044
     ],
     [
      -91.521593,
      44.056641
     ],
     [
      -91.519128,
      44.054949
     ],
     [
      -91.511413,
      44.05029
     ],
     [
      -91.510367,
      44.049525
     ],
     [
      -91.50282,
      44.043013
     ],
     [
      -91.501587,
      44.042087
     ],
     [
      -91.499663,
      44.041133
     ],
     [
      -91.495404,
      44.040099
     ],
     [
      -91.493573,
      44.039414
     ],
     [
      -91.490771,
      44.038004
     ],
     [
      -91.482197,
      44.032257
     ],
     [
      -91.479078,
      44.030511
     ],
     [
      -91.475043,
      44.029195
     ],
     [
      -91.471419,
      44.028362
     ],
     [
      -91.468449,
      44.027852
     ],
     [
      -91.462602,
      44.027435
     ],
     [
      -91.460248,
      44.026898
     ],
     [
      -91.458474,
      44.026173
     ],
     [
      -91.447023,
      44.020786
     ],
     [
      -91.445173,
      44.019524
     ],
     [
      -91.435292,
      44.010348
     ],
     [
      -91.429688,
      44.005364
     ],
     [
      -91.428305,
      44.004356
     ],
     [
      -91.426849,
      44.003631
     ],
     [
      -91.424868,
      44.002932
     ],
     [
      -91.415398,
      44.001279
     ],
     [
      -91.412652,
      44.000473
     ],
     [
      -91.411475,
      43.999989
     ],
     [
      -91.405497,
      43.996899
     ],
     [
      -91.404134,
      43.996348
     ],
     [
      -91.39188,
      43.993096
     ],
     [
      -91.38155,
      43.988445
     ],
     [
      -91.376207,
      43.985045
     ],
     [
      -91.34475,
      43.963375
     ],
     [
      -91.34178,
      43.961492
     ],
     [
      -91.339874,
      43.960538
     ],
     [
      -91.335914,
      43.958803
     ],
     [
      -91.332104,
      43.958064
     ],
     [
      -91.325024,
      43.955589
     ],
     [
      -91.257402,
      43.927074
     ],
     [
      -91.255889,
      43.926254
     ],
     [
      -91.254656,
      43.925379
     ],
     [
      -91.253162,
      43.923778
     ],
     [
      -91.250846,
      43.919755
     ],
     [
      -91.249482,
      43.916579
     ],
     [
      -91.248044,
      43.913713
     ],
     [
      -91.247427,
      43.911856
     ],
     [
      -91.2464,
      43.905598
     ],
     [
      -91.246064,
      43.904508
     ],
     [
      -91.245503,
      43.903485
     ],
     [
      -91.244532,
      43.902166
     ],
     [
      -91.243392,
      43.900941
     ],
     [
      -91.242888,
      43.900147
     ],
     [
      -91.241543,
      43.89693
     ],
     [
      -91.240628,
      43.895436
     ],
     [
      -91.238237,
      43.888342
     ],
     [
      -91.237004,
      43.885891
     ],
     [
      -91.234351,
      43.88196
     ],
     [
      -91.234472,
      43.881937
     ],
     [
      -91.235086,
      43.881385
     ],
     [
      -91.231643,
      43.872927
     ],
     [
      -91.230404,
      43.869189
     ],
     [
      -91.230101,
      43.867099
     ],
     [
      -91.230188,
      43.848
     ],
     [
      -91.230043,
      43.847075
     ],
     [
      -91.229681,
      43.84572
     ],
     [
      -91.22981,
      43.84524
     ],
     [
      -91.229437,
      43.845186
     ],
     [
      -91.229212,
      43.844808
     ],
     [
      -91.228737,
      43.842888
     ],
     [
      -91.228179,
      43.839406
     ],
     [
      -91.227947,
      43.836782
     ],
     [
      -91.229149,
      43.819406
     ],
     [
      -91.22896,
      43.815123
     ],
     [
      -91.228996,
      43.811729
     ],
     [
      -91.229457,
      43.796164
     ],
     [
      -91.230024,
      43.794965
     ],
     [
      -91.230651,
      43.794258
     ],
     [
      -91.230939,
      43.794041
     ],
     [
      -91.231864,
      43.793779
     ],
     [
      -91.240937,
      43.793735
     ],
     [
      -91.241438,
      43.793857
     ],
     [
      -91.244392,
      43.793868
     ]
    ]
   }
  },
  {
   "type": "Feature",
   "properties": {
    "company": "Green Bay, Winona and St. Paul Railroad",
    "line": "Green Bay, Winona and St. Paul: La Crosse Division",
    "id": "gbwsp-la-crosse-division",
    "color": "#4E5D94",
    "mode": "intercity_rail",
    "avg_speed_kmh": 35,
    "speed_source": "estimated; not computed from a real timetable (Rule 3)",
    "geometry_source": "OpenStreetMap via Overpass (mail.ru mirror, cached degree tiles) plus OpenHistoricalMap (CC0) for lifted grades, traced with opstrace.py: Dijkstra over all railway ways; the GB&W's own grade (members of the CN Whitehall Subdivision, Plover Subdivision, Luxemburg Branch and GB&W Waupaca Branch route relations, ways tagged old_railway_operator=Green Bay and Western / Ahnapee and Western, the Newton Blackmour, Tomorrow River and Ahnapee State Trails, and OHM ways labelled Green Bay and Western / Kewaunee, Green Bay and Western / Ahnapee and Western / Green Bay, Winona & St Paul) costed 1x for the GB&W's own track; for this C&NW trackage piece OHM/OSM ways of the Chicago and North Western (La Crosse, Trempealeau & Prescott) were costed 1x instead; untagged rail 1.25x, cycleways 3x, any other named operator 12x; waypoints from the research report's via lists, each geocode's type checked and the bad ones (Seymour, Royalton, Scranton, Dodge, Trempealeau, Kewaunee, Waupaca returned towns or counties) hand-pinned",
    "geometry_quality": "Traced except one connector: 28.4 mi against the documented about 28 mi (1878 timetable). About 22 mi, Marshland - Trempealeau - Midway - Onalaska (44.069, -91.547 to 43.88, -91.23), is the Chicago and North Western's (La Crosse, Trempealeau & Prescott) track, used by trackage rights - drawn on the C&NW grade (Great River State Trail and OHM C&NW ways), NOT GB&W rails. Onalaska - La Crosse (about 6.5 mi) is the GBW&StP's own track, abandoned 1922, from OHM's 'Green Bay, Winona & St Paul Railroad' ways; the La Crosse end is the south end of that OHM trace (43.794, -91.244). APPROXIMATED: a straight 0.49 mi connector at Marshland from the GB&W main line (44.0757, -91.5475) to the C&NW grade (44.0687, -91.5469) - the junction track there is not in OSM or OHM.",
    "segments": [
     {
      "start": 1881,
      "end": 1896,
      "headway_min": 720,
      "note": "[OPEN END] The May 2 1896 GBW&StP timetable lists a La Crosse Division with passenger trains. 1896 is the last CONFIRMED passenger year, not a known end - no source dates when service actually stopped. Through service from Green Bay was 'eventually discontinued' before the GB&W left La Crosse for good on 26 Oct 1922 (track abandonment, not a passenger date). Drawn in GBW&StP colour only, because no GB&W-era (post-June 1896) passenger year is proven. Do not extend without evidence. Headway is an estimate from the number of trains in the cited timetables, not a measured figure; avg_speed_kmh is NOT sourced.",
      "sources": [
       "Segment-level: the May 1896 timetable proves the 1896 end-year as last confirmed; the 1922 abandonment is greenbayroute's abandonments table. The real end year is NOT SOURCED. Headway estimated.",
       "https://greenbayroute.com/1886ett61.htm (GBW&StP timetable dated May 2 1896)",
       "https://blog.greenbayroute.com/lacrosse.htm",
       "https://blog.greenbayroute.com/abandonments.htm"
      ]
     }
    ]
   },
   "geometry": {
    "type": "LineString",
    "coordinates": [
     [
      -91.547519,
      44.075735
     ],
     [
      -91.546923,
      44.068668
     ],
     [
      -91.533922,
      44.064614
     ],
     [
      -91.531606,
      44.063822
     ],
     [
      -91.529588,
      44.062802
     ],
     [
      -91.528524,
      44.062091
     ],
     [
      -91.524862,
      44.059044
     ],
     [
      -91.521593,
      44.056641
     ],
     [
      -91.519128,
      44.054949
     ],
     [
      -91.511413,
      44.05029
     ],
     [
      -91.510367,
      44.049525
     ],
     [
      -91.50282,
      44.043013
     ],
     [
      -91.501587,
      44.042087
     ],
     [
      -91.499663,
      44.041133
     ],
     [
      -91.495404,
      44.040099
     ],
     [
      -91.493573,
      44.039414
     ],
     [
      -91.490771,
      44.038004
     ],
     [
      -91.482197,
      44.032257
     ],
     [
      -91.479078,
      44.030511
     ],
     [
      -91.475043,
      44.029195
     ],
     [
      -91.471419,
      44.028362
     ],
     [
      -91.468449,
      44.027852
     ],
     [
      -91.462602,
      44.027435
     ],
     [
      -91.460248,
      44.026898
     ],
     [
      -91.458474,
      44.026173
     ],
     [
      -91.447023,
      44.020786
     ],
     [
      -91.445173,
      44.019524
     ],
     [
      -91.435292,
      44.010348
     ],
     [
      -91.429688,
      44.005364
     ],
     [
      -91.428305,
      44.004356
     ],
     [
      -91.426849,
      44.003631
     ],
     [
      -91.424868,
      44.002932
     ],
     [
      -91.415398,
      44.001279
     ],
     [
      -91.412652,
      44.000473
     ],
     [
      -91.411475,
      43.999989
     ],
     [
      -91.405497,
      43.996899
     ],
     [
      -91.404134,
      43.996348
     ],
     [
      -91.39188,
      43.993096
     ],
     [
      -91.38155,
      43.988445
     ],
     [
      -91.376207,
      43.985045
     ],
     [
      -91.34475,
      43.963375
     ],
     [
      -91.34178,
      43.961492
     ],
     [
      -91.339874,
      43.960538
     ],
     [
      -91.335914,
      43.958803
     ],
     [
      -91.332104,
      43.958064
     ],
     [
      -91.325024,
      43.955589
     ],
     [
      -91.257402,
      43.927074
     ],
     [
      -91.255889,
      43.926254
     ],
     [
      -91.254656,
      43.925379
     ],
     [
      -91.253162,
      43.923778
     ],
     [
      -91.250846,
      43.919755
     ],
     [
      -91.249482,
      43.916579
     ],
     [
      -91.248044,
      43.913713
     ],
     [
      -91.247427,
      43.911856
     ],
     [
      -91.2464,
      43.905598
     ],
     [
      -91.246064,
      43.904508
     ],
     [
      -91.245503,
      43.903485
     ],
     [
      -91.244532,
      43.902166
     ],
     [
      -91.243392,
      43.900941
     ],
     [
      -91.242888,
      43.900147
     ],
     [
      -91.241543,
      43.89693
     ],
     [
      -91.240628,
      43.895436
     ],
     [
      -91.238237,
      43.888342
     ],
     [
      -91.237004,
      43.885891
     ],
     [
      -91.234351,
      43.88196
     ],
     [
      -91.234472,
      43.881937
     ],
     [
      -91.235086,
      43.881385
     ],
     [
      -91.231643,
      43.872927
     ],
     [
      -91.230404,
      43.869189
     ],
     [
      -91.230101,
      43.867099
     ],
     [
      -91.230188,
      43.848
     ],
     [
      -91.230043,
      43.847075
     ],
     [
      -91.229681,
      43.84572
     ],
     [
      -91.22981,
      43.84524
     ],
     [
      -91.229437,
      43.845186
     ],
     [
      -91.229212,
      43.844808
     ],
     [
      -91.228737,
      43.842888
     ],
     [
      -91.228179,
      43.839406
     ],
     [
      -91.227947,
      43.836782
     ],
     [
      -91.229149,
      43.819406
     ],
     [
      -91.22896,
      43.815123
     ],
     [
      -91.228996,
      43.811729
     ],
     [
      -91.229457,
      43.796164
     ],
     [
      -91.230024,
      43.794965
     ],
     [
      -91.230651,
      43.794258
     ],
     [
      -91.230939,
      43.794041
     ],
     [
      -91.231864,
      43.793779
     ],
     [
      -91.240937,
      43.793735
     ],
     [
      -91.241438,
      43.793857
     ],
     [
      -91.244392,
      43.793868
     ]
    ]
   }
  },
  {
   "type": "Feature",
   "properties": {
    "company": "Green Bay, Winona and St. Paul Railroad",
    "line": "Green Bay, Winona and St. Paul: Stevens Point Branch",
    "id": "gbwsp-stevens-point-branch",
    "color": "#4E5D94",
    "mode": "intercity_rail",
    "avg_speed_kmh": 35,
    "speed_source": "estimated; not computed from a real timetable (Rule 3)",
    "geometry_source": "OpenStreetMap via Overpass (mail.ru mirror, cached degree tiles) plus OpenHistoricalMap (CC0) for lifted grades, traced with opstrace.py: Dijkstra over all railway ways; the GB&W's own grade (members of the CN Whitehall Subdivision, Plover Subdivision, Luxemburg Branch and GB&W Waupaca Branch route relations, ways tagged old_railway_operator=Green Bay and Western / Ahnapee and Western, the Newton Blackmour, Tomorrow River and Ahnapee State Trails, and OHM ways labelled Green Bay and Western / Kewaunee, Green Bay and Western / Ahnapee and Western / Green Bay, Winona & St Paul) costed 1x, untagged rail 1.25x, cycleways 3x, any other named operator 12x; waypoints from the research report's via lists, each geocode's type checked and the bad ones (Seymour, Royalton, Scranton, Dodge, Trempealeau, Kewaunee, Waupaca returned towns or counties) hand-pinned",
    "geometry_quality": "Traced: 5.4 mi against the documented 6.0 mi (Fowler MP 81.4 Plover - 87.4 Stevens Point). OHM GB&W ways and the CN Plover Subdivision; the Stevens Point end is the north end of the OHM GB&W trace (44.5263, -89.5914). The trace leaves the main line about 230 m from where it snapped, joined by a straight connector under 300 m. No straight-line leg longer than 300 m. Follows the surviving alignment, which may be LATER than the 1880s line in short stretches.",
    "segments": [
     {
      "start": 1882,
      "end": 1896,
      "headway_min": 1440,
      "note": "[OPEN END] Built by the Green Bay, Stevens Point and Northern (incorporated 6 Aug 1881); regular service began the following January, and the branch was leased to the GBW&StP in Aug 1882 - drawn in GBW&StP colour throughout because the GBSP&N's few months as a possible operator are not established. The May 1896 timetable shows a Stevens Point Division with passenger trains. 1896 is the last CONFIRMED passenger year, not a known end; the May 1944 employee timetable shows the branch freight only, so service ended somewhere between 1896 and 1944. Do not extend without evidence. Headway is an estimate from the number of trains in the cited timetables, not a measured figure; avg_speed_kmh is NOT sourced.",
      "sources": [
       "Segment-level: greenbayroute's chronology (Jan 1882 start, Aug 1882 lease) and the May 1896 timetable (last confirmed year). The real end year is NOT SOURCED. Headway estimated.",
       "https://greenbayroute.com/railroads.htm (corporate and construction chronology)",
       "https://greenbayroute.com/1886ett61.htm (GBW&StP timetable dated May 2 1896)",
       "https://greenbayroute.com/1944ett.htm (May 14 1944 employee timetable)",
       "https://mail.pchswi.org/archives/rrhist/rrmemplover.html"
      ]
     }
    ]
   },
   "geometry": {
    "type": "LineString",
    "coordinates": [
     [
      -89.551027,
      44.457236
     ],
     [
      -89.549204,
      44.458861
     ],
     [
      -89.548944,
      44.459807
     ],
     [
      -89.548977,
      44.469086
     ],
     [
      -89.54953,
      44.470676
     ],
     [
      -89.554058,
      44.478885
     ],
     [
      -89.555587,
      44.480417
     ],
     [
      -89.562699,
      44.4851
     ],
     [
      -89.566236,
      44.488095
     ],
     [
      -89.566746,
      44.488661
     ],
     [
      -89.567171,
      44.489307
     ],
     [
      -89.576896,
      44.510219
     ],
     [
      -89.582545,
      44.516548
     ],
     [
      -89.583989,
      44.519546
     ],
     [
      -89.584852,
      44.520677
     ],
     [
      -89.587684,
      44.522837
     ],
     [
      -89.589439,
      44.525294
     ],
     [
      -89.590411,
      44.525953
     ],
     [
      -89.591391,
      44.526346
     ]
    ]
   }
  },
  {
   "type": "Feature",
   "properties": {
    "company": "Kewaunee, Green Bay and Western Railroad",
    "line": "Kewaunee, Green Bay and Western: Green Bay – Kewaunee",
    "id": "kgbw-green-bay-kewaunee",
    "color": "#6B8E23",
    "mode": "intercity_rail",
    "avg_speed_kmh": 35,
    "speed_source": "estimated; not computed from a real timetable (Rule 3)",
    "geometry_source": "OpenStreetMap via Overpass (mail.ru mirror, cached degree tiles) plus OpenHistoricalMap (CC0) for lifted grades, traced with opstrace.py: Dijkstra over all railway ways; the GB&W's own grade (members of the CN Whitehall Subdivision, Plover Subdivision, Luxemburg Branch and GB&W Waupaca Branch route relations, ways tagged old_railway_operator=Green Bay and Western / Ahnapee and Western, the Newton Blackmour, Tomorrow River and Ahnapee State Trails, and OHM ways labelled Green Bay and Western / Kewaunee, Green Bay and Western / Ahnapee and Western / Green Bay, Winona & St Paul) costed 1x, untagged rail 1.25x, cycleways 3x, any other named operator 12x; waypoints from the research report's via lists, each geocode's type checked and the bad ones (Seymour, Royalton, Scranton, Dodge, Trempealeau, Kewaunee, Waupaca returned towns or counties) hand-pinned",
    "geometry_quality": "Traced: 34.6 mi against the documented 35.6-36.7 mi (abandonment table MP 35.60; Fowler 36.7). From the GB&W's Green Bay stub terminal (44.510, -88.025) across the Fox River and east through Green Bay on present-day track (1.4 mi untagged), then the CN Luxemburg Branch (ex-KGB&W, still operated) and OHM KGB&W ways Luxemburg - Casco Junction - Kewaunee (lifted 1998), ending at the east end of the OHM trace by the car-ferry slips (44.4607, -87.4993). No straight-line leg longer than 300 m. The Green Bay river crossing and street-side track follow today's layout and may be a LATER alignment.",
    "segments": [
     {
      "start": 1892,
      "end": 1897,
      "headway_min": 720,
      "note": "Track reached Kewaunee in Oct 1891 and the line opened in Nov 1891; car-ferry service began Jan 1892, and 1892 is drawn as the first full year. Drawn as the Kewaunee, Green Bay and Western, the separate corporation that built it, but WHO RAN THE TRAINS in 1892-1897 is NOT established: Wikipedia says the GB&W was formed in 1896 from the bankruptcies of both the GBW&StP and the KGB&W, while greenbayroute dates GB&W control of the KGB&W to 28 Jun 1897. The GBW&StP may have operated it. Recorded in metadata.not_yet_sourced. Headway is an estimate from the number of trains in the cited timetables, not a measured figure; avg_speed_kmh is NOT sourced.",
      "sources": [
       "Segment-level: opening dates from greenbayroute's chronology and Wikipedia; the operator for these years is NOT SOURCED. Headway estimated.",
       "https://greenbayroute.com/railroads.htm (corporate and construction chronology)",
       "https://en.wikipedia.org/wiki/Kewaunee,_Green_Bay_and_Western_Railroad"
      ]
     }
    ]
   },
   "geometry": {
    "type": "LineString",
    "coordinates": [
     [
      -88.024638,
      44.509976
     ],
     [
      -88.019556,
      44.517805
     ],
     [
      -88.013651,
      44.522532
     ],
     [
      -88.012981,
      44.523935
     ],
     [
      -88.01273,
      44.5254
     ],
     [
      -88.011756,
      44.524897
     ],
     [
      -88.003794,
      44.52224
     ],
     [
      -87.989003,
      44.516911
     ],
     [
      -87.98769,
      44.516129
     ],
     [
      -87.982812,
      44.511734
     ],
     [
      -87.981288,
      44.510632
     ],
     [
      -87.979438,
      44.509747
     ],
     [
      -87.970756,
      44.506714
     ],
     [
      -87.969312,
      44.506482
     ],
     [
      -87.968098,
      44.506462
     ],
     [
      -87.963293,
      44.507098
     ],
     [
      -87.95721,
      44.507075
     ],
     [
      -87.955853,
      44.506956
     ],
     [
      -87.946128,
      44.504904
     ],
     [
      -87.944435,
      44.504433
     ],
     [
      -87.940151,
      44.503018
     ],
     [
      -87.93508,
      44.500839
     ],
     [
      -87.934041,
      44.500574
     ],
     [
      -87.932836,
      44.500482
     ],
     [
      -87.931262,
      44.500634
     ],
     [
      -87.928207,
      44.501168
     ],
     [
      -87.923167,
      44.502205
     ],
     [
      -87.921796,
      44.502739
     ],
     [
      -87.920504,
      44.503452
     ],
     [
      -87.916114,
      44.506555
     ],
     [
      -87.914993,
      44.507218
     ],
     [
      -87.913299,
      44.507742
     ],
     [
      -87.911571,
      44.507825
     ],
     [
      -87.910133,
      44.507595
     ],
     [
      -87.904211,
      44.505597
     ],
     [
      -87.90182,
      44.505322
     ],
     [
      -87.900736,
      44.50508
     ],
     [
      -87.899346,
      44.504347
     ],
     [
      -87.89741,
      44.502165
     ],
     [
      -87.896379,
      44.501569
     ],
     [
      -87.894546,
      44.501019
     ],
     [
      -87.893365,
      44.500926
     ],
     [
      -87.892386,
      44.501005
     ],
     [
      -87.890545,
      44.501516
     ],
     [
      -87.826575,
      44.529061
     ],
     [
      -87.822774,
      44.530638
     ],
     [
      -87.821201,
      44.531073
     ],
     [
      -87.777367,
      44.535844
     ],
     [
      -87.774555,
      44.53585
     ],
     [
      -87.763967,
      44.535167
     ],
     [
      -87.761011,
      44.535172
     ],
     [
      -87.724652,
      44.538382
     ],
     [
      -87.722587,
      44.538461
     ],
     [
      -87.704959,
      44.538234
     ],
     [
      -87.703678,
      44.53829
     ],
     [
      -87.701223,
      44.538869
     ],
     [
      -87.699857,
      44.539576
     ],
     [
      -87.699296,
      44.540005
     ],
     [
      -87.690807,
      44.549011
     ],
     [
      -87.685766,
      44.553426
     ],
     [
      -87.684172,
      44.554341
     ],
     [
      -87.682953,
      44.554805
     ],
     [
      -87.680798,
      44.555222
     ],
     [
      -87.678595,
      44.555251
     ],
     [
      -87.676359,
      44.554874
     ],
     [
      -87.675082,
      44.554428
     ],
     [
      -87.673293,
      44.553432
     ],
     [
      -87.672456,
      44.552736
     ],
     [
      -87.649746,
      44.529891
     ],
     [
      -87.648502,
      44.528431
     ],
     [
      -87.645526,
      44.523822
     ],
     [
      -87.644469,
      44.522535
     ],
     [
      -87.643192,
      44.52144
     ],
     [
      -87.641688,
      44.520471
     ],
     [
      -87.63929,
      44.519428
     ],
     [
      -87.624199,
      44.515526
     ],
     [
      -87.621727,
      44.515161
     ],
     [
      -87.618946,
      44.515265
     ],
     [
      -87.609408,
      44.517144
     ],
     [
      -87.607368,
      44.517787
     ],
     [
      -87.606359,
      44.518408
     ],
     [
      -87.605888,
      44.5189
     ],
     [
      -87.601627,
      44.524953
     ],
     [
      -87.600814,
      44.525619
     ],
     [
      -87.599724,
      44.526193
     ],
     [
      -87.597741,
      44.526732
     ],
     [
      -87.595553,
      44.526761
     ],
     [
      -87.5947,
      44.526616
     ],
     [
      -87.593171,
      44.526129
     ],
     [
      -87.59235,
      44.525695
     ],
     [
      -87.591585,
      44.525074
     ],
     [
      -87.590902,
      44.524286
     ],
     [
      -87.581812,
      44.511578
     ],
     [
      -87.580348,
      44.510198
     ],
     [
      -87.575998,
      44.506823
     ],
     [
      -87.575372,
      44.50611
     ],
     [
      -87.574966,
      44.505147
     ],
     [
      -87.574933,
      44.504608
     ],
     [
      -87.575218,
      44.503697
     ],
     [
      -87.575974,
      44.502329
     ],
     [
      -87.576072,
      44.50107
     ],
     [
      -87.572933,
      44.493467
     ],
     [
      -87.572153,
      44.492197
     ],
     [
      -87.565404,
      44.484639
     ],
     [
      -87.564583,
      44.483426
     ],
     [
      -87.564078,
      44.482051
     ],
     [
      -87.563672,
      44.479725
     ],
     [
      -87.561094,
      44.474683
     ],
     [
      -87.555476,
      44.464158
     ],
     [
      -87.554411,
      44.462933
     ],
     [
      -87.553516,
      44.462301
     ],
     [
      -87.552297,
      44.461709
     ],
     [
      -87.551199,
      44.461361
     ],
     [
      -87.549882,
      44.461146
     ],
     [
      -87.548467,
      44.461082
     ],
     [
      -87.540783,
      44.461477
     ],
     [
      -87.538645,
      44.4619
     ],
     [
      -87.536693,
      44.462579
     ],
     [
      -87.534726,
      44.463728
     ],
     [
      -87.533457,
      44.464796
     ],
     [
      -87.524416,
      44.476499
     ],
     [
      -87.523554,
      44.477224
     ],
     [
      -87.523099,
      44.477451
     ],
     [
      -87.521928,
      44.477799
     ],
     [
      -87.520887,
      44.477845
     ],
     [
      -87.519627,
      44.477607
     ],
     [
      -87.518529,
      44.47705
     ],
     [
      -87.517293,
      44.47542
     ],
     [
      -87.51626,
      44.474753
     ],
     [
      -87.500974,
      44.468869
     ],
     [
      -87.498291,
      44.467785
     ],
     [
      -87.497429,
      44.467245
     ],
     [
      -87.496714,
      44.466363
     ],
     [
      -87.496421,
      44.465289
     ],
     [
      -87.496714,
      44.464715
     ],
     [
      -87.497623,
      44.463707
     ],
     [
      -87.499267,
      44.460693
     ]
    ]
   }
  },
  {
   "type": "Feature",
   "properties": {
    "company": "Green Bay and Western Railroad",
    "line": "Green Bay and Western: Kewaunee Division",
    "id": "gbw-kewaunee-division",
    "color": "#2E7D5B",
    "mode": "intercity_rail",
    "avg_speed_kmh": 35,
    "speed_source": "estimated; not computed from a real timetable (Rule 3)",
    "geometry_source": "OpenStreetMap via Overpass (mail.ru mirror, cached degree tiles) plus OpenHistoricalMap (CC0) for lifted grades, traced with opstrace.py: Dijkstra over all railway ways; the GB&W's own grade (members of the CN Whitehall Subdivision, Plover Subdivision, Luxemburg Branch and GB&W Waupaca Branch route relations, ways tagged old_railway_operator=Green Bay and Western / Ahnapee and Western, the Newton Blackmour, Tomorrow River and Ahnapee State Trails, and OHM ways labelled Green Bay and Western / Kewaunee, Green Bay and Western / Ahnapee and Western / Green Bay, Winona & St Paul) costed 1x, untagged rail 1.25x, cycleways 3x, any other named operator 12x; waypoints from the research report's via lists, each geocode's type checked and the bad ones (Seymour, Royalton, Scranton, Dodge, Trempealeau, Kewaunee, Waupaca returned towns or counties) hand-pinned",
    "geometry_quality": "Traced: 34.6 mi against the documented 35.6-36.7 mi (abandonment table MP 35.60; Fowler 36.7). From the GB&W's Green Bay stub terminal (44.510, -88.025) across the Fox River and east through Green Bay on present-day track (1.4 mi untagged), then the CN Luxemburg Branch (ex-KGB&W, still operated) and OHM KGB&W ways Luxemburg - Casco Junction - Kewaunee (lifted 1998), ending at the east end of the OHM trace by the car-ferry slips (44.4607, -87.4993). No straight-line leg longer than 300 m. The Green Bay river crossing and street-side track follow today's layout and may be a LATER alignment.",
    "segments": [
     {
      "start": 1897,
      "end": 1937,
      "headway_min": 720,
      "note": "GB&W control from 28 Jun 1897; run as the GB&W's Kewaunee Division (so named in the 1944 and 1948 employee timetables) under the 'Green Bay & Western Lines' banner, although the KGB&W stayed a separate corporation until 1969. 'Passenger service ended on the Kewaunee division in 1937' (greenbayroute). An unverified web summary claims 1941; the Wikipedia article it was attributed to says no such thing, so 1941 is not drawn. The 1948 ETT has no passenger or mixed trains here and the Feb 1952 Guide prints the KGB&W as 'Freight Service only'. Freight continued; Luxemburg - Kewaunee abandoned 1998. Headway is an estimate from the number of trains in the cited timetables, not a measured figure; avg_speed_kmh is NOT sourced.",
      "sources": [
       "Segment-level: greenbayroute's passes page for the 1937 end; the 1897 control date is greenbayroute's chronology. Headway estimated.",
       "https://blog.greenbayroute.com/passes.htm",
       "https://greenbayroute.com/railroads.htm (corporate and construction chronology)",
       "https://blog.greenbayroute.com/1948ett.htm (1948 employee timetable; 'Passenger service ended on April 4, 1949')",
       "Official Guide of the Railways, Feb 1952 (research/sources/official_guide_1952.txt ~line 54031-54112): GB&W and KGB&W both '(Freight Service only.)'"
      ]
     }
    ]
   },
   "geometry": {
    "type": "LineString",
    "coordinates": [
     [
      -88.024638,
      44.509976
     ],
     [
      -88.019556,
      44.517805
     ],
     [
      -88.013651,
      44.522532
     ],
     [
      -88.012981,
      44.523935
     ],
     [
      -88.01273,
      44.5254
     ],
     [
      -88.011756,
      44.524897
     ],
     [
      -88.003794,
      44.52224
     ],
     [
      -87.989003,
      44.516911
     ],
     [
      -87.98769,
      44.516129
     ],
     [
      -87.982812,
      44.511734
     ],
     [
      -87.981288,
      44.510632
     ],
     [
      -87.979438,
      44.509747
     ],
     [
      -87.970756,
      44.506714
     ],
     [
      -87.969312,
      44.506482
     ],
     [
      -87.968098,
      44.506462
     ],
     [
      -87.963293,
      44.507098
     ],
     [
      -87.95721,
      44.507075
     ],
     [
      -87.955853,
      44.506956
     ],
     [
      -87.946128,
      44.504904
     ],
     [
      -87.944435,
      44.504433
     ],
     [
      -87.940151,
      44.503018
     ],
     [
      -87.93508,
      44.500839
     ],
     [
      -87.934041,
      44.500574
     ],
     [
      -87.932836,
      44.500482
     ],
     [
      -87.931262,
      44.500634
     ],
     [
      -87.928207,
      44.501168
     ],
     [
      -87.923167,
      44.502205
     ],
     [
      -87.921796,
      44.502739
     ],
     [
      -87.920504,
      44.503452
     ],
     [
      -87.916114,
      44.506555
     ],
     [
      -87.914993,
      44.507218
     ],
     [
      -87.913299,
      44.507742
     ],
     [
      -87.911571,
      44.507825
     ],
     [
      -87.910133,
      44.507595
     ],
     [
      -87.904211,
      44.505597
     ],
     [
      -87.90182,
      44.505322
     ],
     [
      -87.900736,
      44.50508
     ],
     [
      -87.899346,
      44.504347
     ],
     [
      -87.89741,
      44.502165
     ],
     [
      -87.896379,
      44.501569
     ],
     [
      -87.894546,
      44.501019
     ],
     [
      -87.893365,
      44.500926
     ],
     [
      -87.892386,
      44.501005
     ],
     [
      -87.890545,
      44.501516
     ],
     [
      -87.826575,
      44.529061
     ],
     [
      -87.822774,
      44.530638
     ],
     [
      -87.821201,
      44.531073
     ],
     [
      -87.777367,
      44.535844
     ],
     [
      -87.774555,
      44.53585
     ],
     [
      -87.763967,
      44.535167
     ],
     [
      -87.761011,
      44.535172
     ],
     [
      -87.724652,
      44.538382
     ],
     [
      -87.722587,
      44.538461
     ],
     [
      -87.704959,
      44.538234
     ],
     [
      -87.703678,
      44.53829
     ],
     [
      -87.701223,
      44.538869
     ],
     [
      -87.699857,
      44.539576
     ],
     [
      -87.699296,
      44.540005
     ],
     [
      -87.690807,
      44.549011
     ],
     [
      -87.685766,
      44.553426
     ],
     [
      -87.684172,
      44.554341
     ],
     [
      -87.682953,
      44.554805
     ],
     [
      -87.680798,
      44.555222
     ],
     [
      -87.678595,
      44.555251
     ],
     [
      -87.676359,
      44.554874
     ],
     [
      -87.675082,
      44.554428
     ],
     [
      -87.673293,
      44.553432
     ],
     [
      -87.672456,
      44.552736
     ],
     [
      -87.649746,
      44.529891
     ],
     [
      -87.648502,
      44.528431
     ],
     [
      -87.645526,
      44.523822
     ],
     [
      -87.644469,
      44.522535
     ],
     [
      -87.643192,
      44.52144
     ],
     [
      -87.641688,
      44.520471
     ],
     [
      -87.63929,
      44.519428
     ],
     [
      -87.624199,
      44.515526
     ],
     [
      -87.621727,
      44.515161
     ],
     [
      -87.618946,
      44.515265
     ],
     [
      -87.609408,
      44.517144
     ],
     [
      -87.607368,
      44.517787
     ],
     [
      -87.606359,
      44.518408
     ],
     [
      -87.605888,
      44.5189
     ],
     [
      -87.601627,
      44.524953
     ],
     [
      -87.600814,
      44.525619
     ],
     [
      -87.599724,
      44.526193
     ],
     [
      -87.597741,
      44.526732
     ],
     [
      -87.595553,
      44.526761
     ],
     [
      -87.5947,
      44.526616
     ],
     [
      -87.593171,
      44.526129
     ],
     [
      -87.59235,
      44.525695
     ],
     [
      -87.591585,
      44.525074
     ],
     [
      -87.590902,
      44.524286
     ],
     [
      -87.581812,
      44.511578
     ],
     [
      -87.580348,
      44.510198
     ],
     [
      -87.575998,
      44.506823
     ],
     [
      -87.575372,
      44.50611
     ],
     [
      -87.574966,
      44.505147
     ],
     [
      -87.574933,
      44.504608
     ],
     [
      -87.575218,
      44.503697
     ],
     [
      -87.575974,
      44.502329
     ],
     [
      -87.576072,
      44.50107
     ],
     [
      -87.572933,
      44.493467
     ],
     [
      -87.572153,
      44.492197
     ],
     [
      -87.565404,
      44.484639
     ],
     [
      -87.564583,
      44.483426
     ],
     [
      -87.564078,
      44.482051
     ],
     [
      -87.563672,
      44.479725
     ],
     [
      -87.561094,
      44.474683
     ],
     [
      -87.555476,
      44.464158
     ],
     [
      -87.554411,
      44.462933
     ],
     [
      -87.553516,
      44.462301
     ],
     [
      -87.552297,
      44.461709
     ],
     [
      -87.551199,
      44.461361
     ],
     [
      -87.549882,
      44.461146
     ],
     [
      -87.548467,
      44.461082
     ],
     [
      -87.540783,
      44.461477
     ],
     [
      -87.538645,
      44.4619
     ],
     [
      -87.536693,
      44.462579
     ],
     [
      -87.534726,
      44.463728
     ],
     [
      -87.533457,
      44.464796
     ],
     [
      -87.524416,
      44.476499
     ],
     [
      -87.523554,
      44.477224
     ],
     [
      -87.523099,
      44.477451
     ],
     [
      -87.521928,
      44.477799
     ],
     [
      -87.520887,
      44.477845
     ],
     [
      -87.519627,
      44.477607
     ],
     [
      -87.518529,
      44.47705
     ],
     [
      -87.517293,
      44.47542
     ],
     [
      -87.51626,
      44.474753
     ],
     [
      -87.500974,
      44.468869
     ],
     [
      -87.498291,
      44.467785
     ],
     [
      -87.497429,
      44.467245
     ],
     [
      -87.496714,
      44.466363
     ],
     [
      -87.496421,
      44.465289
     ],
     [
      -87.496714,
      44.464715
     ],
     [
      -87.497623,
      44.463707
     ],
     [
      -87.499267,
      44.460693
     ]
    ]
   }
  },
  {
   "type": "Feature",
   "properties": {
    "company": "Ahnapee and Western Railway",
    "line": "Ahnapee and Western: Casco Junction – Algoma",
    "id": "aw-casco-junction-algoma",
    "color": "#7A3E65",
    "mode": "intercity_rail",
    "avg_speed_kmh": 35,
    "speed_source": "estimated; not computed from a real timetable (Rule 3)",
    "geometry_source": "OpenStreetMap via Overpass (mail.ru mirror, cached degree tiles) plus OpenHistoricalMap (CC0) for lifted grades, traced with opstrace.py: Dijkstra over all railway ways; the GB&W's own grade (members of the CN Whitehall Subdivision, Plover Subdivision, Luxemburg Branch and GB&W Waupaca Branch route relations, ways tagged old_railway_operator=Green Bay and Western / Ahnapee and Western, the Newton Blackmour, Tomorrow River and Ahnapee State Trails, and OHM ways labelled Green Bay and Western / Kewaunee, Green Bay and Western / Ahnapee and Western / Green Bay, Winona & St Paul) costed 1x, untagged rail 1.25x, cycleways 3x, any other named operator 12x; waypoints from the research report's via lists, each geocode's type checked and the bad ones (Seymour, Royalton, Scranton, Dodge, Trempealeau, Kewaunee, Waupaca returned towns or counties) hand-pinned",
    "geometry_quality": "Traced: 13.1 mi against the documented 14.0 mi (Fowler MP 23.3 Casco Junction - 37.3 Algoma). The Ahnapee State Trail (tagged old_railway_operator Ahnapee and Western / Green Bay and Western) and OHM 'Ahnapee and Western Railway' ways; ends at the Algoma depot site (44.6087, -87.4336). Joined to the Kewaunee line at Casco Junction by a straight connector under 300 m. No straight-line leg longer than 300 m.",
    "segments": [
     {
      "start": 1892,
      "end": 1906,
      "headway_min": 1440,
      "note": "The Ahnapee and Western (independent) built Casco Junction - Algoma (then Ahnapee) in 1892; the abandonment table says 1891. Drawn from Casco Junction only: whether A&W trains ran through to Green Bay over the KGB&W in these years is not established (Fowler starts the A&W station list at Green Bay, but that reflects later through running). Ends 12 Nov 1906, when the GB&W bought 99% of the stock and began running the line as its Sturgeon Bay Division (separate GB&W feature). Headway is an estimate from the number of trains in the cited timetables, not a measured figure; avg_speed_kmh is NOT sourced.",
      "sources": [
       "Segment-level: Wikipedia and greenbayroute for the 1892 opening; the Door County Advocate (1976) and greenbayroute for the 1906 control date. Through running to Green Bay in 1892-1906 is NOT SOURCED. Headway estimated.",
       "https://en.wikipedia.org/wiki/Ahnapee_and_Western_Railway",
       "https://greenbayroute.com/railroads.htm (corporate and construction chronology)",
       "https://doorcounty.substack.com/p/after-stormy-start-railroad-served (Door County Advocate, Jun 10 1976: 'even limited passenger service was dropped in 1936')"
      ]
     }
    ]
   },
   "geometry": {
    "type": "LineString",
    "coordinates": [
     [
      -87.649746,
      44.529891
     ],
     [
      -87.646311,
      44.530596
     ],
     [
      -87.644065,
      44.531809
     ],
     [
      -87.643178,
      44.532568
     ],
     [
      -87.642666,
      44.533443
     ],
     [
      -87.641953,
      44.535973
     ],
     [
      -87.641249,
      44.537206
     ],
     [
      -87.635154,
      44.543953
     ],
     [
      -87.634751,
      44.544585
     ],
     [
      -87.6341,
      44.547019
     ],
     [
      -87.633693,
      44.547701
     ],
     [
      -87.632645,
      44.548805
     ],
     [
      -87.625762,
      44.553797
     ],
     [
      -87.624328,
      44.554661
     ],
     [
      -87.622026,
      44.5555
     ],
     [
      -87.614545,
      44.557257
     ],
     [
      -87.613072,
      44.557769
     ],
     [
      -87.610032,
      44.559373
     ],
     [
      -87.608805,
      44.56065
     ],
     [
      -87.607625,
      44.564477
     ],
     [
      -87.607156,
      44.565176
     ],
     [
      -87.6065,
      44.565676
     ],
     [
      -87.604978,
      44.566212
     ],
     [
      -87.588941,
      44.568055
     ],
     [
      -87.586858,
      44.568576
     ],
     [
      -87.585624,
      44.569175
     ],
     [
      -87.570547,
      44.579742
     ],
     [
      -87.56889,
      44.580657
     ],
     [
      -87.50932,
      44.604224
     ],
     [
      -87.477767,
      44.615879
     ],
     [
      -87.475672,
      44.61636
     ],
     [
      -87.464141,
      44.617735
     ],
     [
      -87.461609,
      44.617682
     ],
     [
      -87.452382,
      44.616024
     ],
     [
      -87.450342,
      44.615299
     ],
     [
      -87.447208,
      44.613575
     ],
     [
      -87.445693,
      44.612897
     ],
     [
      -87.443699,
      44.612253
     ],
     [
      -87.441072,
      44.611585
     ],
     [
      -87.437966,
      44.610699
     ],
     [
      -87.435804,
      44.60985
     ],
     [
      -87.433595,
      44.608654
     ]
    ]
   }
  },
  {
   "type": "Feature",
   "properties": {
    "company": "Ahnapee and Western Railway",
    "line": "Ahnapee and Western: Algoma – Sturgeon Bay",
    "id": "aw-algoma-sturgeon-bay",
    "color": "#7A3E65",
    "mode": "intercity_rail",
    "avg_speed_kmh": 35,
    "speed_source": "estimated; not computed from a real timetable (Rule 3)",
    "geometry_source": "OpenStreetMap via Overpass (mail.ru mirror, cached degree tiles) plus OpenHistoricalMap (CC0) for lifted grades, traced with opstrace.py: Dijkstra over all railway ways; the GB&W's own grade (members of the CN Whitehall Subdivision, Plover Subdivision, Luxemburg Branch and GB&W Waupaca Branch route relations, ways tagged old_railway_operator=Green Bay and Western / Ahnapee and Western, the Newton Blackmour, Tomorrow River and Ahnapee State Trails, and OHM ways labelled Green Bay and Western / Kewaunee, Green Bay and Western / Ahnapee and Western / Green Bay, Winona & St Paul) costed 1x, untagged rail 1.25x, cycleways 3x, any other named operator 12x; waypoints from the research report's via lists, each geocode's type checked and the bad ones (Seymour, Royalton, Scranton, Dodge, Trempealeau, Kewaunee, Waupaca returned towns or counties) hand-pinned",
    "geometry_quality": "Traced: 18.9 mi against the documented 20.0 mi (Fowler MP 37.3 Algoma - 57.3 Sturgeon Bay). The Ahnapee State Trail and OHM 'Ahnapee and Western Railway' ways; starts at the Algoma depot, where trains reversed, and ends at the south end of the OHM trace near Sturgeon Bay (44.8242, -87.3797), about 1 km short of the city centre. No straight-line leg longer than 300 m.",
    "segments": [
     {
      "start": 1894,
      "end": 1906,
      "headway_min": 1440,
      "note": "Algoma - Sturgeon Bay opened for 'regular train service' on 23 Jul 1894 under the independent Ahnapee and Western. Ends 12 Nov 1906 (GB&W control; see the GB&W Sturgeon Bay Division feature). Headway is an estimate from the number of trains in the cited timetables, not a measured figure; avg_speed_kmh is NOT sourced.",
      "sources": [
       "Segment-level: Wikipedia and greenbayroute for the 23 Jul 1894 opening and the 1906 control date. Headway estimated.",
       "https://en.wikipedia.org/wiki/Ahnapee_and_Western_Railway",
       "https://greenbayroute.com/railroads.htm (corporate and construction chronology)",
       "https://doorcounty.substack.com/p/after-stormy-start-railroad-served (Door County Advocate, Jun 10 1976: 'even limited passenger service was dropped in 1936')"
      ]
     }
    ]
   },
   "geometry": {
    "type": "LineString",
    "coordinates": [
     [
      -87.433595,
      44.608654
     ],
     [
      -87.435804,
      44.60985
     ],
     [
      -87.437966,
      44.610699
     ],
     [
      -87.443533,
      44.612272
     ],
     [
      -87.446563,
      44.61328
     ],
     [
      -87.45105,
      44.615618
     ],
     [
      -87.453154,
      44.616259
     ],
     [
      -87.454005,
      44.616803
     ],
     [
      -87.461516,
      44.628413
     ],
     [
      -87.465367,
      44.636547
     ],
     [
      -87.476848,
      44.655495
     ],
     [
      -87.477248,
      44.656635
     ],
     [
      -87.477433,
      44.657976
     ],
     [
      -87.476915,
      44.66324
     ],
     [
      -87.47694,
      44.664857
     ],
     [
      -87.477365,
      44.666317
     ],
     [
      -87.480952,
      44.675445
     ],
     [
      -87.482313,
      44.683564
     ],
     [
      -87.482745,
      44.684703
     ],
     [
      -87.483576,
      44.686048
     ],
     [
      -87.493676,
      44.699716
     ],
     [
      -87.494693,
      44.701516
     ],
     [
      -87.495383,
      44.703434
     ],
     [
      -87.500319,
      44.723967
     ],
     [
      -87.500504,
      44.725556
     ],
     [
      -87.500337,
      44.726857
     ],
     [
      -87.499943,
      44.727942
     ],
     [
      -87.499333,
      44.729006
     ],
     [
      -87.489338,
      44.741118
     ],
     [
      -87.487921,
      44.742733
     ],
     [
      -87.486959,
      44.743613
     ],
     [
      -87.484156,
      44.745622
     ],
     [
      -87.468362,
      44.753556
     ],
     [
      -87.465651,
      44.75437
     ],
     [
      -87.45422,
      44.757061
     ],
     [
      -87.451725,
      44.757897
     ],
     [
      -87.429338,
      44.769762
     ],
     [
      -87.39003,
      44.797212
     ],
     [
      -87.387103,
      44.798865
     ],
     [
      -87.38014,
      44.801886
     ],
     [
      -87.378198,
      44.803171
     ],
     [
      -87.376436,
      44.804942
     ],
     [
      -87.375283,
      44.806778
     ],
     [
      -87.3746,
      44.809074
     ],
     [
      -87.374568,
      44.810217
     ],
     [
      -87.374649,
      44.810978
     ],
     [
      -87.376707,
      44.818798
     ],
     [
      -87.377268,
      44.820467
     ],
     [
      -87.379696,
      44.824164
     ]
    ]
   }
  },
  {
   "type": "Feature",
   "properties": {
    "company": "Green Bay and Western Railroad",
    "line": "Green Bay and Western: Sturgeon Bay Division",
    "id": "gbw-sturgeon-bay-division",
    "color": "#2E7D5B",
    "mode": "intercity_rail",
    "avg_speed_kmh": 35,
    "speed_source": "estimated; not computed from a real timetable (Rule 3)",
    "geometry_source": "OpenStreetMap via Overpass (mail.ru mirror, cached degree tiles) plus OpenHistoricalMap (CC0) for lifted grades, traced with opstrace.py: Dijkstra over all railway ways; the GB&W's own grade (members of the CN Whitehall Subdivision, Plover Subdivision, Luxemburg Branch and GB&W Waupaca Branch route relations, ways tagged old_railway_operator=Green Bay and Western / Ahnapee and Western, the Newton Blackmour, Tomorrow River and Ahnapee State Trails, and OHM ways labelled Green Bay and Western / Kewaunee, Green Bay and Western / Ahnapee and Western / Green Bay, Winona & St Paul) costed 1x, untagged rail 1.25x, cycleways 3x, any other named operator 12x; waypoints from the research report's via lists, each geocode's type checked and the bad ones (Seymour, Royalton, Scranton, Dodge, Trempealeau, Kewaunee, Waupaca returned towns or counties) hand-pinned",
    "geometry_quality": "Traced: 29.8 mi against the documented 34.0 mi (Fowler MP 23.3 Casco Junction - 57.3 Sturgeon Bay). The Ahnapee State Trail and OHM 'Ahnapee and Western Railway' ways. Trains reversed at Algoma (Fowler: 'Algoma (reverse)'); to avoid drawing an out-and-back, this feature turns at the junction west of Algoma (44.6163, -87.4532) and omits the 0.6 mi stub into the Algoma depot, which the separate A&W feature draws. Joined to the Kewaunee line at Casco Junction by a straight connector under 300 m. No straight-line leg longer than 300 m.",
    "segments": [
     {
      "start": 1906,
      "end": 1936,
      "headway_min": 1440,
      "note": "GB&W control from 12 Nov 1906 (99% of the A&W stock) and run as the GB&W's Sturgeon Bay Division, named so in the 1944 employee timetable; the A&W company survived on paper. By the 1930s through mixed trains Sturgeon Bay - Green Bay took about four hours, and 'even limited passenger service was dropped in 1936' (Door County Advocate, 1976). Other web summaries say 1937 - a CONFLICT; the earlier year is drawn. The line was sold to Sturgeon Bay interests in 1947, freight only by then; the Feb 1952 Guide daggers Algoma and Sturgeon Bay as Ahnapee & Western freight-only stations. Freight continued and is not drawn. Headway is an estimate from the number of trains in the cited timetables, not a measured figure; avg_speed_kmh is NOT sourced.",
      "sources": [
       "Segment-level: the Door County Advocate (Jun 10 1976) for the 1936 end; greenbayroute and Wikipedia for the 1906 control. The 1936-vs-1937 conflict is recorded in metadata. Headway estimated.",
       "https://doorcounty.substack.com/p/after-stormy-start-railroad-served (Door County Advocate, Jun 10 1976: 'even limited passenger service was dropped in 1936')",
       "https://en.wikipedia.org/wiki/Ahnapee_and_Western_Railway",
       "https://greenbayroute.com/railroads.htm (corporate and construction chronology)",
       "https://greenbayroute.com/1944ett.htm (May 14 1944 employee timetable)",
       "Official Guide of the Railways, Feb 1952 (research/sources/official_guide_1952.txt ~line 54031-54112): GB&W and KGB&W both '(Freight Service only.)'"
      ]
     }
    ]
   },
   "geometry": {
    "type": "LineString",
    "coordinates": [
     [
      -87.649746,
      44.529891
     ],
     [
      -87.646311,
      44.530596
     ],
     [
      -87.644065,
      44.531809
     ],
     [
      -87.643178,
      44.532568
     ],
     [
      -87.642666,
      44.533443
     ],
     [
      -87.641953,
      44.535973
     ],
     [
      -87.641249,
      44.537206
     ],
     [
      -87.635154,
      44.543953
     ],
     [
      -87.634751,
      44.544585
     ],
     [
      -87.6341,
      44.547019
     ],
     [
      -87.633693,
      44.547701
     ],
     [
      -87.632645,
      44.548805
     ],
     [
      -87.625762,
      44.553797
     ],
     [
      -87.624328,
      44.554661
     ],
     [
      -87.622026,
      44.5555
     ],
     [
      -87.614545,
      44.557257
     ],
     [
      -87.613072,
      44.557769
     ],
     [
      -87.610032,
      44.559373
     ],
     [
      -87.608805,
      44.56065
     ],
     [
      -87.607625,
      44.564477
     ],
     [
      -87.607156,
      44.565176
     ],
     [
      -87.6065,
      44.565676
     ],
     [
      -87.604978,
      44.566212
     ],
     [
      -87.588941,
      44.568055
     ],
     [
      -87.586858,
      44.568576
     ],
     [
      -87.585624,
      44.569175
     ],
     [
      -87.570547,
      44.579742
     ],
     [
      -87.56889,
      44.580657
     ],
     [
      -87.50932,
      44.604224
     ],
     [
      -87.477767,
      44.615879
     ],
     [
      -87.475672,
      44.61636
     ],
     [
      -87.464141,
      44.617735
     ],
     [
      -87.461609,
      44.617682
     ],
     [
      -87.453154,
      44.616259
     ],
     [
      -87.454005,
      44.616803
     ],
     [
      -87.461516,
      44.628413
     ],
     [
      -87.465367,
      44.636547
     ],
     [
      -87.476848,
      44.655495
     ],
     [
      -87.477248,
      44.656635
     ],
     [
      -87.477433,
      44.657976
     ],
     [
      -87.476915,
      44.66324
     ],
     [
      -87.47694,
      44.664857
     ],
     [
      -87.477365,
      44.666317
     ],
     [
      -87.480952,
      44.675445
     ],
     [
      -87.482313,
      44.683564
     ],
     [
      -87.482745,
      44.684703
     ],
     [
      -87.483576,
      44.686048
     ],
     [
      -87.493676,
      44.699716
     ],
     [
      -87.494693,
      44.701516
     ],
     [
      -87.495383,
      44.703434
     ],
     [
      -87.500319,
      44.723967
     ],
     [
      -87.500504,
      44.725556
     ],
     [
      -87.500337,
      44.726857
     ],
     [
      -87.499943,
      44.727942
     ],
     [
      -87.499333,
      44.729006
     ],
     [
      -87.489338,
      44.741118
     ],
     [
      -87.487921,
      44.742733
     ],
     [
      -87.486959,
      44.743613
     ],
     [
      -87.484156,
      44.745622
     ],
     [
      -87.468362,
      44.753556
     ],
     [
      -87.465651,
      44.75437
     ],
     [
      -87.45422,
      44.757061
     ],
     [
      -87.451725,
      44.757897
     ],
     [
      -87.429338,
      44.769762
     ],
     [
      -87.39003,
      44.797212
     ],
     [
      -87.387103,
      44.798865
     ],
     [
      -87.38014,
      44.801886
     ],
     [
      -87.378198,
      44.803171
     ],
     [
      -87.376436,
      44.804942
     ],
     [
      -87.375283,
      44.806778
     ],
     [
      -87.3746,
      44.809074
     ],
     [
      -87.374568,
      44.810217
     ],
     [
      -87.374649,
      44.810978
     ],
     [
      -87.376707,
      44.818798
     ],
     [
      -87.377268,
      44.820467
     ],
     [
      -87.379696,
      44.824164
     ]
    ]
   }
  },
  {
   "type": "Feature",
   "properties": {
    "company": "Waupaca-Green Bay Railway",
    "line": "Waupaca-Green Bay Railway: Scandinavia – Waupaca",
    "id": "wgb-scandinavia-waupaca",
    "color": "#C0632B",
    "mode": "intercity_rail",
    "avg_speed_kmh": 30,
    "speed_source": "estimated; not computed from a real timetable (Rule 3)",
    "geometry_source": "OpenStreetMap via Overpass (mail.ru mirror, cached degree tiles) plus OpenHistoricalMap (CC0) for lifted grades, traced with opstrace.py: Dijkstra over all railway ways; the GB&W's own grade (members of the CN Whitehall Subdivision, Plover Subdivision, Luxemburg Branch and GB&W Waupaca Branch route relations, ways tagged old_railway_operator=Green Bay and Western / Ahnapee and Western, the Newton Blackmour, Tomorrow River and Ahnapee State Trails, and OHM ways labelled Green Bay and Western / Kewaunee, Green Bay and Western / Ahnapee and Western / Green Bay, Winona & St Paul) costed 1x, untagged rail 1.25x, cycleways 3x, any other named operator 12x; waypoints from the research report's via lists, each geocode's type checked and the bad ones (Seymour, Royalton, Scranton, Dodge, Trempealeau, Kewaunee, Waupaca returned towns or counties) hand-pinned",
    "geometry_quality": "Traced: 8.9 mi against the documented 9.7-9.8 mi (abandonment table MP 61.00 - 70.70). The OSM 'Waupaca Branch' abandoned-railway relation (old_railway_operator=GB&W, end_date 1947) plus 0.8 mi of OHM/untagged way at the Waupaca end. Joined to the main line at Scandinavia within 100 m. No straight-line leg longer than 300 m.",
    "segments": [
     {
      "start": 1920,
      "end": 1920,
      "headway_min": 1440,
      "note": "[ANCHOR] One proven year only: Fowler marks Knutsons, Rowes and Granite with 'b' = the 1920 Russell's Guide, the only dated passenger evidence for this branch. Service certainly ran wider both ways - the Waupaca-Green Bay Railway was incorporated 8 Jan 1907 and built '1907, 1913', and passenger traffic ceased 'some years' before the 1 Jul 1947 abandonment (the 1944 ETT shows it freight only) - but no other year is confirmed. Do not widen without evidence. The company was independent (local businessmen) until the GB&W took it over in 1922; the Waupaca depot was a former Lutheran church on Mill Street. Headway is an estimate from the number of trains in the cited timetables, not a measured figure; avg_speed_kmh is NOT sourced.",
      "sources": [
       "Segment-level: Fowler's 1920 Russell's Guide letter (section 133) is the only proven year; incorporation and abandonment dates from greenbayroute. Headway estimated.",
       "https://www.branchline.uk/jfpdf/wisconsinrrs.pdf (John Fowler, Wisconsin passenger stations: GB&W section 132, A&W 120, Scandinavia - Waupaca 133 'b: 1920RG', KGB&W 138)",
       "https://greenbayroute.com/1908waupaca.htm",
       "https://blog.greenbayroute.com/abandonments.htm"
      ]
     }
    ]
   },
   "geometry": {
    "type": "LineString",
    "coordinates": [
     [
      -89.143022,
      44.457407
     ],
     [
      -89.143906,
      44.456992
     ],
     [
      -89.142693,
      44.457398
     ],
     [
      -89.140272,
      44.458522
     ],
     [
      -89.138675,
      44.459011
     ],
     [
      -89.137459,
      44.459116
     ],
     [
      -89.133185,
      44.458885
     ],
     [
      -89.127681,
      44.458435
     ],
     [
      -89.123518,
      44.457409
     ],
     [
      -89.118111,
      44.455035
     ],
     [
      -89.114463,
      44.452063
     ],
     [
      -89.111008,
      44.447835
     ],
     [
      -89.100477,
      44.438841
     ],
     [
      -89.099522,
      44.436826
     ],
     [
      -89.097655,
      44.433869
     ],
     [
      -89.094743,
      44.42965
     ],
     [
      -89.091049,
      44.425058
     ],
     [
      -89.090206,
      44.424453
     ],
     [
      -89.086618,
      44.422924
     ],
     [
      -89.079186,
      44.418846
     ],
     [
      -89.076933,
      44.417834
     ],
     [
      -89.074895,
      44.416409
     ],
     [
      -89.074444,
      44.415091
     ],
     [
      -89.07365,
      44.413911
     ],
     [
      -89.070431,
      44.412209
     ],
     [
      -89.066655,
      44.409435
     ],
     [
      -89.064595,
      44.407258
     ],
     [
      -89.063544,
      44.404484
     ],
     [
      -89.06363,
      44.403027
     ],
     [
      -89.06481,
      44.401188
     ],
     [
      -89.066633,
      44.399839
     ],
     [
      -89.073307,
      44.392663
     ],
     [
      -89.074187,
      44.39113
     ],
     [
      -89.074616,
      44.389443
     ],
     [
      -89.078049,
      44.370104
     ],
     [
      -89.079358,
      44.364567
     ]
    ]
   }
  }
 ]
}