{"type": "FeatureCollection", "metadata": {"note": "Kokomo, Indiana had passenger trains for about 117 years, from 1854 to 1971, on three steam railroads. The first was the Peru and Indianapolis Railroad, which reached Kokomo in 1854 along Buckeye Street and made the town its terminus before pushing on to Peru and Michigan City; that line was the oldest trackage in what became the Nickel Plate system, joining the Lake Erie and Western in 1887 and the Nickel Plate in 1922. The Pennsylvania Railroad's route to Logansport opened on July 4 1855, celebrated locally under the name Cincinnati and Chicago Railroad. The third and, by contemporary accounts, the most important was the Clover Leaf, which began as the Frankfort and Kokomo Railroad of 1873-74 and gained its eastern connection at Kokomo on January 1 1881, growing into the Toledo, St. Louis and Kansas City and then the Toledo, St. Louis and Western before the Nickel Plate absorbed it too. Kokomo's Lake Erie and Western depot of 1916 survives and is on the National Register. Passenger service ended with the Pennsylvania Railroad depot going freight-only after April 30 1971 - the day before Amtrak began. A fourth passenger operator, the Indianapolis-Logansport/Peru interurban of the Indiana Union Traction Company and later the Indiana Railroad, ran through Kokomo from 1903 to 1938 but is not drawn here; see incomplete_coverage.", "sources": ["https://en.wikipedia.org/wiki/Kokomo,_Indiana (the first railroad reached Kokomo in 1854; the Peru and Indianapolis Railroad was under construction from 1852, its route laid along Buckeye Street, with Kokomo the terminus before the line was extended to Peru and Michigan City; the Pennsylvania Railroad announced a line through Kokomo and a line between Kokomo and Logansport was commenced by 1853, 'Railroad service was inaugurated on that line on July 4, 1855'; the Clover Leaf line began as the Frankfort and Kokomo Railroad, construction started 1873 and completed 1874, and 'A line connecting it to the east reached Kokomo on January 1, 1881', eventually part of the Toledo, St. Louis and Kansas City Railroad)", "https://en.wikipedia.org/wiki/Lake_Erie_and_Western_Railroad (the Peru & Indianapolis, incorporated in Indiana January 19 1846, was the first and oldest trackage on the Nickel Plate System; the Indianapolis to Michigan City line became part of the Lake Erie and Western on April 8 1887)", "https://www.american-rails.com/nickel.html (the Van Sweringens acquired the 718-mile Lake Erie & Western on April 26 1922, its branches connecting Michigan City with Indianapolis and Fort Wayne with Rushville/Connersville; the Toledo, St. Louis & Western - the Clover Leaf Route - was acquired in March 1922, 450 miles linking Toledo with East St. Louis; the Nickel Plate ran its last passenger trains, the City of Chicago and the City of Cleveland, on September 9 1965)", "https://www.nkphts.org/lakeeriewestern (Nickel Plate Road Historical & Technical Society, Lake Erie & Western)", "https://en.wikipedia.org/wiki/Lake_Erie_and_Western_Depot_Historic_District (the Lake Erie and Western depot at Kokomo, an American Craftsman passenger and freight depot of 1916, listed on the National Register in 2008)", "https://www.pharostribune.com/news/local_news/article_767e26e7-1928-50a0-af89-597e11bfe305.html (Logansport Pharos-Tribune, 175th Anniversary: the railroad opened to Kokomo was celebrated Sept 1855 and was referred to as the 'Cincinnati and Chicago Railroad'; the Pennsylvania Railroad acquired running rights in 1882 between Indianapolis and Kokomo over the line of the former Indianapolis, Peru & Chicago)"], "geometry_sources": ["OpenStreetMap railway ways (railway=rail/disused/abandoned/razed/dismantled) fetched by bounding box and assembled with a corridor-constrained shortest path: ways are kept only if they run within 6 km of a corridor through the documented towns, each graph edge is weighted by length times a penalty for straying from the corridor, ways tagged to a different historic operator are penalised eightfold, and straight connectors between fragments carry a flat sixfold penalty so they are used only where the mapped track genuinely does not join. No OSM route relation covers any of Kokomo's lines - the relations in the area (PRR Main Line Columbus-Chicago, NS Marion and Frankfort Districts, CSX Frankfort Secondary) all pass more than 20 km away."], "incomplete_coverage": "NOT DRAWN: (1) The Indianapolis-Logansport/Peru interurban, run by the Indiana Union Traction Company 1903-1930 and the Indiana Railroad 1930-1938, which reached Kokomo from Indianapolis via Carmel, Cicero, Arcadia, Atlanta, Tipton, Sharpsville and Fairfield. Its dates are well sourced - first southbound car through Carmel October 31 1903, regular Logansport-Kokomo schedule July 28 1904, Peru line opened August 14 1904, Logansport service discontinued September 15 1930, passenger service replaced by buses September 6 1938 - but OSM carries only a single way named 'Indiana Railroad Interurban' in the whole two-degree box, so there is nothing to trace. (2) The Lake Erie and Western south of Tipton to Indianapolis: 16 km of that corridor has no mapped track in OSM. (3) The Clover Leaf and Lake Erie and Western beyond Marion and Peru respectively, which are outside the Kokomo area this layer covers.", "not_yet_sourced": "The dates Kokomo's Nickel Plate lines actually lost their passenger trains. Both the Lake Erie and Western and the Clover Leaf features are drawn to 1965, the Nickel Plate's system-wide end of passenger service, because no source found gives a branch-specific discontinuance date; local service on these Indiana branches, which faced heavy interurban competition, very likely ended well before that, so 1965 should be read as an upper bound rather than a fact. One low-quality search result claimed Nickel Plate passenger service on the line ceased in 1932 under interurban competition, but that claim does not appear in the American-Rails history and is recorded here rather than adopted. Also unsourced: the corporate succession of the Kokomo-Logansport line between the Cincinnati and Chicago Railroad of 1855 and the Pennsylvania Railroad - the 1882 split used here is the year the PRR is documented to have taken running rights in the Kokomo area, not a documented change of ownership on this line; and all headways.", "pulled": "2026-08-26, at the user's request after asking whether Kokomo, Indiana had passenger rail.", "rule4_audit": "2026-08-27: prr-kokomo-logansport ran a single segment from 1882 to 1971 under the Pennsylvania Railroad's name and colour, quietly spanning the 1 February 1968 Penn Central merger. Split at 1968 into two features on identical geometry, the later one recoloured to Penn Central's #1A1A1A. Found while adding kokomo_connections.geojson, which draws the Logansport-Chicago line these trains connected to and which splits at the same date.", "now_connected": "2026-08-27: the three corridors in this file are no longer isolated. kokomo_connections.geojson adds Indianapolis-Tipton and Peru-Michigan City (completing the Lake Erie and Western's Indianapolis Division), Marion-Toledo (the Clover Leaf's eastern end) and Logansport-Chicago (the Pennsylvania's Columbus-to-Chicago main line). The Clover Leaf west of Frankfort to East St. Louis is still missing; see that file's still_not_connected field."}, "features": [{"type": "Feature", "properties": {"company": "Peru and Indianapolis Railroad", "line": "Peru and Indianapolis: Tipton \u2013 Peru (via Kokomo)", "id": "pi-tipton-kokomo-peru", "color": "#2b9348", "mode": "intercity_rail", "avg_speed_kmh": 40, "speed_source": "estimated: an 1850s Indiana line; unsourced", "geometry_quality": "Corridor-constrained trace over OpenStreetMap railway ways (rail/disused/abandoned/razed) within 6 km of a Tipton - Kokomo - Peru corridor, Dijkstra-weighted to hug the corridor and to avoid ways tagged to another company. 611 points, 35.1 mi. Composition: every tagged way used carries old_railway_operator=NKP. Approximations: six straight bridges totalling about 2.0 km across unmapped fragments, the largest 1.9 km; the two halves are butt-joined at Kokomo with a 0 m gap. Snaps 367 m at Tipton and 523 m at Peru. Indianapolis - Tipton is NOT drawn: a 16 km stretch of that corridor has no mapped track in OSM at all and the trace could not be completed honestly. Straight-line repair 2026-08-29: 1 ruled segment totalling 10 mi replaced with OpenStreetMap-traced rail geometry (see geometry_repairs for the OSM lines each one followed).", "segments": [{"start": 1854, "end": 1887, "headway_min": 720, "note": "The first railroad into Kokomo. Under construction from 1852 and reaching the town in 1854, its route laid along Buckeye Street, Kokomo served as the terminus before the line was pushed on to Peru and Michigan City. Incorporated January 19 1846, this was the oldest trackage in what became the Nickel Plate system; frequency estimated, unsourced", "sources": ["https://en.wikipedia.org/wiki/Kokomo,_Indiana (the first railroad reached Kokomo in 1854; the Peru and Indianapolis Railroad was under construction from 1852, its route laid along Buckeye Street, with Kokomo the terminus before the line was extended to Peru and Michigan City; the Pennsylvania Railroad announced a line through Kokomo and a line between Kokomo and Logansport was commenced by 1853, 'Railroad service was inaugurated on that line on July 4, 1855'; the Clover Leaf line began as the Frankfort and Kokomo Railroad, construction started 1873 and completed 1874, and 'A line connecting it to the east reached Kokomo on January 1, 1881', eventually part of the Toledo, St. Louis and Kansas City Railroad)", "https://en.wikipedia.org/wiki/Lake_Erie_and_Western_Railroad (the Peru & Indianapolis, incorporated in Indiana January 19 1846, was the first and oldest trackage on the Nickel Plate System; the Indianapolis to Michigan City line became part of the Lake Erie and Western on April 8 1887)", "https://www.american-rails.com/nickel.html (the Van Sweringens acquired the 718-mile Lake Erie & Western on April 26 1922, its branches connecting Michigan City with Indianapolis and Fort Wayne with Rushville/Connersville; the Toledo, St. Louis & Western - the Clover Leaf Route - was acquired in March 1922, 450 miles linking Toledo with East St. Louis; the Nickel Plate ran its last passenger trains, the City of Chicago and the City of Cleveland, on September 9 1965)", "https://www.nkphts.org/lakeeriewestern (Nickel Plate Road Historical & Technical Society, Lake Erie & Western)", "https://en.wikipedia.org/wiki/Lake_Erie_and_Western_Depot_Historic_District (the Lake Erie and Western depot at Kokomo, an American Craftsman passenger and freight depot of 1916, listed on the National Register in 2008)", "https://www.pharostribune.com/news/local_news/article_767e26e7-1928-50a0-af89-597e11bfe305.html (Logansport Pharos-Tribune, 175th Anniversary: the railroad opened to Kokomo was celebrated Sept 1855 and was referred to as the 'Cincinnati and Chicago Railroad'; the Pennsylvania Railroad acquired running rights in 1882 between Indianapolis and Kokomo over the line of the former Indianapolis, Peru & Chicago)"]}], "geometry_repairs": [{"date": "2026-08-29", "from": [-86.0377391, 40.283555], "to": [-86.106261, 40.42542], "chord_mi": 10.44, "traced_mi": 10.45, "snap_m": [0, 0], "bridged_mi": 0.0, "osm_lines": ["NKP [disused] (10.04 mi)", "NKP [razed] (0.26 mi)", "NKP [abandoned] (0.15 mi)"], "method": "Overpass rail graph, 8.0 km corridor, Dijkstra, simplified to 3.0 m"}]}, "geometry": {"type": "LineString", "coordinates": [[-86.0377391, 40.283555], [-86.0513209, 40.3107706], [-86.053448, 40.315148], [-86.057399, 40.3229481], [-86.067645, 40.343618], [-86.0694382, 40.3471068], [-86.0811623, 40.3706419], [-86.081986, 40.372533], [-86.083765, 40.375752], [-86.0841473, 40.3766325], [-86.098555, 40.405663], [-86.106261, 40.42542], [-86.106819, 40.426856], [-86.108284, 40.430635], [-86.108515, 40.431238], [-86.109351, 40.433401], [-86.109421, 40.4335681], [-86.10952, 40.433843], [-86.109909, 40.434847], [-86.1099632, 40.4349898], [-86.11015, 40.435482], [-86.110902, 40.437428], [-86.11115, 40.438076], [-86.111371, 40.438645], [-86.111585, 40.439208], [-86.111918, 40.440071], [-86.112036, 40.440376], [-86.112196, 40.440795], [-86.112316, 40.441102], [-86.112814, 40.442396], [-86.11341, 40.44394], [-86.11372, 40.444749], [-86.113926, 40.445279], [-86.114122, 40.44579], [-86.114234, 40.44609], [-86.114472, 40.446697], [-86.114872, 40.447748], [-86.115015, 40.448104], [-86.115145, 40.448453], [-86.115413, 40.449139], [-86.115707, 40.449906], [-86.115905, 40.450417], [-86.116194, 40.45117], [-86.116277, 40.451376], [-86.1163059, 40.4514659], [-86.116454, 40.45184], [-86.116526, 40.452023], [-86.116641, 40.452318], [-86.116811, 40.45277], [-86.116882, 40.452943], [-86.117059, 40.453417], [-86.117134, 40.453605], [-86.11721, 40.453798], [-86.117594, 40.454805], [-86.117661, 40.454971], [-86.11773, 40.455159], [-86.1177597, 40.4552327], [-86.117797, 40.455331], [-86.117886, 40.455556], [-86.118072, 40.45604], [-86.118618, 40.457442], [-86.1187046, 40.4576371], [-86.118753, 40.457746], [-86.118881, 40.45802], [-86.119174, 40.458598], [-86.119299, 40.458821], [-86.1194147, 40.4590085], [-86.1196784, 40.4594359], [-86.119729, 40.459518], [-86.120192, 40.46021], [-86.120561, 40.460757], [-86.120643, 40.460876], [-86.1217218, 40.4624616], [-86.12271, 40.463916], [-86.122822, 40.464079], [-86.122993, 40.464337], [-86.123202, 40.464645], [-86.123987, 40.4658], [-86.124115, 40.465993], [-86.124626, 40.466743], [-86.124761, 40.466942], [-86.1249708, 40.4672551], [-86.1250147, 40.4673206], [-86.1250482, 40.4673662], [-86.125059, 40.467381], [-86.1256164, 40.4682069], [-86.12596, 40.468716], [-86.126155, 40.468996], [-86.126321, 40.469248], [-86.126489, 40.469493], [-86.1265391, 40.4695652], [-86.126548, 40.469578], [-86.126697, 40.469799], [-86.1271541, 40.4704737], [-86.127296, 40.470683], [-86.127408, 40.470851], [-86.127674, 40.471241], [-86.1278993, 40.4715725], [-86.127937, 40.471628], [-86.128155, 40.47195], [-86.128664, 40.472698], [-86.1296719, 40.4741886], [-86.1296958, 40.4742239], [-86.129826, 40.474416], [-86.129846, 40.474445], [-86.13, 40.474642], [-86.130223, 40.474993], [-86.130525, 40.475484], [-86.130689, 40.475761], [-86.1309725, 40.4762775], [-86.131149, 40.476635], [-86.131349, 40.477065], [-86.131453, 40.477303], [-86.131606, 40.477688], [-86.131695, 40.477933], [-86.131898, 40.478555], [-86.1319774, 40.4788492], [-86.131996, 40.478918], [-86.1320152, 40.4789896], [-86.132057, 40.479145], [-86.132111, 40.479378], [-86.13221, 40.479858], [-86.1322441, 40.4800602], [-86.132327, 40.480597], [-86.132371, 40.481002], [-86.132386, 40.481211], [-86.132407, 40.48166], [-86.132413, 40.48214], [-86.132414, 40.482583], [-86.1324365, 40.4842745], [-86.1324389, 40.4847216], [-86.1324416, 40.4849013], [-86.1324406, 40.4854617], [-86.1324399, 40.4855402], [-86.1324403, 40.4856063], [-86.1324464, 40.4860044], [-86.1324454, 40.486398], [-86.1324456, 40.4864783], [-86.132446, 40.4865645], [-86.132448, 40.4869381], [-86.1324468, 40.4873089], [-86.1324486, 40.4874022], [-86.1324498, 40.4874793], [-86.1324542, 40.4878924], [-86.1324563, 40.4882583], [-86.1324559, 40.488339], [-86.1324548, 40.4884259], [-86.1324579, 40.4888102], [-86.13246, 40.4891018], [-86.1324581, 40.4892055], [-86.1324606, 40.4892737], [-86.132462, 40.4893478], [-86.1324625, 40.4898232], [-86.1324604, 40.4898915], [-86.1324612, 40.4899546], [-86.132457, 40.490588], [-86.1324697, 40.4909065], [-86.1324689, 40.4909902], [-86.1324657, 40.491052], [-86.132448, 40.491396], [-86.1324324, 40.4917779], [-86.1324277, 40.4918405], [-86.1324228, 40.4919231], [-86.1324126, 40.4920415], [-86.1323922, 40.4922516], [-86.1323775, 40.4923811], [-86.1323657, 40.4924795], [-86.1323521, 40.4925835], [-86.1323404, 40.4926563], [-86.1323327, 40.4927058], [-86.1323245, 40.4927512], [-86.1322329, 40.4932918], [-86.1321701, 40.4936662], [-86.132022, 40.494538], [-86.1318849, 40.4953413], [-86.1318741, 40.4954036], [-86.1318566, 40.4955039], [-86.1318495, 40.4955459], [-86.1317741, 40.4959952], [-86.1317672, 40.4960342], [-86.1317233, 40.4962937], [-86.1316942, 40.4964649], [-86.1316599, 40.4966724], [-86.1316394, 40.496792], [-86.1316212, 40.4969037], [-86.1315722, 40.4971902], [-86.1314124, 40.4981644], [-86.1311463, 40.4997137], [-86.1308885, 40.5012561], [-86.1308357, 40.5015676], [-86.1308329, 40.5015841], [-86.130484, 40.5036379], [-86.1302435, 40.5051064], [-86.1302416, 40.5051191], [-86.130201, 40.5053368], [-86.130188, 40.5054062], [-86.130171, 40.50548], [-86.1297262, 40.5080915], [-86.1295804, 40.5089472], [-86.1295754, 40.5089854], [-86.1295633, 40.5090473], [-86.1295556, 40.5090948], [-86.1295395, 40.509195], [-86.1277207, 40.5199363], [-86.12677, 40.525472], [-86.1261857, 40.5289315], [-86.12601, 40.529971], [-86.1258733, 40.5307781], [-86.1257268, 40.5316425], [-86.1253614, 40.5337991], [-86.125357, 40.5338252], [-86.1253431, 40.533907], [-86.1251971, 40.5347689], [-86.1251714, 40.5349203], [-86.124917, 40.536411], [-86.1249044, 40.536482], [-86.1248504, 40.5367857], [-86.124842, 40.536833], [-86.124834, 40.536878], [-86.124814, 40.536991], [-86.124775, 40.537212], [-86.124705, 40.537678], [-86.1246601, 40.5379379], [-86.12447, 40.539039], [-86.124429, 40.539319], [-86.124406, 40.53945], [-86.124309, 40.539996], [-86.12421, 40.540567], [-86.1241183, 40.5411229], [-86.1240351, 40.5416271], [-86.1240242, 40.5416929], [-86.1238353, 40.5428087], [-86.1238039, 40.5429943], [-86.1233193, 40.5458562], [-86.1230317, 40.5475542], [-86.1229743, 40.5478932], [-86.122603, 40.550086], [-86.122483, 40.550665], [-86.1223837, 40.5510532], [-86.122272, 40.551434], [-86.122085, 40.551993], [-86.121932, 40.552389], [-86.121721, 40.552954], [-86.121491, 40.553669], [-86.121362, 40.55416], [-86.121283, 40.554512], [-86.121166, 40.555179], [-86.121111, 40.555551], [-86.121046, 40.556211], [-86.121027, 40.55655], [-86.121019, 40.557104], [-86.121023, 40.557393], [-86.121064, 40.558499], [-86.121086, 40.558921], [-86.121108, 40.559224], [-86.121151, 40.559931], [-86.121156, 40.559976], [-86.121184, 40.560516], [-86.121208, 40.561347], [-86.121218, 40.561708], [-86.121215, 40.562198], [-86.1211759, 40.5628816], [-86.1210909, 40.563586], [-86.120977, 40.564234], [-86.120887, 40.56466], [-86.120746, 40.565285], [-86.120403, 40.566535], [-86.120052, 40.567772], [-86.119697, 40.569054], [-86.119392, 40.570284], [-86.11935, 40.570428], [-86.1182848, 40.5744613], [-86.1172583, 40.5783609], [-86.117073, 40.5789968], [-86.1169639, 40.5794748], [-86.1164775, 40.5813216], [-86.1163926, 40.5816994], [-86.1163167, 40.5819957], [-86.116133, 40.5826567], [-86.1160745, 40.5828792], [-86.1160292, 40.5830292], [-86.1159664, 40.5831953], [-86.1154988, 40.5849552], [-86.11494, 40.587103], [-86.114765, 40.587791], [-86.114652, 40.588218], [-86.114335, 40.589463], [-86.1135907, 40.5922505], [-86.1133165, 40.5931857], [-86.111637, 40.599539], [-86.1097043, 40.606786], [-86.1091151, 40.6090429], [-86.1090303, 40.6093489], [-86.1088348, 40.6101793], [-86.1083358, 40.6120686], [-86.1077888, 40.6140613], [-86.107535, 40.6150255], [-86.1072769, 40.615994], [-86.1058485, 40.6213485], [-86.1020134, 40.6358319], [-86.1010694, 40.6393675], [-86.0998643, 40.6439252], [-86.0996202, 40.6448062], [-86.0994752, 40.6455023], [-86.0993933, 40.6459617], [-86.099357, 40.6461952], [-86.0993286, 40.6463824], [-86.0992839, 40.6467996], [-86.099248, 40.6472956], [-86.0992396, 40.6477715], [-86.0992431, 40.6481703], [-86.0992799, 40.6487952], [-86.0993372, 40.649375], [-86.0994393, 40.6500896], [-86.0996702, 40.6518584], [-86.099909, 40.6536876], [-86.1003889, 40.6573628], [-86.1005035, 40.658303], [-86.1006292, 40.659243], [-86.1006778, 40.6596059], [-86.1007929, 40.6605832], [-86.100916, 40.6614671], [-86.1012839, 40.6643203], [-86.1013099, 40.6646424], [-86.101337, 40.665241], [-86.1013416, 40.6655979], [-86.1013263, 40.6660364], [-86.101299, 40.666553], [-86.1012519, 40.667089], [-86.1012028, 40.6674669], [-86.1011317, 40.6678355], [-86.1010365, 40.6682302], [-86.1009619, 40.6686404], [-86.1008787, 40.6690107], [-86.100721, 40.6696083], [-86.100618, 40.6700981], [-86.1005447, 40.6707235], [-86.1005124, 40.671093], [-86.1005053, 40.6715354], [-86.100555, 40.672444], [-86.100738, 40.67325], [-86.1008774, 40.6738364], [-86.1009842, 40.6743785], [-86.1010738, 40.674892], [-86.1011491, 40.6754716], [-86.1012067, 40.6760657], [-86.1012266, 40.676603], [-86.1012358, 40.6781233], [-86.1012282, 40.6821786], [-86.10125, 40.682953], [-86.1012663, 40.6833107], [-86.101304, 40.6837888], [-86.1013672, 40.684258], [-86.1014741, 40.684867], [-86.1015638, 40.6852839], [-86.101707, 40.6858], [-86.1018883, 40.6863776], [-86.102083, 40.686896], [-86.1023129, 40.6875095], [-86.1024799, 40.6880421], [-86.1026403, 40.6886082], [-86.1027568, 40.6891492], [-86.1028577, 40.6897596], [-86.1029344, 40.6904272], [-86.102984, 40.691046], [-86.1030008, 40.691444], [-86.1029904, 40.6919102], [-86.1029701, 40.6925832], [-86.1028995, 40.6942391], [-86.1028286, 40.6958962], [-86.1027838, 40.6969226], [-86.1027504, 40.697745], [-86.1027299, 40.6982014], [-86.1027437, 40.6985831], [-86.1027895, 40.6990183], [-86.1028897, 40.6994111], [-86.1030342, 40.6998545], [-86.1032127, 40.7002605], [-86.1037468, 40.70117], [-86.1039157, 40.7015207], [-86.1040568, 40.7019173], [-86.1041441, 40.7022807], [-86.1041685, 40.7026418], [-86.1041698, 40.7033411], [-86.1041294, 40.7036968], [-86.1040285, 40.7041024], [-86.1038952, 40.704478], [-86.1037058, 40.7048647], [-86.1034608, 40.705327], [-86.1031708, 40.7058403], [-86.1028798, 40.7064039], [-86.1027677, 40.7066602], [-86.1026173, 40.7070796], [-86.1023426, 40.707956], [-86.102253, 40.708211], [-86.1021253, 40.7085375], [-86.1020806, 40.7086378], [-86.1019724, 40.708872], [-86.1017835, 40.7092208], [-86.1015182, 40.709703], [-86.1011671, 40.7102942], [-86.1011087, 40.7103884], [-86.1007858, 40.7109137], [-86.100166, 40.7120061], [-86.1001109, 40.7121036], [-86.0999769, 40.7123609], [-86.0998654, 40.7126299], [-86.0997808, 40.7129645], [-86.0997314, 40.7132992], [-86.0997204, 40.7135839], [-86.099726, 40.7140046], [-86.0997303, 40.7149862], [-86.0997261, 40.7153291], [-86.0996917, 40.7156969], [-86.0996042, 40.7160472], [-86.0995303, 40.7163172], [-86.0994327, 40.7165886], [-86.0993153, 40.7168422], [-86.0991923, 40.7170673], [-86.0990528, 40.7172937], [-86.0989268, 40.717479], [-86.0983397, 40.7181921], [-86.0980474, 40.7185278], [-86.0979424, 40.718654], [-86.0978302, 40.7188043], [-86.0975961, 40.7191713], [-86.0975266, 40.71928], [-86.097482, 40.71935], [-86.0972397, 40.7197457], [-86.0970828, 40.719953], [-86.0969246, 40.7201376], [-86.0966818, 40.720382], [-86.096408, 40.7206308], [-86.0960812, 40.7209095], [-86.0956366, 40.7212179], [-86.0952448, 40.7214816], [-86.0949171, 40.7217384], [-86.0947228, 40.7219043], [-86.0945347, 40.7220865], [-86.0943069, 40.7223341], [-86.0941122, 40.7225656], [-86.0940774, 40.7226136], [-86.0939919, 40.7227317], [-86.0938816, 40.7228848], [-86.0937474, 40.723108], [-86.093615, 40.7233653], [-86.0935154, 40.7236337], [-86.0934368, 40.7238982], [-86.0933934, 40.7241162], [-86.0933719, 40.7243072], [-86.0933462, 40.7245036], [-86.0933482, 40.7247083], [-86.093354, 40.7249979], [-86.0933907, 40.7253277], [-86.0934486, 40.7256802], [-86.093525, 40.72599], [-86.0936095, 40.7263032], [-86.0937073, 40.7266058], [-86.0938646, 40.7269956], [-86.0940759, 40.727427], [-86.0942485, 40.7277405], [-86.0943406, 40.7279012], [-86.0945053, 40.728141], [-86.094723, 40.72844], [-86.0949979, 40.7287598], [-86.095504, 40.729325], [-86.095858, 40.72971], [-86.096147, 40.73003], [-86.09641, 40.730321], [-86.096549, 40.7304822], [-86.096686, 40.730641], [-86.096857, 40.7308621], [-86.0970477, 40.7311476], [-86.0972183, 40.7314519], [-86.0973025, 40.7316573], [-86.0973671, 40.7318798], [-86.0974228, 40.7321473], [-86.0974342, 40.7322901], [-86.0974124, 40.732488], [-86.0974, 40.7326506], [-86.0973774, 40.7328586], [-86.0973328, 40.7332625], [-86.0972721, 40.733811], [-86.0972574, 40.7339705], [-86.0972286, 40.7340206], [-86.0971946, 40.7340692], [-86.0971664, 40.7341432], [-86.0971703, 40.7341878], [-86.0971883, 40.7342319], [-86.0972023, 40.7342775], [-86.097206, 40.7343143], [-86.0971933, 40.7346468], [-86.0972025, 40.7348368], [-86.0972334, 40.7350889], [-86.0972802, 40.7353998], [-86.0973738, 40.7357329], [-86.0974933, 40.7360788], [-86.0976117, 40.7363967], [-86.0976752, 40.7366588], [-86.0977399, 40.7370261], [-86.0977849, 40.7373878], [-86.0978032, 40.7377368], [-86.0977829, 40.738122], [-86.0977082, 40.7387376], [-86.0977022, 40.7387792], [-86.0976956, 40.7388222], [-86.0975729, 40.7391858], [-86.0974388, 40.7395738], [-86.0973367, 40.7398228], [-86.0972017, 40.7400838], [-86.0970511, 40.7403468], [-86.096846, 40.7406709], [-86.0966552, 40.7409271], [-86.0964492, 40.7411805], [-86.0963519, 40.7412928], [-86.0962099, 40.7414417], [-86.0949004, 40.7428206], [-86.0948486, 40.7428706], [-86.0947938, 40.7429271], [-86.0944849, 40.7432453], [-86.0932354, 40.7445435], [-86.0931516, 40.7446053], [-86.0930643, 40.744665], [-86.093034, 40.744681], [-86.0930017, 40.7446954], [-86.0930014, 40.7447755], [-86.0929996, 40.7448432], [-86.0929426, 40.7448737], [-86.092924, 40.744887], [-86.0927451, 40.7450092], [-86.092492, 40.745253], [-86.0914674, 40.7462758], [-86.0909495, 40.7467841], [-86.0900517, 40.7476747], [-86.0886233, 40.7490917], [-86.0884208, 40.749296], [-86.0882535, 40.7494647], [-86.0879819, 40.7497067], [-86.0875695, 40.7500446], [-86.0871503, 40.7503398], [-86.0870951, 40.7503788], [-86.0867737, 40.7505811], [-86.086405, 40.750805], [-86.085904, 40.751078], [-86.085195, 40.751451], [-86.062463, 40.752719]]}}, {"type": "Feature", "properties": {"company": "Lake Erie and Western Railroad", "line": "Lake Erie and Western: Tipton \u2013 Peru (via Kokomo)", "id": "lew-tipton-kokomo-peru", "color": "#ee6c4d", "mode": "intercity_rail", "avg_speed_kmh": 50, "speed_source": "estimated: a secondary main line; unsourced", "geometry_quality": "Corridor-constrained trace over OpenStreetMap railway ways (rail/disused/abandoned/razed) within 6 km of a Tipton - Kokomo - Peru corridor, Dijkstra-weighted to hug the corridor and to avoid ways tagged to another company. 611 points, 35.1 mi. Composition: every tagged way used carries old_railway_operator=NKP. Approximations: six straight bridges totalling about 2.0 km across unmapped fragments, the largest 1.9 km; the two halves are butt-joined at Kokomo with a 0 m gap. Snaps 367 m at Tipton and 523 m at Peru. Indianapolis - Tipton is NOT drawn: a 16 km stretch of that corridor has no mapped track in OSM at all and the trace could not be completed honestly. Straight-line repair 2026-08-29: 1 ruled segment totalling 10 mi replaced with OpenStreetMap-traced rail geometry (see geometry_repairs for the OSM lines each one followed).", "segments": [{"start": 1887, "end": 1922, "headway_min": 480, "note": "The Indianapolis-Michigan City line became part of the Lake Erie and Western on April 8 1887, making Kokomo a station on a 718-mile system reaching from Sandusky, Ohio to Peoria, Illinois. The Craftsman-style passenger and freight depot the LE&W built at Kokomo in 1916 still stands and has been on the National Register since 2008; frequency estimated, unsourced", "sources": ["https://en.wikipedia.org/wiki/Kokomo,_Indiana (the first railroad reached Kokomo in 1854; the Peru and Indianapolis Railroad was under construction from 1852, its route laid along Buckeye Street, with Kokomo the terminus before the line was extended to Peru and Michigan City; the Pennsylvania Railroad announced a line through Kokomo and a line between Kokomo and Logansport was commenced by 1853, 'Railroad service was inaugurated on that line on July 4, 1855'; the Clover Leaf line began as the Frankfort and Kokomo Railroad, construction started 1873 and completed 1874, and 'A line connecting it to the east reached Kokomo on January 1, 1881', eventually part of the Toledo, St. Louis and Kansas City Railroad)", "https://en.wikipedia.org/wiki/Lake_Erie_and_Western_Railroad (the Peru & Indianapolis, incorporated in Indiana January 19 1846, was the first and oldest trackage on the Nickel Plate System; the Indianapolis to Michigan City line became part of the Lake Erie and Western on April 8 1887)", "https://www.american-rails.com/nickel.html (the Van Sweringens acquired the 718-mile Lake Erie & Western on April 26 1922, its branches connecting Michigan City with Indianapolis and Fort Wayne with Rushville/Connersville; the Toledo, St. Louis & Western - the Clover Leaf Route - was acquired in March 1922, 450 miles linking Toledo with East St. Louis; the Nickel Plate ran its last passenger trains, the City of Chicago and the City of Cleveland, on September 9 1965)", "https://www.nkphts.org/lakeeriewestern (Nickel Plate Road Historical & Technical Society, Lake Erie & Western)", "https://en.wikipedia.org/wiki/Lake_Erie_and_Western_Depot_Historic_District (the Lake Erie and Western depot at Kokomo, an American Craftsman passenger and freight depot of 1916, listed on the National Register in 2008)", "https://www.pharostribune.com/news/local_news/article_767e26e7-1928-50a0-af89-597e11bfe305.html (Logansport Pharos-Tribune, 175th Anniversary: the railroad opened to Kokomo was celebrated Sept 1855 and was referred to as the 'Cincinnati and Chicago Railroad'; the Pennsylvania Railroad acquired running rights in 1882 between Indianapolis and Kokomo over the line of the former Indianapolis, Peru & Chicago)"]}], "geometry_repairs": [{"date": "2026-08-29", "from": [-86.0377391, 40.283555], "to": [-86.106261, 40.42542], "chord_mi": 10.44, "traced_mi": 10.45, "snap_m": [0, 0], "bridged_mi": 0.0, "osm_lines": ["NKP [disused] (10.04 mi)", "NKP [razed] (0.26 mi)", "NKP [abandoned] (0.15 mi)"], "method": "Overpass rail graph, 8.0 km corridor, Dijkstra, simplified to 3.0 m"}]}, "geometry": {"type": "LineString", "coordinates": [[-86.0377391, 40.283555], [-86.0513209, 40.3107706], [-86.053448, 40.315148], [-86.057399, 40.3229481], [-86.067645, 40.343618], [-86.0694382, 40.3471068], [-86.0811623, 40.3706419], [-86.081986, 40.372533], [-86.083765, 40.375752], [-86.0841473, 40.3766325], [-86.098555, 40.405663], [-86.106261, 40.42542], [-86.106819, 40.426856], [-86.108284, 40.430635], [-86.108515, 40.431238], [-86.109351, 40.433401], [-86.109421, 40.4335681], [-86.10952, 40.433843], [-86.109909, 40.434847], [-86.1099632, 40.4349898], [-86.11015, 40.435482], [-86.110902, 40.437428], [-86.11115, 40.438076], [-86.111371, 40.438645], [-86.111585, 40.439208], [-86.111918, 40.440071], [-86.112036, 40.440376], [-86.112196, 40.440795], [-86.112316, 40.441102], [-86.112814, 40.442396], [-86.11341, 40.44394], [-86.11372, 40.444749], [-86.113926, 40.445279], [-86.114122, 40.44579], [-86.114234, 40.44609], [-86.114472, 40.446697], [-86.114872, 40.447748], [-86.115015, 40.448104], [-86.115145, 40.448453], [-86.115413, 40.449139], [-86.115707, 40.449906], [-86.115905, 40.450417], [-86.116194, 40.45117], [-86.116277, 40.451376], [-86.1163059, 40.4514659], [-86.116454, 40.45184], [-86.116526, 40.452023], [-86.116641, 40.452318], [-86.116811, 40.45277], [-86.116882, 40.452943], [-86.117059, 40.453417], [-86.117134, 40.453605], [-86.11721, 40.453798], [-86.117594, 40.454805], [-86.117661, 40.454971], [-86.11773, 40.455159], [-86.1177597, 40.4552327], [-86.117797, 40.455331], [-86.117886, 40.455556], [-86.118072, 40.45604], [-86.118618, 40.457442], [-86.1187046, 40.4576371], [-86.118753, 40.457746], [-86.118881, 40.45802], [-86.119174, 40.458598], [-86.119299, 40.458821], [-86.1194147, 40.4590085], [-86.1196784, 40.4594359], [-86.119729, 40.459518], [-86.120192, 40.46021], [-86.120561, 40.460757], [-86.120643, 40.460876], [-86.1217218, 40.4624616], [-86.12271, 40.463916], [-86.122822, 40.464079], [-86.122993, 40.464337], [-86.123202, 40.464645], [-86.123987, 40.4658], [-86.124115, 40.465993], [-86.124626, 40.466743], [-86.124761, 40.466942], [-86.1249708, 40.4672551], [-86.1250147, 40.4673206], [-86.1250482, 40.4673662], [-86.125059, 40.467381], [-86.1256164, 40.4682069], [-86.12596, 40.468716], [-86.126155, 40.468996], [-86.126321, 40.469248], [-86.126489, 40.469493], [-86.1265391, 40.4695652], [-86.126548, 40.469578], [-86.126697, 40.469799], [-86.1271541, 40.4704737], [-86.127296, 40.470683], [-86.127408, 40.470851], [-86.127674, 40.471241], [-86.1278993, 40.4715725], [-86.127937, 40.471628], [-86.128155, 40.47195], [-86.128664, 40.472698], [-86.1296719, 40.4741886], [-86.1296958, 40.4742239], [-86.129826, 40.474416], [-86.129846, 40.474445], [-86.13, 40.474642], [-86.130223, 40.474993], [-86.130525, 40.475484], [-86.130689, 40.475761], [-86.1309725, 40.4762775], [-86.131149, 40.476635], [-86.131349, 40.477065], [-86.131453, 40.477303], [-86.131606, 40.477688], [-86.131695, 40.477933], [-86.131898, 40.478555], [-86.1319774, 40.4788492], [-86.131996, 40.478918], [-86.1320152, 40.4789896], [-86.132057, 40.479145], [-86.132111, 40.479378], [-86.13221, 40.479858], [-86.1322441, 40.4800602], [-86.132327, 40.480597], [-86.132371, 40.481002], [-86.132386, 40.481211], [-86.132407, 40.48166], [-86.132413, 40.48214], [-86.132414, 40.482583], [-86.1324365, 40.4842745], [-86.1324389, 40.4847216], [-86.1324416, 40.4849013], [-86.1324406, 40.4854617], [-86.1324399, 40.4855402], [-86.1324403, 40.4856063], [-86.1324464, 40.4860044], [-86.1324454, 40.486398], [-86.1324456, 40.4864783], [-86.132446, 40.4865645], [-86.132448, 40.4869381], [-86.1324468, 40.4873089], [-86.1324486, 40.4874022], [-86.1324498, 40.4874793], [-86.1324542, 40.4878924], [-86.1324563, 40.4882583], [-86.1324559, 40.488339], [-86.1324548, 40.4884259], [-86.1324579, 40.4888102], [-86.13246, 40.4891018], [-86.1324581, 40.4892055], [-86.1324606, 40.4892737], [-86.132462, 40.4893478], [-86.1324625, 40.4898232], [-86.1324604, 40.4898915], [-86.1324612, 40.4899546], [-86.132457, 40.490588], [-86.1324697, 40.4909065], [-86.1324689, 40.4909902], [-86.1324657, 40.491052], [-86.132448, 40.491396], [-86.1324324, 40.4917779], [-86.1324277, 40.4918405], [-86.1324228, 40.4919231], [-86.1324126, 40.4920415], [-86.1323922, 40.4922516], [-86.1323775, 40.4923811], [-86.1323657, 40.4924795], [-86.1323521, 40.4925835], [-86.1323404, 40.4926563], [-86.1323327, 40.4927058], [-86.1323245, 40.4927512], [-86.1322329, 40.4932918], [-86.1321701, 40.4936662], [-86.132022, 40.494538], [-86.1318849, 40.4953413], [-86.1318741, 40.4954036], [-86.1318566, 40.4955039], [-86.1318495, 40.4955459], [-86.1317741, 40.4959952], [-86.1317672, 40.4960342], [-86.1317233, 40.4962937], [-86.1316942, 40.4964649], [-86.1316599, 40.4966724], [-86.1316394, 40.496792], [-86.1316212, 40.4969037], [-86.1315722, 40.4971902], [-86.1314124, 40.4981644], [-86.1311463, 40.4997137], [-86.1308885, 40.5012561], [-86.1308357, 40.5015676], [-86.1308329, 40.5015841], [-86.130484, 40.5036379], [-86.1302435, 40.5051064], [-86.1302416, 40.5051191], [-86.130201, 40.5053368], [-86.130188, 40.5054062], [-86.130171, 40.50548], [-86.1297262, 40.5080915], [-86.1295804, 40.5089472], [-86.1295754, 40.5089854], [-86.1295633, 40.5090473], [-86.1295556, 40.5090948], [-86.1295395, 40.509195], [-86.1277207, 40.5199363], [-86.12677, 40.525472], [-86.1261857, 40.5289315], [-86.12601, 40.529971], [-86.1258733, 40.5307781], [-86.1257268, 40.5316425], [-86.1253614, 40.5337991], [-86.125357, 40.5338252], [-86.1253431, 40.533907], [-86.1251971, 40.5347689], [-86.1251714, 40.5349203], [-86.124917, 40.536411], [-86.1249044, 40.536482], [-86.1248504, 40.5367857], [-86.124842, 40.536833], [-86.124834, 40.536878], [-86.124814, 40.536991], [-86.124775, 40.537212], [-86.124705, 40.537678], [-86.1246601, 40.5379379], [-86.12447, 40.539039], [-86.124429, 40.539319], [-86.124406, 40.53945], [-86.124309, 40.539996], [-86.12421, 40.540567], [-86.1241183, 40.5411229], [-86.1240351, 40.5416271], [-86.1240242, 40.5416929], [-86.1238353, 40.5428087], [-86.1238039, 40.5429943], [-86.1233193, 40.5458562], [-86.1230317, 40.5475542], [-86.1229743, 40.5478932], [-86.122603, 40.550086], [-86.122483, 40.550665], [-86.1223837, 40.5510532], [-86.122272, 40.551434], [-86.122085, 40.551993], [-86.121932, 40.552389], [-86.121721, 40.552954], [-86.121491, 40.553669], [-86.121362, 40.55416], [-86.121283, 40.554512], [-86.121166, 40.555179], [-86.121111, 40.555551], [-86.121046, 40.556211], [-86.121027, 40.55655], [-86.121019, 40.557104], [-86.121023, 40.557393], [-86.121064, 40.558499], [-86.121086, 40.558921], [-86.121108, 40.559224], [-86.121151, 40.559931], [-86.121156, 40.559976], [-86.121184, 40.560516], [-86.121208, 40.561347], [-86.121218, 40.561708], [-86.121215, 40.562198], [-86.1211759, 40.5628816], [-86.1210909, 40.563586], [-86.120977, 40.564234], [-86.120887, 40.56466], [-86.120746, 40.565285], [-86.120403, 40.566535], [-86.120052, 40.567772], [-86.119697, 40.569054], [-86.119392, 40.570284], [-86.11935, 40.570428], [-86.1182848, 40.5744613], [-86.1172583, 40.5783609], [-86.117073, 40.5789968], [-86.1169639, 40.5794748], [-86.1164775, 40.5813216], [-86.1163926, 40.5816994], [-86.1163167, 40.5819957], [-86.116133, 40.5826567], [-86.1160745, 40.5828792], [-86.1160292, 40.5830292], [-86.1159664, 40.5831953], [-86.1154988, 40.5849552], [-86.11494, 40.587103], [-86.114765, 40.587791], [-86.114652, 40.588218], [-86.114335, 40.589463], [-86.1135907, 40.5922505], [-86.1133165, 40.5931857], [-86.111637, 40.599539], [-86.1097043, 40.606786], [-86.1091151, 40.6090429], [-86.1090303, 40.6093489], [-86.1088348, 40.6101793], [-86.1083358, 40.6120686], [-86.1077888, 40.6140613], [-86.107535, 40.6150255], [-86.1072769, 40.615994], [-86.1058485, 40.6213485], [-86.1020134, 40.6358319], [-86.1010694, 40.6393675], [-86.0998643, 40.6439252], [-86.0996202, 40.6448062], [-86.0994752, 40.6455023], [-86.0993933, 40.6459617], [-86.099357, 40.6461952], [-86.0993286, 40.6463824], [-86.0992839, 40.6467996], [-86.099248, 40.6472956], [-86.0992396, 40.6477715], [-86.0992431, 40.6481703], [-86.0992799, 40.6487952], [-86.0993372, 40.649375], [-86.0994393, 40.6500896], [-86.0996702, 40.6518584], [-86.099909, 40.6536876], [-86.1003889, 40.6573628], [-86.1005035, 40.658303], [-86.1006292, 40.659243], [-86.1006778, 40.6596059], [-86.1007929, 40.6605832], [-86.100916, 40.6614671], [-86.1012839, 40.6643203], [-86.1013099, 40.6646424], [-86.101337, 40.665241], [-86.1013416, 40.6655979], [-86.1013263, 40.6660364], [-86.101299, 40.666553], [-86.1012519, 40.667089], [-86.1012028, 40.6674669], [-86.1011317, 40.6678355], [-86.1010365, 40.6682302], [-86.1009619, 40.6686404], [-86.1008787, 40.6690107], [-86.100721, 40.6696083], [-86.100618, 40.6700981], [-86.1005447, 40.6707235], [-86.1005124, 40.671093], [-86.1005053, 40.6715354], [-86.100555, 40.672444], [-86.100738, 40.67325], [-86.1008774, 40.6738364], [-86.1009842, 40.6743785], [-86.1010738, 40.674892], [-86.1011491, 40.6754716], [-86.1012067, 40.6760657], [-86.1012266, 40.676603], [-86.1012358, 40.6781233], [-86.1012282, 40.6821786], [-86.10125, 40.682953], [-86.1012663, 40.6833107], [-86.101304, 40.6837888], [-86.1013672, 40.684258], [-86.1014741, 40.684867], [-86.1015638, 40.6852839], [-86.101707, 40.6858], [-86.1018883, 40.6863776], [-86.102083, 40.686896], [-86.1023129, 40.6875095], [-86.1024799, 40.6880421], [-86.1026403, 40.6886082], [-86.1027568, 40.6891492], [-86.1028577, 40.6897596], [-86.1029344, 40.6904272], [-86.102984, 40.691046], [-86.1030008, 40.691444], [-86.1029904, 40.6919102], [-86.1029701, 40.6925832], [-86.1028995, 40.6942391], [-86.1028286, 40.6958962], [-86.1027838, 40.6969226], [-86.1027504, 40.697745], [-86.1027299, 40.6982014], [-86.1027437, 40.6985831], [-86.1027895, 40.6990183], [-86.1028897, 40.6994111], [-86.1030342, 40.6998545], [-86.1032127, 40.7002605], [-86.1037468, 40.70117], [-86.1039157, 40.7015207], [-86.1040568, 40.7019173], [-86.1041441, 40.7022807], [-86.1041685, 40.7026418], [-86.1041698, 40.7033411], [-86.1041294, 40.7036968], [-86.1040285, 40.7041024], [-86.1038952, 40.704478], [-86.1037058, 40.7048647], [-86.1034608, 40.705327], [-86.1031708, 40.7058403], [-86.1028798, 40.7064039], [-86.1027677, 40.7066602], [-86.1026173, 40.7070796], [-86.1023426, 40.707956], [-86.102253, 40.708211], [-86.1021253, 40.7085375], [-86.1020806, 40.7086378], [-86.1019724, 40.708872], [-86.1017835, 40.7092208], [-86.1015182, 40.709703], [-86.1011671, 40.7102942], [-86.1011087, 40.7103884], [-86.1007858, 40.7109137], [-86.100166, 40.7120061], [-86.1001109, 40.7121036], [-86.0999769, 40.7123609], [-86.0998654, 40.7126299], [-86.0997808, 40.7129645], [-86.0997314, 40.7132992], [-86.0997204, 40.7135839], [-86.099726, 40.7140046], [-86.0997303, 40.7149862], [-86.0997261, 40.7153291], [-86.0996917, 40.7156969], [-86.0996042, 40.7160472], [-86.0995303, 40.7163172], [-86.0994327, 40.7165886], [-86.0993153, 40.7168422], [-86.0991923, 40.7170673], [-86.0990528, 40.7172937], [-86.0989268, 40.717479], [-86.0983397, 40.7181921], [-86.0980474, 40.7185278], [-86.0979424, 40.718654], [-86.0978302, 40.7188043], [-86.0975961, 40.7191713], [-86.0975266, 40.71928], [-86.097482, 40.71935], [-86.0972397, 40.7197457], [-86.0970828, 40.719953], [-86.0969246, 40.7201376], [-86.0966818, 40.720382], [-86.096408, 40.7206308], [-86.0960812, 40.7209095], [-86.0956366, 40.7212179], [-86.0952448, 40.7214816], [-86.0949171, 40.7217384], [-86.0947228, 40.7219043], [-86.0945347, 40.7220865], [-86.0943069, 40.7223341], [-86.0941122, 40.7225656], [-86.0940774, 40.7226136], [-86.0939919, 40.7227317], [-86.0938816, 40.7228848], [-86.0937474, 40.723108], [-86.093615, 40.7233653], [-86.0935154, 40.7236337], [-86.0934368, 40.7238982], [-86.0933934, 40.7241162], [-86.0933719, 40.7243072], [-86.0933462, 40.7245036], [-86.0933482, 40.7247083], [-86.093354, 40.7249979], [-86.0933907, 40.7253277], [-86.0934486, 40.7256802], [-86.093525, 40.72599], [-86.0936095, 40.7263032], [-86.0937073, 40.7266058], [-86.0938646, 40.7269956], [-86.0940759, 40.727427], [-86.0942485, 40.7277405], [-86.0943406, 40.7279012], [-86.0945053, 40.728141], [-86.094723, 40.72844], [-86.0949979, 40.7287598], [-86.095504, 40.729325], [-86.095858, 40.72971], [-86.096147, 40.73003], [-86.09641, 40.730321], [-86.096549, 40.7304822], [-86.096686, 40.730641], [-86.096857, 40.7308621], [-86.0970477, 40.7311476], [-86.0972183, 40.7314519], [-86.0973025, 40.7316573], [-86.0973671, 40.7318798], [-86.0974228, 40.7321473], [-86.0974342, 40.7322901], [-86.0974124, 40.732488], [-86.0974, 40.7326506], [-86.0973774, 40.7328586], [-86.0973328, 40.7332625], [-86.0972721, 40.733811], [-86.0972574, 40.7339705], [-86.0972286, 40.7340206], [-86.0971946, 40.7340692], [-86.0971664, 40.7341432], [-86.0971703, 40.7341878], [-86.0971883, 40.7342319], [-86.0972023, 40.7342775], [-86.097206, 40.7343143], [-86.0971933, 40.7346468], [-86.0972025, 40.7348368], [-86.0972334, 40.7350889], [-86.0972802, 40.7353998], [-86.0973738, 40.7357329], [-86.0974933, 40.7360788], [-86.0976117, 40.7363967], [-86.0976752, 40.7366588], [-86.0977399, 40.7370261], [-86.0977849, 40.7373878], [-86.0978032, 40.7377368], [-86.0977829, 40.738122], [-86.0977082, 40.7387376], [-86.0977022, 40.7387792], [-86.0976956, 40.7388222], [-86.0975729, 40.7391858], [-86.0974388, 40.7395738], [-86.0973367, 40.7398228], [-86.0972017, 40.7400838], [-86.0970511, 40.7403468], [-86.096846, 40.7406709], [-86.0966552, 40.7409271], [-86.0964492, 40.7411805], [-86.0963519, 40.7412928], [-86.0962099, 40.7414417], [-86.0949004, 40.7428206], [-86.0948486, 40.7428706], [-86.0947938, 40.7429271], [-86.0944849, 40.7432453], [-86.0932354, 40.7445435], [-86.0931516, 40.7446053], [-86.0930643, 40.744665], [-86.093034, 40.744681], [-86.0930017, 40.7446954], [-86.0930014, 40.7447755], [-86.0929996, 40.7448432], [-86.0929426, 40.7448737], [-86.092924, 40.744887], [-86.0927451, 40.7450092], [-86.092492, 40.745253], [-86.0914674, 40.7462758], [-86.0909495, 40.7467841], [-86.0900517, 40.7476747], [-86.0886233, 40.7490917], [-86.0884208, 40.749296], [-86.0882535, 40.7494647], [-86.0879819, 40.7497067], [-86.0875695, 40.7500446], [-86.0871503, 40.7503398], [-86.0870951, 40.7503788], [-86.0867737, 40.7505811], [-86.086405, 40.750805], [-86.085904, 40.751078], [-86.085195, 40.751451], [-86.062463, 40.752719]]}}, {"type": "Feature", "properties": {"company": "Nickel Plate Road", "line": "Nickel Plate Road: Tipton \u2013 Peru (via Kokomo)", "id": "nkp-tipton-kokomo-peru", "color": "#219ebc", "mode": "intercity_rail", "avg_speed_kmh": 55, "speed_source": "estimated: a secondary main line; unsourced", "geometry_quality": "Corridor-constrained trace over OpenStreetMap railway ways (rail/disused/abandoned/razed) within 6 km of a Tipton - Kokomo - Peru corridor, Dijkstra-weighted to hug the corridor and to avoid ways tagged to another company. 611 points, 35.1 mi. Composition: every tagged way used carries old_railway_operator=NKP. Approximations: six straight bridges totalling about 2.0 km across unmapped fragments, the largest 1.9 km; the two halves are butt-joined at Kokomo with a 0 m gap. Snaps 367 m at Tipton and 523 m at Peru. Indianapolis - Tipton is NOT drawn: a 16 km stretch of that corridor has no mapped track in OSM at all and the trace could not be completed honestly. Straight-line repair 2026-08-29: 1 ruled segment totalling 10 mi replaced with OpenStreetMap-traced rail geometry (see geometry_repairs for the OSM lines each one followed).", "segments": [{"start": 1922, "end": 1964, "headway_min": 600, "note": "The Van Sweringens bought the Lake Erie and Western on April 26 1922 and folded it into the Nickel Plate Road. The end year of this feature's last segment is an UPPER BOUND, not a sourced discontinuance: no source found gives the date this particular branch lost its passenger trains, so it is drawn to the Nickel Plate's system-wide end of passenger service on September 9 1965. Local service over an Indiana branch facing interurban competition very likely ended earlier. See metadata.not_yet_sourced.", "sources": ["https://en.wikipedia.org/wiki/Kokomo,_Indiana (the first railroad reached Kokomo in 1854; the Peru and Indianapolis Railroad was under construction from 1852, its route laid along Buckeye Street, with Kokomo the terminus before the line was extended to Peru and Michigan City; the Pennsylvania Railroad announced a line through Kokomo and a line between Kokomo and Logansport was commenced by 1853, 'Railroad service was inaugurated on that line on July 4, 1855'; the Clover Leaf line began as the Frankfort and Kokomo Railroad, construction started 1873 and completed 1874, and 'A line connecting it to the east reached Kokomo on January 1, 1881', eventually part of the Toledo, St. Louis and Kansas City Railroad)", "https://en.wikipedia.org/wiki/Lake_Erie_and_Western_Railroad (the Peru & Indianapolis, incorporated in Indiana January 19 1846, was the first and oldest trackage on the Nickel Plate System; the Indianapolis to Michigan City line became part of the Lake Erie and Western on April 8 1887)", "https://www.american-rails.com/nickel.html (the Van Sweringens acquired the 718-mile Lake Erie & Western on April 26 1922, its branches connecting Michigan City with Indianapolis and Fort Wayne with Rushville/Connersville; the Toledo, St. Louis & Western - the Clover Leaf Route - was acquired in March 1922, 450 miles linking Toledo with East St. Louis; the Nickel Plate ran its last passenger trains, the City of Chicago and the City of Cleveland, on September 9 1965)", "https://www.nkphts.org/lakeeriewestern (Nickel Plate Road Historical & Technical Society, Lake Erie & Western)", "https://en.wikipedia.org/wiki/Lake_Erie_and_Western_Depot_Historic_District (the Lake Erie and Western depot at Kokomo, an American Craftsman passenger and freight depot of 1916, listed on the National Register in 2008)", "https://www.pharostribune.com/news/local_news/article_767e26e7-1928-50a0-af89-597e11bfe305.html (Logansport Pharos-Tribune, 175th Anniversary: the railroad opened to Kokomo was celebrated Sept 1855 and was referred to as the 'Cincinnati and Chicago Railroad'; the Pennsylvania Railroad acquired running rights in 1882 between Indianapolis and Kokomo over the line of the former Indianapolis, Peru & Chicago)"]}], "geometry_repairs": [{"date": "2026-08-29", "from": [-86.0377391, 40.283555], "to": [-86.106261, 40.42542], "chord_mi": 10.44, "traced_mi": 10.45, "snap_m": [0, 0], "bridged_mi": 0.0, "osm_lines": ["NKP [disused] (10.04 mi)", "NKP [razed] (0.26 mi)", "NKP [abandoned] (0.15 mi)"], "method": "Overpass rail graph, 8.0 km corridor, Dijkstra, simplified to 3.0 m"}]}, "geometry": {"type": "LineString", "coordinates": [[-86.0377391, 40.283555], [-86.0513209, 40.3107706], [-86.053448, 40.315148], [-86.057399, 40.3229481], [-86.067645, 40.343618], [-86.0694382, 40.3471068], [-86.0811623, 40.3706419], [-86.081986, 40.372533], [-86.083765, 40.375752], [-86.0841473, 40.3766325], [-86.098555, 40.405663], [-86.106261, 40.42542], [-86.106819, 40.426856], [-86.108284, 40.430635], [-86.108515, 40.431238], [-86.109351, 40.433401], [-86.109421, 40.4335681], [-86.10952, 40.433843], [-86.109909, 40.434847], [-86.1099632, 40.4349898], [-86.11015, 40.435482], [-86.110902, 40.437428], [-86.11115, 40.438076], [-86.111371, 40.438645], [-86.111585, 40.439208], [-86.111918, 40.440071], [-86.112036, 40.440376], [-86.112196, 40.440795], [-86.112316, 40.441102], [-86.112814, 40.442396], [-86.11341, 40.44394], [-86.11372, 40.444749], [-86.113926, 40.445279], [-86.114122, 40.44579], [-86.114234, 40.44609], [-86.114472, 40.446697], [-86.114872, 40.447748], [-86.115015, 40.448104], [-86.115145, 40.448453], [-86.115413, 40.449139], [-86.115707, 40.449906], [-86.115905, 40.450417], [-86.116194, 40.45117], [-86.116277, 40.451376], [-86.1163059, 40.4514659], [-86.116454, 40.45184], [-86.116526, 40.452023], [-86.116641, 40.452318], [-86.116811, 40.45277], [-86.116882, 40.452943], [-86.117059, 40.453417], [-86.117134, 40.453605], [-86.11721, 40.453798], [-86.117594, 40.454805], [-86.117661, 40.454971], [-86.11773, 40.455159], [-86.1177597, 40.4552327], [-86.117797, 40.455331], [-86.117886, 40.455556], [-86.118072, 40.45604], [-86.118618, 40.457442], [-86.1187046, 40.4576371], [-86.118753, 40.457746], [-86.118881, 40.45802], [-86.119174, 40.458598], [-86.119299, 40.458821], [-86.1194147, 40.4590085], [-86.1196784, 40.4594359], [-86.119729, 40.459518], [-86.120192, 40.46021], [-86.120561, 40.460757], [-86.120643, 40.460876], [-86.1217218, 40.4624616], [-86.12271, 40.463916], [-86.122822, 40.464079], [-86.122993, 40.464337], [-86.123202, 40.464645], [-86.123987, 40.4658], [-86.124115, 40.465993], [-86.124626, 40.466743], [-86.124761, 40.466942], [-86.1249708, 40.4672551], [-86.1250147, 40.4673206], [-86.1250482, 40.4673662], [-86.125059, 40.467381], [-86.1256164, 40.4682069], [-86.12596, 40.468716], [-86.126155, 40.468996], [-86.126321, 40.469248], [-86.126489, 40.469493], [-86.1265391, 40.4695652], [-86.126548, 40.469578], [-86.126697, 40.469799], [-86.1271541, 40.4704737], [-86.127296, 40.470683], [-86.127408, 40.470851], [-86.127674, 40.471241], [-86.1278993, 40.4715725], [-86.127937, 40.471628], [-86.128155, 40.47195], [-86.128664, 40.472698], [-86.1296719, 40.4741886], [-86.1296958, 40.4742239], [-86.129826, 40.474416], [-86.129846, 40.474445], [-86.13, 40.474642], [-86.130223, 40.474993], [-86.130525, 40.475484], [-86.130689, 40.475761], [-86.1309725, 40.4762775], [-86.131149, 40.476635], [-86.131349, 40.477065], [-86.131453, 40.477303], [-86.131606, 40.477688], [-86.131695, 40.477933], [-86.131898, 40.478555], [-86.1319774, 40.4788492], [-86.131996, 40.478918], [-86.1320152, 40.4789896], [-86.132057, 40.479145], [-86.132111, 40.479378], [-86.13221, 40.479858], [-86.1322441, 40.4800602], [-86.132327, 40.480597], [-86.132371, 40.481002], [-86.132386, 40.481211], [-86.132407, 40.48166], [-86.132413, 40.48214], [-86.132414, 40.482583], [-86.1324365, 40.4842745], [-86.1324389, 40.4847216], [-86.1324416, 40.4849013], [-86.1324406, 40.4854617], [-86.1324399, 40.4855402], [-86.1324403, 40.4856063], [-86.1324464, 40.4860044], [-86.1324454, 40.486398], [-86.1324456, 40.4864783], [-86.132446, 40.4865645], [-86.132448, 40.4869381], [-86.1324468, 40.4873089], [-86.1324486, 40.4874022], [-86.1324498, 40.4874793], [-86.1324542, 40.4878924], [-86.1324563, 40.4882583], [-86.1324559, 40.488339], [-86.1324548, 40.4884259], [-86.1324579, 40.4888102], [-86.13246, 40.4891018], [-86.1324581, 40.4892055], [-86.1324606, 40.4892737], [-86.132462, 40.4893478], [-86.1324625, 40.4898232], [-86.1324604, 40.4898915], [-86.1324612, 40.4899546], [-86.132457, 40.490588], [-86.1324697, 40.4909065], [-86.1324689, 40.4909902], [-86.1324657, 40.491052], [-86.132448, 40.491396], [-86.1324324, 40.4917779], [-86.1324277, 40.4918405], [-86.1324228, 40.4919231], [-86.1324126, 40.4920415], [-86.1323922, 40.4922516], [-86.1323775, 40.4923811], [-86.1323657, 40.4924795], [-86.1323521, 40.4925835], [-86.1323404, 40.4926563], [-86.1323327, 40.4927058], [-86.1323245, 40.4927512], [-86.1322329, 40.4932918], [-86.1321701, 40.4936662], [-86.132022, 40.494538], [-86.1318849, 40.4953413], [-86.1318741, 40.4954036], [-86.1318566, 40.4955039], [-86.1318495, 40.4955459], [-86.1317741, 40.4959952], [-86.1317672, 40.4960342], [-86.1317233, 40.4962937], [-86.1316942, 40.4964649], [-86.1316599, 40.4966724], [-86.1316394, 40.496792], [-86.1316212, 40.4969037], [-86.1315722, 40.4971902], [-86.1314124, 40.4981644], [-86.1311463, 40.4997137], [-86.1308885, 40.5012561], [-86.1308357, 40.5015676], [-86.1308329, 40.5015841], [-86.130484, 40.5036379], [-86.1302435, 40.5051064], [-86.1302416, 40.5051191], [-86.130201, 40.5053368], [-86.130188, 40.5054062], [-86.130171, 40.50548], [-86.1297262, 40.5080915], [-86.1295804, 40.5089472], [-86.1295754, 40.5089854], [-86.1295633, 40.5090473], [-86.1295556, 40.5090948], [-86.1295395, 40.509195], [-86.1277207, 40.5199363], [-86.12677, 40.525472], [-86.1261857, 40.5289315], [-86.12601, 40.529971], [-86.1258733, 40.5307781], [-86.1257268, 40.5316425], [-86.1253614, 40.5337991], [-86.125357, 40.5338252], [-86.1253431, 40.533907], [-86.1251971, 40.5347689], [-86.1251714, 40.5349203], [-86.124917, 40.536411], [-86.1249044, 40.536482], [-86.1248504, 40.5367857], [-86.124842, 40.536833], [-86.124834, 40.536878], [-86.124814, 40.536991], [-86.124775, 40.537212], [-86.124705, 40.537678], [-86.1246601, 40.5379379], [-86.12447, 40.539039], [-86.124429, 40.539319], [-86.124406, 40.53945], [-86.124309, 40.539996], [-86.12421, 40.540567], [-86.1241183, 40.5411229], [-86.1240351, 40.5416271], [-86.1240242, 40.5416929], [-86.1238353, 40.5428087], [-86.1238039, 40.5429943], [-86.1233193, 40.5458562], [-86.1230317, 40.5475542], [-86.1229743, 40.5478932], [-86.122603, 40.550086], [-86.122483, 40.550665], [-86.1223837, 40.5510532], [-86.122272, 40.551434], [-86.122085, 40.551993], [-86.121932, 40.552389], [-86.121721, 40.552954], [-86.121491, 40.553669], [-86.121362, 40.55416], [-86.121283, 40.554512], [-86.121166, 40.555179], [-86.121111, 40.555551], [-86.121046, 40.556211], [-86.121027, 40.55655], [-86.121019, 40.557104], [-86.121023, 40.557393], [-86.121064, 40.558499], [-86.121086, 40.558921], [-86.121108, 40.559224], [-86.121151, 40.559931], [-86.121156, 40.559976], [-86.121184, 40.560516], [-86.121208, 40.561347], [-86.121218, 40.561708], [-86.121215, 40.562198], [-86.1211759, 40.5628816], [-86.1210909, 40.563586], [-86.120977, 40.564234], [-86.120887, 40.56466], [-86.120746, 40.565285], [-86.120403, 40.566535], [-86.120052, 40.567772], [-86.119697, 40.569054], [-86.119392, 40.570284], [-86.11935, 40.570428], [-86.1182848, 40.5744613], [-86.1172583, 40.5783609], [-86.117073, 40.5789968], [-86.1169639, 40.5794748], [-86.1164775, 40.5813216], [-86.1163926, 40.5816994], [-86.1163167, 40.5819957], [-86.116133, 40.5826567], [-86.1160745, 40.5828792], [-86.1160292, 40.5830292], [-86.1159664, 40.5831953], [-86.1154988, 40.5849552], [-86.11494, 40.587103], [-86.114765, 40.587791], [-86.114652, 40.588218], [-86.114335, 40.589463], [-86.1135907, 40.5922505], [-86.1133165, 40.5931857], [-86.111637, 40.599539], [-86.1097043, 40.606786], [-86.1091151, 40.6090429], [-86.1090303, 40.6093489], [-86.1088348, 40.6101793], [-86.1083358, 40.6120686], [-86.1077888, 40.6140613], [-86.107535, 40.6150255], [-86.1072769, 40.615994], [-86.1058485, 40.6213485], [-86.1020134, 40.6358319], [-86.1010694, 40.6393675], [-86.0998643, 40.6439252], [-86.0996202, 40.6448062], [-86.0994752, 40.6455023], [-86.0993933, 40.6459617], [-86.099357, 40.6461952], [-86.0993286, 40.6463824], [-86.0992839, 40.6467996], [-86.099248, 40.6472956], [-86.0992396, 40.6477715], [-86.0992431, 40.6481703], [-86.0992799, 40.6487952], [-86.0993372, 40.649375], [-86.0994393, 40.6500896], [-86.0996702, 40.6518584], [-86.099909, 40.6536876], [-86.1003889, 40.6573628], [-86.1005035, 40.658303], [-86.1006292, 40.659243], [-86.1006778, 40.6596059], [-86.1007929, 40.6605832], [-86.100916, 40.6614671], [-86.1012839, 40.6643203], [-86.1013099, 40.6646424], [-86.101337, 40.665241], [-86.1013416, 40.6655979], [-86.1013263, 40.6660364], [-86.101299, 40.666553], [-86.1012519, 40.667089], [-86.1012028, 40.6674669], [-86.1011317, 40.6678355], [-86.1010365, 40.6682302], [-86.1009619, 40.6686404], [-86.1008787, 40.6690107], [-86.100721, 40.6696083], [-86.100618, 40.6700981], [-86.1005447, 40.6707235], [-86.1005124, 40.671093], [-86.1005053, 40.6715354], [-86.100555, 40.672444], [-86.100738, 40.67325], [-86.1008774, 40.6738364], [-86.1009842, 40.6743785], [-86.1010738, 40.674892], [-86.1011491, 40.6754716], [-86.1012067, 40.6760657], [-86.1012266, 40.676603], [-86.1012358, 40.6781233], [-86.1012282, 40.6821786], [-86.10125, 40.682953], [-86.1012663, 40.6833107], [-86.101304, 40.6837888], [-86.1013672, 40.684258], [-86.1014741, 40.684867], [-86.1015638, 40.6852839], [-86.101707, 40.6858], [-86.1018883, 40.6863776], [-86.102083, 40.686896], [-86.1023129, 40.6875095], [-86.1024799, 40.6880421], [-86.1026403, 40.6886082], [-86.1027568, 40.6891492], [-86.1028577, 40.6897596], [-86.1029344, 40.6904272], [-86.102984, 40.691046], [-86.1030008, 40.691444], [-86.1029904, 40.6919102], [-86.1029701, 40.6925832], [-86.1028995, 40.6942391], [-86.1028286, 40.6958962], [-86.1027838, 40.6969226], [-86.1027504, 40.697745], [-86.1027299, 40.6982014], [-86.1027437, 40.6985831], [-86.1027895, 40.6990183], [-86.1028897, 40.6994111], [-86.1030342, 40.6998545], [-86.1032127, 40.7002605], [-86.1037468, 40.70117], [-86.1039157, 40.7015207], [-86.1040568, 40.7019173], [-86.1041441, 40.7022807], [-86.1041685, 40.7026418], [-86.1041698, 40.7033411], [-86.1041294, 40.7036968], [-86.1040285, 40.7041024], [-86.1038952, 40.704478], [-86.1037058, 40.7048647], [-86.1034608, 40.705327], [-86.1031708, 40.7058403], [-86.1028798, 40.7064039], [-86.1027677, 40.7066602], [-86.1026173, 40.7070796], [-86.1023426, 40.707956], [-86.102253, 40.708211], [-86.1021253, 40.7085375], [-86.1020806, 40.7086378], [-86.1019724, 40.708872], [-86.1017835, 40.7092208], [-86.1015182, 40.709703], [-86.1011671, 40.7102942], [-86.1011087, 40.7103884], [-86.1007858, 40.7109137], [-86.100166, 40.7120061], [-86.1001109, 40.7121036], [-86.0999769, 40.7123609], [-86.0998654, 40.7126299], [-86.0997808, 40.7129645], [-86.0997314, 40.7132992], [-86.0997204, 40.7135839], [-86.099726, 40.7140046], [-86.0997303, 40.7149862], [-86.0997261, 40.7153291], [-86.0996917, 40.7156969], [-86.0996042, 40.7160472], [-86.0995303, 40.7163172], [-86.0994327, 40.7165886], [-86.0993153, 40.7168422], [-86.0991923, 40.7170673], [-86.0990528, 40.7172937], [-86.0989268, 40.717479], [-86.0983397, 40.7181921], [-86.0980474, 40.7185278], [-86.0979424, 40.718654], [-86.0978302, 40.7188043], [-86.0975961, 40.7191713], [-86.0975266, 40.71928], [-86.097482, 40.71935], [-86.0972397, 40.7197457], [-86.0970828, 40.719953], [-86.0969246, 40.7201376], [-86.0966818, 40.720382], [-86.096408, 40.7206308], [-86.0960812, 40.7209095], [-86.0956366, 40.7212179], [-86.0952448, 40.7214816], [-86.0949171, 40.7217384], [-86.0947228, 40.7219043], [-86.0945347, 40.7220865], [-86.0943069, 40.7223341], [-86.0941122, 40.7225656], [-86.0940774, 40.7226136], [-86.0939919, 40.7227317], [-86.0938816, 40.7228848], [-86.0937474, 40.723108], [-86.093615, 40.7233653], [-86.0935154, 40.7236337], [-86.0934368, 40.7238982], [-86.0933934, 40.7241162], [-86.0933719, 40.7243072], [-86.0933462, 40.7245036], [-86.0933482, 40.7247083], [-86.093354, 40.7249979], [-86.0933907, 40.7253277], [-86.0934486, 40.7256802], [-86.093525, 40.72599], [-86.0936095, 40.7263032], [-86.0937073, 40.7266058], [-86.0938646, 40.7269956], [-86.0940759, 40.727427], [-86.0942485, 40.7277405], [-86.0943406, 40.7279012], [-86.0945053, 40.728141], [-86.094723, 40.72844], [-86.0949979, 40.7287598], [-86.095504, 40.729325], [-86.095858, 40.72971], [-86.096147, 40.73003], [-86.09641, 40.730321], [-86.096549, 40.7304822], [-86.096686, 40.730641], [-86.096857, 40.7308621], [-86.0970477, 40.7311476], [-86.0972183, 40.7314519], [-86.0973025, 40.7316573], [-86.0973671, 40.7318798], [-86.0974228, 40.7321473], [-86.0974342, 40.7322901], [-86.0974124, 40.732488], [-86.0974, 40.7326506], [-86.0973774, 40.7328586], [-86.0973328, 40.7332625], [-86.0972721, 40.733811], [-86.0972574, 40.7339705], [-86.0972286, 40.7340206], [-86.0971946, 40.7340692], [-86.0971664, 40.7341432], [-86.0971703, 40.7341878], [-86.0971883, 40.7342319], [-86.0972023, 40.7342775], [-86.097206, 40.7343143], [-86.0971933, 40.7346468], [-86.0972025, 40.7348368], [-86.0972334, 40.7350889], [-86.0972802, 40.7353998], [-86.0973738, 40.7357329], [-86.0974933, 40.7360788], [-86.0976117, 40.7363967], [-86.0976752, 40.7366588], [-86.0977399, 40.7370261], [-86.0977849, 40.7373878], [-86.0978032, 40.7377368], [-86.0977829, 40.738122], [-86.0977082, 40.7387376], [-86.0977022, 40.7387792], [-86.0976956, 40.7388222], [-86.0975729, 40.7391858], [-86.0974388, 40.7395738], [-86.0973367, 40.7398228], [-86.0972017, 40.7400838], [-86.0970511, 40.7403468], [-86.096846, 40.7406709], [-86.0966552, 40.7409271], [-86.0964492, 40.7411805], [-86.0963519, 40.7412928], [-86.0962099, 40.7414417], [-86.0949004, 40.7428206], [-86.0948486, 40.7428706], [-86.0947938, 40.7429271], [-86.0944849, 40.7432453], [-86.0932354, 40.7445435], [-86.0931516, 40.7446053], [-86.0930643, 40.744665], [-86.093034, 40.744681], [-86.0930017, 40.7446954], [-86.0930014, 40.7447755], [-86.0929996, 40.7448432], [-86.0929426, 40.7448737], [-86.092924, 40.744887], [-86.0927451, 40.7450092], [-86.092492, 40.745253], [-86.0914674, 40.7462758], [-86.0909495, 40.7467841], [-86.0900517, 40.7476747], [-86.0886233, 40.7490917], [-86.0884208, 40.749296], [-86.0882535, 40.7494647], [-86.0879819, 40.7497067], [-86.0875695, 40.7500446], [-86.0871503, 40.7503398], [-86.0870951, 40.7503788], [-86.0867737, 40.7505811], [-86.086405, 40.750805], [-86.085904, 40.751078], [-86.085195, 40.751451], [-86.062463, 40.752719]]}}, {"type": "Feature", "properties": {"company": "Norfolk and Western Railway", "line": "Norfolk and Western: Tipton \u2013 Peru (via Kokomo)", "id": "nw-tipton-kokomo-peru", "color": "#023047", "mode": "intercity_rail", "avg_speed_kmh": 55, "speed_source": "estimated: a secondary main line; unsourced", "geometry_quality": "Corridor-constrained trace over OpenStreetMap railway ways (rail/disused/abandoned/razed) within 6 km of a Tipton - Kokomo - Peru corridor, Dijkstra-weighted to hug the corridor and to avoid ways tagged to another company. 611 points, 35.1 mi. Composition: every tagged way used carries old_railway_operator=NKP. Approximations: six straight bridges totalling about 2.0 km across unmapped fragments, the largest 1.9 km; the two halves are butt-joined at Kokomo with a 0 m gap. Snaps 367 m at Tipton and 523 m at Peru. Indianapolis - Tipton is NOT drawn: a 16 km stretch of that corridor has no mapped track in OSM at all and the trace could not be completed honestly. Straight-line repair 2026-08-29: 1 ruled segment totalling 10 mi replaced with OpenStreetMap-traced rail geometry (see geometry_repairs for the OSM lines each one followed).", "segments": [{"start": 1964, "end": 1965, "headway_min": 720, "note": "The Nickel Plate was merged into the Norfolk and Western in 1964. Its last passenger trains anywhere on the system, the City of Chicago and the City of Cleveland, ran on September 9 1965. The end year of this feature's last segment is an UPPER BOUND, not a sourced discontinuance: no source found gives the date this particular branch lost its passenger trains, so it is drawn to the Nickel Plate's system-wide end of passenger service on September 9 1965. Local service over an Indiana branch facing interurban competition very likely ended earlier. See metadata.not_yet_sourced.", "sources": ["https://en.wikipedia.org/wiki/Kokomo,_Indiana (the first railroad reached Kokomo in 1854; the Peru and Indianapolis Railroad was under construction from 1852, its route laid along Buckeye Street, with Kokomo the terminus before the line was extended to Peru and Michigan City; the Pennsylvania Railroad announced a line through Kokomo and a line between Kokomo and Logansport was commenced by 1853, 'Railroad service was inaugurated on that line on July 4, 1855'; the Clover Leaf line began as the Frankfort and Kokomo Railroad, construction started 1873 and completed 1874, and 'A line connecting it to the east reached Kokomo on January 1, 1881', eventually part of the Toledo, St. Louis and Kansas City Railroad)", "https://en.wikipedia.org/wiki/Lake_Erie_and_Western_Railroad (the Peru & Indianapolis, incorporated in Indiana January 19 1846, was the first and oldest trackage on the Nickel Plate System; the Indianapolis to Michigan City line became part of the Lake Erie and Western on April 8 1887)", "https://www.american-rails.com/nickel.html (the Van Sweringens acquired the 718-mile Lake Erie & Western on April 26 1922, its branches connecting Michigan City with Indianapolis and Fort Wayne with Rushville/Connersville; the Toledo, St. Louis & Western - the Clover Leaf Route - was acquired in March 1922, 450 miles linking Toledo with East St. Louis; the Nickel Plate ran its last passenger trains, the City of Chicago and the City of Cleveland, on September 9 1965)", "https://www.nkphts.org/lakeeriewestern (Nickel Plate Road Historical & Technical Society, Lake Erie & Western)", "https://en.wikipedia.org/wiki/Lake_Erie_and_Western_Depot_Historic_District (the Lake Erie and Western depot at Kokomo, an American Craftsman passenger and freight depot of 1916, listed on the National Register in 2008)", "https://www.pharostribune.com/news/local_news/article_767e26e7-1928-50a0-af89-597e11bfe305.html (Logansport Pharos-Tribune, 175th Anniversary: the railroad opened to Kokomo was celebrated Sept 1855 and was referred to as the 'Cincinnati and Chicago Railroad'; the Pennsylvania Railroad acquired running rights in 1882 between Indianapolis and Kokomo over the line of the former Indianapolis, Peru & Chicago)"]}], "geometry_repairs": [{"date": "2026-08-29", "from": [-86.0377391, 40.283555], "to": [-86.106261, 40.42542], "chord_mi": 10.44, "traced_mi": 10.45, "snap_m": [0, 0], "bridged_mi": 0.0, "osm_lines": ["NKP [disused] (10.04 mi)", "NKP [razed] (0.26 mi)", "NKP [abandoned] (0.15 mi)"], "method": "Overpass rail graph, 8.0 km corridor, Dijkstra, simplified to 3.0 m"}]}, "geometry": {"type": "LineString", "coordinates": [[-86.0377391, 40.283555], [-86.0513209, 40.3107706], [-86.053448, 40.315148], [-86.057399, 40.3229481], [-86.067645, 40.343618], [-86.0694382, 40.3471068], [-86.0811623, 40.3706419], [-86.081986, 40.372533], [-86.083765, 40.375752], [-86.0841473, 40.3766325], [-86.098555, 40.405663], [-86.106261, 40.42542], [-86.106819, 40.426856], [-86.108284, 40.430635], [-86.108515, 40.431238], [-86.109351, 40.433401], [-86.109421, 40.4335681], [-86.10952, 40.433843], [-86.109909, 40.434847], [-86.1099632, 40.4349898], [-86.11015, 40.435482], [-86.110902, 40.437428], [-86.11115, 40.438076], [-86.111371, 40.438645], [-86.111585, 40.439208], [-86.111918, 40.440071], [-86.112036, 40.440376], [-86.112196, 40.440795], [-86.112316, 40.441102], [-86.112814, 40.442396], [-86.11341, 40.44394], [-86.11372, 40.444749], [-86.113926, 40.445279], [-86.114122, 40.44579], [-86.114234, 40.44609], [-86.114472, 40.446697], [-86.114872, 40.447748], [-86.115015, 40.448104], [-86.115145, 40.448453], [-86.115413, 40.449139], [-86.115707, 40.449906], [-86.115905, 40.450417], [-86.116194, 40.45117], [-86.116277, 40.451376], [-86.1163059, 40.4514659], [-86.116454, 40.45184], [-86.116526, 40.452023], [-86.116641, 40.452318], [-86.116811, 40.45277], [-86.116882, 40.452943], [-86.117059, 40.453417], [-86.117134, 40.453605], [-86.11721, 40.453798], [-86.117594, 40.454805], [-86.117661, 40.454971], [-86.11773, 40.455159], [-86.1177597, 40.4552327], [-86.117797, 40.455331], [-86.117886, 40.455556], [-86.118072, 40.45604], [-86.118618, 40.457442], [-86.1187046, 40.4576371], [-86.118753, 40.457746], [-86.118881, 40.45802], [-86.119174, 40.458598], [-86.119299, 40.458821], [-86.1194147, 40.4590085], [-86.1196784, 40.4594359], [-86.119729, 40.459518], [-86.120192, 40.46021], [-86.120561, 40.460757], [-86.120643, 40.460876], [-86.1217218, 40.4624616], [-86.12271, 40.463916], [-86.122822, 40.464079], [-86.122993, 40.464337], [-86.123202, 40.464645], [-86.123987, 40.4658], [-86.124115, 40.465993], [-86.124626, 40.466743], [-86.124761, 40.466942], [-86.1249708, 40.4672551], [-86.1250147, 40.4673206], [-86.1250482, 40.4673662], [-86.125059, 40.467381], [-86.1256164, 40.4682069], [-86.12596, 40.468716], [-86.126155, 40.468996], [-86.126321, 40.469248], [-86.126489, 40.469493], [-86.1265391, 40.4695652], [-86.126548, 40.469578], [-86.126697, 40.469799], [-86.1271541, 40.4704737], [-86.127296, 40.470683], [-86.127408, 40.470851], [-86.127674, 40.471241], [-86.1278993, 40.4715725], [-86.127937, 40.471628], [-86.128155, 40.47195], [-86.128664, 40.472698], [-86.1296719, 40.4741886], [-86.1296958, 40.4742239], [-86.129826, 40.474416], [-86.129846, 40.474445], [-86.13, 40.474642], [-86.130223, 40.474993], [-86.130525, 40.475484], [-86.130689, 40.475761], [-86.1309725, 40.4762775], [-86.131149, 40.476635], [-86.131349, 40.477065], [-86.131453, 40.477303], [-86.131606, 40.477688], [-86.131695, 40.477933], [-86.131898, 40.478555], [-86.1319774, 40.4788492], [-86.131996, 40.478918], [-86.1320152, 40.4789896], [-86.132057, 40.479145], [-86.132111, 40.479378], [-86.13221, 40.479858], [-86.1322441, 40.4800602], [-86.132327, 40.480597], [-86.132371, 40.481002], [-86.132386, 40.481211], [-86.132407, 40.48166], [-86.132413, 40.48214], [-86.132414, 40.482583], [-86.1324365, 40.4842745], [-86.1324389, 40.4847216], [-86.1324416, 40.4849013], [-86.1324406, 40.4854617], [-86.1324399, 40.4855402], [-86.1324403, 40.4856063], [-86.1324464, 40.4860044], [-86.1324454, 40.486398], [-86.1324456, 40.4864783], [-86.132446, 40.4865645], [-86.132448, 40.4869381], [-86.1324468, 40.4873089], [-86.1324486, 40.4874022], [-86.1324498, 40.4874793], [-86.1324542, 40.4878924], [-86.1324563, 40.4882583], [-86.1324559, 40.488339], [-86.1324548, 40.4884259], [-86.1324579, 40.4888102], [-86.13246, 40.4891018], [-86.1324581, 40.4892055], [-86.1324606, 40.4892737], [-86.132462, 40.4893478], [-86.1324625, 40.4898232], [-86.1324604, 40.4898915], [-86.1324612, 40.4899546], [-86.132457, 40.490588], [-86.1324697, 40.4909065], [-86.1324689, 40.4909902], [-86.1324657, 40.491052], [-86.132448, 40.491396], [-86.1324324, 40.4917779], [-86.1324277, 40.4918405], [-86.1324228, 40.4919231], [-86.1324126, 40.4920415], [-86.1323922, 40.4922516], [-86.1323775, 40.4923811], [-86.1323657, 40.4924795], [-86.1323521, 40.4925835], [-86.1323404, 40.4926563], [-86.1323327, 40.4927058], [-86.1323245, 40.4927512], [-86.1322329, 40.4932918], [-86.1321701, 40.4936662], [-86.132022, 40.494538], [-86.1318849, 40.4953413], [-86.1318741, 40.4954036], [-86.1318566, 40.4955039], [-86.1318495, 40.4955459], [-86.1317741, 40.4959952], [-86.1317672, 40.4960342], [-86.1317233, 40.4962937], [-86.1316942, 40.4964649], [-86.1316599, 40.4966724], [-86.1316394, 40.496792], [-86.1316212, 40.4969037], [-86.1315722, 40.4971902], [-86.1314124, 40.4981644], [-86.1311463, 40.4997137], [-86.1308885, 40.5012561], [-86.1308357, 40.5015676], [-86.1308329, 40.5015841], [-86.130484, 40.5036379], [-86.1302435, 40.5051064], [-86.1302416, 40.5051191], [-86.130201, 40.5053368], [-86.130188, 40.5054062], [-86.130171, 40.50548], [-86.1297262, 40.5080915], [-86.1295804, 40.5089472], [-86.1295754, 40.5089854], [-86.1295633, 40.5090473], [-86.1295556, 40.5090948], [-86.1295395, 40.509195], [-86.1277207, 40.5199363], [-86.12677, 40.525472], [-86.1261857, 40.5289315], [-86.12601, 40.529971], [-86.1258733, 40.5307781], [-86.1257268, 40.5316425], [-86.1253614, 40.5337991], [-86.125357, 40.5338252], [-86.1253431, 40.533907], [-86.1251971, 40.5347689], [-86.1251714, 40.5349203], [-86.124917, 40.536411], [-86.1249044, 40.536482], [-86.1248504, 40.5367857], [-86.124842, 40.536833], [-86.124834, 40.536878], [-86.124814, 40.536991], [-86.124775, 40.537212], [-86.124705, 40.537678], [-86.1246601, 40.5379379], [-86.12447, 40.539039], [-86.124429, 40.539319], [-86.124406, 40.53945], [-86.124309, 40.539996], [-86.12421, 40.540567], [-86.1241183, 40.5411229], [-86.1240351, 40.5416271], [-86.1240242, 40.5416929], [-86.1238353, 40.5428087], [-86.1238039, 40.5429943], [-86.1233193, 40.5458562], [-86.1230317, 40.5475542], [-86.1229743, 40.5478932], [-86.122603, 40.550086], [-86.122483, 40.550665], [-86.1223837, 40.5510532], [-86.122272, 40.551434], [-86.122085, 40.551993], [-86.121932, 40.552389], [-86.121721, 40.552954], [-86.121491, 40.553669], [-86.121362, 40.55416], [-86.121283, 40.554512], [-86.121166, 40.555179], [-86.121111, 40.555551], [-86.121046, 40.556211], [-86.121027, 40.55655], [-86.121019, 40.557104], [-86.121023, 40.557393], [-86.121064, 40.558499], [-86.121086, 40.558921], [-86.121108, 40.559224], [-86.121151, 40.559931], [-86.121156, 40.559976], [-86.121184, 40.560516], [-86.121208, 40.561347], [-86.121218, 40.561708], [-86.121215, 40.562198], [-86.1211759, 40.5628816], [-86.1210909, 40.563586], [-86.120977, 40.564234], [-86.120887, 40.56466], [-86.120746, 40.565285], [-86.120403, 40.566535], [-86.120052, 40.567772], [-86.119697, 40.569054], [-86.119392, 40.570284], [-86.11935, 40.570428], [-86.1182848, 40.5744613], [-86.1172583, 40.5783609], [-86.117073, 40.5789968], [-86.1169639, 40.5794748], [-86.1164775, 40.5813216], [-86.1163926, 40.5816994], [-86.1163167, 40.5819957], [-86.116133, 40.5826567], [-86.1160745, 40.5828792], [-86.1160292, 40.5830292], [-86.1159664, 40.5831953], [-86.1154988, 40.5849552], [-86.11494, 40.587103], [-86.114765, 40.587791], [-86.114652, 40.588218], [-86.114335, 40.589463], [-86.1135907, 40.5922505], [-86.1133165, 40.5931857], [-86.111637, 40.599539], [-86.1097043, 40.606786], [-86.1091151, 40.6090429], [-86.1090303, 40.6093489], [-86.1088348, 40.6101793], [-86.1083358, 40.6120686], [-86.1077888, 40.6140613], [-86.107535, 40.6150255], [-86.1072769, 40.615994], [-86.1058485, 40.6213485], [-86.1020134, 40.6358319], [-86.1010694, 40.6393675], [-86.0998643, 40.6439252], [-86.0996202, 40.6448062], [-86.0994752, 40.6455023], [-86.0993933, 40.6459617], [-86.099357, 40.6461952], [-86.0993286, 40.6463824], [-86.0992839, 40.6467996], [-86.099248, 40.6472956], [-86.0992396, 40.6477715], [-86.0992431, 40.6481703], [-86.0992799, 40.6487952], [-86.0993372, 40.649375], [-86.0994393, 40.6500896], [-86.0996702, 40.6518584], [-86.099909, 40.6536876], [-86.1003889, 40.6573628], [-86.1005035, 40.658303], [-86.1006292, 40.659243], [-86.1006778, 40.6596059], [-86.1007929, 40.6605832], [-86.100916, 40.6614671], [-86.1012839, 40.6643203], [-86.1013099, 40.6646424], [-86.101337, 40.665241], [-86.1013416, 40.6655979], [-86.1013263, 40.6660364], [-86.101299, 40.666553], [-86.1012519, 40.667089], [-86.1012028, 40.6674669], [-86.1011317, 40.6678355], [-86.1010365, 40.6682302], [-86.1009619, 40.6686404], [-86.1008787, 40.6690107], [-86.100721, 40.6696083], [-86.100618, 40.6700981], [-86.1005447, 40.6707235], [-86.1005124, 40.671093], [-86.1005053, 40.6715354], [-86.100555, 40.672444], [-86.100738, 40.67325], [-86.1008774, 40.6738364], [-86.1009842, 40.6743785], [-86.1010738, 40.674892], [-86.1011491, 40.6754716], [-86.1012067, 40.6760657], [-86.1012266, 40.676603], [-86.1012358, 40.6781233], [-86.1012282, 40.6821786], [-86.10125, 40.682953], [-86.1012663, 40.6833107], [-86.101304, 40.6837888], [-86.1013672, 40.684258], [-86.1014741, 40.684867], [-86.1015638, 40.6852839], [-86.101707, 40.6858], [-86.1018883, 40.6863776], [-86.102083, 40.686896], [-86.1023129, 40.6875095], [-86.1024799, 40.6880421], [-86.1026403, 40.6886082], [-86.1027568, 40.6891492], [-86.1028577, 40.6897596], [-86.1029344, 40.6904272], [-86.102984, 40.691046], [-86.1030008, 40.691444], [-86.1029904, 40.6919102], [-86.1029701, 40.6925832], [-86.1028995, 40.6942391], [-86.1028286, 40.6958962], [-86.1027838, 40.6969226], [-86.1027504, 40.697745], [-86.1027299, 40.6982014], [-86.1027437, 40.6985831], [-86.1027895, 40.6990183], [-86.1028897, 40.6994111], [-86.1030342, 40.6998545], [-86.1032127, 40.7002605], [-86.1037468, 40.70117], [-86.1039157, 40.7015207], [-86.1040568, 40.7019173], [-86.1041441, 40.7022807], [-86.1041685, 40.7026418], [-86.1041698, 40.7033411], [-86.1041294, 40.7036968], [-86.1040285, 40.7041024], [-86.1038952, 40.704478], [-86.1037058, 40.7048647], [-86.1034608, 40.705327], [-86.1031708, 40.7058403], [-86.1028798, 40.7064039], [-86.1027677, 40.7066602], [-86.1026173, 40.7070796], [-86.1023426, 40.707956], [-86.102253, 40.708211], [-86.1021253, 40.7085375], [-86.1020806, 40.7086378], [-86.1019724, 40.708872], [-86.1017835, 40.7092208], [-86.1015182, 40.709703], [-86.1011671, 40.7102942], [-86.1011087, 40.7103884], [-86.1007858, 40.7109137], [-86.100166, 40.7120061], [-86.1001109, 40.7121036], [-86.0999769, 40.7123609], [-86.0998654, 40.7126299], [-86.0997808, 40.7129645], [-86.0997314, 40.7132992], [-86.0997204, 40.7135839], [-86.099726, 40.7140046], [-86.0997303, 40.7149862], [-86.0997261, 40.7153291], [-86.0996917, 40.7156969], [-86.0996042, 40.7160472], [-86.0995303, 40.7163172], [-86.0994327, 40.7165886], [-86.0993153, 40.7168422], [-86.0991923, 40.7170673], [-86.0990528, 40.7172937], [-86.0989268, 40.717479], [-86.0983397, 40.7181921], [-86.0980474, 40.7185278], [-86.0979424, 40.718654], [-86.0978302, 40.7188043], [-86.0975961, 40.7191713], [-86.0975266, 40.71928], [-86.097482, 40.71935], [-86.0972397, 40.7197457], [-86.0970828, 40.719953], [-86.0969246, 40.7201376], [-86.0966818, 40.720382], [-86.096408, 40.7206308], [-86.0960812, 40.7209095], [-86.0956366, 40.7212179], [-86.0952448, 40.7214816], [-86.0949171, 40.7217384], [-86.0947228, 40.7219043], [-86.0945347, 40.7220865], [-86.0943069, 40.7223341], [-86.0941122, 40.7225656], [-86.0940774, 40.7226136], [-86.0939919, 40.7227317], [-86.0938816, 40.7228848], [-86.0937474, 40.723108], [-86.093615, 40.7233653], [-86.0935154, 40.7236337], [-86.0934368, 40.7238982], [-86.0933934, 40.7241162], [-86.0933719, 40.7243072], [-86.0933462, 40.7245036], [-86.0933482, 40.7247083], [-86.093354, 40.7249979], [-86.0933907, 40.7253277], [-86.0934486, 40.7256802], [-86.093525, 40.72599], [-86.0936095, 40.7263032], [-86.0937073, 40.7266058], [-86.0938646, 40.7269956], [-86.0940759, 40.727427], [-86.0942485, 40.7277405], [-86.0943406, 40.7279012], [-86.0945053, 40.728141], [-86.094723, 40.72844], [-86.0949979, 40.7287598], [-86.095504, 40.729325], [-86.095858, 40.72971], [-86.096147, 40.73003], [-86.09641, 40.730321], [-86.096549, 40.7304822], [-86.096686, 40.730641], [-86.096857, 40.7308621], [-86.0970477, 40.7311476], [-86.0972183, 40.7314519], [-86.0973025, 40.7316573], [-86.0973671, 40.7318798], [-86.0974228, 40.7321473], [-86.0974342, 40.7322901], [-86.0974124, 40.732488], [-86.0974, 40.7326506], [-86.0973774, 40.7328586], [-86.0973328, 40.7332625], [-86.0972721, 40.733811], [-86.0972574, 40.7339705], [-86.0972286, 40.7340206], [-86.0971946, 40.7340692], [-86.0971664, 40.7341432], [-86.0971703, 40.7341878], [-86.0971883, 40.7342319], [-86.0972023, 40.7342775], [-86.097206, 40.7343143], [-86.0971933, 40.7346468], [-86.0972025, 40.7348368], [-86.0972334, 40.7350889], [-86.0972802, 40.7353998], [-86.0973738, 40.7357329], [-86.0974933, 40.7360788], [-86.0976117, 40.7363967], [-86.0976752, 40.7366588], [-86.0977399, 40.7370261], [-86.0977849, 40.7373878], [-86.0978032, 40.7377368], [-86.0977829, 40.738122], [-86.0977082, 40.7387376], [-86.0977022, 40.7387792], [-86.0976956, 40.7388222], [-86.0975729, 40.7391858], [-86.0974388, 40.7395738], [-86.0973367, 40.7398228], [-86.0972017, 40.7400838], [-86.0970511, 40.7403468], [-86.096846, 40.7406709], [-86.0966552, 40.7409271], [-86.0964492, 40.7411805], [-86.0963519, 40.7412928], [-86.0962099, 40.7414417], [-86.0949004, 40.7428206], [-86.0948486, 40.7428706], [-86.0947938, 40.7429271], [-86.0944849, 40.7432453], [-86.0932354, 40.7445435], [-86.0931516, 40.7446053], [-86.0930643, 40.744665], [-86.093034, 40.744681], [-86.0930017, 40.7446954], [-86.0930014, 40.7447755], [-86.0929996, 40.7448432], [-86.0929426, 40.7448737], [-86.092924, 40.744887], [-86.0927451, 40.7450092], [-86.092492, 40.745253], [-86.0914674, 40.7462758], [-86.0909495, 40.7467841], [-86.0900517, 40.7476747], [-86.0886233, 40.7490917], [-86.0884208, 40.749296], [-86.0882535, 40.7494647], [-86.0879819, 40.7497067], [-86.0875695, 40.7500446], [-86.0871503, 40.7503398], [-86.0870951, 40.7503788], [-86.0867737, 40.7505811], [-86.086405, 40.750805], [-86.085904, 40.751078], [-86.085195, 40.751451], [-86.062463, 40.752719]]}}, {"type": "Feature", "properties": {"company": "Clover Leaf Route", "line": "Clover Leaf: Frankfort \u2013 Marion (via Kokomo)", "id": "cl-frankfort-kokomo-marion", "color": "#9e0059", "mode": "intercity_rail", "avg_speed_kmh": 50, "speed_source": "estimated: a cross-country secondary main; unsourced", "geometry_quality": "Corridor-constrained trace over OpenStreetMap railway ways within 6 km of a Frankfort - Kokomo - Marion corridor. 561 points, 52.5 mi against a documented 25 miles Frankfort-Kokomo plus roughly 27 more to Marion. 114 of the 121 ways used carry old_railway_operator=NKP, the rest untagged. Approximations: ten straight bridges totalling 5.55 km, the largest 4.39 km. Max deviation from the corridor 2.94 km; snaps 363 m at Frankfort and 326 m at Marion. Zero reversals. Straight-line repair 2026-08-29: 1 ruled segment totalling 11 mi replaced with OpenStreetMap-traced rail geometry (see geometry_repairs for the OSM lines each one followed).", "segments": [{"start": 1881, "end": 1922, "headway_min": 600, "note": "Begun as the Frankfort and Kokomo Railroad, built 1873-74 and bought in September 1880; the connection eastward reached Kokomo on January 1 1881, which is where this feature starts, since the through line did not exist before then. It grew into the Toledo, St. Louis and Kansas City and then the Toledo, St. Louis and Western - the Clover Leaf Route - linking Toledo with East St. Louis, and contemporary accounts call it the most important of Kokomo's rail connections; frequency estimated, unsourced", "sources": ["https://en.wikipedia.org/wiki/Kokomo,_Indiana (the first railroad reached Kokomo in 1854; the Peru and Indianapolis Railroad was under construction from 1852, its route laid along Buckeye Street, with Kokomo the terminus before the line was extended to Peru and Michigan City; the Pennsylvania Railroad announced a line through Kokomo and a line between Kokomo and Logansport was commenced by 1853, 'Railroad service was inaugurated on that line on July 4, 1855'; the Clover Leaf line began as the Frankfort and Kokomo Railroad, construction started 1873 and completed 1874, and 'A line connecting it to the east reached Kokomo on January 1, 1881', eventually part of the Toledo, St. Louis and Kansas City Railroad)", "https://en.wikipedia.org/wiki/Lake_Erie_and_Western_Railroad (the Peru & Indianapolis, incorporated in Indiana January 19 1846, was the first and oldest trackage on the Nickel Plate System; the Indianapolis to Michigan City line became part of the Lake Erie and Western on April 8 1887)", "https://www.american-rails.com/nickel.html (the Van Sweringens acquired the 718-mile Lake Erie & Western on April 26 1922, its branches connecting Michigan City with Indianapolis and Fort Wayne with Rushville/Connersville; the Toledo, St. Louis & Western - the Clover Leaf Route - was acquired in March 1922, 450 miles linking Toledo with East St. Louis; the Nickel Plate ran its last passenger trains, the City of Chicago and the City of Cleveland, on September 9 1965)", "https://www.nkphts.org/lakeeriewestern (Nickel Plate Road Historical & Technical Society, Lake Erie & Western)", "https://en.wikipedia.org/wiki/Lake_Erie_and_Western_Depot_Historic_District (the Lake Erie and Western depot at Kokomo, an American Craftsman passenger and freight depot of 1916, listed on the National Register in 2008)", "https://www.pharostribune.com/news/local_news/article_767e26e7-1928-50a0-af89-597e11bfe305.html (Logansport Pharos-Tribune, 175th Anniversary: the railroad opened to Kokomo was celebrated Sept 1855 and was referred to as the 'Cincinnati and Chicago Railroad'; the Pennsylvania Railroad acquired running rights in 1882 between Indianapolis and Kokomo over the line of the former Indianapolis, Peru & Chicago)"]}], "geometry_repairs": [{"date": "2026-08-29", "from": [-85.929988, 40.490347], "to": [-85.7248988, 40.5223282], "chord_mi": 11.01, "traced_mi": 11.01, "snap_m": [0, 0], "bridged_mi": 0.0, "osm_lines": ["NKP (11.01 mi)"], "method": "Overpass rail graph, 8.0 km corridor, Dijkstra, simplified to 3.0 m"}]}, "geometry": {"type": "LineString", "coordinates": [[-86.5095557, 40.2826187], [-86.5093323, 40.2826201], [-86.5072305, 40.2826389], [-86.5071555, 40.2826393], [-86.5070718, 40.2826401], [-86.5061833, 40.2826469], [-86.5061104, 40.2826475], [-86.5060199, 40.2826483], [-86.5058506, 40.2826523], [-86.5049046, 40.2826612], [-86.5048333, 40.2826598], [-86.5046384, 40.2826612], [-86.5042345, 40.2826805], [-86.503828, 40.2827454], [-86.5032548, 40.2828566], [-86.5029035, 40.2829467], [-86.5025549, 40.2830533], [-86.5022187, 40.2831877], [-86.5018929, 40.2833377], [-86.5016289, 40.2834818], [-86.5013666, 40.2836398], [-86.5010706, 40.283844], [-86.5007718, 40.2840802], [-86.4998418, 40.2848666], [-86.4995882, 40.285081], [-86.4989834, 40.2855823], [-86.4986871, 40.2858362], [-86.4979707, 40.286441], [-86.4974182, 40.2868535], [-86.4971467, 40.2870397], [-86.4962248, 40.2874896], [-86.4954582, 40.2878134], [-86.4938162, 40.2884693], [-86.4912234, 40.2894973], [-86.48989, 40.290026], [-86.4872362, 40.2910955], [-86.4858804, 40.2916501], [-86.4824779, 40.2930129], [-86.4809571, 40.2936138], [-86.4802782, 40.2938821], [-86.4746851, 40.2961323], [-86.4671895, 40.2991439], [-86.4636605, 40.300576], [-86.4633117, 40.3007059], [-86.4619949, 40.301236], [-86.4594087, 40.3022733], [-86.4545532, 40.304218], [-86.4465149, 40.3074285], [-86.4437549, 40.3085191], [-86.4404075, 40.3098719], [-86.4309962, 40.3136389], [-86.4119656, 40.3212629], [-86.4079354, 40.3228995], [-86.4072346, 40.3232236], [-86.4014306, 40.3262886], [-86.4013426, 40.3263351], [-86.3938574, 40.330288], [-86.3929702, 40.3307588], [-86.3916145, 40.3314629], [-86.3907883, 40.3319104], [-86.3880162, 40.3334117], [-86.387128, 40.3339814], [-86.3753622, 40.3425811], [-86.3675151, 40.3483368], [-86.356237, 40.356603], [-86.3520444, 40.3596654], [-86.3517341, 40.359892], [-86.3510929, 40.3603603], [-86.3421507, 40.3668862], [-86.3376784, 40.3701427], [-86.332677, 40.3737949], [-86.3325045, 40.3739296], [-86.3297617, 40.3759224], [-86.3297179, 40.3759543], [-86.3296783, 40.3759831], [-86.3292833, 40.3762706], [-86.3287617, 40.3766515], [-86.3236293, 40.3803966], [-86.3233712, 40.3805848], [-86.3139546, 40.3874446], [-86.3127501, 40.3883207], [-86.3126814, 40.3883712], [-86.3126447, 40.3883978], [-86.3087289, 40.3912443], [-86.3048116, 40.3940909], [-86.3046417, 40.3942182], [-86.3045687, 40.3942703], [-86.304471, 40.394339], [-86.3043617, 40.3944189], [-86.2950385, 40.4011855], [-86.2946187, 40.4014732], [-86.294114, 40.4017854], [-86.2935365, 40.402117], [-86.2931535, 40.4023323], [-86.292353, 40.4027612], [-86.292287, 40.402802], [-86.27627, 40.4115529], [-86.275994, 40.411703], [-86.2714525, 40.4141777], [-86.2713724, 40.4142195], [-86.2712241, 40.4142992], [-86.2708894, 40.4144736], [-86.270492, 40.414664], [-86.269577, 40.415084], [-86.26929, 40.415216], [-86.268755, 40.415462], [-86.268719, 40.415478], [-86.2672719, 40.416145], [-86.2666615, 40.4164204], [-86.266623, 40.4164367], [-86.265791, 40.416812], [-86.264803, 40.417263], [-86.2642794, 40.4174979], [-86.263875, 40.417687], [-86.26373, 40.417753], [-86.263153, 40.418013], [-86.263002, 40.418083], [-86.26227, 40.418418], [-86.260251, 40.419334], [-86.259785, 40.419549], [-86.259212, 40.41981], [-86.258018, 40.420353], [-86.2572034, 40.4207254], [-86.257062, 40.42079], [-86.256599, 40.421002], [-86.256051, 40.42125], [-86.255876, 40.421333], [-86.255567, 40.421472], [-86.255178, 40.421647], [-86.251087, 40.42351], [-86.250141, 40.42394], [-86.249076, 40.424427], [-86.2482866, 40.4247916], [-86.2474787, 40.4251573], [-86.246515, 40.425592], [-86.242887, 40.4272469], [-86.242784, 40.427294], [-86.241168, 40.428027], [-86.239473, 40.4288], [-86.238811, 40.429097], [-86.237779, 40.42957], [-86.236318, 40.430232], [-86.235852, 40.430448], [-86.234174, 40.431208], [-86.232778, 40.431845], [-86.2323688, 40.4320352], [-86.232164, 40.432121], [-86.232036, 40.432182], [-86.231223, 40.432553], [-86.230093, 40.433067], [-86.229074, 40.433529], [-86.228419, 40.433829], [-86.227054, 40.434455], [-86.226563, 40.434675], [-86.224259, 40.435724], [-86.223483, 40.436079], [-86.222694, 40.436438], [-86.222327, 40.436607], [-86.22212, 40.436698], [-86.219427, 40.437926], [-86.217744, 40.438693], [-86.216333, 40.439334], [-86.215667, 40.439638], [-86.214976, 40.43995], [-86.214448, 40.440193], [-86.213701, 40.440532], [-86.212748, 40.440966], [-86.212008, 40.441303], [-86.210449, 40.442012], [-86.209975, 40.442231], [-86.208488, 40.442904], [-86.208097, 40.443077], [-86.207194, 40.443491], [-86.2043502, 40.4447751], [-86.2042044, 40.4448362], [-86.2040656, 40.4448968], [-86.203296, 40.445265], [-86.202458, 40.445644], [-86.201579, 40.446045], [-86.20113, 40.446247], [-86.200368, 40.446595], [-86.2002251, 40.4466568], [-86.199755, 40.446876], [-86.198867, 40.447277], [-86.197622, 40.447843], [-86.195403, 40.448857], [-86.193446, 40.449747], [-86.191861, 40.450465], [-86.189846, 40.451384], [-86.188202, 40.452131], [-86.185319, 40.453447], [-86.184522, 40.453808], [-86.18432, 40.453898], [-86.1842396, 40.4539397], [-86.183867, 40.454104], [-86.182443, 40.454757], [-86.181976, 40.454975], [-86.181689, 40.455116], [-86.181267, 40.455334], [-86.18088, 40.455542], [-86.18056, 40.455722], [-86.180153, 40.455962], [-86.179749, 40.456215], [-86.179366, 40.456467], [-86.179088, 40.456656], [-86.178722, 40.45692], [-86.178378, 40.457177], [-86.178088, 40.457403], [-86.177551, 40.457852], [-86.1775023, 40.457895], [-86.177262, 40.458107], [-86.17695, 40.458393], [-86.1737022, 40.4616108], [-86.172562, 40.462743], [-86.171983, 40.463316], [-86.170247, 40.465042], [-86.170078, 40.465209], [-86.1699789, 40.4653073], [-86.166323, 40.468935], [-86.165552, 40.469701], [-86.1651883, 40.470062], [-86.1650541, 40.4701952], [-86.1649514, 40.4702971], [-86.164216, 40.471027], [-86.161928, 40.473292], [-86.161187, 40.474031], [-86.160575, 40.474634], [-86.16048, 40.474729], [-86.1603463, 40.4748639], [-86.1601185, 40.4750889], [-86.159982, 40.4752241], [-86.1587961, 40.4764219], [-86.158783, 40.476426], [-86.158543, 40.476654], [-86.155872, 40.479302], [-86.1555606, 40.4796397], [-86.1554412, 40.4797506], [-86.1524916, 40.4826753], [-86.1518015, 40.4833585], [-86.1516468, 40.4835028], [-86.1514754, 40.4836955], [-86.1504247, 40.4847277], [-86.1486055, 40.4865207], [-86.1485356, 40.4866057], [-86.1485038, 40.4866481], [-86.1484828, 40.4866752], [-86.1484497, 40.4867065], [-86.1484131, 40.4867449], [-86.1483605, 40.486797], [-86.1483123, 40.4868378], [-86.1482599, 40.4868788], [-86.1482018, 40.4869243], [-86.1477378, 40.4873733], [-86.1476846, 40.4874261], [-86.1476433, 40.4874669], [-86.1469193, 40.4881826], [-86.146842, 40.488259], [-86.1467755, 40.4883253], [-86.1459926, 40.4891056], [-86.14595, 40.489148], [-86.145869, 40.4892272], [-86.1458386, 40.4892569], [-86.145769, 40.489325], [-86.1457247, 40.4893717], [-86.1454826, 40.4896102], [-86.1450397, 40.4900578], [-86.144994, 40.490096], [-86.1449465, 40.4901435], [-86.144854, 40.490236], [-86.1443407, 40.4907486], [-86.1443004, 40.4907889], [-86.1442067, 40.4908855], [-86.144172, 40.4909197], [-86.1434992, 40.4915814], [-86.143461, 40.491619], [-86.1434098, 40.4916699], [-86.143311, 40.491768], [-86.143109, 40.491962], [-86.1430085, 40.4920517], [-86.142904, 40.492124], [-86.1427303, 40.4922574], [-86.1426298, 40.4923139], [-86.142367, 40.492415], [-86.1422345, 40.4924778], [-86.1420221, 40.4925456], [-86.141951, 40.492547], [-86.1419119, 40.4925727], [-86.1418844, 40.4925792], [-86.1416674, 40.4926111], [-86.141518, 40.4926257], [-86.1411162, 40.492638], [-86.1408958, 40.4926324], [-86.1408611, 40.4926296], [-86.1407928, 40.4926213], [-86.1407408, 40.492611], [-86.1407086, 40.4926046], [-86.1402195, 40.4926068], [-86.1397119, 40.4926076], [-86.1396433, 40.4926078], [-86.1395897, 40.492608], [-86.1390959, 40.4926142], [-86.1386377, 40.4926174], [-86.1385674, 40.4926179], [-86.1385203, 40.4926182], [-86.1380258, 40.4926198], [-86.1375663, 40.4926217], [-86.137461, 40.4926221], [-86.1374048, 40.4926231], [-86.1369049, 40.4926316], [-86.136309, 40.492702], [-86.1362392, 40.4927043], [-86.1362165, 40.4927052], [-86.1357373, 40.492716], [-86.1352727, 40.49272], [-86.134832, 40.492684], [-86.134027, 40.492693], [-86.1338171, 40.4926957], [-86.133714, 40.492697], [-86.1336287, 40.4926957], [-86.13358, 40.492695], [-86.1331785, 40.4926977], [-86.1325881, 40.492703], [-86.1323764, 40.4927056], [-86.1323327, 40.4927058], [-86.1322352, 40.4927064], [-86.1321874, 40.4927071], [-86.1313428, 40.4927158], [-86.1312576, 40.4927167], [-86.1311711, 40.492718], [-86.130639, 40.4927259], [-86.1300403, 40.492727], [-86.1294243, 40.4927387], [-86.128945, 40.4927401], [-86.1280451, 40.4927504], [-86.1278539, 40.4927523], [-86.127659, 40.4927599], [-86.1274721, 40.4927534], [-86.1269328, 40.4927602], [-86.1268631, 40.4927616], [-86.1262689, 40.4927665], [-86.1256565, 40.4927775], [-86.1250575, 40.4927857], [-86.1244371, 40.4927896], [-86.1232906, 40.4928031], [-86.123212, 40.492804], [-86.1222319, 40.4928112], [-86.1220223, 40.4928136], [-86.1218084, 40.4928171], [-86.121539, 40.492827], [-86.121235, 40.492839], [-86.120764, 40.492874], [-86.120482, 40.492902], [-86.119777, 40.492987], [-86.119317, 40.493047], [-86.118361, 40.493173], [-86.1181537, 40.493195], [-86.1179216, 40.4932124], [-86.1177808, 40.4932164], [-86.1175715, 40.4932156], [-86.1174048, 40.493222], [-86.1173605, 40.4932256], [-86.1168772, 40.4932415], [-86.1091464, 40.4933627], [-86.1088449, 40.4933784], [-86.1086627, 40.493397], [-86.1082999, 40.4934182], [-86.1081455, 40.4934202], [-86.1075741, 40.4934304], [-86.1073388, 40.4934338], [-86.106007, 40.493453], [-86.105656, 40.4934715], [-86.1056277, 40.493473], [-86.1043917, 40.4934894], [-86.1037964, 40.4935557], [-86.1035241, 40.493604], [-86.1032327, 40.4936675], [-86.1031107, 40.4936968], [-86.1028328, 40.4937809], [-86.1025283, 40.4938921], [-86.1021837, 40.4940384], [-86.1019443, 40.4941476], [-86.09991, 40.495134], [-86.094199, 40.497902], [-86.093938, 40.498022], [-86.093669, 40.498136], [-86.093471, 40.498215], [-86.093267, 40.498284], [-86.093011, 40.49836], [-86.092774, 40.498419], [-86.092517, 40.498471], [-86.092185, 40.498521], [-86.091868, 40.498554], [-86.091582, 40.498572], [-86.091149, 40.498578], [-86.0882239, 40.4986011], [-86.079347, 40.498634], [-86.069864, 40.498674], [-86.060175, 40.498711], [-86.051023, 40.498751], [-86.0390659, 40.4989461], [-86.0371087, 40.4989767], [-86.0357437, 40.4989991], [-86.0333069, 40.4990283], [-86.0320093, 40.499041], [-86.0305164, 40.4990658], [-86.029757, 40.499069], [-86.01459, 40.49925], [-86.014175, 40.499249], [-86.013938, 40.499241], [-86.013734, 40.499228], [-86.013378, 40.49919], [-86.01296, 40.499117], [-86.012816, 40.499084], [-86.012453, 40.498988], [-86.01227, 40.49893], [-86.011993, 40.498829], [-86.011797, 40.498749], [-86.011639, 40.498676], [-86.011455, 40.498584], [-86.011306, 40.498503], [-86.011028, 40.498336], [-86.002582, 40.492871], [-86.002401, 40.492759], [-86.002162, 40.492624], [-86.001938, 40.492509], [-86.00165, 40.492379], [-86.00133, 40.492259], [-86.001051, 40.492169], [-86.000735, 40.492087], [-86.000449, 40.492028], [-85.999995, 40.491944], [-85.996986, 40.491432], [-85.996496, 40.491337], [-85.996215, 40.49127], [-85.995912, 40.491186], [-85.995581, 40.491082], [-85.995254, 40.490959], [-85.994789, 40.490771], [-85.9902301, 40.4888396], [-85.9900952, 40.4887824], [-85.981354, 40.485079], [-85.929988, 40.490347], [-85.928566, 40.490825], [-85.927444, 40.491103], [-85.9264, 40.491295], [-85.7360714, 40.5219319], [-85.7350441, 40.5220631], [-85.7338739, 40.52214], [-85.7269507, 40.5221753], [-85.7258, 40.5222324], [-85.7248988, 40.5223282], [-85.7222063, 40.5227016], [-85.7195042, 40.5230791], [-85.7148696, 40.523721], [-85.7141932, 40.5238172], [-85.7114939, 40.5241922], [-85.7065692, 40.5248753], [-85.7038848, 40.5252457], [-85.7020293, 40.5255035], [-85.7000858, 40.5257735], [-85.6994723, 40.5258579], [-85.6938886, 40.5266335], [-85.6793192, 40.5286479], [-85.6736451, 40.5294135], [-85.6704283, 40.5298411], [-85.6681202, 40.5301647], [-85.6674562, 40.5302645], [-85.6668341, 40.530363], [-85.6664479, 40.5304364], [-85.6660402, 40.5305261], [-85.6658341, 40.5305807], [-85.6655283, 40.5306867], [-85.6650053, 40.530915], [-85.6638519, 40.5316448], [-85.6605938, 40.533772], [-85.6573217, 40.5360013], [-85.656841, 40.5365351], [-85.6565206, 40.5370362], [-85.656268, 40.5375701], [-85.6561589, 40.5385253], [-85.655619, 40.547408], [-85.6555107, 40.5486711], [-85.6555055, 40.5491492], [-85.6555182, 40.5509151], [-85.6555145, 40.5529897], [-85.6555081, 40.5572828], [-85.6555135, 40.5579351], [-85.6555162, 40.5580738], [-85.6555703, 40.5586938], [-85.6556339, 40.5591107], [-85.6556764, 40.5595865]]}}, {"type": "Feature", "properties": {"company": "Nickel Plate Road", "line": "Nickel Plate Road: Frankfort \u2013 Marion (via Kokomo)", "id": "nkp-frankfort-kokomo-marion", "color": "#219ebc", "mode": "intercity_rail", "avg_speed_kmh": 50, "speed_source": "estimated: a cross-country secondary main; unsourced", "geometry_quality": "Corridor-constrained trace over OpenStreetMap railway ways within 6 km of a Frankfort - Kokomo - Marion corridor. 561 points, 52.5 mi against a documented 25 miles Frankfort-Kokomo plus roughly 27 more to Marion. 114 of the 121 ways used carry old_railway_operator=NKP, the rest untagged. Approximations: ten straight bridges totalling 5.55 km, the largest 4.39 km. Max deviation from the corridor 2.94 km; snaps 363 m at Frankfort and 326 m at Marion. Zero reversals. Straight-line repair 2026-08-29: 1 ruled segment totalling 11 mi replaced with OpenStreetMap-traced rail geometry (see geometry_repairs for the OSM lines each one followed).", "segments": [{"start": 1922, "end": 1964, "headway_min": 720, "note": "The Van Sweringens acquired the 450-mile Clover Leaf in March 1922 and it was merged into the Nickel Plate the following year. The end year of this feature's last segment is an UPPER BOUND, not a sourced discontinuance: no source found gives the date this particular branch lost its passenger trains, so it is drawn to the Nickel Plate's system-wide end of passenger service on September 9 1965. Local service over an Indiana branch facing interurban competition very likely ended earlier. See metadata.not_yet_sourced.", "sources": ["https://en.wikipedia.org/wiki/Kokomo,_Indiana (the first railroad reached Kokomo in 1854; the Peru and Indianapolis Railroad was under construction from 1852, its route laid along Buckeye Street, with Kokomo the terminus before the line was extended to Peru and Michigan City; the Pennsylvania Railroad announced a line through Kokomo and a line between Kokomo and Logansport was commenced by 1853, 'Railroad service was inaugurated on that line on July 4, 1855'; the Clover Leaf line began as the Frankfort and Kokomo Railroad, construction started 1873 and completed 1874, and 'A line connecting it to the east reached Kokomo on January 1, 1881', eventually part of the Toledo, St. Louis and Kansas City Railroad)", "https://en.wikipedia.org/wiki/Lake_Erie_and_Western_Railroad (the Peru & Indianapolis, incorporated in Indiana January 19 1846, was the first and oldest trackage on the Nickel Plate System; the Indianapolis to Michigan City line became part of the Lake Erie and Western on April 8 1887)", "https://www.american-rails.com/nickel.html (the Van Sweringens acquired the 718-mile Lake Erie & Western on April 26 1922, its branches connecting Michigan City with Indianapolis and Fort Wayne with Rushville/Connersville; the Toledo, St. Louis & Western - the Clover Leaf Route - was acquired in March 1922, 450 miles linking Toledo with East St. Louis; the Nickel Plate ran its last passenger trains, the City of Chicago and the City of Cleveland, on September 9 1965)", "https://www.nkphts.org/lakeeriewestern (Nickel Plate Road Historical & Technical Society, Lake Erie & Western)", "https://en.wikipedia.org/wiki/Lake_Erie_and_Western_Depot_Historic_District (the Lake Erie and Western depot at Kokomo, an American Craftsman passenger and freight depot of 1916, listed on the National Register in 2008)", "https://www.pharostribune.com/news/local_news/article_767e26e7-1928-50a0-af89-597e11bfe305.html (Logansport Pharos-Tribune, 175th Anniversary: the railroad opened to Kokomo was celebrated Sept 1855 and was referred to as the 'Cincinnati and Chicago Railroad'; the Pennsylvania Railroad acquired running rights in 1882 between Indianapolis and Kokomo over the line of the former Indianapolis, Peru & Chicago)"]}], "geometry_repairs": [{"date": "2026-08-29", "from": [-85.929988, 40.490347], "to": [-85.7248988, 40.5223282], "chord_mi": 11.01, "traced_mi": 11.01, "snap_m": [0, 0], "bridged_mi": 0.0, "osm_lines": ["NKP (11.01 mi)"], "method": "Overpass rail graph, 8.0 km corridor, Dijkstra, simplified to 3.0 m"}]}, "geometry": {"type": "LineString", "coordinates": [[-86.5095557, 40.2826187], [-86.5093323, 40.2826201], [-86.5072305, 40.2826389], [-86.5071555, 40.2826393], [-86.5070718, 40.2826401], [-86.5061833, 40.2826469], [-86.5061104, 40.2826475], [-86.5060199, 40.2826483], [-86.5058506, 40.2826523], [-86.5049046, 40.2826612], [-86.5048333, 40.2826598], [-86.5046384, 40.2826612], [-86.5042345, 40.2826805], [-86.503828, 40.2827454], [-86.5032548, 40.2828566], [-86.5029035, 40.2829467], [-86.5025549, 40.2830533], [-86.5022187, 40.2831877], [-86.5018929, 40.2833377], [-86.5016289, 40.2834818], [-86.5013666, 40.2836398], [-86.5010706, 40.283844], [-86.5007718, 40.2840802], [-86.4998418, 40.2848666], [-86.4995882, 40.285081], [-86.4989834, 40.2855823], [-86.4986871, 40.2858362], [-86.4979707, 40.286441], [-86.4974182, 40.2868535], [-86.4971467, 40.2870397], [-86.4962248, 40.2874896], [-86.4954582, 40.2878134], [-86.4938162, 40.2884693], [-86.4912234, 40.2894973], [-86.48989, 40.290026], [-86.4872362, 40.2910955], [-86.4858804, 40.2916501], [-86.4824779, 40.2930129], [-86.4809571, 40.2936138], [-86.4802782, 40.2938821], [-86.4746851, 40.2961323], [-86.4671895, 40.2991439], [-86.4636605, 40.300576], [-86.4633117, 40.3007059], [-86.4619949, 40.301236], [-86.4594087, 40.3022733], [-86.4545532, 40.304218], [-86.4465149, 40.3074285], [-86.4437549, 40.3085191], [-86.4404075, 40.3098719], [-86.4309962, 40.3136389], [-86.4119656, 40.3212629], [-86.4079354, 40.3228995], [-86.4072346, 40.3232236], [-86.4014306, 40.3262886], [-86.4013426, 40.3263351], [-86.3938574, 40.330288], [-86.3929702, 40.3307588], [-86.3916145, 40.3314629], [-86.3907883, 40.3319104], [-86.3880162, 40.3334117], [-86.387128, 40.3339814], [-86.3753622, 40.3425811], [-86.3675151, 40.3483368], [-86.356237, 40.356603], [-86.3520444, 40.3596654], [-86.3517341, 40.359892], [-86.3510929, 40.3603603], [-86.3421507, 40.3668862], [-86.3376784, 40.3701427], [-86.332677, 40.3737949], [-86.3325045, 40.3739296], [-86.3297617, 40.3759224], [-86.3297179, 40.3759543], [-86.3296783, 40.3759831], [-86.3292833, 40.3762706], [-86.3287617, 40.3766515], [-86.3236293, 40.3803966], [-86.3233712, 40.3805848], [-86.3139546, 40.3874446], [-86.3127501, 40.3883207], [-86.3126814, 40.3883712], [-86.3126447, 40.3883978], [-86.3087289, 40.3912443], [-86.3048116, 40.3940909], [-86.3046417, 40.3942182], [-86.3045687, 40.3942703], [-86.304471, 40.394339], [-86.3043617, 40.3944189], [-86.2950385, 40.4011855], [-86.2946187, 40.4014732], [-86.294114, 40.4017854], [-86.2935365, 40.402117], [-86.2931535, 40.4023323], [-86.292353, 40.4027612], [-86.292287, 40.402802], [-86.27627, 40.4115529], [-86.275994, 40.411703], [-86.2714525, 40.4141777], [-86.2713724, 40.4142195], [-86.2712241, 40.4142992], [-86.2708894, 40.4144736], [-86.270492, 40.414664], [-86.269577, 40.415084], [-86.26929, 40.415216], [-86.268755, 40.415462], [-86.268719, 40.415478], [-86.2672719, 40.416145], [-86.2666615, 40.4164204], [-86.266623, 40.4164367], [-86.265791, 40.416812], [-86.264803, 40.417263], [-86.2642794, 40.4174979], [-86.263875, 40.417687], [-86.26373, 40.417753], [-86.263153, 40.418013], [-86.263002, 40.418083], [-86.26227, 40.418418], [-86.260251, 40.419334], [-86.259785, 40.419549], [-86.259212, 40.41981], [-86.258018, 40.420353], [-86.2572034, 40.4207254], [-86.257062, 40.42079], [-86.256599, 40.421002], [-86.256051, 40.42125], [-86.255876, 40.421333], [-86.255567, 40.421472], [-86.255178, 40.421647], [-86.251087, 40.42351], [-86.250141, 40.42394], [-86.249076, 40.424427], [-86.2482866, 40.4247916], [-86.2474787, 40.4251573], [-86.246515, 40.425592], [-86.242887, 40.4272469], [-86.242784, 40.427294], [-86.241168, 40.428027], [-86.239473, 40.4288], [-86.238811, 40.429097], [-86.237779, 40.42957], [-86.236318, 40.430232], [-86.235852, 40.430448], [-86.234174, 40.431208], [-86.232778, 40.431845], [-86.2323688, 40.4320352], [-86.232164, 40.432121], [-86.232036, 40.432182], [-86.231223, 40.432553], [-86.230093, 40.433067], [-86.229074, 40.433529], [-86.228419, 40.433829], [-86.227054, 40.434455], [-86.226563, 40.434675], [-86.224259, 40.435724], [-86.223483, 40.436079], [-86.222694, 40.436438], [-86.222327, 40.436607], [-86.22212, 40.436698], [-86.219427, 40.437926], [-86.217744, 40.438693], [-86.216333, 40.439334], [-86.215667, 40.439638], [-86.214976, 40.43995], [-86.214448, 40.440193], [-86.213701, 40.440532], [-86.212748, 40.440966], [-86.212008, 40.441303], [-86.210449, 40.442012], [-86.209975, 40.442231], [-86.208488, 40.442904], [-86.208097, 40.443077], [-86.207194, 40.443491], [-86.2043502, 40.4447751], [-86.2042044, 40.4448362], [-86.2040656, 40.4448968], [-86.203296, 40.445265], [-86.202458, 40.445644], [-86.201579, 40.446045], [-86.20113, 40.446247], [-86.200368, 40.446595], [-86.2002251, 40.4466568], [-86.199755, 40.446876], [-86.198867, 40.447277], [-86.197622, 40.447843], [-86.195403, 40.448857], [-86.193446, 40.449747], [-86.191861, 40.450465], [-86.189846, 40.451384], [-86.188202, 40.452131], [-86.185319, 40.453447], [-86.184522, 40.453808], [-86.18432, 40.453898], [-86.1842396, 40.4539397], [-86.183867, 40.454104], [-86.182443, 40.454757], [-86.181976, 40.454975], [-86.181689, 40.455116], [-86.181267, 40.455334], [-86.18088, 40.455542], [-86.18056, 40.455722], [-86.180153, 40.455962], [-86.179749, 40.456215], [-86.179366, 40.456467], [-86.179088, 40.456656], [-86.178722, 40.45692], [-86.178378, 40.457177], [-86.178088, 40.457403], [-86.177551, 40.457852], [-86.1775023, 40.457895], [-86.177262, 40.458107], [-86.17695, 40.458393], [-86.1737022, 40.4616108], [-86.172562, 40.462743], [-86.171983, 40.463316], [-86.170247, 40.465042], [-86.170078, 40.465209], [-86.1699789, 40.4653073], [-86.166323, 40.468935], [-86.165552, 40.469701], [-86.1651883, 40.470062], [-86.1650541, 40.4701952], [-86.1649514, 40.4702971], [-86.164216, 40.471027], [-86.161928, 40.473292], [-86.161187, 40.474031], [-86.160575, 40.474634], [-86.16048, 40.474729], [-86.1603463, 40.4748639], [-86.1601185, 40.4750889], [-86.159982, 40.4752241], [-86.1587961, 40.4764219], [-86.158783, 40.476426], [-86.158543, 40.476654], [-86.155872, 40.479302], [-86.1555606, 40.4796397], [-86.1554412, 40.4797506], [-86.1524916, 40.4826753], [-86.1518015, 40.4833585], [-86.1516468, 40.4835028], [-86.1514754, 40.4836955], [-86.1504247, 40.4847277], [-86.1486055, 40.4865207], [-86.1485356, 40.4866057], [-86.1485038, 40.4866481], [-86.1484828, 40.4866752], [-86.1484497, 40.4867065], [-86.1484131, 40.4867449], [-86.1483605, 40.486797], [-86.1483123, 40.4868378], [-86.1482599, 40.4868788], [-86.1482018, 40.4869243], [-86.1477378, 40.4873733], [-86.1476846, 40.4874261], [-86.1476433, 40.4874669], [-86.1469193, 40.4881826], [-86.146842, 40.488259], [-86.1467755, 40.4883253], [-86.1459926, 40.4891056], [-86.14595, 40.489148], [-86.145869, 40.4892272], [-86.1458386, 40.4892569], [-86.145769, 40.489325], [-86.1457247, 40.4893717], [-86.1454826, 40.4896102], [-86.1450397, 40.4900578], [-86.144994, 40.490096], [-86.1449465, 40.4901435], [-86.144854, 40.490236], [-86.1443407, 40.4907486], [-86.1443004, 40.4907889], [-86.1442067, 40.4908855], [-86.144172, 40.4909197], [-86.1434992, 40.4915814], [-86.143461, 40.491619], [-86.1434098, 40.4916699], [-86.143311, 40.491768], [-86.143109, 40.491962], [-86.1430085, 40.4920517], [-86.142904, 40.492124], [-86.1427303, 40.4922574], [-86.1426298, 40.4923139], [-86.142367, 40.492415], [-86.1422345, 40.4924778], [-86.1420221, 40.4925456], [-86.141951, 40.492547], [-86.1419119, 40.4925727], [-86.1418844, 40.4925792], [-86.1416674, 40.4926111], [-86.141518, 40.4926257], [-86.1411162, 40.492638], [-86.1408958, 40.4926324], [-86.1408611, 40.4926296], [-86.1407928, 40.4926213], [-86.1407408, 40.492611], [-86.1407086, 40.4926046], [-86.1402195, 40.4926068], [-86.1397119, 40.4926076], [-86.1396433, 40.4926078], [-86.1395897, 40.492608], [-86.1390959, 40.4926142], [-86.1386377, 40.4926174], [-86.1385674, 40.4926179], [-86.1385203, 40.4926182], [-86.1380258, 40.4926198], [-86.1375663, 40.4926217], [-86.137461, 40.4926221], [-86.1374048, 40.4926231], [-86.1369049, 40.4926316], [-86.136309, 40.492702], [-86.1362392, 40.4927043], [-86.1362165, 40.4927052], [-86.1357373, 40.492716], [-86.1352727, 40.49272], [-86.134832, 40.492684], [-86.134027, 40.492693], [-86.1338171, 40.4926957], [-86.133714, 40.492697], [-86.1336287, 40.4926957], [-86.13358, 40.492695], [-86.1331785, 40.4926977], [-86.1325881, 40.492703], [-86.1323764, 40.4927056], [-86.1323327, 40.4927058], [-86.1322352, 40.4927064], [-86.1321874, 40.4927071], [-86.1313428, 40.4927158], [-86.1312576, 40.4927167], [-86.1311711, 40.492718], [-86.130639, 40.4927259], [-86.1300403, 40.492727], [-86.1294243, 40.4927387], [-86.128945, 40.4927401], [-86.1280451, 40.4927504], [-86.1278539, 40.4927523], [-86.127659, 40.4927599], [-86.1274721, 40.4927534], [-86.1269328, 40.4927602], [-86.1268631, 40.4927616], [-86.1262689, 40.4927665], [-86.1256565, 40.4927775], [-86.1250575, 40.4927857], [-86.1244371, 40.4927896], [-86.1232906, 40.4928031], [-86.123212, 40.492804], [-86.1222319, 40.4928112], [-86.1220223, 40.4928136], [-86.1218084, 40.4928171], [-86.121539, 40.492827], [-86.121235, 40.492839], [-86.120764, 40.492874], [-86.120482, 40.492902], [-86.119777, 40.492987], [-86.119317, 40.493047], [-86.118361, 40.493173], [-86.1181537, 40.493195], [-86.1179216, 40.4932124], [-86.1177808, 40.4932164], [-86.1175715, 40.4932156], [-86.1174048, 40.493222], [-86.1173605, 40.4932256], [-86.1168772, 40.4932415], [-86.1091464, 40.4933627], [-86.1088449, 40.4933784], [-86.1086627, 40.493397], [-86.1082999, 40.4934182], [-86.1081455, 40.4934202], [-86.1075741, 40.4934304], [-86.1073388, 40.4934338], [-86.106007, 40.493453], [-86.105656, 40.4934715], [-86.1056277, 40.493473], [-86.1043917, 40.4934894], [-86.1037964, 40.4935557], [-86.1035241, 40.493604], [-86.1032327, 40.4936675], [-86.1031107, 40.4936968], [-86.1028328, 40.4937809], [-86.1025283, 40.4938921], [-86.1021837, 40.4940384], [-86.1019443, 40.4941476], [-86.09991, 40.495134], [-86.094199, 40.497902], [-86.093938, 40.498022], [-86.093669, 40.498136], [-86.093471, 40.498215], [-86.093267, 40.498284], [-86.093011, 40.49836], [-86.092774, 40.498419], [-86.092517, 40.498471], [-86.092185, 40.498521], [-86.091868, 40.498554], [-86.091582, 40.498572], [-86.091149, 40.498578], [-86.0882239, 40.4986011], [-86.079347, 40.498634], [-86.069864, 40.498674], [-86.060175, 40.498711], [-86.051023, 40.498751], [-86.0390659, 40.4989461], [-86.0371087, 40.4989767], [-86.0357437, 40.4989991], [-86.0333069, 40.4990283], [-86.0320093, 40.499041], [-86.0305164, 40.4990658], [-86.029757, 40.499069], [-86.01459, 40.49925], [-86.014175, 40.499249], [-86.013938, 40.499241], [-86.013734, 40.499228], [-86.013378, 40.49919], [-86.01296, 40.499117], [-86.012816, 40.499084], [-86.012453, 40.498988], [-86.01227, 40.49893], [-86.011993, 40.498829], [-86.011797, 40.498749], [-86.011639, 40.498676], [-86.011455, 40.498584], [-86.011306, 40.498503], [-86.011028, 40.498336], [-86.002582, 40.492871], [-86.002401, 40.492759], [-86.002162, 40.492624], [-86.001938, 40.492509], [-86.00165, 40.492379], [-86.00133, 40.492259], [-86.001051, 40.492169], [-86.000735, 40.492087], [-86.000449, 40.492028], [-85.999995, 40.491944], [-85.996986, 40.491432], [-85.996496, 40.491337], [-85.996215, 40.49127], [-85.995912, 40.491186], [-85.995581, 40.491082], [-85.995254, 40.490959], [-85.994789, 40.490771], [-85.9902301, 40.4888396], [-85.9900952, 40.4887824], [-85.981354, 40.485079], [-85.929988, 40.490347], [-85.928566, 40.490825], [-85.927444, 40.491103], [-85.9264, 40.491295], [-85.7360714, 40.5219319], [-85.7350441, 40.5220631], [-85.7338739, 40.52214], [-85.7269507, 40.5221753], [-85.7258, 40.5222324], [-85.7248988, 40.5223282], [-85.7222063, 40.5227016], [-85.7195042, 40.5230791], [-85.7148696, 40.523721], [-85.7141932, 40.5238172], [-85.7114939, 40.5241922], [-85.7065692, 40.5248753], [-85.7038848, 40.5252457], [-85.7020293, 40.5255035], [-85.7000858, 40.5257735], [-85.6994723, 40.5258579], [-85.6938886, 40.5266335], [-85.6793192, 40.5286479], [-85.6736451, 40.5294135], [-85.6704283, 40.5298411], [-85.6681202, 40.5301647], [-85.6674562, 40.5302645], [-85.6668341, 40.530363], [-85.6664479, 40.5304364], [-85.6660402, 40.5305261], [-85.6658341, 40.5305807], [-85.6655283, 40.5306867], [-85.6650053, 40.530915], [-85.6638519, 40.5316448], [-85.6605938, 40.533772], [-85.6573217, 40.5360013], [-85.656841, 40.5365351], [-85.6565206, 40.5370362], [-85.656268, 40.5375701], [-85.6561589, 40.5385253], [-85.655619, 40.547408], [-85.6555107, 40.5486711], [-85.6555055, 40.5491492], [-85.6555182, 40.5509151], [-85.6555145, 40.5529897], [-85.6555081, 40.5572828], [-85.6555135, 40.5579351], [-85.6555162, 40.5580738], [-85.6555703, 40.5586938], [-85.6556339, 40.5591107], [-85.6556764, 40.5595865]]}}, {"type": "Feature", "properties": {"company": "Norfolk and Western Railway", "line": "Norfolk and Western: Frankfort \u2013 Marion (via Kokomo)", "id": "nw-frankfort-kokomo-marion", "color": "#023047", "mode": "intercity_rail", "avg_speed_kmh": 50, "speed_source": "estimated: a cross-country secondary main; unsourced", "geometry_quality": "Corridor-constrained trace over OpenStreetMap railway ways within 6 km of a Frankfort - Kokomo - Marion corridor. 561 points, 52.5 mi against a documented 25 miles Frankfort-Kokomo plus roughly 27 more to Marion. 114 of the 121 ways used carry old_railway_operator=NKP, the rest untagged. Approximations: ten straight bridges totalling 5.55 km, the largest 4.39 km. Max deviation from the corridor 2.94 km; snaps 363 m at Frankfort and 326 m at Marion. Zero reversals. Straight-line repair 2026-08-29: 1 ruled segment totalling 11 mi replaced with OpenStreetMap-traced rail geometry (see geometry_repairs for the OSM lines each one followed).", "segments": [{"start": 1964, "end": 1965, "headway_min": 720, "note": "Nickel Plate merged into the Norfolk and Western in 1964; the system's last passenger trains ran September 9 1965. The end year of this feature's last segment is an UPPER BOUND, not a sourced discontinuance: no source found gives the date this particular branch lost its passenger trains, so it is drawn to the Nickel Plate's system-wide end of passenger service on September 9 1965. Local service over an Indiana branch facing interurban competition very likely ended earlier. See metadata.not_yet_sourced.", "sources": ["https://en.wikipedia.org/wiki/Kokomo,_Indiana (the first railroad reached Kokomo in 1854; the Peru and Indianapolis Railroad was under construction from 1852, its route laid along Buckeye Street, with Kokomo the terminus before the line was extended to Peru and Michigan City; the Pennsylvania Railroad announced a line through Kokomo and a line between Kokomo and Logansport was commenced by 1853, 'Railroad service was inaugurated on that line on July 4, 1855'; the Clover Leaf line began as the Frankfort and Kokomo Railroad, construction started 1873 and completed 1874, and 'A line connecting it to the east reached Kokomo on January 1, 1881', eventually part of the Toledo, St. Louis and Kansas City Railroad)", "https://en.wikipedia.org/wiki/Lake_Erie_and_Western_Railroad (the Peru & Indianapolis, incorporated in Indiana January 19 1846, was the first and oldest trackage on the Nickel Plate System; the Indianapolis to Michigan City line became part of the Lake Erie and Western on April 8 1887)", "https://www.american-rails.com/nickel.html (the Van Sweringens acquired the 718-mile Lake Erie & Western on April 26 1922, its branches connecting Michigan City with Indianapolis and Fort Wayne with Rushville/Connersville; the Toledo, St. Louis & Western - the Clover Leaf Route - was acquired in March 1922, 450 miles linking Toledo with East St. Louis; the Nickel Plate ran its last passenger trains, the City of Chicago and the City of Cleveland, on September 9 1965)", "https://www.nkphts.org/lakeeriewestern (Nickel Plate Road Historical & Technical Society, Lake Erie & Western)", "https://en.wikipedia.org/wiki/Lake_Erie_and_Western_Depot_Historic_District (the Lake Erie and Western depot at Kokomo, an American Craftsman passenger and freight depot of 1916, listed on the National Register in 2008)", "https://www.pharostribune.com/news/local_news/article_767e26e7-1928-50a0-af89-597e11bfe305.html (Logansport Pharos-Tribune, 175th Anniversary: the railroad opened to Kokomo was celebrated Sept 1855 and was referred to as the 'Cincinnati and Chicago Railroad'; the Pennsylvania Railroad acquired running rights in 1882 between Indianapolis and Kokomo over the line of the former Indianapolis, Peru & Chicago)"]}], "geometry_repairs": [{"date": "2026-08-29", "from": [-85.929988, 40.490347], "to": [-85.7248988, 40.5223282], "chord_mi": 11.01, "traced_mi": 11.01, "snap_m": [0, 0], "bridged_mi": 0.0, "osm_lines": ["NKP (11.01 mi)"], "method": "Overpass rail graph, 8.0 km corridor, Dijkstra, simplified to 3.0 m"}]}, "geometry": {"type": "LineString", "coordinates": [[-86.5095557, 40.2826187], [-86.5093323, 40.2826201], [-86.5072305, 40.2826389], [-86.5071555, 40.2826393], [-86.5070718, 40.2826401], [-86.5061833, 40.2826469], [-86.5061104, 40.2826475], [-86.5060199, 40.2826483], [-86.5058506, 40.2826523], [-86.5049046, 40.2826612], [-86.5048333, 40.2826598], [-86.5046384, 40.2826612], [-86.5042345, 40.2826805], [-86.503828, 40.2827454], [-86.5032548, 40.2828566], [-86.5029035, 40.2829467], [-86.5025549, 40.2830533], [-86.5022187, 40.2831877], [-86.5018929, 40.2833377], [-86.5016289, 40.2834818], [-86.5013666, 40.2836398], [-86.5010706, 40.283844], [-86.5007718, 40.2840802], [-86.4998418, 40.2848666], [-86.4995882, 40.285081], [-86.4989834, 40.2855823], [-86.4986871, 40.2858362], [-86.4979707, 40.286441], [-86.4974182, 40.2868535], [-86.4971467, 40.2870397], [-86.4962248, 40.2874896], [-86.4954582, 40.2878134], [-86.4938162, 40.2884693], [-86.4912234, 40.2894973], [-86.48989, 40.290026], [-86.4872362, 40.2910955], [-86.4858804, 40.2916501], [-86.4824779, 40.2930129], [-86.4809571, 40.2936138], [-86.4802782, 40.2938821], [-86.4746851, 40.2961323], [-86.4671895, 40.2991439], [-86.4636605, 40.300576], [-86.4633117, 40.3007059], [-86.4619949, 40.301236], [-86.4594087, 40.3022733], [-86.4545532, 40.304218], [-86.4465149, 40.3074285], [-86.4437549, 40.3085191], [-86.4404075, 40.3098719], [-86.4309962, 40.3136389], [-86.4119656, 40.3212629], [-86.4079354, 40.3228995], [-86.4072346, 40.3232236], [-86.4014306, 40.3262886], [-86.4013426, 40.3263351], [-86.3938574, 40.330288], [-86.3929702, 40.3307588], [-86.3916145, 40.3314629], [-86.3907883, 40.3319104], [-86.3880162, 40.3334117], [-86.387128, 40.3339814], [-86.3753622, 40.3425811], [-86.3675151, 40.3483368], [-86.356237, 40.356603], [-86.3520444, 40.3596654], [-86.3517341, 40.359892], [-86.3510929, 40.3603603], [-86.3421507, 40.3668862], [-86.3376784, 40.3701427], [-86.332677, 40.3737949], [-86.3325045, 40.3739296], [-86.3297617, 40.3759224], [-86.3297179, 40.3759543], [-86.3296783, 40.3759831], [-86.3292833, 40.3762706], [-86.3287617, 40.3766515], [-86.3236293, 40.3803966], [-86.3233712, 40.3805848], [-86.3139546, 40.3874446], [-86.3127501, 40.3883207], [-86.3126814, 40.3883712], [-86.3126447, 40.3883978], [-86.3087289, 40.3912443], [-86.3048116, 40.3940909], [-86.3046417, 40.3942182], [-86.3045687, 40.3942703], [-86.304471, 40.394339], [-86.3043617, 40.3944189], [-86.2950385, 40.4011855], [-86.2946187, 40.4014732], [-86.294114, 40.4017854], [-86.2935365, 40.402117], [-86.2931535, 40.4023323], [-86.292353, 40.4027612], [-86.292287, 40.402802], [-86.27627, 40.4115529], [-86.275994, 40.411703], [-86.2714525, 40.4141777], [-86.2713724, 40.4142195], [-86.2712241, 40.4142992], [-86.2708894, 40.4144736], [-86.270492, 40.414664], [-86.269577, 40.415084], [-86.26929, 40.415216], [-86.268755, 40.415462], [-86.268719, 40.415478], [-86.2672719, 40.416145], [-86.2666615, 40.4164204], [-86.266623, 40.4164367], [-86.265791, 40.416812], [-86.264803, 40.417263], [-86.2642794, 40.4174979], [-86.263875, 40.417687], [-86.26373, 40.417753], [-86.263153, 40.418013], [-86.263002, 40.418083], [-86.26227, 40.418418], [-86.260251, 40.419334], [-86.259785, 40.419549], [-86.259212, 40.41981], [-86.258018, 40.420353], [-86.2572034, 40.4207254], [-86.257062, 40.42079], [-86.256599, 40.421002], [-86.256051, 40.42125], [-86.255876, 40.421333], [-86.255567, 40.421472], [-86.255178, 40.421647], [-86.251087, 40.42351], [-86.250141, 40.42394], [-86.249076, 40.424427], [-86.2482866, 40.4247916], [-86.2474787, 40.4251573], [-86.246515, 40.425592], [-86.242887, 40.4272469], [-86.242784, 40.427294], [-86.241168, 40.428027], [-86.239473, 40.4288], [-86.238811, 40.429097], [-86.237779, 40.42957], [-86.236318, 40.430232], [-86.235852, 40.430448], [-86.234174, 40.431208], [-86.232778, 40.431845], [-86.2323688, 40.4320352], [-86.232164, 40.432121], [-86.232036, 40.432182], [-86.231223, 40.432553], [-86.230093, 40.433067], [-86.229074, 40.433529], [-86.228419, 40.433829], [-86.227054, 40.434455], [-86.226563, 40.434675], [-86.224259, 40.435724], [-86.223483, 40.436079], [-86.222694, 40.436438], [-86.222327, 40.436607], [-86.22212, 40.436698], [-86.219427, 40.437926], [-86.217744, 40.438693], [-86.216333, 40.439334], [-86.215667, 40.439638], [-86.214976, 40.43995], [-86.214448, 40.440193], [-86.213701, 40.440532], [-86.212748, 40.440966], [-86.212008, 40.441303], [-86.210449, 40.442012], [-86.209975, 40.442231], [-86.208488, 40.442904], [-86.208097, 40.443077], [-86.207194, 40.443491], [-86.2043502, 40.4447751], [-86.2042044, 40.4448362], [-86.2040656, 40.4448968], [-86.203296, 40.445265], [-86.202458, 40.445644], [-86.201579, 40.446045], [-86.20113, 40.446247], [-86.200368, 40.446595], [-86.2002251, 40.4466568], [-86.199755, 40.446876], [-86.198867, 40.447277], [-86.197622, 40.447843], [-86.195403, 40.448857], [-86.193446, 40.449747], [-86.191861, 40.450465], [-86.189846, 40.451384], [-86.188202, 40.452131], [-86.185319, 40.453447], [-86.184522, 40.453808], [-86.18432, 40.453898], [-86.1842396, 40.4539397], [-86.183867, 40.454104], [-86.182443, 40.454757], [-86.181976, 40.454975], [-86.181689, 40.455116], [-86.181267, 40.455334], [-86.18088, 40.455542], [-86.18056, 40.455722], [-86.180153, 40.455962], [-86.179749, 40.456215], [-86.179366, 40.456467], [-86.179088, 40.456656], [-86.178722, 40.45692], [-86.178378, 40.457177], [-86.178088, 40.457403], [-86.177551, 40.457852], [-86.1775023, 40.457895], [-86.177262, 40.458107], [-86.17695, 40.458393], [-86.1737022, 40.4616108], [-86.172562, 40.462743], [-86.171983, 40.463316], [-86.170247, 40.465042], [-86.170078, 40.465209], [-86.1699789, 40.4653073], [-86.166323, 40.468935], [-86.165552, 40.469701], [-86.1651883, 40.470062], [-86.1650541, 40.4701952], [-86.1649514, 40.4702971], [-86.164216, 40.471027], [-86.161928, 40.473292], [-86.161187, 40.474031], [-86.160575, 40.474634], [-86.16048, 40.474729], [-86.1603463, 40.4748639], [-86.1601185, 40.4750889], [-86.159982, 40.4752241], [-86.1587961, 40.4764219], [-86.158783, 40.476426], [-86.158543, 40.476654], [-86.155872, 40.479302], [-86.1555606, 40.4796397], [-86.1554412, 40.4797506], [-86.1524916, 40.4826753], [-86.1518015, 40.4833585], [-86.1516468, 40.4835028], [-86.1514754, 40.4836955], [-86.1504247, 40.4847277], [-86.1486055, 40.4865207], [-86.1485356, 40.4866057], [-86.1485038, 40.4866481], [-86.1484828, 40.4866752], [-86.1484497, 40.4867065], [-86.1484131, 40.4867449], [-86.1483605, 40.486797], [-86.1483123, 40.4868378], [-86.1482599, 40.4868788], [-86.1482018, 40.4869243], [-86.1477378, 40.4873733], [-86.1476846, 40.4874261], [-86.1476433, 40.4874669], [-86.1469193, 40.4881826], [-86.146842, 40.488259], [-86.1467755, 40.4883253], [-86.1459926, 40.4891056], [-86.14595, 40.489148], [-86.145869, 40.4892272], [-86.1458386, 40.4892569], [-86.145769, 40.489325], [-86.1457247, 40.4893717], [-86.1454826, 40.4896102], [-86.1450397, 40.4900578], [-86.144994, 40.490096], [-86.1449465, 40.4901435], [-86.144854, 40.490236], [-86.1443407, 40.4907486], [-86.1443004, 40.4907889], [-86.1442067, 40.4908855], [-86.144172, 40.4909197], [-86.1434992, 40.4915814], [-86.143461, 40.491619], [-86.1434098, 40.4916699], [-86.143311, 40.491768], [-86.143109, 40.491962], [-86.1430085, 40.4920517], [-86.142904, 40.492124], [-86.1427303, 40.4922574], [-86.1426298, 40.4923139], [-86.142367, 40.492415], [-86.1422345, 40.4924778], [-86.1420221, 40.4925456], [-86.141951, 40.492547], [-86.1419119, 40.4925727], [-86.1418844, 40.4925792], [-86.1416674, 40.4926111], [-86.141518, 40.4926257], [-86.1411162, 40.492638], [-86.1408958, 40.4926324], [-86.1408611, 40.4926296], [-86.1407928, 40.4926213], [-86.1407408, 40.492611], [-86.1407086, 40.4926046], [-86.1402195, 40.4926068], [-86.1397119, 40.4926076], [-86.1396433, 40.4926078], [-86.1395897, 40.492608], [-86.1390959, 40.4926142], [-86.1386377, 40.4926174], [-86.1385674, 40.4926179], [-86.1385203, 40.4926182], [-86.1380258, 40.4926198], [-86.1375663, 40.4926217], [-86.137461, 40.4926221], [-86.1374048, 40.4926231], [-86.1369049, 40.4926316], [-86.136309, 40.492702], [-86.1362392, 40.4927043], [-86.1362165, 40.4927052], [-86.1357373, 40.492716], [-86.1352727, 40.49272], [-86.134832, 40.492684], [-86.134027, 40.492693], [-86.1338171, 40.4926957], [-86.133714, 40.492697], [-86.1336287, 40.4926957], [-86.13358, 40.492695], [-86.1331785, 40.4926977], [-86.1325881, 40.492703], [-86.1323764, 40.4927056], [-86.1323327, 40.4927058], [-86.1322352, 40.4927064], [-86.1321874, 40.4927071], [-86.1313428, 40.4927158], [-86.1312576, 40.4927167], [-86.1311711, 40.492718], [-86.130639, 40.4927259], [-86.1300403, 40.492727], [-86.1294243, 40.4927387], [-86.128945, 40.4927401], [-86.1280451, 40.4927504], [-86.1278539, 40.4927523], [-86.127659, 40.4927599], [-86.1274721, 40.4927534], [-86.1269328, 40.4927602], [-86.1268631, 40.4927616], [-86.1262689, 40.4927665], [-86.1256565, 40.4927775], [-86.1250575, 40.4927857], [-86.1244371, 40.4927896], [-86.1232906, 40.4928031], [-86.123212, 40.492804], [-86.1222319, 40.4928112], [-86.1220223, 40.4928136], [-86.1218084, 40.4928171], [-86.121539, 40.492827], [-86.121235, 40.492839], [-86.120764, 40.492874], [-86.120482, 40.492902], [-86.119777, 40.492987], [-86.119317, 40.493047], [-86.118361, 40.493173], [-86.1181537, 40.493195], [-86.1179216, 40.4932124], [-86.1177808, 40.4932164], [-86.1175715, 40.4932156], [-86.1174048, 40.493222], [-86.1173605, 40.4932256], [-86.1168772, 40.4932415], [-86.1091464, 40.4933627], [-86.1088449, 40.4933784], [-86.1086627, 40.493397], [-86.1082999, 40.4934182], [-86.1081455, 40.4934202], [-86.1075741, 40.4934304], [-86.1073388, 40.4934338], [-86.106007, 40.493453], [-86.105656, 40.4934715], [-86.1056277, 40.493473], [-86.1043917, 40.4934894], [-86.1037964, 40.4935557], [-86.1035241, 40.493604], [-86.1032327, 40.4936675], [-86.1031107, 40.4936968], [-86.1028328, 40.4937809], [-86.1025283, 40.4938921], [-86.1021837, 40.4940384], [-86.1019443, 40.4941476], [-86.09991, 40.495134], [-86.094199, 40.497902], [-86.093938, 40.498022], [-86.093669, 40.498136], [-86.093471, 40.498215], [-86.093267, 40.498284], [-86.093011, 40.49836], [-86.092774, 40.498419], [-86.092517, 40.498471], [-86.092185, 40.498521], [-86.091868, 40.498554], [-86.091582, 40.498572], [-86.091149, 40.498578], [-86.0882239, 40.4986011], [-86.079347, 40.498634], [-86.069864, 40.498674], [-86.060175, 40.498711], [-86.051023, 40.498751], [-86.0390659, 40.4989461], [-86.0371087, 40.4989767], [-86.0357437, 40.4989991], [-86.0333069, 40.4990283], [-86.0320093, 40.499041], [-86.0305164, 40.4990658], [-86.029757, 40.499069], [-86.01459, 40.49925], [-86.014175, 40.499249], [-86.013938, 40.499241], [-86.013734, 40.499228], [-86.013378, 40.49919], [-86.01296, 40.499117], [-86.012816, 40.499084], [-86.012453, 40.498988], [-86.01227, 40.49893], [-86.011993, 40.498829], [-86.011797, 40.498749], [-86.011639, 40.498676], [-86.011455, 40.498584], [-86.011306, 40.498503], [-86.011028, 40.498336], [-86.002582, 40.492871], [-86.002401, 40.492759], [-86.002162, 40.492624], [-86.001938, 40.492509], [-86.00165, 40.492379], [-86.00133, 40.492259], [-86.001051, 40.492169], [-86.000735, 40.492087], [-86.000449, 40.492028], [-85.999995, 40.491944], [-85.996986, 40.491432], [-85.996496, 40.491337], [-85.996215, 40.49127], [-85.995912, 40.491186], [-85.995581, 40.491082], [-85.995254, 40.490959], [-85.994789, 40.490771], [-85.9902301, 40.4888396], [-85.9900952, 40.4887824], [-85.981354, 40.485079], [-85.929988, 40.490347], [-85.928566, 40.490825], [-85.927444, 40.491103], [-85.9264, 40.491295], [-85.7360714, 40.5219319], [-85.7350441, 40.5220631], [-85.7338739, 40.52214], [-85.7269507, 40.5221753], [-85.7258, 40.5222324], [-85.7248988, 40.5223282], [-85.7222063, 40.5227016], [-85.7195042, 40.5230791], [-85.7148696, 40.523721], [-85.7141932, 40.5238172], [-85.7114939, 40.5241922], [-85.7065692, 40.5248753], [-85.7038848, 40.5252457], [-85.7020293, 40.5255035], [-85.7000858, 40.5257735], [-85.6994723, 40.5258579], [-85.6938886, 40.5266335], [-85.6793192, 40.5286479], [-85.6736451, 40.5294135], [-85.6704283, 40.5298411], [-85.6681202, 40.5301647], [-85.6674562, 40.5302645], [-85.6668341, 40.530363], [-85.6664479, 40.5304364], [-85.6660402, 40.5305261], [-85.6658341, 40.5305807], [-85.6655283, 40.5306867], [-85.6650053, 40.530915], [-85.6638519, 40.5316448], [-85.6605938, 40.533772], [-85.6573217, 40.5360013], [-85.656841, 40.5365351], [-85.6565206, 40.5370362], [-85.656268, 40.5375701], [-85.6561589, 40.5385253], [-85.655619, 40.547408], [-85.6555107, 40.5486711], [-85.6555055, 40.5491492], [-85.6555182, 40.5509151], [-85.6555145, 40.5529897], [-85.6555081, 40.5572828], [-85.6555135, 40.5579351], [-85.6555162, 40.5580738], [-85.6555703, 40.5586938], [-85.6556339, 40.5591107], [-85.6556764, 40.5595865]]}}, {"type": "Feature", "properties": {"company": "Cincinnati and Chicago Railroad", "line": "Cincinnati and Chicago: Kokomo \u2013 Logansport", "id": "cc-kokomo-logansport", "color": "#bc4b51", "mode": "intercity_rail", "avg_speed_kmh": 40, "speed_source": "estimated: an 1850s Indiana line; unsourced", "geometry_quality": "Corridor-constrained trace over OpenStreetMap railway ways within 6 km of a Kokomo - Logansport corridor. 312 points, 23.0 mi against a documented ~24 miles. 44 of the 59 ways used carry old_railway_operator=PRR, the rest untagged. Approximations: five straight bridges totalling 4.19 km, the largest 3.45 km. Max deviation 3.25 km; snaps 137 m at Kokomo and 408 m at Logansport. Zero reversals. Straight-line repair 2026-08-29: 1 ruled segment totalling 16 mi replaced with OpenStreetMap-traced rail geometry (see geometry_repairs for the OSM lines each one followed).", "segments": [{"start": 1855, "end": 1882, "headway_min": 720, "note": "Commenced by 1853 and opened with service inaugurated on July 4 1855; the Logansport Pharos-Tribune reported the celebration that September and named the road the Cincinnati and Chicago Railroad. The corporate chain from this company to the Pennsylvania Railroad is not dated in any source found here, so the 1882 split that follows is a documented PRR milestone at Kokomo rather than a documented change of ownership on this line; frequency estimated, unsourced", "sources": ["https://en.wikipedia.org/wiki/Kokomo,_Indiana (the first railroad reached Kokomo in 1854; the Peru and Indianapolis Railroad was under construction from 1852, its route laid along Buckeye Street, with Kokomo the terminus before the line was extended to Peru and Michigan City; the Pennsylvania Railroad announced a line through Kokomo and a line between Kokomo and Logansport was commenced by 1853, 'Railroad service was inaugurated on that line on July 4, 1855'; the Clover Leaf line began as the Frankfort and Kokomo Railroad, construction started 1873 and completed 1874, and 'A line connecting it to the east reached Kokomo on January 1, 1881', eventually part of the Toledo, St. Louis and Kansas City Railroad)", "https://en.wikipedia.org/wiki/Lake_Erie_and_Western_Railroad (the Peru & Indianapolis, incorporated in Indiana January 19 1846, was the first and oldest trackage on the Nickel Plate System; the Indianapolis to Michigan City line became part of the Lake Erie and Western on April 8 1887)", "https://www.american-rails.com/nickel.html (the Van Sweringens acquired the 718-mile Lake Erie & Western on April 26 1922, its branches connecting Michigan City with Indianapolis and Fort Wayne with Rushville/Connersville; the Toledo, St. Louis & Western - the Clover Leaf Route - was acquired in March 1922, 450 miles linking Toledo with East St. Louis; the Nickel Plate ran its last passenger trains, the City of Chicago and the City of Cleveland, on September 9 1965)", "https://www.nkphts.org/lakeeriewestern (Nickel Plate Road Historical & Technical Society, Lake Erie & Western)", "https://en.wikipedia.org/wiki/Lake_Erie_and_Western_Depot_Historic_District (the Lake Erie and Western depot at Kokomo, an American Craftsman passenger and freight depot of 1916, listed on the National Register in 2008)", "https://www.pharostribune.com/news/local_news/article_767e26e7-1928-50a0-af89-597e11bfe305.html (Logansport Pharos-Tribune, 175th Anniversary: the railroad opened to Kokomo was celebrated Sept 1855 and was referred to as the 'Cincinnati and Chicago Railroad'; the Pennsylvania Railroad acquired running rights in 1882 between Indianapolis and Kokomo over the line of the former Indianapolis, Peru & Chicago)"]}], "geometry_repairs": [{"date": "2026-08-29", "from": [-86.132001, 40.494922], "to": [-86.272377, 40.7074797], "chord_mi": 16.43, "traced_mi": 16.45, "snap_m": [0, 0], "bridged_mi": 0.0, "osm_lines": ["PRR (9.77 mi)", "Winamac Southern (6.5 mi)", "(disused) [disused] (0.08 mi)", "NKP [disused] (0.06 mi)", "Kokomo Subdivision (0.05 mi)"], "method": "Overpass rail graph, 8.0 km corridor, Dijkstra, simplified to 3.0 m"}]}, "geometry": {"type": "LineString", "coordinates": [[-86.13244, 40.48554], [-86.132514, 40.490177], [-86.13252, 40.49055], [-86.1325213, 40.490906], [-86.1325179, 40.4909902], [-86.1325144, 40.4910516], [-86.1324903, 40.491485], [-86.132487, 40.491589], [-86.1324801, 40.4917449], [-86.1324788, 40.4917781], [-86.1324747, 40.4918408], [-86.1324694, 40.4919227], [-86.1324542, 40.4921199], [-86.1324499, 40.492173], [-86.1324459, 40.4922153], [-86.1324414, 40.4922556], [-86.1324363, 40.4922953], [-86.1324286, 40.4923473], [-86.1323962, 40.4925753], [-86.1323848, 40.4926517], [-86.1323764, 40.4927056], [-86.1323681, 40.4927511], [-86.1323418, 40.4929075], [-86.1323339, 40.4929507], [-86.132325, 40.492991], [-86.1323182, 40.4930164], [-86.1323085, 40.4930462], [-86.1322939, 40.4930863], [-86.1322771, 40.49313], [-86.1322666, 40.4931586], [-86.1322574, 40.4931871], [-86.1322493, 40.4932172], [-86.1322422, 40.4932463], [-86.1322329, 40.4932918], [-86.1320005, 40.4949221], [-86.1316394, 40.496792], [-86.13387, 40.500176], [-86.1857284, 40.5779439], [-86.1882222, 40.5817781], [-86.1996262, 40.5987247], [-86.272377, 40.7074797], [-86.29882, 40.731114], [-86.3034143, 40.7316713], [-86.3127611, 40.7328075], [-86.3134199, 40.7328856], [-86.3134885, 40.7328938], [-86.315508, 40.7331396], [-86.3157419, 40.7331663], [-86.3171365, 40.7333366], [-86.320145, 40.7337013], [-86.3206907, 40.7337707], [-86.3228224, 40.7340312], [-86.3259755, 40.7344149], [-86.326853, 40.7345213], [-86.3304297, 40.7349566], [-86.3308261, 40.7350166], [-86.3309554, 40.7350399], [-86.3311415, 40.7350731], [-86.3313186, 40.735101], [-86.3315942, 40.7351327], [-86.3321255, 40.7351987], [-86.3323984, 40.7352435], [-86.3325928, 40.7352871], [-86.3327953, 40.7353355], [-86.3329335, 40.7353802], [-86.3332205, 40.7354971], [-86.3334297, 40.7355631], [-86.3349827, 40.7359574], [-86.3354916, 40.7361286], [-86.3399609, 40.7377383], [-86.3450006, 40.7395481], [-86.3451804, 40.7396125], [-86.3454131, 40.7396847], [-86.3461085, 40.7398605], [-86.3463867, 40.7399291], [-86.3464842, 40.7399521], [-86.3468112, 40.7400352], [-86.3470372, 40.7401074], [-86.3472868, 40.7402094], [-86.3475643, 40.7403559], [-86.3476725, 40.7404193], [-86.3478935, 40.7405616], [-86.3480484, 40.7406759], [-86.3481939, 40.7407953], [-86.3483132, 40.7409116], [-86.3484202, 40.7410223], [-86.348554, 40.741186], [-86.348682, 40.7413745], [-86.3487223, 40.7414431], [-86.3487867, 40.741562], [-86.3488547, 40.741714], [-86.348906, 40.7418414], [-86.3489711, 40.7420461], [-86.3490059, 40.7421731], [-86.3491032, 40.7425454], [-86.349423, 40.7438227], [-86.3495772, 40.7444019], [-86.3496419, 40.7446802], [-86.3496959, 40.7449201], [-86.3497449, 40.745105], [-86.3498086, 40.7453052], [-86.3499286, 40.7455892], [-86.3499816, 40.745704], [-86.3500956, 40.7459133], [-86.3502129, 40.7461038], [-86.3503026, 40.7462347], [-86.3504496, 40.7464223], [-86.3505757, 40.7465672], [-86.3507245, 40.7467261], [-86.3508982, 40.7468856], [-86.3510512, 40.7470132], [-86.3512311, 40.7471542], [-86.351584, 40.7473949], [-86.3517788, 40.7475095], [-86.3519959, 40.7476227], [-86.3522594, 40.7477513], [-86.3531077, 40.7481405], [-86.3538486, 40.7484786], [-86.3546138, 40.7488231], [-86.3551958, 40.7490883], [-86.3573211, 40.750054], [-86.3574824, 40.7501226], [-86.3576634, 40.7501917], [-86.3585553, 40.7504807], [-86.3596093, 40.75082], [-86.359275, 40.7511]]}}, {"type": "Feature", "properties": {"company": "Pennsylvania Railroad", "line": "Pennsylvania Railroad: Kokomo \u2013 Logansport", "id": "prr-kokomo-logansport", "color": "#7B241C", "mode": "intercity_rail", "avg_speed_kmh": 55, "speed_source": "estimated: a PRR secondary line; unsourced", "geometry_quality": "Corridor-constrained trace over OpenStreetMap railway ways within 6 km of a Kokomo - Logansport corridor. 312 points, 23.0 mi against a documented ~24 miles. 44 of the 59 ways used carry old_railway_operator=PRR, the rest untagged. Approximations: five straight bridges totalling 4.19 km, the largest 3.45 km. Max deviation 3.25 km; snaps 137 m at Kokomo and 408 m at Logansport. Zero reversals. Straight-line repair 2026-08-29: 1 ruled segment totalling 16 mi replaced with OpenStreetMap-traced rail geometry (see geometry_repairs for the OSM lines each one followed).", "segments": [{"start": 1882, "end": 1968, "headway_min": 480, "note": "The Pennsylvania Railroad era. The PRR's Kokomo depot of 1878 was replaced by a new building put up between 1925 and 1928. Kokomo's trains ran north-west to Logansport, where they joined the Pennsylvania's Columbus-to-Chicago main line for Chicago; that connecting line is drawn in kokomo_connections.geojson. This segment now ends at the 1 February 1968 Penn Central merger rather than running to 1971; the last three years are drawn as pc-kokomo-logansport. frequency estimated, unsourced", "sources": ["https://en.wikipedia.org/wiki/Kokomo,_Indiana (the first railroad reached Kokomo in 1854; the Peru and Indianapolis Railroad was under construction from 1852, its route laid along Buckeye Street, with Kokomo the terminus before the line was extended to Peru and Michigan City; the Pennsylvania Railroad announced a line through Kokomo and a line between Kokomo and Logansport was commenced by 1853, 'Railroad service was inaugurated on that line on July 4, 1855'; the Clover Leaf line began as the Frankfort and Kokomo Railroad, construction started 1873 and completed 1874, and 'A line connecting it to the east reached Kokomo on January 1, 1881', eventually part of the Toledo, St. Louis and Kansas City Railroad)", "https://en.wikipedia.org/wiki/Lake_Erie_and_Western_Railroad (the Peru & Indianapolis, incorporated in Indiana January 19 1846, was the first and oldest trackage on the Nickel Plate System; the Indianapolis to Michigan City line became part of the Lake Erie and Western on April 8 1887)", "https://www.american-rails.com/nickel.html (the Van Sweringens acquired the 718-mile Lake Erie & Western on April 26 1922, its branches connecting Michigan City with Indianapolis and Fort Wayne with Rushville/Connersville; the Toledo, St. Louis & Western - the Clover Leaf Route - was acquired in March 1922, 450 miles linking Toledo with East St. Louis; the Nickel Plate ran its last passenger trains, the City of Chicago and the City of Cleveland, on September 9 1965)", "https://www.nkphts.org/lakeeriewestern (Nickel Plate Road Historical & Technical Society, Lake Erie & Western)", "https://en.wikipedia.org/wiki/Lake_Erie_and_Western_Depot_Historic_District (the Lake Erie and Western depot at Kokomo, an American Craftsman passenger and freight depot of 1916, listed on the National Register in 2008)", "https://www.pharostribune.com/news/local_news/article_767e26e7-1928-50a0-af89-597e11bfe305.html (Logansport Pharos-Tribune, 175th Anniversary: the railroad opened to Kokomo was celebrated Sept 1855 and was referred to as the 'Cincinnati and Chicago Railroad'; the Pennsylvania Railroad acquired running rights in 1882 between Indianapolis and Kokomo over the line of the former Indianapolis, Peru & Chicago)"]}], "ownership_split": "Split on 2026-08-27 under CLAUDE.md Rule 4: this feature's single 1882-1971 segment spanned the 1 February 1968 Penn Central merger while carrying the Pennsylvania's name and colour, so three years of Penn Central operation were drawn as the PRR. Identical geometry to pc-kokomo-logansport.", "geometry_repairs": [{"date": "2026-08-29", "from": [-86.132001, 40.494922], "to": [-86.272377, 40.7074797], "chord_mi": 16.43, "traced_mi": 16.45, "snap_m": [0, 0], "bridged_mi": 0.0, "osm_lines": ["PRR (9.77 mi)", "Winamac Southern (6.5 mi)", "(disused) [disused] (0.08 mi)", "NKP [disused] (0.06 mi)", "Kokomo Subdivision (0.05 mi)"], "method": "Overpass rail graph, 8.0 km corridor, Dijkstra, simplified to 3.0 m"}]}, "geometry": {"type": "LineString", "coordinates": [[-86.13244, 40.48554], [-86.132514, 40.490177], [-86.13252, 40.49055], [-86.1325213, 40.490906], [-86.1325179, 40.4909902], [-86.1325144, 40.4910516], [-86.1324903, 40.491485], [-86.132487, 40.491589], [-86.1324801, 40.4917449], [-86.1324788, 40.4917781], [-86.1324747, 40.4918408], [-86.1324694, 40.4919227], [-86.1324542, 40.4921199], [-86.1324499, 40.492173], [-86.1324459, 40.4922153], [-86.1324414, 40.4922556], [-86.1324363, 40.4922953], [-86.1324286, 40.4923473], [-86.1323962, 40.4925753], [-86.1323848, 40.4926517], [-86.1323764, 40.4927056], [-86.1323681, 40.4927511], [-86.1323418, 40.4929075], [-86.1323339, 40.4929507], [-86.132325, 40.492991], [-86.1323182, 40.4930164], [-86.1323085, 40.4930462], [-86.1322939, 40.4930863], [-86.1322771, 40.49313], [-86.1322666, 40.4931586], [-86.1322574, 40.4931871], [-86.1322493, 40.4932172], [-86.1322422, 40.4932463], [-86.1322329, 40.4932918], [-86.1320005, 40.4949221], [-86.1316394, 40.496792], [-86.13387, 40.500176], [-86.1857284, 40.5779439], [-86.1882222, 40.5817781], [-86.1996262, 40.5987247], [-86.272377, 40.7074797], [-86.29882, 40.731114], [-86.3034143, 40.7316713], [-86.3127611, 40.7328075], [-86.3134199, 40.7328856], [-86.3134885, 40.7328938], [-86.315508, 40.7331396], [-86.3157419, 40.7331663], [-86.3171365, 40.7333366], [-86.320145, 40.7337013], [-86.3206907, 40.7337707], [-86.3228224, 40.7340312], [-86.3259755, 40.7344149], [-86.326853, 40.7345213], [-86.3304297, 40.7349566], [-86.3308261, 40.7350166], [-86.3309554, 40.7350399], [-86.3311415, 40.7350731], [-86.3313186, 40.735101], [-86.3315942, 40.7351327], [-86.3321255, 40.7351987], [-86.3323984, 40.7352435], [-86.3325928, 40.7352871], [-86.3327953, 40.7353355], [-86.3329335, 40.7353802], [-86.3332205, 40.7354971], [-86.3334297, 40.7355631], [-86.3349827, 40.7359574], [-86.3354916, 40.7361286], [-86.3399609, 40.7377383], [-86.3450006, 40.7395481], [-86.3451804, 40.7396125], [-86.3454131, 40.7396847], [-86.3461085, 40.7398605], [-86.3463867, 40.7399291], [-86.3464842, 40.7399521], [-86.3468112, 40.7400352], [-86.3470372, 40.7401074], [-86.3472868, 40.7402094], [-86.3475643, 40.7403559], [-86.3476725, 40.7404193], [-86.3478935, 40.7405616], [-86.3480484, 40.7406759], [-86.3481939, 40.7407953], [-86.3483132, 40.7409116], [-86.3484202, 40.7410223], [-86.348554, 40.741186], [-86.348682, 40.7413745], [-86.3487223, 40.7414431], [-86.3487867, 40.741562], [-86.3488547, 40.741714], [-86.348906, 40.7418414], [-86.3489711, 40.7420461], [-86.3490059, 40.7421731], [-86.3491032, 40.7425454], [-86.349423, 40.7438227], [-86.3495772, 40.7444019], [-86.3496419, 40.7446802], [-86.3496959, 40.7449201], [-86.3497449, 40.745105], [-86.3498086, 40.7453052], [-86.3499286, 40.7455892], [-86.3499816, 40.745704], [-86.3500956, 40.7459133], [-86.3502129, 40.7461038], [-86.3503026, 40.7462347], [-86.3504496, 40.7464223], [-86.3505757, 40.7465672], [-86.3507245, 40.7467261], [-86.3508982, 40.7468856], [-86.3510512, 40.7470132], [-86.3512311, 40.7471542], [-86.351584, 40.7473949], [-86.3517788, 40.7475095], [-86.3519959, 40.7476227], [-86.3522594, 40.7477513], [-86.3531077, 40.7481405], [-86.3538486, 40.7484786], [-86.3546138, 40.7488231], [-86.3551958, 40.7490883], [-86.3573211, 40.750054], [-86.3574824, 40.7501226], [-86.3576634, 40.7501917], [-86.3585553, 40.7504807], [-86.3596093, 40.75082], [-86.359275, 40.7511]]}}, {"type": "Feature", "properties": {"company": "Penn Central Transportation Company", "line": "Penn Central: Kokomo \u2013 Logansport", "id": "pc-kokomo-logansport", "color": "#1A1A1A", "mode": "intercity_rail", "avg_speed_kmh": 55, "speed_source": "estimated: a PRR secondary line; unsourced", "geometry_quality": "Corridor-constrained trace over OpenStreetMap railway ways within 6 km of a Kokomo - Logansport corridor. 312 points, 23.0 mi against a documented ~24 miles. 44 of the 59 ways used carry old_railway_operator=PRR, the rest untagged. Approximations: five straight bridges totalling 4.19 km, the largest 3.45 km. Max deviation 3.25 km; snaps 137 m at Kokomo and 408 m at Logansport. Zero reversals. Straight-line repair 2026-08-29: 1 ruled segment totalling 16 mi replaced with OpenStreetMap-traced rail geometry (see geometry_repairs for the OSM lines each one followed).", "segments": [{"start": 1968, "end": 1971, "headway_min": 480, "note": "The Penn Central era. The Pennsylvania and the New York Central merged on 1 February 1968, and Penn Central worked the line to the end. The Kokomo station went freight-only after April 30 1971 - the last day before Amtrak began - which ends passenger railroading at Kokomo after 117 years. frequency estimated, unsourced", "sources": ["https://en.wikipedia.org/wiki/Kokomo,_Indiana (the first railroad reached Kokomo in 1854; the Peru and Indianapolis Railroad was under construction from 1852, its route laid along Buckeye Street, with Kokomo the terminus before the line was extended to Peru and Michigan City; the Pennsylvania Railroad announced a line through Kokomo and a line between Kokomo and Logansport was commenced by 1853, 'Railroad service was inaugurated on that line on July 4, 1855'; the Clover Leaf line began as the Frankfort and Kokomo Railroad, construction started 1873 and completed 1874, and 'A line connecting it to the east reached Kokomo on January 1, 1881', eventually part of the Toledo, St. Louis and Kansas City Railroad)", "https://en.wikipedia.org/wiki/Lake_Erie_and_Western_Railroad (the Peru & Indianapolis, incorporated in Indiana January 19 1846, was the first and oldest trackage on the Nickel Plate System; the Indianapolis to Michigan City line became part of the Lake Erie and Western on April 8 1887)", "https://www.american-rails.com/nickel.html (the Van Sweringens acquired the 718-mile Lake Erie & Western on April 26 1922, its branches connecting Michigan City with Indianapolis and Fort Wayne with Rushville/Connersville; the Toledo, St. Louis & Western - the Clover Leaf Route - was acquired in March 1922, 450 miles linking Toledo with East St. Louis; the Nickel Plate ran its last passenger trains, the City of Chicago and the City of Cleveland, on September 9 1965)", "https://www.nkphts.org/lakeeriewestern (Nickel Plate Road Historical & Technical Society, Lake Erie & Western)", "https://en.wikipedia.org/wiki/Lake_Erie_and_Western_Depot_Historic_District (the Lake Erie and Western depot at Kokomo, an American Craftsman passenger and freight depot of 1916, listed on the National Register in 2008)", "https://www.pharostribune.com/news/local_news/article_767e26e7-1928-50a0-af89-597e11bfe305.html (Logansport Pharos-Tribune, 175th Anniversary: the railroad opened to Kokomo was celebrated Sept 1855 and was referred to as the 'Cincinnati and Chicago Railroad'; the Pennsylvania Railroad acquired running rights in 1882 between Indianapolis and Kokomo over the line of the former Indianapolis, Peru & Chicago)"]}], "ownership_split": "Split out of prr-kokomo-logansport on 2026-08-27 under CLAUDE.md Rule 4 and recoloured to #1A1A1A, the colour this repo already uses for Penn Central. Identical geometry to prr-kokomo-logansport.", "geometry_repairs": [{"date": "2026-08-29", "from": [-86.132001, 40.494922], "to": [-86.272377, 40.7074797], "chord_mi": 16.43, "traced_mi": 16.45, "snap_m": [0, 0], "bridged_mi": 0.0, "osm_lines": ["PRR (9.77 mi)", "Winamac Southern (6.5 mi)", "(disused) [disused] (0.08 mi)", "NKP [disused] (0.06 mi)", "Kokomo Subdivision (0.05 mi)"], "method": "Overpass rail graph, 8.0 km corridor, Dijkstra, simplified to 3.0 m"}]}, "geometry": {"type": "LineString", "coordinates": [[-86.13244, 40.48554], [-86.132514, 40.490177], [-86.13252, 40.49055], [-86.1325213, 40.490906], [-86.1325179, 40.4909902], [-86.1325144, 40.4910516], [-86.1324903, 40.491485], [-86.132487, 40.491589], [-86.1324801, 40.4917449], [-86.1324788, 40.4917781], [-86.1324747, 40.4918408], [-86.1324694, 40.4919227], [-86.1324542, 40.4921199], [-86.1324499, 40.492173], [-86.1324459, 40.4922153], [-86.1324414, 40.4922556], [-86.1324363, 40.4922953], [-86.1324286, 40.4923473], [-86.1323962, 40.4925753], [-86.1323848, 40.4926517], [-86.1323764, 40.4927056], [-86.1323681, 40.4927511], [-86.1323418, 40.4929075], [-86.1323339, 40.4929507], [-86.132325, 40.492991], [-86.1323182, 40.4930164], [-86.1323085, 40.4930462], [-86.1322939, 40.4930863], [-86.1322771, 40.49313], [-86.1322666, 40.4931586], [-86.1322574, 40.4931871], [-86.1322493, 40.4932172], [-86.1322422, 40.4932463], [-86.1322329, 40.4932918], [-86.1320005, 40.4949221], [-86.1316394, 40.496792], [-86.13387, 40.500176], [-86.1857284, 40.5779439], [-86.1882222, 40.5817781], [-86.1996262, 40.5987247], [-86.272377, 40.7074797], [-86.29882, 40.731114], [-86.3034143, 40.7316713], [-86.3127611, 40.7328075], [-86.3134199, 40.7328856], [-86.3134885, 40.7328938], [-86.315508, 40.7331396], [-86.3157419, 40.7331663], [-86.3171365, 40.7333366], [-86.320145, 40.7337013], [-86.3206907, 40.7337707], [-86.3228224, 40.7340312], [-86.3259755, 40.7344149], [-86.326853, 40.7345213], [-86.3304297, 40.7349566], [-86.3308261, 40.7350166], [-86.3309554, 40.7350399], [-86.3311415, 40.7350731], [-86.3313186, 40.735101], [-86.3315942, 40.7351327], [-86.3321255, 40.7351987], [-86.3323984, 40.7352435], [-86.3325928, 40.7352871], [-86.3327953, 40.7353355], [-86.3329335, 40.7353802], [-86.3332205, 40.7354971], [-86.3334297, 40.7355631], [-86.3349827, 40.7359574], [-86.3354916, 40.7361286], [-86.3399609, 40.7377383], [-86.3450006, 40.7395481], [-86.3451804, 40.7396125], [-86.3454131, 40.7396847], [-86.3461085, 40.7398605], [-86.3463867, 40.7399291], [-86.3464842, 40.7399521], [-86.3468112, 40.7400352], [-86.3470372, 40.7401074], [-86.3472868, 40.7402094], [-86.3475643, 40.7403559], [-86.3476725, 40.7404193], [-86.3478935, 40.7405616], [-86.3480484, 40.7406759], [-86.3481939, 40.7407953], [-86.3483132, 40.7409116], [-86.3484202, 40.7410223], [-86.348554, 40.741186], [-86.348682, 40.7413745], [-86.3487223, 40.7414431], [-86.3487867, 40.741562], [-86.3488547, 40.741714], [-86.348906, 40.7418414], [-86.3489711, 40.7420461], [-86.3490059, 40.7421731], [-86.3491032, 40.7425454], [-86.349423, 40.7438227], [-86.3495772, 40.7444019], [-86.3496419, 40.7446802], [-86.3496959, 40.7449201], [-86.3497449, 40.745105], [-86.3498086, 40.7453052], [-86.3499286, 40.7455892], [-86.3499816, 40.745704], [-86.3500956, 40.7459133], [-86.3502129, 40.7461038], [-86.3503026, 40.7462347], [-86.3504496, 40.7464223], [-86.3505757, 40.7465672], [-86.3507245, 40.7467261], [-86.3508982, 40.7468856], [-86.3510512, 40.7470132], [-86.3512311, 40.7471542], [-86.351584, 40.7473949], [-86.3517788, 40.7475095], [-86.3519959, 40.7476227], [-86.3522594, 40.7477513], [-86.3531077, 40.7481405], [-86.3538486, 40.7484786], [-86.3546138, 40.7488231], [-86.3551958, 40.7490883], [-86.3573211, 40.750054], [-86.3574824, 40.7501226], [-86.3576634, 40.7501917], [-86.3585553, 40.7504807], [-86.3596093, 40.75082], [-86.359275, 40.7511]]}}]}