{
 "type": "FeatureCollection",
 "metadata": {
  "note": "Boston's rapid transit and subway-surface network \u2013 what the MBTA now runs as the Red, Orange, Blue and Green Lines and the Mattapan trolley \u2013 from the Tremont Street subway of September 1, 1897 to the Green Line Extension of 2022, including the lines that did not survive: the Charlestown, Washington Street and Atlantic Avenue Elevateds, the Arborway end of the E branch and the Watertown (A) branch. Commuter rail is a separate layer, data/mbta_commuter_rail.geojson. STRUCTURE: each line appears once per physical stage and once per operator (Rule 4) \u2013 the West End Street Railway to 1896, the Boston Elevated Railway 1897\u20131946, the Metropolitan Transit Authority 1947\u20131963 and the MBTA from 1964 \u2013 with the features of one line sharing geometry. CONVENTION: a change is drawn from the calendar year it happened (an extension opened in December is drawn for that whole year, and the stage it replaced stops the year before); every segment note carries the exact date. Ownership years follow the same rule: the MTA took over in August 1947 and the MBTA in August 1964. Green Line branches are drawn from their outer terminal to the Central Subway junction (Kenmore, or Copley for the E branch); the trunk is its own feature. Before 1914 the Beacon Street, Commonwealth Avenue and Watertown cars reached the subway over Beacon Street, Massachusetts Avenue and Boylston Street; that surface link is drawn. Only the streetcar routes that became Green Line branches are drawn; the rest of the Boston streetcar network is not in this layer.",
  "sources": [
   "https://en.wikipedia.org/wiki/Red_Line_(MBTA)",
   "https://en.wikipedia.org/wiki/Mattapan_Line",
   "https://en.wikipedia.org/wiki/Orange_Line_(MBTA)",
   "https://en.wikipedia.org/wiki/Charlestown_Elevated",
   "https://en.wikipedia.org/wiki/Washington_Street_Elevated",
   "https://en.wikipedia.org/wiki/Atlantic_Avenue_Elevated",
   "https://en.wikipedia.org/wiki/Haymarket_North_Extension",
   "https://en.wikipedia.org/wiki/Blue_Line_(MBTA)",
   "https://en.wikipedia.org/wiki/Orient_Heights_station",
   "https://en.wikipedia.org/wiki/Wonderland_station",
   "https://en.wikipedia.org/wiki/Green_Line_(MBTA)",
   "https://en.wikipedia.org/wiki/Tremont_Street_subway",
   "https://en.wikipedia.org/wiki/Lechmere_Viaduct",
   "https://en.wikipedia.org/wiki/Boylston_Street_subway",
   "https://en.wikipedia.org/wiki/Green_Line_Extension",
   "https://en.wikipedia.org/wiki/Green_Line_A_branch",
   "https://en.wikipedia.org/wiki/Green_Line_B_branch",
   "https://en.wikipedia.org/wiki/Green_Line_C_branch",
   "https://en.wikipedia.org/wiki/Green_Line_D_branch",
   "https://en.wikipedia.org/wiki/Green_Line_E_branch",
   "https://cdn.mbta.com/MBTA_GTFS.zip"
  ],
  "geometry_source": "Modern alignments from the MBTA GTFS shapes (feed \"Fall 2026, version D\"). Demolished elevateds and street-running sections routed along today's OSM street grid by street name (ODbL); every such feature says so in geometry_quality. Douglas-Peucker simplified at 8 m.",
  "not_yet_sourced": [
   "Every historical headway_min is an estimate; no Boston Elevated or MTA public timetable has been checked.",
   "Historical avg_speed_kmh values are estimates.",
   "The date the South Huntington Avenue line reached Arborway (after March 1, 1924: \"soon extended\").",
   "The exact route of the 1901\u20131908 temporary structure between the Pleasant Street incline and the Washington Street Elevated (drawn as a straight line).",
   "The exact date in 1928 when the south end of the Atlantic Avenue Elevated closed.",
   "Wonderland opening date: January 1954 vs June 19, 1954 (both in the Wonderland station article)."
  ],
  "color_note": "MBTA uses #4a4e69, the colour data/mbta_commuter_rail.geojson already gives the agency (Rule 4, one company one colour \u2013 the real Red/Orange/Blue/Green line colours are not used). Boston Elevated, the Metropolitan Transit Authority and the West End Street Railway had no colour elsewhere in data/ and were given new ones."
 },
 "features": [
  {
   "type": "Feature",
   "properties": {
    "company": "Boston Elevated Railway",
    "line": "Boston Elevated: Cambridge Subway (Harvard \u2013 Park Street)",
    "id": "bery-cambridge-subway-1912",
    "color": "#b8651b",
    "mode": "rapid_transit",
    "avg_speed_kmh": 30,
    "speed_source": "estimated; no historical schedule speed found",
    "segments": [
     {
      "start": 1912,
      "end": 1914,
      "headway_min": 5,
      "note": "The Boston Elevated opened the Cambridge Subway from Harvard (and Eliot Yard) to Park Street Under on March 23, 1912, over the Longfellow Bridge, with intermediate stations at Central and Kendall. headway_min is an estimate, not from a timetable.",
      "sources": [
       "Segment-level: the dates and termini in this note were checked on 2026-09-28 against the article(s) below; headway_min is an estimate and is not sourced.",
       "https://en.wikipedia.org/wiki/Red_Line_(MBTA)"
      ]
     }
    ],
    "geometry_quality": "Real track geometry: the MBTA's own GTFS shape for this route, sliced at the terminal stations. Drawn on the present alignment; the 1912 Harvard terminal approach to Eliot Yard differs slightly. Drawn length 5.22 km."
   },
   "geometry": {
    "type": "LineString",
    "coordinates": [
     [
      -71.118821,
      42.373459
     ],
     [
      -71.115943,
      42.372506
     ],
     [
      -71.113001,
      42.37004
     ],
     [
      -71.109857,
      42.368842
     ],
     [
      -71.107808,
      42.367895
     ],
     [
      -71.104035,
      42.365542
     ],
     [
      -71.100488,
      42.363553
     ],
     [
      -71.086756,
      42.36253
     ],
     [
      -71.083429,
      42.362131
     ],
     [
      -71.07045,
      42.361141
     ],
     [
      -71.069339,
      42.360738
     ],
     [
      -71.065482,
      42.357898
     ],
     [
      -71.062425,
      42.35638
     ]
    ]
   }
  },
  {
   "type": "Feature",
   "properties": {
    "company": "Boston Elevated Railway",
    "line": "Boston Elevated: Cambridge\u2013Dorchester Line (Harvard \u2013 Washington)",
    "id": "bery-cambridge-dorchester-1915",
    "color": "#b8651b",
    "mode": "rapid_transit",
    "avg_speed_kmh": 30,
    "speed_source": "estimated; no historical schedule speed found",
    "segments": [
     {
      "start": 1915,
      "end": 1915,
      "headway_min": 5,
      "note": "The Dorchester Tunnel opened to Washington (now Downtown Crossing) on April 4, 1915. headway_min is an estimate, not from a timetable.",
      "sources": [
       "Segment-level: the dates and termini in this note were checked on 2026-09-28 against the article(s) below; headway_min is an estimate and is not sourced.",
       "https://en.wikipedia.org/wiki/Red_Line_(MBTA)"
      ]
     }
    ],
    "geometry_quality": "Real track geometry: the MBTA's own GTFS shape for this route, sliced at the terminal stations. Drawn length 5.43 km."
   },
   "geometry": {
    "type": "LineString",
    "coordinates": [
     [
      -71.118821,
      42.373459
     ],
     [
      -71.115943,
      42.372506
     ],
     [
      -71.113001,
      42.37004
     ],
     [
      -71.109857,
      42.368842
     ],
     [
      -71.107808,
      42.367895
     ],
     [
      -71.104035,
      42.365542
     ],
     [
      -71.100488,
      42.363553
     ],
     [
      -71.086756,
      42.36253
     ],
     [
      -71.083429,
      42.362131
     ],
     [
      -71.070265,
      42.361104
     ],
     [
      -71.069339,
      42.360738
     ],
     [
      -71.065482,
      42.357898
     ],
     [
      -71.060286,
      42.355319
     ]
    ]
   }
  },
  {
   "type": "Feature",
   "properties": {
    "company": "Boston Elevated Railway",
    "line": "Boston Elevated: Cambridge\u2013Dorchester Line (Harvard \u2013 South Station)",
    "id": "bery-cambridge-dorchester-1916",
    "color": "#b8651b",
    "mode": "rapid_transit",
    "avg_speed_kmh": 30,
    "speed_source": "estimated; no historical schedule speed found",
    "segments": [
     {
      "start": 1916,
      "end": 1916,
      "headway_min": 5,
      "note": "Extended to South Station Under on December 3, 1916, with a transfer to the Atlantic Avenue Elevated. headway_min is an estimate, not from a timetable.",
      "sources": [
       "Segment-level: the dates and termini in this note were checked on 2026-09-28 against the article(s) below; headway_min is an estimate and is not sourced.",
       "https://en.wikipedia.org/wiki/Red_Line_(MBTA)"
      ]
     }
    ],
    "geometry_quality": "Real track geometry: the MBTA's own GTFS shape for this route, sliced at the terminal stations. Drawn length 5.95 km."
   },
   "geometry": {
    "type": "LineString",
    "coordinates": [
     [
      -71.118821,
      42.373459
     ],
     [
      -71.115943,
      42.372506
     ],
     [
      -71.113001,
      42.37004
     ],
     [
      -71.109857,
      42.368842
     ],
     [
      -71.107808,
      42.367895
     ],
     [
      -71.104035,
      42.365542
     ],
     [
      -71.100488,
      42.363553
     ],
     [
      -71.086756,
      42.36253
     ],
     [
      -71.083429,
      42.362131
     ],
     [
      -71.070265,
      42.361104
     ],
     [
      -71.069339,
      42.360738
     ],
     [
      -71.065482,
      42.357898
     ],
     [
      -71.060286,
      42.355319
     ],
     [
      -71.056975,
      42.353336
     ],
     [
      -71.055166,
      42.352559
     ]
    ]
   }
  },
  {
   "type": "Feature",
   "properties": {
    "company": "Boston Elevated Railway",
    "line": "Boston Elevated: Cambridge\u2013Dorchester Line (Harvard \u2013 Broadway)",
    "id": "bery-cambridge-dorchester-1917",
    "color": "#b8651b",
    "mode": "rapid_transit",
    "avg_speed_kmh": 30,
    "speed_source": "estimated; no historical schedule speed found",
    "segments": [
     {
      "start": 1917,
      "end": 1917,
      "headway_min": 5,
      "note": "Extended to Broadway on December 15, 1917, a prepayment transfer station for South Boston streetcars. headway_min is an estimate, not from a timetable.",
      "sources": [
       "Segment-level: the dates and termini in this note were checked on 2026-09-28 against the article(s) below; headway_min is an estimate and is not sourced.",
       "https://en.wikipedia.org/wiki/Red_Line_(MBTA)"
      ]
     }
    ],
    "geometry_quality": "Real track geometry: the MBTA's own GTFS shape for this route, sliced at the terminal stations. Drawn length 7.29 km."
   },
   "geometry": {
    "type": "LineString",
    "coordinates": [
     [
      -71.118821,
      42.373459
     ],
     [
      -71.115943,
      42.372506
     ],
     [
      -71.113001,
      42.37004
     ],
     [
      -71.109857,
      42.368842
     ],
     [
      -71.107808,
      42.367895
     ],
     [
      -71.104035,
      42.365542
     ],
     [
      -71.100488,
      42.363553
     ],
     [
      -71.086756,
      42.36253
     ],
     [
      -71.083429,
      42.362131
     ],
     [
      -71.070714,
      42.36117
     ],
     [
      -71.070033,
      42.361035
     ],
     [
      -71.069339,
      42.360738
     ],
     [
      -71.065482,
      42.357898
     ],
     [
      -71.060286,
      42.355319
     ],
     [
      -71.056975,
      42.353336
     ],
     [
      -71.052754,
      42.351645
     ],
     [
      -71.052468,
      42.351393
     ],
     [
      -71.052226,
      42.350575
     ],
     [
      -71.052406,
      42.349774
     ],
     [
      -71.057116,
      42.34335
     ],
     [
      -71.057103,
      42.342621
     ]
    ]
   }
  },
  {
   "type": "Feature",
   "properties": {
    "company": "Boston Elevated Railway",
    "line": "Boston Elevated: Cambridge\u2013Dorchester Line (Harvard \u2013 Andrew)",
    "id": "bery-cambridge-dorchester-1918",
    "color": "#b8651b",
    "mode": "rapid_transit",
    "avg_speed_kmh": 30,
    "speed_source": "estimated; no historical schedule speed found",
    "segments": [
     {
      "start": 1918,
      "end": 1926,
      "headway_min": 5,
      "note": "Extended to Andrew on June 29, 1918. The New Haven ended passenger service on its Shawmut Branch on September 4, 1926 so the right-of-way could be rebuilt for the Dorchester extension. headway_min is an estimate, not from a timetable.",
      "sources": [
       "Segment-level: the dates and termini in this note were checked on 2026-09-28 against the article(s) below; headway_min is an estimate and is not sourced.",
       "https://en.wikipedia.org/wiki/Red_Line_(MBTA)"
      ]
     }
    ],
    "geometry_quality": "Real track geometry: the MBTA's own GTFS shape for this route, sliced at the terminal stations. Drawn length 8.70 km."
   },
   "geometry": {
    "type": "LineString",
    "coordinates": [
     [
      -71.118821,
      42.373459
     ],
     [
      -71.115943,
      42.372506
     ],
     [
      -71.113001,
      42.37004
     ],
     [
      -71.109857,
      42.368842
     ],
     [
      -71.107808,
      42.367895
     ],
     [
      -71.104035,
      42.365542
     ],
     [
      -71.100488,
      42.363553
     ],
     [
      -71.086756,
      42.36253
     ],
     [
      -71.083429,
      42.362131
     ],
     [
      -71.070265,
      42.361104
     ],
     [
      -71.069339,
      42.360738
     ],
     [
      -71.065854,
      42.358119
     ],
     [
      -71.065157,
      42.357718
     ],
     [
      -71.060286,
      42.355319
     ],
     [
      -71.056975,
      42.353336
     ],
     [
      -71.052754,
      42.351645
     ],
     [
      -71.052468,
      42.351393
     ],
     [
      -71.052263,
      42.350791
     ],
     [
      -71.052406,
      42.349774
     ],
     [
      -71.057116,
      42.34335
     ],
     [
      -71.056873,
      42.329961
     ]
    ]
   }
  },
  {
   "type": "Feature",
   "properties": {
    "company": "Boston Elevated Railway",
    "line": "Boston Elevated: Cambridge\u2013Dorchester Line (Harvard \u2013 Fields Corner)",
    "id": "bery-cambridge-dorchester-1927",
    "color": "#b8651b",
    "mode": "rapid_transit",
    "avg_speed_kmh": 30,
    "speed_source": "estimated; no historical schedule speed found",
    "segments": [
     {
      "start": 1927,
      "end": 1927,
      "headway_min": 5,
      "note": "The Dorchester extension opened to Fields Corner on November 5, 1927, alongside the Old Colony main line, with surface stations at Columbia and Savin Hill. headway_min is an estimate, not from a timetable.",
      "sources": [
       "Segment-level: the dates and termini in this note were checked on 2026-09-28 against the article(s) below; headway_min is an estimate and is not sourced.",
       "https://en.wikipedia.org/wiki/Red_Line_(MBTA)"
      ]
     }
    ],
    "geometry_quality": "Real track geometry: the MBTA's own GTFS shape for this route, sliced at the terminal stations. Drawn length 12.60 km."
   },
   "geometry": {
    "type": "LineString",
    "coordinates": [
     [
      -71.118821,
      42.373459
     ],
     [
      -71.115943,
      42.372506
     ],
     [
      -71.113001,
      42.37004
     ],
     [
      -71.109857,
      42.368842
     ],
     [
      -71.107808,
      42.367895
     ],
     [
      -71.104035,
      42.365542
     ],
     [
      -71.100488,
      42.363553
     ],
     [
      -71.086756,
      42.36253
     ],
     [
      -71.083429,
      42.362131
     ],
     [
      -71.070265,
      42.361104
     ],
     [
      -71.069339,
      42.360738
     ],
     [
      -71.065854,
      42.358119
     ],
     [
      -71.065157,
      42.357718
     ],
     [
      -71.060286,
      42.355319
     ],
     [
      -71.056975,
      42.353336
     ],
     [
      -71.052754,
      42.351645
     ],
     [
      -71.052468,
      42.351393
     ],
     [
      -71.052226,
      42.350575
     ],
     [
      -71.052406,
      42.349774
     ],
     [
      -71.057116,
      42.34335
     ],
     [
      -71.056873,
      42.329961
     ],
     [
      -71.057967,
      42.327699
     ],
     [
      -71.05749,
      42.326813
     ],
     [
      -71.053684,
      42.323884
     ],
     [
      -71.052904,
      42.32266
     ],
     [
      -71.052561,
      42.321452
     ],
     [
      -71.052258,
      42.318697
     ],
     [
      -71.052091,
      42.315314
     ],
     [
      -71.052198,
      42.314048
     ],
     [
      -71.054486,
      42.308262
     ],
     [
      -71.055606,
      42.303829
     ],
     [
      -71.05575,
      42.301612
     ],
     [
      -71.055983,
      42.301201
     ],
     [
      -71.056365,
      42.300831
     ],
     [
      -71.057386,
      42.300393
     ],
     [
      -71.060602,
      42.300232
     ],
     [
      -71.061532,
      42.300028
     ]
    ]
   }
  },
  {
   "type": "Feature",
   "properties": {
    "company": "Boston Elevated Railway",
    "line": "Boston Elevated: Cambridge\u2013Dorchester Line",
    "id": "bery-cambridge-dorchester",
    "color": "#b8651b",
    "mode": "rapid_transit",
    "avg_speed_kmh": 30,
    "speed_source": "estimated; no historical schedule speed found",
    "segments": [
     {
      "start": 1928,
      "end": 1946,
      "headway_min": 5,
      "note": "Completed to Ashmont and Codman Yard on September 1, 1928, via an underground Shawmut station. Charles station was added over Charles Circle in 1932. Boston Elevated ran it until the public Metropolitan Transit Authority took over in August 1947. headway_min is an estimate, not from a timetable.",
      "sources": [
       "Segment-level: the dates and termini in this note were checked on 2026-09-28 against the article(s) below; headway_min is an estimate and is not sourced.",
       "https://en.wikipedia.org/wiki/Red_Line_(MBTA)"
      ]
     }
    ],
    "geometry_quality": "Real track geometry: the MBTA's own GTFS shape for this route, sliced at the terminal stations. Drawn length 14.57 km."
   },
   "geometry": {
    "type": "LineString",
    "coordinates": [
     [
      -71.118821,
      42.373459
     ],
     [
      -71.115943,
      42.372506
     ],
     [
      -71.113001,
      42.37004
     ],
     [
      -71.109857,
      42.368842
     ],
     [
      -71.107808,
      42.367895
     ],
     [
      -71.104035,
      42.365542
     ],
     [
      -71.100488,
      42.363553
     ],
     [
      -71.086756,
      42.36253
     ],
     [
      -71.083429,
      42.362131
     ],
     [
      -71.070265,
      42.361104
     ],
     [
      -71.069339,
      42.360738
     ],
     [
      -71.065854,
      42.358119
     ],
     [
      -71.065157,
      42.357718
     ],
     [
      -71.060286,
      42.355319
     ],
     [
      -71.056975,
      42.353336
     ],
     [
      -71.052754,
      42.351645
     ],
     [
      -71.052468,
      42.351393
     ],
     [
      -71.052226,
      42.350575
     ],
     [
      -71.052406,
      42.349774
     ],
     [
      -71.057116,
      42.34335
     ],
     [
      -71.056873,
      42.329961
     ],
     [
      -71.057967,
      42.327699
     ],
     [
      -71.05749,
      42.326813
     ],
     [
      -71.053684,
      42.323884
     ],
     [
      -71.052904,
      42.32266
     ],
     [
      -71.052561,
      42.321452
     ],
     [
      -71.052258,
      42.318697
     ],
     [
      -71.052121,
      42.314492
     ],
     [
      -71.052484,
      42.31315
     ],
     [
      -71.054486,
      42.308262
     ],
     [
      -71.055679,
      42.303455
     ],
     [
      -71.05575,
      42.301612
     ],
     [
      -71.056059,
      42.301099
     ],
     [
      -71.056741,
      42.300623
     ],
     [
      -71.057386,
      42.300393
     ],
     [
      -71.060602,
      42.300232
     ],
     [
      -71.063449,
      42.299544
     ],
     [
      -71.065043,
      42.298667
     ],
     [
      -71.065731,
      42.29796
     ],
     [
      -71.066255,
      42.297112
     ],
     [
      -71.066433,
      42.29638
     ],
     [
      -71.066376,
      42.295398
     ],
     [
      -71.065739,
      42.293112
     ],
     [
      -71.064483,
      42.286978
     ],
     [
      -71.064016,
      42.285749
     ],
     [
      -71.064082,
      42.285288
     ],
     [
      -71.063627,
      42.284383
     ]
    ]
   }
  },
  {
   "type": "Feature",
   "properties": {
    "company": "Metropolitan Transit Authority (Boston)",
    "line": "MTA: Cambridge\u2013Dorchester Line",
    "id": "mta-cambridge-dorchester",
    "color": "#2f7d6d",
    "mode": "rapid_transit",
    "avg_speed_kmh": 30,
    "speed_source": "estimated; no historical schedule speed found",
    "segments": [
     {
      "start": 1947,
      "end": 1963,
      "headway_min": 5,
      "note": "The Metropolitan Transit Authority took over the Boston Elevated in August 1947 and ran the line as \"Route 1\" (Harvard \u2013 Ashmont), including a short-lived morning \"modified express\" service in 1961, until the MBTA replaced the MTA in August 1964. headway_min is an estimate, not from a timetable.",
      "sources": [
       "Segment-level: the dates and termini in this note were checked on 2026-09-28 against the article(s) below; headway_min is an estimate and is not sourced.",
       "https://en.wikipedia.org/wiki/Red_Line_(MBTA)"
      ]
     }
    ],
    "geometry_quality": "Real track geometry: the MBTA's own GTFS shape for this route, sliced at the terminal stations. Drawn length 14.57 km."
   },
   "geometry": {
    "type": "LineString",
    "coordinates": [
     [
      -71.118821,
      42.373459
     ],
     [
      -71.115943,
      42.372506
     ],
     [
      -71.113001,
      42.37004
     ],
     [
      -71.109857,
      42.368842
     ],
     [
      -71.107808,
      42.367895
     ],
     [
      -71.104035,
      42.365542
     ],
     [
      -71.100488,
      42.363553
     ],
     [
      -71.086756,
      42.36253
     ],
     [
      -71.083429,
      42.362131
     ],
     [
      -71.070265,
      42.361104
     ],
     [
      -71.069339,
      42.360738
     ],
     [
      -71.065854,
      42.358119
     ],
     [
      -71.065157,
      42.357718
     ],
     [
      -71.060286,
      42.355319
     ],
     [
      -71.056975,
      42.353336
     ],
     [
      -71.052754,
      42.351645
     ],
     [
      -71.052468,
      42.351393
     ],
     [
      -71.052226,
      42.350575
     ],
     [
      -71.052406,
      42.349774
     ],
     [
      -71.057116,
      42.34335
     ],
     [
      -71.056873,
      42.329961
     ],
     [
      -71.057967,
      42.327699
     ],
     [
      -71.05749,
      42.326813
     ],
     [
      -71.053684,
      42.323884
     ],
     [
      -71.052904,
      42.32266
     ],
     [
      -71.052561,
      42.321452
     ],
     [
      -71.052258,
      42.318697
     ],
     [
      -71.052121,
      42.314492
     ],
     [
      -71.052484,
      42.31315
     ],
     [
      -71.054486,
      42.308262
     ],
     [
      -71.055679,
      42.303455
     ],
     [
      -71.05575,
      42.301612
     ],
     [
      -71.056059,
      42.301099
     ],
     [
      -71.056741,
      42.300623
     ],
     [
      -71.057386,
      42.300393
     ],
     [
      -71.060602,
      42.300232
     ],
     [
      -71.063449,
      42.299544
     ],
     [
      -71.065043,
      42.298667
     ],
     [
      -71.065731,
      42.29796
     ],
     [
      -71.066255,
      42.297112
     ],
     [
      -71.066433,
      42.29638
     ],
     [
      -71.066376,
      42.295398
     ],
     [
      -71.065739,
      42.293112
     ],
     [
      -71.064483,
      42.286978
     ],
     [
      -71.064016,
      42.285749
     ],
     [
      -71.064082,
      42.285288
     ],
     [
      -71.063627,
      42.284383
     ]
    ]
   }
  },
  {
   "type": "Feature",
   "properties": {
    "company": "MBTA",
    "line": "MBTA: Red Line",
    "id": "mbta-red-line-1964",
    "color": "#4a4e69",
    "mode": "rapid_transit",
    "avg_speed_kmh": 30,
    "speed_source": "estimated; no historical schedule speed found",
    "segments": [
     {
      "start": 1964,
      "end": 1983,
      "headway_min": 5,
      "note": "The MBTA took over in August 1964 and named the Cambridge\u2013Dorchester line the Red Line on August 26, 1965. The Ashmont section closed from June 20, 1981 to January 16, 1982 for track and tunnel repairs. headway_min is an estimate, not from a timetable.",
      "sources": [
       "Segment-level: the dates and termini in this note were checked on 2026-09-28 against the article(s) below; headway_min is an estimate and is not sourced.",
       "https://en.wikipedia.org/wiki/Red_Line_(MBTA)"
      ]
     }
    ],
    "geometry_quality": "Real track geometry: the MBTA's own GTFS shape for this route, sliced at the terminal stations. Drawn length 14.57 km."
   },
   "geometry": {
    "type": "LineString",
    "coordinates": [
     [
      -71.118821,
      42.373459
     ],
     [
      -71.115943,
      42.372506
     ],
     [
      -71.113001,
      42.37004
     ],
     [
      -71.109857,
      42.368842
     ],
     [
      -71.107808,
      42.367895
     ],
     [
      -71.104035,
      42.365542
     ],
     [
      -71.100488,
      42.363553
     ],
     [
      -71.086756,
      42.36253
     ],
     [
      -71.083429,
      42.362131
     ],
     [
      -71.070265,
      42.361104
     ],
     [
      -71.069339,
      42.360738
     ],
     [
      -71.065854,
      42.358119
     ],
     [
      -71.065157,
      42.357718
     ],
     [
      -71.060286,
      42.355319
     ],
     [
      -71.056975,
      42.353336
     ],
     [
      -71.052754,
      42.351645
     ],
     [
      -71.052468,
      42.351393
     ],
     [
      -71.052226,
      42.350575
     ],
     [
      -71.052406,
      42.349774
     ],
     [
      -71.057116,
      42.34335
     ],
     [
      -71.056873,
      42.329961
     ],
     [
      -71.057967,
      42.327699
     ],
     [
      -71.05749,
      42.326813
     ],
     [
      -71.053684,
      42.323884
     ],
     [
      -71.052904,
      42.32266
     ],
     [
      -71.052561,
      42.321452
     ],
     [
      -71.052258,
      42.318697
     ],
     [
      -71.052121,
      42.314492
     ],
     [
      -71.052484,
      42.31315
     ],
     [
      -71.054486,
      42.308262
     ],
     [
      -71.055679,
      42.303455
     ],
     [
      -71.05575,
      42.301612
     ],
     [
      -71.056059,
      42.301099
     ],
     [
      -71.056741,
      42.300623
     ],
     [
      -71.057386,
      42.300393
     ],
     [
      -71.060602,
      42.300232
     ],
     [
      -71.063449,
      42.299544
     ],
     [
      -71.065043,
      42.298667
     ],
     [
      -71.065731,
      42.29796
     ],
     [
      -71.066255,
      42.297112
     ],
     [
      -71.066433,
      42.29638
     ],
     [
      -71.066376,
      42.295398
     ],
     [
      -71.065739,
      42.293112
     ],
     [
      -71.064483,
      42.286978
     ],
     [
      -71.064016,
      42.285749
     ],
     [
      -71.064082,
      42.285288
     ],
     [
      -71.063627,
      42.284383
     ]
    ]
   }
  },
  {
   "type": "Feature",
   "properties": {
    "company": "MBTA",
    "line": "MBTA: Red Line (Davis \u2013 Ashmont)",
    "id": "mbta-red-line-1984",
    "color": "#4a4e69",
    "mode": "rapid_transit",
    "avg_speed_kmh": 30,
    "speed_source": "estimated; no historical schedule speed found",
    "segments": [
     {
      "start": 1984,
      "end": 1984,
      "headway_min": 5,
      "note": "The Northwest Extension opened from Harvard to Davis, with a station at Porter, on December 8, 1984. headway_min is an estimate, not from a timetable.",
      "sources": [
       "Segment-level: the dates and termini in this note were checked on 2026-09-28 against the article(s) below; headway_min is an estimate and is not sourced.",
       "https://en.wikipedia.org/wiki/Red_Line_(MBTA)"
      ]
     }
    ],
    "geometry_quality": "Real track geometry: the MBTA's own GTFS shape for this route, sliced at the terminal stations. Drawn length 17.31 km."
   },
   "geometry": {
    "type": "LineString",
    "coordinates": [
     [
      -71.121858,
      42.39667
     ],
     [
      -71.12003,
      42.395843
     ],
     [
      -71.119464,
      42.395376
     ],
     [
      -71.119236,
      42.394959
     ],
     [
      -71.118828,
      42.390618
     ],
     [
      -71.118944,
      42.388185
     ],
     [
      -71.120084,
      42.378027
     ],
     [
      -71.119685,
      42.3767
     ],
     [
      -71.118758,
      42.376098
     ],
     [
      -71.118479,
      42.375717
     ],
     [
      -71.118836,
      42.373672
     ],
     [
      -71.118759,
      42.373389
     ],
     [
      -71.115943,
      42.372506
     ],
     [
      -71.113001,
      42.37004
     ],
     [
      -71.109857,
      42.368842
     ],
     [
      -71.107808,
      42.367895
     ],
     [
      -71.104035,
      42.365542
     ],
     [
      -71.100488,
      42.363553
     ],
     [
      -71.086756,
      42.36253
     ],
     [
      -71.083429,
      42.362131
     ],
     [
      -71.073645,
      42.361422
     ],
     [
      -71.070033,
      42.361035
     ],
     [
      -71.069339,
      42.360738
     ],
     [
      -71.065854,
      42.358119
     ],
     [
      -71.065157,
      42.357718
     ],
     [
      -71.060286,
      42.355319
     ],
     [
      -71.056975,
      42.353336
     ],
     [
      -71.052754,
      42.351645
     ],
     [
      -71.052468,
      42.351393
     ],
     [
      -71.052226,
      42.350575
     ],
     [
      -71.052406,
      42.349774
     ],
     [
      -71.057116,
      42.34335
     ],
     [
      -71.056873,
      42.329961
     ],
     [
      -71.057967,
      42.327699
     ],
     [
      -71.05749,
      42.326813
     ],
     [
      -71.053684,
      42.323884
     ],
     [
      -71.052904,
      42.32266
     ],
     [
      -71.052561,
      42.321452
     ],
     [
      -71.052258,
      42.318697
     ],
     [
      -71.052121,
      42.314492
     ],
     [
      -71.052484,
      42.31315
     ],
     [
      -71.054486,
      42.308262
     ],
     [
      -71.055679,
      42.303455
     ],
     [
      -71.05575,
      42.301612
     ],
     [
      -71.056059,
      42.301099
     ],
     [
      -71.056741,
      42.300623
     ],
     [
      -71.057386,
      42.300393
     ],
     [
      -71.060602,
      42.300232
     ],
     [
      -71.063449,
      42.299544
     ],
     [
      -71.065043,
      42.298667
     ],
     [
      -71.065731,
      42.29796
     ],
     [
      -71.066255,
      42.297112
     ],
     [
      -71.066433,
      42.29638
     ],
     [
      -71.066376,
      42.295398
     ],
     [
      -71.065739,
      42.293112
     ],
     [
      -71.064483,
      42.286978
     ],
     [
      -71.064016,
      42.285749
     ],
     [
      -71.064082,
      42.285288
     ],
     [
      -71.063627,
      42.284383
     ]
    ]
   }
  },
  {
   "type": "Feature",
   "properties": {
    "company": "MBTA",
    "line": "MBTA: Red Line",
    "id": "mbta-red-line",
    "color": "#4a4e69",
    "mode": "rapid_transit",
    "avg_speed_kmh": 31.5,
    "speed_source": "computed from GTFS: 19.1 km in a mean 36.4 min scheduled Alewife\u2013Ashmont",
    "segments": [
     {
      "start": 1985,
      "end": 2025,
      "headway_min": 5,
      "note": "Extended to Alewife on March 30, 1985. Trunk headway; each branch sees about half the trains. headway_min is an estimate, not from a timetable.",
      "sources": [
       "Segment-level: the dates and termini in this note were checked on 2026-09-28 against the article(s) below; headway_min is an estimate and is not sourced.",
       "https://en.wikipedia.org/wiki/Red_Line_(MBTA)"
      ]
     },
     {
      "start": 2026,
      "end": 2026,
      "headway_min": 10,
      "note": "119 Alewife\u2013Ashmont trips each way on a representative Wednesday (about a 10-minute branch headway over a ~19.5-hour service day; the Alewife\u2013JFK trunk carries Braintree trains too, about 5 minutes). Speed from the average scheduled Alewife\u2013Ashmont running time, 36.4 min for 19.1 km.",
      "sources": [
       "Segment-level: headway and speed computed on 2026-09-28 from the MBTA GTFS feed \"Fall 2026, version D\" (feed 20260917-20261212), representative Wednesday 2026-10-14.",
       "https://cdn.mbta.com/MBTA_GTFS.zip"
      ]
     }
    ],
    "geometry_quality": "Real track geometry: the MBTA's own GTFS shape for this route, sliced at the terminal stations. Drawn length 19.07 km."
   },
   "geometry": {
    "type": "LineString",
    "coordinates": [
     [
      -71.142079,
      42.396152
     ],
     [
      -71.139553,
      42.396193
     ],
     [
      -71.138293,
      42.396356
     ],
     [
      -71.137712,
      42.396676
     ],
     [
      -71.137178,
      42.397613
     ],
     [
      -71.135204,
      42.397974
     ],
     [
      -71.126473,
      42.397444
     ],
     [
      -71.124169,
      42.397205
     ],
     [
      -71.121567,
      42.39659
     ],
     [
      -71.119693,
      42.395609
     ],
     [
      -71.119236,
      42.394959
     ],
     [
      -71.118828,
      42.390618
     ],
     [
      -71.118944,
      42.388185
     ],
     [
      -71.120084,
      42.378027
     ],
     [
      -71.119685,
      42.3767
     ],
     [
      -71.118758,
      42.376098
     ],
     [
      -71.118479,
      42.375717
     ],
     [
      -71.118821,
      42.373459
     ],
     [
      -71.115943,
      42.372506
     ],
     [
      -71.113001,
      42.37004
     ],
     [
      -71.109857,
      42.368842
     ],
     [
      -71.107808,
      42.367895
     ],
     [
      -71.100988,
      42.363774
     ],
     [
      -71.100109,
      42.363487
     ],
     [
      -71.086756,
      42.36253
     ],
     [
      -71.083429,
      42.362131
     ],
     [
      -71.070265,
      42.361104
     ],
     [
      -71.069339,
      42.360738
     ],
     [
      -71.065854,
      42.358119
     ],
     [
      -71.065157,
      42.357718
     ],
     [
      -71.060286,
      42.355319
     ],
     [
      -71.056975,
      42.353336
     ],
     [
      -71.052754,
      42.351645
     ],
     [
      -71.052468,
      42.351393
     ],
     [
      -71.052226,
      42.350575
     ],
     [
      -71.052406,
      42.349774
     ],
     [
      -71.057116,
      42.34335
     ],
     [
      -71.056873,
      42.329961
     ],
     [
      -71.057967,
      42.327699
     ],
     [
      -71.05749,
      42.326813
     ],
     [
      -71.053684,
      42.323884
     ],
     [
      -71.052904,
      42.32266
     ],
     [
      -71.052561,
      42.321452
     ],
     [
      -71.052258,
      42.318697
     ],
     [
      -71.052121,
      42.314492
     ],
     [
      -71.052484,
      42.31315
     ],
     [
      -71.054486,
      42.308262
     ],
     [
      -71.055679,
      42.303455
     ],
     [
      -71.05575,
      42.301612
     ],
     [
      -71.056059,
      42.301099
     ],
     [
      -71.056741,
      42.300623
     ],
     [
      -71.057386,
      42.300393
     ],
     [
      -71.060602,
      42.300232
     ],
     [
      -71.063449,
      42.299544
     ],
     [
      -71.065043,
      42.298667
     ],
     [
      -71.065731,
      42.29796
     ],
     [
      -71.066255,
      42.297112
     ],
     [
      -71.066433,
      42.29638
     ],
     [
      -71.066376,
      42.295398
     ],
     [
      -71.065739,
      42.293112
     ],
     [
      -71.064483,
      42.286978
     ],
     [
      -71.064016,
      42.285749
     ],
     [
      -71.064082,
      42.285288
     ],
     [
      -71.063627,
      42.284383
     ]
    ]
   }
  },
  {
   "type": "Feature",
   "properties": {
    "company": "MBTA",
    "line": "MBTA: Red Line (Quincy Branch)",
    "id": "mbta-red-line-braintree-1971",
    "color": "#4a4e69",
    "mode": "rapid_transit",
    "avg_speed_kmh": 37,
    "speed_source": "estimated; no historical schedule speed found",
    "segments": [
     {
      "start": 1971,
      "end": 1979,
      "headway_min": 10,
      "note": "The South Shore line opened on September 1, 1971 from a flying junction north of Columbia (now JFK/UMass) along the former Old Colony right-of-way to North Quincy, Wollaston and Quincy Center, alternating with Ashmont trains. headway_min is an estimate, not from a timetable.",
      "sources": [
       "Segment-level: the dates and termini in this note were checked on 2026-09-28 against the article(s) below; headway_min is an estimate and is not sourced.",
       "https://en.wikipedia.org/wiki/Red_Line_(MBTA)"
      ]
     }
    ],
    "geometry_quality": "Real track geometry: the MBTA's own GTFS shape for this route, sliced at the terminal stations. Drawn length 9.08 km."
   },
   "geometry": {
    "type": "LineString",
    "coordinates": [
     [
      -71.052203,
      42.320714
     ],
     [
      -71.051898,
      42.314572
     ],
     [
      -71.052116,
      42.313706
     ],
     [
      -71.054254,
      42.308261
     ],
     [
      -71.055451,
      42.303619
     ],
     [
      -71.055585,
      42.302751
     ],
     [
      -71.055517,
      42.301921
     ],
     [
      -71.054943,
      42.300577
     ],
     [
      -71.054341,
      42.299815
     ],
     [
      -71.052635,
      42.29823
     ],
     [
      -71.033967,
      42.281619
     ],
     [
      -71.032816,
      42.280117
     ],
     [
      -71.031938,
      42.277891
     ],
     [
      -71.03119,
      42.276856
     ],
     [
      -71.006487,
      42.253484
     ],
     [
      -71.005417,
      42.251948
     ]
    ]
   }
  },
  {
   "type": "Feature",
   "properties": {
    "company": "MBTA",
    "line": "MBTA: Red Line (Braintree Branch)",
    "id": "mbta-red-line-braintree",
    "color": "#4a4e69",
    "mode": "rapid_transit",
    "avg_speed_kmh": 37.6,
    "speed_source": "computed from GTFS: 28.7 km in a mean 45.7 min scheduled Alewife\u2013Braintree",
    "segments": [
     {
      "start": 1980,
      "end": 2025,
      "headway_min": 10,
      "note": "Extended to Braintree on March 22, 1980; the infill Quincy Adams station opened September 10, 1983. headway_min is an estimate, not from a timetable.",
      "sources": [
       "Segment-level: the dates and termini in this note were checked on 2026-09-28 against the article(s) below; headway_min is an estimate and is not sourced.",
       "https://en.wikipedia.org/wiki/Red_Line_(MBTA)"
      ]
     },
     {
      "start": 2026,
      "end": 2026,
      "headway_min": 10,
      "note": "118 Braintree trips each way on a representative Wednesday (about a 10-minute headway over a ~19.5-hour service day). Speed from the mean scheduled Alewife\u2013Braintree running time, 45.7 min for 28.7 km.",
      "sources": [
       "Segment-level: headway and speed computed on 2026-09-28 from the MBTA GTFS feed \"Fall 2026, version D\" (feed 20260917-20261212), representative Wednesday 2026-10-14.",
       "https://cdn.mbta.com/MBTA_GTFS.zip"
      ]
     }
    ],
    "geometry_quality": "Real track geometry: the MBTA's own GTFS shape for this route, sliced at the terminal stations. Drawn from the JFK/UMass junction only; trains run through to Alewife over the Red Line feature. Drawn length 14.13 km."
   },
   "geometry": {
    "type": "LineString",
    "coordinates": [
     [
      -71.052203,
      42.320714
     ],
     [
      -71.051898,
      42.314572
     ],
     [
      -71.052116,
      42.313706
     ],
     [
      -71.054254,
      42.308261
     ],
     [
      -71.055451,
      42.303619
     ],
     [
      -71.055585,
      42.302751
     ],
     [
      -71.055517,
      42.301921
     ],
     [
      -71.054943,
      42.300577
     ],
     [
      -71.054341,
      42.299815
     ],
     [
      -71.052635,
      42.29823
     ],
     [
      -71.033967,
      42.281619
     ],
     [
      -71.032816,
      42.280117
     ],
     [
      -71.031938,
      42.277891
     ],
     [
      -71.03119,
      42.276856
     ],
     [
      -71.006487,
      42.253484
     ],
     [
      -71.005027,
      42.251402
     ],
     [
      -71.00379,
      42.249226
     ],
     [
      -71.00345,
      42.248127
     ],
     [
      -71.003532,
      42.247033
     ],
     [
      -71.00632,
      42.235814
     ],
     [
      -71.007053,
      42.231472
     ],
     [
      -71.006881,
      42.230558
     ],
     [
      -71.006279,
      42.22902
     ],
     [
      -71.005169,
      42.227106
     ],
     [
      -71.000974,
      42.220923
     ],
     [
      -71.000256,
      42.219134
     ],
     [
      -71.000101,
      42.217759
     ],
     [
      -71.001447,
      42.208132
     ]
    ]
   }
  },
  {
   "type": "Feature",
   "properties": {
    "company": "Boston Elevated Railway",
    "line": "Boston Elevated: Ashmont \u2013 Mattapan",
    "id": "bery-mattapan",
    "color": "#b8651b",
    "mode": "light_rail",
    "avg_speed_kmh": 24,
    "speed_source": "estimated; no historical schedule speed found",
    "segments": [
     {
      "start": 1929,
      "end": 1946,
      "headway_min": 10,
      "note": "The Old Colony / New Haven Shawmut and Milton branches lost their steam trains in 1926\u201327 and were rebuilt as a grade-separated trolley line, opened Ashmont \u2013 Milton on August 26, 1929 and on to Mattapan on December 21, 1929. Capen Street (1930) and Butler (1931) were infill stops. headway_min is an estimate, not from a timetable.",
      "sources": [
       "Segment-level: the dates and termini in this note were checked on 2026-09-28 against the article(s) below; headway_min is an estimate and is not sourced.",
       "https://en.wikipedia.org/wiki/Mattapan_Line"
      ]
     }
    ],
    "geometry_quality": "Real track geometry: the MBTA's own GTFS shape for this route, sliced at the terminal stations. The line follows the 1847/1872 Old Colony branch right-of-way it was built on, so the alignment is original. Drawn length 4.06 km."
   },
   "geometry": {
    "type": "LineString",
    "coordinates": [
     [
      -71.063302,
      42.284095
     ],
     [
      -71.059932,
      42.278894
     ],
     [
      -71.058807,
      42.275726
     ],
     [
      -71.058974,
      42.275047
     ],
     [
      -71.059356,
      42.274513
     ],
     [
      -71.064159,
      42.271285
     ],
     [
      -71.065012,
      42.27087
     ],
     [
      -71.066867,
      42.270346
     ],
     [
      -71.071418,
      42.270222
     ],
     [
      -71.075921,
      42.269674
     ],
     [
      -71.08526,
      42.267409
     ],
     [
      -71.086512,
      42.267403
     ],
     [
      -71.089215,
      42.267906
     ],
     [
      -71.090768,
      42.267812
     ],
     [
      -71.091041,
      42.267667
     ],
     [
      -71.09204,
      42.267504
     ]
    ]
   }
  },
  {
   "type": "Feature",
   "properties": {
    "company": "Metropolitan Transit Authority (Boston)",
    "line": "MTA: Ashmont \u2013 Mattapan",
    "id": "mta-mattapan",
    "color": "#2f7d6d",
    "mode": "light_rail",
    "avg_speed_kmh": 24,
    "speed_source": "estimated; no historical schedule speed found",
    "segments": [
     {
      "start": 1947,
      "end": 1963,
      "headway_min": 10,
      "note": "Run by the Metropolitan Transit Authority from August 1947 as route 28 Mattapan\u2013Ashmont; PCC cars were assigned to it from 1955. headway_min is an estimate, not from a timetable.",
      "sources": [
       "Segment-level: the dates and termini in this note were checked on 2026-09-28 against the article(s) below; headway_min is an estimate and is not sourced.",
       "https://en.wikipedia.org/wiki/Mattapan_Line"
      ]
     }
    ],
    "geometry_quality": "Real track geometry: the MBTA's own GTFS shape for this route, sliced at the terminal stations. The line follows the 1847/1872 Old Colony branch right-of-way it was built on, so the alignment is original. Drawn length 4.06 km."
   },
   "geometry": {
    "type": "LineString",
    "coordinates": [
     [
      -71.063302,
      42.284095
     ],
     [
      -71.059932,
      42.278894
     ],
     [
      -71.058807,
      42.275726
     ],
     [
      -71.058974,
      42.275047
     ],
     [
      -71.059356,
      42.274513
     ],
     [
      -71.064159,
      42.271285
     ],
     [
      -71.065012,
      42.27087
     ],
     [
      -71.066867,
      42.270346
     ],
     [
      -71.071418,
      42.270222
     ],
     [
      -71.075921,
      42.269674
     ],
     [
      -71.08526,
      42.267409
     ],
     [
      -71.086512,
      42.267403
     ],
     [
      -71.089215,
      42.267906
     ],
     [
      -71.090768,
      42.267812
     ],
     [
      -71.091041,
      42.267667
     ],
     [
      -71.09204,
      42.267504
     ]
    ]
   }
  },
  {
   "type": "Feature",
   "properties": {
    "company": "MBTA",
    "line": "MBTA: Mattapan Line",
    "id": "mbta-mattapan",
    "color": "#4a4e69",
    "mode": "light_rail",
    "avg_speed_kmh": 23.3,
    "speed_source": "computed from GTFS: 4.07 km in a mean 10.5 min scheduled",
    "segments": [
     {
      "start": 1964,
      "end": 2025,
      "headway_min": 8,
      "note": "MBTA from August 1964; the Red Line name was applied in 1966. Closed June 20, 1981 \u2013 January 16, 1982, and again June 24, 2006 \u2013 December 22, 2007 for reconstruction (buses substituted; both years still had some trolley service). headway_min is an estimate, not from a timetable.",
      "sources": [
       "Segment-level: the dates and termini in this note were checked on 2026-09-28 against the article(s) below; headway_min is an estimate and is not sourced.",
       "https://en.wikipedia.org/wiki/Mattapan_Line"
      ]
     },
     {
      "start": 2026,
      "end": 2026,
      "headway_min": 9,
      "note": "132 trips each way on a representative Wednesday (about a 9-minute headway over a ~19.5-hour day). Speed from a mean 10.5 min scheduled for 4.1 km.",
      "sources": [
       "Segment-level: headway and speed computed on 2026-09-28 from the MBTA GTFS feed \"Fall 2026, version D\" (feed 20260917-20261212), representative Wednesday 2026-10-14.",
       "https://cdn.mbta.com/MBTA_GTFS.zip"
      ]
     }
    ],
    "geometry_quality": "Real track geometry: the MBTA's own GTFS shape for this route, sliced at the terminal stations. The line follows the 1847/1872 Old Colony branch right-of-way it was built on, so the alignment is original. Drawn length 4.06 km."
   },
   "geometry": {
    "type": "LineString",
    "coordinates": [
     [
      -71.063302,
      42.284095
     ],
     [
      -71.059932,
      42.278894
     ],
     [
      -71.058807,
      42.275726
     ],
     [
      -71.058974,
      42.275047
     ],
     [
      -71.059356,
      42.274513
     ],
     [
      -71.064159,
      42.271285
     ],
     [
      -71.065012,
      42.27087
     ],
     [
      -71.066867,
      42.270346
     ],
     [
      -71.071418,
      42.270222
     ],
     [
      -71.075921,
      42.269674
     ],
     [
      -71.08526,
      42.267409
     ],
     [
      -71.086512,
      42.267403
     ],
     [
      -71.089215,
      42.267906
     ],
     [
      -71.090768,
      42.267812
     ],
     [
      -71.091041,
      42.267667
     ],
     [
      -71.09204,
      42.267504
     ]
    ]
   }
  },
  {
   "type": "Feature",
   "properties": {
    "company": "Boston Elevated Railway",
    "line": "Boston Elevated: Main Line Elevated (Sullivan Square \u2013 Dudley)",
    "id": "bery-main-line-1901",
    "color": "#b8651b",
    "mode": "rapid_transit",
    "avg_speed_kmh": 25,
    "speed_source": "estimated; no historical schedule speed found",
    "segments": [
     {
      "start": 1901,
      "end": 1907,
      "headway_min": 4,
      "note": "The Main Line Elevated opened June 10, 1901 from Sullivan Square over the Charlestown Elevated, down the Canal Street incline into the Tremont Street subway (sharing it with streetcars), out at the Pleasant Street incline and onto the Washington Street Elevated to Dudley Square, with stations at Dover and Northampton. Thompson Square was added May 22, 1902. headway_min is an estimate, not from a timetable.",
      "sources": [
       "Segment-level: the dates and termini in this note were checked on 2026-09-28 against the article(s) below; headway_min is an estimate and is not sourced.",
       "https://en.wikipedia.org/wiki/Washington_Street_Elevated",
       "https://en.wikipedia.org/wiki/Charlestown_Elevated",
       "https://en.wikipedia.org/wiki/Orange_Line_(MBTA)"
      ]
     }
    ],
    "geometry_quality": "The structure is demolished, so this leg is drawn along the streets it stood over, routed on today's OSM road grid by street name: charlestown_el 2.92 km (0.36 km off the named streets); pleasant_branch 0.48 km (0.0 km off the named streets); washst_tower_d_dudley 2.26 km (0.0 km off the named streets). Street centre-line, not the exact column line. The Tremont Street subway leg is real track from the GTFS Green Line shape. The temporary structure from the Pleasant Street incline to the Washington Street El at Castle Square (Tower D) is a 0.44 km straight line: its route is not sourced. Drawn length 7.73 km."
   },
   "geometry": {
    "type": "LineString",
    "coordinates": [
     [
      -71.075408,
      42.385247
     ],
     [
      -71.074317,
      42.384738
     ],
     [
      -71.073839,
      42.384743
     ],
     [
      -71.074029,
      42.384238
     ],
     [
      -71.073814,
      42.383919
     ],
     [
      -71.073417,
      42.383854
     ],
     [
      -71.072751,
      42.384106
     ],
     [
      -71.071756,
      42.383473
     ],
     [
      -71.071904,
      42.383095
     ],
     [
      -71.071747,
      42.382593
     ],
     [
      -71.070964,
      42.381301
     ],
     [
      -71.067664,
      42.378059
     ],
     [
      -71.064306,
      42.375457
     ],
     [
      -71.063518,
      42.374309
     ],
     [
      -71.062274,
      42.373391
     ],
     [
      -71.06196,
      42.372975
     ],
     [
      -71.061956,
      42.372195
     ],
     [
      -71.062697,
      42.371444
     ],
     [
      -71.061658,
      42.370978
     ],
     [
      -71.061059,
      42.370539
     ],
     [
      -71.058553,
      42.36693
     ],
     [
      -71.060447,
      42.365806
     ],
     [
      -71.058147,
      42.362973
     ],
     [
      -71.057951,
      42.36096
     ],
     [
      -71.060584,
      42.357811
     ],
     [
      -71.063349,
      42.355287
     ],
     [
      -71.064543,
      42.353028
     ],
     [
      -71.064425,
      42.352832
     ],
     [
      -71.065537,
      42.348629
     ],
     [
      -71.06551,
      42.344716
     ],
     [
      -71.066312,
      42.34349
     ],
     [
      -71.068084,
      42.342014
     ],
     [
      -71.070223,
      42.341082
     ],
     [
      -71.07363,
      42.338869
     ],
     [
      -71.077032,
      42.33646
     ],
     [
      -71.080635,
      42.333489
     ],
     [
      -71.08152,
      42.332142
     ],
     [
      -71.082986,
      42.330831
     ],
     [
      -71.084216,
      42.330187
     ]
    ]
   }
  },
  {
   "type": "Feature",
   "properties": {
    "company": "Boston Elevated Railway",
    "line": "Boston Elevated: Main Line Elevated (Sullivan Square \u2013 Dudley)",
    "id": "bery-main-line-1908",
    "color": "#b8651b",
    "mode": "rapid_transit",
    "avg_speed_kmh": 25,
    "speed_source": "estimated; no historical schedule speed found",
    "segments": [
     {
      "start": 1908,
      "end": 1908,
      "headway_min": 4,
      "note": "The Washington Street Tunnel opened November 30, 1908, giving the Main Line its own subway from the Canal Street area to Tower D, and returning the Tremont Street subway to streetcars. headway_min is an estimate, not from a timetable.",
      "sources": [
       "Segment-level: the dates and termini in this note were checked on 2026-09-28 against the article(s) below; headway_min is an estimate and is not sourced.",
       "https://en.wikipedia.org/wiki/Washington_Street_Elevated",
       "https://en.wikipedia.org/wiki/Orange_Line_(MBTA)"
      ]
     }
    ],
    "geometry_quality": "Washington Street Tunnel (Haymarket \u2013 Chinatown) is real track from the MBTA GTFS Orange Line shape; it is still in use. The structure is demolished, so this leg is drawn along the streets it stood over, routed on today's OSM road grid by street name: charlestown_el 2.92 km (0.36 km off the named streets); washst_el_dudley 3.16 km (0.0 km off the named streets). Street centre-line, not the exact column line. Drawn length 7.74 km."
   },
   "geometry": {
    "type": "LineString",
    "coordinates": [
     [
      -71.075408,
      42.385247
     ],
     [
      -71.074317,
      42.384738
     ],
     [
      -71.073839,
      42.384743
     ],
     [
      -71.074029,
      42.384238
     ],
     [
      -71.073814,
      42.383919
     ],
     [
      -71.073417,
      42.383854
     ],
     [
      -71.072751,
      42.384106
     ],
     [
      -71.071756,
      42.383473
     ],
     [
      -71.071904,
      42.383095
     ],
     [
      -71.071747,
      42.382593
     ],
     [
      -71.070964,
      42.381301
     ],
     [
      -71.067664,
      42.378059
     ],
     [
      -71.064306,
      42.375457
     ],
     [
      -71.063518,
      42.374309
     ],
     [
      -71.062274,
      42.373391
     ],
     [
      -71.06196,
      42.372975
     ],
     [
      -71.061956,
      42.372195
     ],
     [
      -71.062697,
      42.371444
     ],
     [
      -71.061658,
      42.370978
     ],
     [
      -71.061059,
      42.370539
     ],
     [
      -71.058545,
      42.366904
     ],
     [
      -71.060447,
      42.365806
     ],
     [
      -71.05794,
      42.362969
     ],
     [
      -71.057691,
      42.360395
     ],
     [
      -71.057719,
      42.358026
     ],
     [
      -71.058665,
      42.356942
     ],
     [
      -71.060326,
      42.355572
     ],
     [
      -71.062304,
      42.353618
     ],
     [
      -71.062944,
      42.351067
     ],
     [
      -71.06392,
      42.349013
     ],
     [
      -71.064792,
      42.345975
     ],
     [
      -71.066424,
      42.343362
     ],
     [
      -71.068084,
      42.342014
     ],
     [
      -71.070223,
      42.341082
     ],
     [
      -71.07363,
      42.338869
     ],
     [
      -71.077032,
      42.33646
     ],
     [
      -71.080635,
      42.333489
     ],
     [
      -71.08152,
      42.332142
     ],
     [
      -71.082986,
      42.330831
     ],
     [
      -71.084216,
      42.330187
     ]
    ]
   }
  },
  {
   "type": "Feature",
   "properties": {
    "company": "Boston Elevated Railway",
    "line": "Boston Elevated: Main Line Elevated (Sullivan Square \u2013 Forest Hills)",
    "id": "bery-main-line-1909",
    "color": "#b8651b",
    "mode": "rapid_transit",
    "avg_speed_kmh": 25,
    "speed_source": "estimated; no historical schedule speed found",
    "segments": [
     {
      "start": 1909,
      "end": 1918,
      "headway_min": 4,
      "note": "The Washington Street Elevated was extended to Forest Hills on November 22, 1909, via Egleston; Green Street was an infill station of September 22, 1912. Trains ran through the tunnel to Sullivan Square or looped back via the Atlantic Avenue Elevated. headway_min is an estimate, not from a timetable.",
      "sources": [
       "Segment-level: the dates and termini in this note were checked on 2026-09-28 against the article(s) below; headway_min is an estimate and is not sourced.",
       "https://en.wikipedia.org/wiki/Washington_Street_Elevated",
       "https://en.wikipedia.org/wiki/Orange_Line_(MBTA)"
      ]
     }
    ],
    "geometry_quality": "Washington Street Tunnel (Haymarket \u2013 Chinatown) is real track from the MBTA GTFS Orange Line shape; it is still in use. The structure is demolished, so this leg is drawn along the streets it stood over, routed on today's OSM road grid by street name: charlestown_el 2.92 km (0.36 km off the named streets); washst_el_fh 7.39 km (0.23 km off the named streets). Street centre-line, not the exact column line. Drawn length 11.96 km."
   },
   "geometry": {
    "type": "LineString",
    "coordinates": [
     [
      -71.075408,
      42.385247
     ],
     [
      -71.074317,
      42.384738
     ],
     [
      -71.073839,
      42.384743
     ],
     [
      -71.074029,
      42.384238
     ],
     [
      -71.073814,
      42.383919
     ],
     [
      -71.073417,
      42.383854
     ],
     [
      -71.072751,
      42.384106
     ],
     [
      -71.071756,
      42.383473
     ],
     [
      -71.071904,
      42.383095
     ],
     [
      -71.071747,
      42.382593
     ],
     [
      -71.070964,
      42.381301
     ],
     [
      -71.067664,
      42.378059
     ],
     [
      -71.064306,
      42.375457
     ],
     [
      -71.063518,
      42.374309
     ],
     [
      -71.062274,
      42.373391
     ],
     [
      -71.06196,
      42.372975
     ],
     [
      -71.061956,
      42.372195
     ],
     [
      -71.062697,
      42.371444
     ],
     [
      -71.061658,
      42.370978
     ],
     [
      -71.061059,
      42.370539
     ],
     [
      -71.058545,
      42.366904
     ],
     [
      -71.060447,
      42.365806
     ],
     [
      -71.05794,
      42.362969
     ],
     [
      -71.057691,
      42.360395
     ],
     [
      -71.057719,
      42.358026
     ],
     [
      -71.058665,
      42.356942
     ],
     [
      -71.060326,
      42.355572
     ],
     [
      -71.062304,
      42.353618
     ],
     [
      -71.062944,
      42.351067
     ],
     [
      -71.06392,
      42.349013
     ],
     [
      -71.064792,
      42.345975
     ],
     [
      -71.066457,
      42.343328
     ],
     [
      -71.068084,
      42.342014
     ],
     [
      -71.070223,
      42.341082
     ],
     [
      -71.07363,
      42.338869
     ],
     [
      -71.077057,
      42.336441
     ],
     [
      -71.080635,
      42.333489
     ],
     [
      -71.08152,
      42.332142
     ],
     [
      -71.082986,
      42.330831
     ],
     [
      -71.084216,
      42.330187
     ],
     [
      -71.084968,
      42.32902
     ],
     [
      -71.086741,
      42.328148
     ],
     [
      -71.088341,
      42.324726
     ],
     [
      -71.08931,
      42.323654
     ],
     [
      -71.09404,
      42.320071
     ],
     [
      -71.112463,
      42.301354
     ],
     [
      -71.113467,
      42.301425
     ],
     [
      -71.114251,
      42.30163
     ],
     [
      -71.114324,
      42.300966
     ]
    ]
   }
  },
  {
   "type": "Feature",
   "properties": {
    "company": "Boston Elevated Railway",
    "line": "Boston Elevated: Main Line Elevated",
    "id": "bery-main-line",
    "color": "#b8651b",
    "mode": "rapid_transit",
    "avg_speed_kmh": 25,
    "speed_source": "estimated; no historical schedule speed found",
    "segments": [
     {
      "start": 1919,
      "end": 1946,
      "headway_min": 4,
      "note": "Extended from Sullivan Square to a temporary wooden Everett station, north of a Mystic River drawbridge, on March 15, 1919 \u2013 the planned continuation to Malden was never built. headway_min is an estimate, not from a timetable.",
      "sources": [
       "Segment-level: the dates and termini in this note were checked on 2026-09-28 against the article(s) below; headway_min is an estimate and is not sourced.",
       "https://en.wikipedia.org/wiki/Charlestown_Elevated",
       "https://en.wikipedia.org/wiki/Orange_Line_(MBTA)"
      ]
     }
    ],
    "geometry_quality": "Washington Street Tunnel (Haymarket \u2013 Chinatown) is real track from the MBTA GTFS Orange Line shape; it is still in use. The structure is demolished, so this leg is drawn along the streets it stood over, routed on today's OSM road grid by street name: everett_ext 1.31 km (0.0 km off the named streets); charlestown_el 2.92 km (0.36 km off the named streets); washst_el_fh 7.39 km (0.23 km off the named streets). Street centre-line, not the exact column line. Drawn length 13.43 km."
   },
   "geometry": {
    "type": "LineString",
    "coordinates": [
     [
      -71.067225,
      42.394775
     ],
     [
      -71.067654,
      42.393976
     ],
     [
      -71.07089,
      42.390013
     ],
     [
      -71.072787,
      42.386885
     ],
     [
      -71.073386,
      42.385668
     ],
     [
      -71.073431,
      42.385214
     ],
     [
      -71.073689,
      42.385098
     ],
     [
      -71.074027,
      42.384249
     ],
     [
      -71.075408,
      42.385247
     ],
     [
      -71.074317,
      42.384738
     ],
     [
      -71.073839,
      42.384743
     ],
     [
      -71.074029,
      42.384238
     ],
     [
      -71.073814,
      42.383919
     ],
     [
      -71.073417,
      42.383854
     ],
     [
      -71.072751,
      42.384106
     ],
     [
      -71.071756,
      42.383473
     ],
     [
      -71.071904,
      42.383095
     ],
     [
      -71.071747,
      42.382593
     ],
     [
      -71.070964,
      42.381301
     ],
     [
      -71.067664,
      42.378059
     ],
     [
      -71.064306,
      42.375457
     ],
     [
      -71.063518,
      42.374309
     ],
     [
      -71.062274,
      42.373391
     ],
     [
      -71.06196,
      42.372975
     ],
     [
      -71.061956,
      42.372195
     ],
     [
      -71.062697,
      42.371444
     ],
     [
      -71.061658,
      42.370978
     ],
     [
      -71.061059,
      42.370539
     ],
     [
      -71.058545,
      42.366904
     ],
     [
      -71.060447,
      42.365806
     ],
     [
      -71.05794,
      42.362969
     ],
     [
      -71.057691,
      42.360395
     ],
     [
      -71.057719,
      42.358026
     ],
     [
      -71.058665,
      42.356942
     ],
     [
      -71.060326,
      42.355572
     ],
     [
      -71.062304,
      42.353618
     ],
     [
      -71.062944,
      42.351067
     ],
     [
      -71.06392,
      42.349013
     ],
     [
      -71.064792,
      42.345975
     ],
     [
      -71.066457,
      42.343328
     ],
     [
      -71.068084,
      42.342014
     ],
     [
      -71.070223,
      42.341082
     ],
     [
      -71.07363,
      42.338869
     ],
     [
      -71.077057,
      42.336441
     ],
     [
      -71.080635,
      42.333489
     ],
     [
      -71.08152,
      42.332142
     ],
     [
      -71.082986,
      42.330831
     ],
     [
      -71.084216,
      42.330187
     ],
     [
      -71.084968,
      42.32902
     ],
     [
      -71.086741,
      42.328148
     ],
     [
      -71.088341,
      42.324726
     ],
     [
      -71.08931,
      42.323654
     ],
     [
      -71.09404,
      42.320071
     ],
     [
      -71.112463,
      42.301354
     ],
     [
      -71.113467,
      42.301425
     ],
     [
      -71.114251,
      42.30163
     ],
     [
      -71.114324,
      42.300966
     ]
    ]
   }
  },
  {
   "type": "Feature",
   "properties": {
    "company": "Metropolitan Transit Authority (Boston)",
    "line": "MTA: Forest Hills \u2013 Everett Elevated",
    "id": "mta-forest-hills-everett",
    "color": "#2f7d6d",
    "mode": "rapid_transit",
    "avg_speed_kmh": 25,
    "speed_source": "estimated; no historical schedule speed found",
    "segments": [
     {
      "start": 1947,
      "end": 1963,
      "headway_min": 4,
      "note": "Run by the Metropolitan Transit Authority from August 1947 as \"Route 2\", the Forest Hills\u2013Everett Elevated. headway_min is an estimate, not from a timetable.",
      "sources": [
       "Segment-level: the dates and termini in this note were checked on 2026-09-28 against the article(s) below; headway_min is an estimate and is not sourced.",
       "https://en.wikipedia.org/wiki/Orange_Line_(MBTA)"
      ]
     }
    ],
    "geometry_quality": "Washington Street Tunnel (Haymarket \u2013 Chinatown) is real track from the MBTA GTFS Orange Line shape; it is still in use. The structure is demolished, so this leg is drawn along the streets it stood over, routed on today's OSM road grid by street name: everett_ext 1.31 km (0.0 km off the named streets); charlestown_el 2.92 km (0.36 km off the named streets); washst_el_fh 7.39 km (0.23 km off the named streets). Street centre-line, not the exact column line. Drawn length 13.43 km."
   },
   "geometry": {
    "type": "LineString",
    "coordinates": [
     [
      -71.067225,
      42.394775
     ],
     [
      -71.067654,
      42.393976
     ],
     [
      -71.07089,
      42.390013
     ],
     [
      -71.072787,
      42.386885
     ],
     [
      -71.073386,
      42.385668
     ],
     [
      -71.073431,
      42.385214
     ],
     [
      -71.073689,
      42.385098
     ],
     [
      -71.074027,
      42.384249
     ],
     [
      -71.075408,
      42.385247
     ],
     [
      -71.074317,
      42.384738
     ],
     [
      -71.073839,
      42.384743
     ],
     [
      -71.074029,
      42.384238
     ],
     [
      -71.073814,
      42.383919
     ],
     [
      -71.073417,
      42.383854
     ],
     [
      -71.072751,
      42.384106
     ],
     [
      -71.071756,
      42.383473
     ],
     [
      -71.071904,
      42.383095
     ],
     [
      -71.071747,
      42.382593
     ],
     [
      -71.070964,
      42.381301
     ],
     [
      -71.067664,
      42.378059
     ],
     [
      -71.064306,
      42.375457
     ],
     [
      -71.063518,
      42.374309
     ],
     [
      -71.062274,
      42.373391
     ],
     [
      -71.06196,
      42.372975
     ],
     [
      -71.061956,
      42.372195
     ],
     [
      -71.062697,
      42.371444
     ],
     [
      -71.061658,
      42.370978
     ],
     [
      -71.061059,
      42.370539
     ],
     [
      -71.058545,
      42.366904
     ],
     [
      -71.060447,
      42.365806
     ],
     [
      -71.05794,
      42.362969
     ],
     [
      -71.057691,
      42.360395
     ],
     [
      -71.057719,
      42.358026
     ],
     [
      -71.058665,
      42.356942
     ],
     [
      -71.060326,
      42.355572
     ],
     [
      -71.062304,
      42.353618
     ],
     [
      -71.062944,
      42.351067
     ],
     [
      -71.06392,
      42.349013
     ],
     [
      -71.064792,
      42.345975
     ],
     [
      -71.066457,
      42.343328
     ],
     [
      -71.068084,
      42.342014
     ],
     [
      -71.070223,
      42.341082
     ],
     [
      -71.07363,
      42.338869
     ],
     [
      -71.077057,
      42.336441
     ],
     [
      -71.080635,
      42.333489
     ],
     [
      -71.08152,
      42.332142
     ],
     [
      -71.082986,
      42.330831
     ],
     [
      -71.084216,
      42.330187
     ],
     [
      -71.084968,
      42.32902
     ],
     [
      -71.086741,
      42.328148
     ],
     [
      -71.088341,
      42.324726
     ],
     [
      -71.08931,
      42.323654
     ],
     [
      -71.09404,
      42.320071
     ],
     [
      -71.112463,
      42.301354
     ],
     [
      -71.113467,
      42.301425
     ],
     [
      -71.114251,
      42.30163
     ],
     [
      -71.114324,
      42.300966
     ]
    ]
   }
  },
  {
   "type": "Feature",
   "properties": {
    "company": "MBTA",
    "line": "MBTA: Orange Line",
    "id": "mbta-orange-line-1964",
    "color": "#4a4e69",
    "mode": "rapid_transit",
    "avg_speed_kmh": 25,
    "speed_source": "estimated; no historical schedule speed found",
    "segments": [
     {
      "start": 1964,
      "end": 1974,
      "headway_min": 4,
      "note": "MBTA from August 1964; named the Orange Line on August 26, 1965. The Charlestown Elevated closed after the afternoon rush on April 4, 1975. headway_min is an estimate, not from a timetable.",
      "sources": [
       "Segment-level: the dates and termini in this note were checked on 2026-09-28 against the article(s) below; headway_min is an estimate and is not sourced.",
       "https://en.wikipedia.org/wiki/Orange_Line_(MBTA)",
       "https://en.wikipedia.org/wiki/Charlestown_Elevated"
      ]
     }
    ],
    "geometry_quality": "Washington Street Tunnel (Haymarket \u2013 Chinatown) is real track from the MBTA GTFS Orange Line shape; it is still in use. The structure is demolished, so this leg is drawn along the streets it stood over, routed on today's OSM road grid by street name: everett_ext 1.31 km (0.0 km off the named streets); charlestown_el 2.92 km (0.36 km off the named streets); washst_el_fh 7.39 km (0.23 km off the named streets). Street centre-line, not the exact column line. Drawn length 13.43 km."
   },
   "geometry": {
    "type": "LineString",
    "coordinates": [
     [
      -71.067225,
      42.394775
     ],
     [
      -71.067654,
      42.393976
     ],
     [
      -71.07089,
      42.390013
     ],
     [
      -71.072787,
      42.386885
     ],
     [
      -71.073386,
      42.385668
     ],
     [
      -71.073431,
      42.385214
     ],
     [
      -71.073689,
      42.385098
     ],
     [
      -71.074027,
      42.384249
     ],
     [
      -71.075408,
      42.385247
     ],
     [
      -71.074317,
      42.384738
     ],
     [
      -71.073839,
      42.384743
     ],
     [
      -71.074029,
      42.384238
     ],
     [
      -71.073814,
      42.383919
     ],
     [
      -71.073417,
      42.383854
     ],
     [
      -71.072751,
      42.384106
     ],
     [
      -71.071756,
      42.383473
     ],
     [
      -71.071904,
      42.383095
     ],
     [
      -71.071747,
      42.382593
     ],
     [
      -71.070964,
      42.381301
     ],
     [
      -71.067664,
      42.378059
     ],
     [
      -71.064306,
      42.375457
     ],
     [
      -71.063518,
      42.374309
     ],
     [
      -71.062274,
      42.373391
     ],
     [
      -71.06196,
      42.372975
     ],
     [
      -71.061956,
      42.372195
     ],
     [
      -71.062697,
      42.371444
     ],
     [
      -71.061658,
      42.370978
     ],
     [
      -71.061059,
      42.370539
     ],
     [
      -71.058545,
      42.366904
     ],
     [
      -71.060447,
      42.365806
     ],
     [
      -71.05794,
      42.362969
     ],
     [
      -71.057691,
      42.360395
     ],
     [
      -71.057719,
      42.358026
     ],
     [
      -71.058665,
      42.356942
     ],
     [
      -71.060326,
      42.355572
     ],
     [
      -71.062304,
      42.353618
     ],
     [
      -71.062944,
      42.351067
     ],
     [
      -71.06392,
      42.349013
     ],
     [
      -71.064792,
      42.345975
     ],
     [
      -71.066457,
      42.343328
     ],
     [
      -71.068084,
      42.342014
     ],
     [
      -71.070223,
      42.341082
     ],
     [
      -71.07363,
      42.338869
     ],
     [
      -71.077057,
      42.336441
     ],
     [
      -71.080635,
      42.333489
     ],
     [
      -71.08152,
      42.332142
     ],
     [
      -71.082986,
      42.330831
     ],
     [
      -71.084216,
      42.330187
     ],
     [
      -71.084968,
      42.32902
     ],
     [
      -71.086741,
      42.328148
     ],
     [
      -71.088341,
      42.324726
     ],
     [
      -71.08931,
      42.323654
     ],
     [
      -71.09404,
      42.320071
     ],
     [
      -71.112463,
      42.301354
     ],
     [
      -71.113467,
      42.301425
     ],
     [
      -71.114251,
      42.30163
     ],
     [
      -71.114324,
      42.300966
     ]
    ]
   }
  },
  {
   "type": "Feature",
   "properties": {
    "company": "MBTA",
    "line": "MBTA: Orange Line (Malden Center \u2013 Forest Hills)",
    "id": "mbta-orange-line-1975",
    "color": "#4a4e69",
    "mode": "rapid_transit",
    "avg_speed_kmh": 28,
    "speed_source": "estimated; no historical schedule speed found",
    "segments": [
     {
      "start": 1975,
      "end": 1976,
      "headway_min": 4,
      "note": "The Haymarket North Extension replaced the Charlestown Elevated: under the Charles River to Sullivan Square on April 7, 1975, to Wellington on September 6, 1975 and to Malden Center on December 27, 1975. Everett lost rail service. The south end still ran on the Washington Street Elevated. headway_min is an estimate, not from a timetable.",
      "sources": [
       "Segment-level: the dates and termini in this note were checked on 2026-09-28 against the article(s) below; headway_min is an estimate and is not sourced.",
       "https://en.wikipedia.org/wiki/Haymarket_North_Extension",
       "https://en.wikipedia.org/wiki/Orange_Line_(MBTA)"
      ]
     }
    ],
    "geometry_quality": "Haymarket North Extension and tunnel are real track from the MBTA GTFS Orange Line shape. The structure is demolished, so this leg is drawn along the streets it stood over, routed on today's OSM road grid by street name: washst_el_fh 7.39 km (0.23 km off the named streets). Street centre-line, not the exact column line. Drawn length 16.39 km."
   },
   "geometry": {
    "type": "LineString",
    "coordinates": [
     [
      -71.074257,
      42.426713
     ],
     [
      -71.076285,
      42.421633
     ],
     [
      -71.076807,
      42.418976
     ],
     [
      -71.076998,
      42.404288
     ],
     [
      -71.077294,
      42.394309
     ],
     [
      -71.076947,
      42.387402
     ],
     [
      -71.077017,
      42.382587
     ],
     [
      -71.076868,
      42.379995
     ],
     [
      -71.076313,
      42.378895
     ],
     [
      -71.073634,
      42.375918
     ],
     [
      -71.071477,
      42.374488
     ],
     [
      -71.069084,
      42.373453
     ],
     [
      -71.067739,
      42.372677
     ],
     [
      -71.065725,
      42.371298
     ],
     [
      -71.059114,
      42.364186
     ],
     [
      -71.058165,
      42.363321
     ],
     [
      -71.057892,
      42.362708
     ],
     [
      -71.057691,
      42.360395
     ],
     [
      -71.057719,
      42.358026
     ],
     [
      -71.058665,
      42.356942
     ],
     [
      -71.060326,
      42.355572
     ],
     [
      -71.062304,
      42.353618
     ],
     [
      -71.062944,
      42.351067
     ],
     [
      -71.06392,
      42.349013
     ],
     [
      -71.064792,
      42.345975
     ],
     [
      -71.066457,
      42.343328
     ],
     [
      -71.068084,
      42.342014
     ],
     [
      -71.070223,
      42.341082
     ],
     [
      -71.07363,
      42.338869
     ],
     [
      -71.077057,
      42.336441
     ],
     [
      -71.080635,
      42.333489
     ],
     [
      -71.08152,
      42.332142
     ],
     [
      -71.082986,
      42.330831
     ],
     [
      -71.084216,
      42.330187
     ],
     [
      -71.084968,
      42.32902
     ],
     [
      -71.086741,
      42.328148
     ],
     [
      -71.088341,
      42.324726
     ],
     [
      -71.08931,
      42.323654
     ],
     [
      -71.09404,
      42.320071
     ],
     [
      -71.112463,
      42.301354
     ],
     [
      -71.113467,
      42.301425
     ],
     [
      -71.114251,
      42.30163
     ],
     [
      -71.114324,
      42.300966
     ]
    ]
   }
  },
  {
   "type": "Feature",
   "properties": {
    "company": "MBTA",
    "line": "MBTA: Orange Line (Oak Grove \u2013 Forest Hills via Washington Street)",
    "id": "mbta-orange-line-1977",
    "color": "#4a4e69",
    "mode": "rapid_transit",
    "avg_speed_kmh": 29,
    "speed_source": "estimated; no historical schedule speed found",
    "segments": [
     {
      "start": 1977,
      "end": 1986,
      "headway_min": 4,
      "note": "Extended to Oak Grove on March 19, 1977. The last train over the Washington Street Elevated ran on April 30, 1987. headway_min is an estimate, not from a timetable.",
      "sources": [
       "Segment-level: the dates and termini in this note were checked on 2026-09-28 against the article(s) below; headway_min is an estimate and is not sourced.",
       "https://en.wikipedia.org/wiki/Haymarket_North_Extension",
       "https://en.wikipedia.org/wiki/Washington_Street_Elevated"
      ]
     }
    ],
    "geometry_quality": "Haymarket North Extension and tunnel are real track from the MBTA GTFS Orange Line shape. The structure is demolished, so this leg is drawn along the streets it stood over, routed on today's OSM road grid by street name: washst_el_fh 7.39 km (0.23 km off the named streets). Street centre-line, not the exact column line. Drawn length 17.50 km."
   },
   "geometry": {
    "type": "LineString",
    "coordinates": [
     [
      -71.070961,
      42.436397
     ],
     [
      -71.071536,
      42.433538
     ],
     [
      -71.076139,
      42.422051
     ],
     [
      -71.076547,
      42.420656
     ],
     [
      -71.076807,
      42.418976
     ],
     [
      -71.076998,
      42.404288
     ],
     [
      -71.077294,
      42.394309
     ],
     [
      -71.076947,
      42.387402
     ],
     [
      -71.076932,
      42.380307
     ],
     [
      -71.076313,
      42.378895
     ],
     [
      -71.073634,
      42.375918
     ],
     [
      -71.071477,
      42.374488
     ],
     [
      -71.069084,
      42.373453
     ],
     [
      -71.067739,
      42.372677
     ],
     [
      -71.065725,
      42.371298
     ],
     [
      -71.059114,
      42.364186
     ],
     [
      -71.058165,
      42.363321
     ],
     [
      -71.057892,
      42.362708
     ],
     [
      -71.057691,
      42.360395
     ],
     [
      -71.057719,
      42.358026
     ],
     [
      -71.058665,
      42.356942
     ],
     [
      -71.060326,
      42.355572
     ],
     [
      -71.062304,
      42.353618
     ],
     [
      -71.062944,
      42.351067
     ],
     [
      -71.06392,
      42.349013
     ],
     [
      -71.064792,
      42.345975
     ],
     [
      -71.066457,
      42.343328
     ],
     [
      -71.068084,
      42.342014
     ],
     [
      -71.070223,
      42.341082
     ],
     [
      -71.07363,
      42.338869
     ],
     [
      -71.077057,
      42.336441
     ],
     [
      -71.080635,
      42.333489
     ],
     [
      -71.08152,
      42.332142
     ],
     [
      -71.082986,
      42.330831
     ],
     [
      -71.084216,
      42.330187
     ],
     [
      -71.084968,
      42.32902
     ],
     [
      -71.086741,
      42.328148
     ],
     [
      -71.088341,
      42.324726
     ],
     [
      -71.08931,
      42.323654
     ],
     [
      -71.09404,
      42.320071
     ],
     [
      -71.112463,
      42.301354
     ],
     [
      -71.113467,
      42.301425
     ],
     [
      -71.114251,
      42.30163
     ],
     [
      -71.114324,
      42.300966
     ]
    ]
   }
  },
  {
   "type": "Feature",
   "properties": {
    "company": "MBTA",
    "line": "MBTA: Orange Line",
    "id": "mbta-orange-line",
    "color": "#4a4e69",
    "mode": "rapid_transit",
    "avg_speed_kmh": 32.7,
    "speed_source": "computed from GTFS: 17.7 km in a mean 32.6 min scheduled Oak Grove\u2013Forest Hills",
    "segments": [
     {
      "start": 1987,
      "end": 2025,
      "headway_min": 5,
      "note": "The Southwest Corridor opened May 4, 1987, moving the line west of Washington Street into a trench shared with the Northeast Corridor, via Back Bay, Ruggles and Jackson Square. Assembly was added in 2014. headway_min is an estimate, not from a timetable.",
      "sources": [
       "Segment-level: the dates and termini in this note were checked on 2026-09-28 against the article(s) below; headway_min is an estimate and is not sourced.",
       "https://en.wikipedia.org/wiki/Orange_Line_(MBTA)",
       "https://en.wikipedia.org/wiki/Washington_Street_Elevated"
      ]
     },
     {
      "start": 2026,
      "end": 2026,
      "headway_min": 5,
      "note": "227 trips each way on a representative Wednesday (about a 5-minute headway over a ~19.5-hour day). Speed from a mean 32.6 min scheduled for 17.7 km.",
      "sources": [
       "Segment-level: headway and speed computed on 2026-09-28 from the MBTA GTFS feed \"Fall 2026, version D\" (feed 20260917-20261212), representative Wednesday 2026-10-14.",
       "https://cdn.mbta.com/MBTA_GTFS.zip"
      ]
     }
    ],
    "geometry_quality": "Real track geometry: the MBTA's own GTFS shape for this route, sliced at the terminal stations. Drawn length 17.70 km."
   },
   "geometry": {
    "type": "LineString",
    "coordinates": [
     [
      -71.070961,
      42.436397
     ],
     [
      -71.071536,
      42.433538
     ],
     [
      -71.076139,
      42.422051
     ],
     [
      -71.076547,
      42.420656
     ],
     [
      -71.076807,
      42.418976
     ],
     [
      -71.076998,
      42.404288
     ],
     [
      -71.077294,
      42.394309
     ],
     [
      -71.076947,
      42.387402
     ],
     [
      -71.076932,
      42.380307
     ],
     [
      -71.076313,
      42.378895
     ],
     [
      -71.073634,
      42.375918
     ],
     [
      -71.071477,
      42.374488
     ],
     [
      -71.069084,
      42.373453
     ],
     [
      -71.067739,
      42.372677
     ],
     [
      -71.065725,
      42.371298
     ],
     [
      -71.059114,
      42.364186
     ],
     [
      -71.058165,
      42.363321
     ],
     [
      -71.057892,
      42.362708
     ],
     [
      -71.057691,
      42.360395
     ],
     [
      -71.057719,
      42.358026
     ],
     [
      -71.058665,
      42.356942
     ],
     [
      -71.060326,
      42.355572
     ],
     [
      -71.062304,
      42.353618
     ],
     [
      -71.062858,
      42.350966
     ],
     [
      -71.063918,
      42.349826
     ],
     [
      -71.064201,
      42.348989
     ],
     [
      -71.067527,
      42.347481
     ],
     [
      -71.073569,
      42.347593
     ],
     [
      -71.07511,
      42.347519
     ],
     [
      -71.076049,
      42.347309
     ],
     [
      -71.077993,
      42.345848
     ],
     [
      -71.090355,
      42.33574
     ],
     [
      -71.094924,
      42.331856
     ],
     [
      -71.097242,
      42.328915
     ],
     [
      -71.097839,
      42.327823
     ],
     [
      -71.09899,
      42.324851
     ],
     [
      -71.100028,
      42.322875
     ],
     [
      -71.103013,
      42.319187
     ],
     [
      -71.10396,
      42.317776
     ],
     [
      -71.104689,
      42.316429
     ],
     [
      -71.105737,
      42.313754
     ],
     [
      -71.106832,
      42.311567
     ],
     [
      -71.111329,
      42.304624
     ],
     [
      -71.114102,
      42.300731
     ]
    ]
   }
  },
  {
   "type": "Feature",
   "properties": {
    "company": "Boston Elevated Railway",
    "line": "Boston Elevated: Atlantic Avenue Elevated",
    "id": "bery-atlantic-avenue-el",
    "color": "#b8651b",
    "mode": "rapid_transit",
    "avg_speed_kmh": 22,
    "speed_source": "estimated; no historical schedule speed found",
    "segments": [
     {
      "start": 1901,
      "end": 1927,
      "headway_min": 6,
      "note": "Opened August 22, 1901 from the Charlestown Elevated at Keany Square (Tower C) along Commercial Street and Atlantic Avenue past South Station, then Beach Street, Harrison Avenue and Castle Street to the Washington Street Elevated at Tower D \u2013 an alternative route through downtown. The south end past South Station was closed after a 1928 accident on the Beach Street curve. headway_min is an estimate, not from a timetable.",
      "sources": [
       "Segment-level: the dates and termini in this note were checked on 2026-09-28 against the article(s) below; headway_min is an estimate and is not sourced.",
       "https://en.wikipedia.org/wiki/Atlantic_Avenue_Elevated",
       "https://en.wikipedia.org/wiki/Orange_Line_(MBTA)"
      ]
     }
    ],
    "geometry_quality": "The structure is demolished, so this leg is drawn along the streets it stood over, routed on today's OSM road grid by street name: atlantic_full 3.78 km (0.0 km off the named streets). Street centre-line, not the exact column line. Drawn length 3.77 km."
   },
   "geometry": {
    "type": "LineString",
    "coordinates": [
     [
      -71.063261,
      42.346354
     ],
     [
      -71.061186,
      42.35148
     ],
     [
      -71.056593,
      42.350452
     ],
     [
      -71.055256,
      42.352784
     ],
     [
      -71.051416,
      42.354761
     ],
     [
      -71.051086,
      42.355108
     ],
     [
      -71.050906,
      42.355642
     ],
     [
      -71.050829,
      42.357202
     ],
     [
      -71.051316,
      42.357841
     ],
     [
      -71.051965,
      42.359983
     ],
     [
      -71.052809,
      42.360934
     ],
     [
      -71.052333,
      42.36146
     ],
     [
      -71.051311,
      42.361983
     ],
     [
      -71.051018,
      42.362351
     ],
     [
      -71.051132,
      42.365675
     ],
     [
      -71.051404,
      42.366403
     ],
     [
      -71.052318,
      42.367114
     ],
     [
      -71.054185,
      42.36781
     ],
     [
      -71.05615,
      42.368307
     ],
     [
      -71.056801,
      42.368152
     ],
     [
      -71.058545,
      42.366904
     ]
    ]
   }
  },
  {
   "type": "Feature",
   "properties": {
    "company": "Boston Elevated Railway",
    "line": "Boston Elevated: Atlantic Avenue Elevated (North Station \u2013 South Station)",
    "id": "bery-atlantic-avenue-el-shuttle",
    "color": "#b8651b",
    "mode": "rapid_transit",
    "avg_speed_kmh": 22,
    "speed_source": "estimated; no historical schedule speed found",
    "segments": [
     {
      "start": 1928,
      "end": 1938,
      "headway_min": 10,
      "note": "After the 1928 accident the Atlantic Avenue El ran as a North Station \u2013 South Station shuttle (plus some rush-hour Dudley trips over the full route) until it closed on September 30, 1938; it was demolished in 1942. headway_min is an estimate, not from a timetable.",
      "sources": [
       "Segment-level: the dates and termini in this note were checked on 2026-09-28 against the article(s) below; headway_min is an estimate and is not sourced.",
       "https://en.wikipedia.org/wiki/Atlantic_Avenue_Elevated",
       "https://en.wikipedia.org/wiki/Charlestown_Elevated"
      ]
     }
    ],
    "geometry_quality": "The structure is demolished, so this leg is drawn along the streets it stood over, routed on today's OSM road grid by street name: atlantic_short 2.5 km (0.0 km off the named streets). Street centre-line, not the exact column line. Drawn length 2.49 km."
   },
   "geometry": {
    "type": "LineString",
    "coordinates": [
     [
      -71.055205,
      42.352828
     ],
     [
      -71.051416,
      42.354761
     ],
     [
      -71.05098,
      42.355372
     ],
     [
      -71.050772,
      42.356572
     ],
     [
      -71.050829,
      42.357202
     ],
     [
      -71.051316,
      42.357841
     ],
     [
      -71.051965,
      42.359983
     ],
     [
      -71.052809,
      42.360934
     ],
     [
      -71.052333,
      42.36146
     ],
     [
      -71.051311,
      42.361983
     ],
     [
      -71.051018,
      42.362351
     ],
     [
      -71.051161,
      42.365844
     ],
     [
      -71.051404,
      42.366403
     ],
     [
      -71.05209,
      42.367012
     ],
     [
      -71.054185,
      42.36781
     ],
     [
      -71.056037,
      42.368291
     ],
     [
      -71.056801,
      42.368152
     ],
     [
      -71.058545,
      42.366904
     ]
    ]
   }
  },
  {
   "type": "Feature",
   "properties": {
    "company": "Boston Elevated Railway",
    "line": "Boston Elevated: East Boston Tunnel (Court Street \u2013 Maverick)",
    "id": "bery-east-boston-tunnel-1904",
    "color": "#b8651b",
    "mode": "streetcar",
    "avg_speed_kmh": 18,
    "speed_source": "estimated; no historical schedule speed found",
    "segments": [
     {
      "start": 1904,
      "end": 1915,
      "headway_min": 3,
      "note": "The East Boston Tunnel opened December 30, 1904 for streetcars, from Court Street station (beside Scollay Square) under the harbour to an incline at Maverick Square, with a stop at Devonshire (now State); Atlantic (now Aquarium) was added in 1906. Court Street closed November 15, 1914, with service cut back to Devonshire until the Bowdoin extension opened. headway_min is an estimate, not from a timetable.",
      "sources": [
       "Segment-level: the dates and termini in this note were checked on 2026-09-28 against the article(s) below; headway_min is an estimate and is not sourced.",
       "https://en.wikipedia.org/wiki/Blue_Line_(MBTA)"
      ]
     }
    ],
    "geometry_quality": "Real track geometry: the MBTA's own GTFS shape for this route, sliced at the terminal stations. The downtown end is drawn to Government Center, beside the 1904 Court Street terminal. Drawn length 2.22 km."
   },
   "geometry": {
    "type": "LineString",
    "coordinates": [
     [
      -71.059712,
      42.359544
     ],
     [
      -71.059473,
      42.359248
     ],
     [
      -71.059163,
      42.359116
     ],
     [
      -71.057709,
      42.358891
     ],
     [
      -71.056836,
      42.358875
     ],
     [
      -71.05228,
      42.359447
     ],
     [
      -71.050439,
      42.359876
     ],
     [
      -71.047883,
      42.360115
     ],
     [
      -71.039531,
      42.369105
     ]
    ]
   }
  },
  {
   "type": "Feature",
   "properties": {
    "company": "Boston Elevated Railway",
    "line": "Boston Elevated: East Boston Tunnel (Bowdoin \u2013 Maverick)",
    "id": "bery-east-boston-tunnel-1916",
    "color": "#b8651b",
    "mode": "streetcar",
    "avg_speed_kmh": 18,
    "speed_source": "estimated; no historical schedule speed found",
    "segments": [
     {
      "start": 1916,
      "end": 1923,
      "headway_min": 3,
      "note": "Extended to Scollay Under on March 13, 1916 and to the Bowdoin loop on March 18, 1916; the Joy Street portal let some cars run on to Cambridge. headway_min is an estimate, not from a timetable.",
      "sources": [
       "Segment-level: the dates and termini in this note were checked on 2026-09-28 against the article(s) below; headway_min is an estimate and is not sourced.",
       "https://en.wikipedia.org/wiki/Blue_Line_(MBTA)"
      ]
     }
    ],
    "geometry_quality": "Real track geometry: the MBTA's own GTFS shape for this route, sliced at the terminal stations. Drawn length 2.51 km."
   },
   "geometry": {
    "type": "LineString",
    "coordinates": [
     [
      -71.06215,
      42.361162
     ],
     [
      -71.061562,
      42.361034
     ],
     [
      -71.060531,
      42.360588
     ],
     [
      -71.059473,
      42.359248
     ],
     [
      -71.057709,
      42.358891
     ],
     [
      -71.056119,
      42.358952
     ],
     [
      -71.051689,
      42.359543
     ],
     [
      -71.050439,
      42.359876
     ],
     [
      -71.047883,
      42.360115
     ],
     [
      -71.039531,
      42.369105
     ]
    ]
   }
  },
  {
   "type": "Feature",
   "properties": {
    "company": "Boston Elevated Railway",
    "line": "Boston Elevated: East Boston Tunnel",
    "id": "bery-east-boston-tunnel",
    "color": "#b8651b",
    "mode": "rapid_transit",
    "avg_speed_kmh": 25,
    "speed_source": "estimated; no historical schedule speed found",
    "segments": [
     {
      "start": 1924,
      "end": 1946,
      "headway_min": 4,
      "note": "Converted from streetcars to high-platform rapid transit trains over the weekend of April 18\u201321, 1924, with a cross-platform streetcar transfer at the new Maverick station. headway_min is an estimate, not from a timetable.",
      "sources": [
       "Segment-level: the dates and termini in this note were checked on 2026-09-28 against the article(s) below; headway_min is an estimate and is not sourced.",
       "https://en.wikipedia.org/wiki/Blue_Line_(MBTA)"
      ]
     }
    ],
    "geometry_quality": "Real track geometry: the MBTA's own GTFS shape for this route, sliced at the terminal stations. Drawn length 2.51 km."
   },
   "geometry": {
    "type": "LineString",
    "coordinates": [
     [
      -71.06215,
      42.361162
     ],
     [
      -71.061562,
      42.361034
     ],
     [
      -71.060531,
      42.360588
     ],
     [
      -71.059473,
      42.359248
     ],
     [
      -71.057709,
      42.358891
     ],
     [
      -71.056119,
      42.358952
     ],
     [
      -71.051689,
      42.359543
     ],
     [
      -71.050439,
      42.359876
     ],
     [
      -71.047883,
      42.360115
     ],
     [
      -71.039531,
      42.369105
     ]
    ]
   }
  },
  {
   "type": "Feature",
   "properties": {
    "company": "Metropolitan Transit Authority (Boston)",
    "line": "MTA: East Boston Tunnel",
    "id": "mta-east-boston-tunnel",
    "color": "#2f7d6d",
    "mode": "rapid_transit",
    "avg_speed_kmh": 25,
    "speed_source": "estimated; no historical schedule speed found",
    "segments": [
     {
      "start": 1947,
      "end": 1951,
      "headway_min": 4,
      "note": "Metropolitan Transit Authority from August 1947. headway_min is an estimate, not from a timetable.",
      "sources": [
       "Segment-level: the dates and termini in this note were checked on 2026-09-28 against the article(s) below; headway_min is an estimate and is not sourced.",
       "https://en.wikipedia.org/wiki/Blue_Line_(MBTA)"
      ]
     }
    ],
    "geometry_quality": "Real track geometry: the MBTA's own GTFS shape for this route, sliced at the terminal stations. Drawn length 2.51 km."
   },
   "geometry": {
    "type": "LineString",
    "coordinates": [
     [
      -71.06215,
      42.361162
     ],
     [
      -71.061562,
      42.361034
     ],
     [
      -71.060531,
      42.360588
     ],
     [
      -71.059473,
      42.359248
     ],
     [
      -71.057709,
      42.358891
     ],
     [
      -71.056119,
      42.358952
     ],
     [
      -71.051689,
      42.359543
     ],
     [
      -71.050439,
      42.359876
     ],
     [
      -71.047883,
      42.360115
     ],
     [
      -71.039531,
      42.369105
     ]
    ]
   }
  },
  {
   "type": "Feature",
   "properties": {
    "company": "Metropolitan Transit Authority (Boston)",
    "line": "MTA: East Boston Tunnel & Revere Extension (Bowdoin \u2013 Orient Heights)",
    "id": "mta-revere-extension-1952",
    "color": "#2f7d6d",
    "mode": "rapid_transit",
    "avg_speed_kmh": 30,
    "speed_source": "estimated; no historical schedule speed found",
    "segments": [
     {
      "start": 1952,
      "end": 1953,
      "headway_min": 5,
      "note": "The Revere Extension opened to Orient Heights on January 5, 1952 along the former Boston, Revere Beach & Lynn narrow-gauge right-of-way, with stations at Airport and Day Square (Wood Island); Suffolk Downs opened April 21, 1952. headway_min is an estimate, not from a timetable.",
      "sources": [
       "Segment-level: the dates and termini in this note were checked on 2026-09-28 against the article(s) below; headway_min is an estimate and is not sourced.",
       "https://en.wikipedia.org/wiki/Blue_Line_(MBTA)",
       "https://en.wikipedia.org/wiki/Orient_Heights_station"
      ]
     }
    ],
    "geometry_quality": "Real track geometry: the MBTA's own GTFS shape for this route, sliced at the terminal stations. The Airport \u2013 Wood Island section was relocated for the Big Dig around 1999\u20132000 and Airport station moved in 2004; earlier eras are drawn on the later alignment. Drawn length 6.11 km."
   },
   "geometry": {
    "type": "LineString",
    "coordinates": [
     [
      -71.06215,
      42.361162
     ],
     [
      -71.061562,
      42.361034
     ],
     [
      -71.060531,
      42.360588
     ],
     [
      -71.059473,
      42.359248
     ],
     [
      -71.057709,
      42.358891
     ],
     [
      -71.056119,
      42.358952
     ],
     [
      -71.051689,
      42.359543
     ],
     [
      -71.050439,
      42.359876
     ],
     [
      -71.047883,
      42.360115
     ],
     [
      -71.042057,
      42.366297
     ],
     [
      -71.038809,
      42.369957
     ],
     [
      -71.036022,
      42.372227
     ],
     [
      -71.033144,
      42.372315
     ],
     [
      -71.032495,
      42.372467
     ],
     [
      -71.031875,
      42.372863
     ],
     [
      -71.029676,
      42.374762
     ],
     [
      -71.028216,
      42.37637
     ],
     [
      -71.02679,
      42.377273
     ],
     [
      -71.024626,
      42.378951
     ],
     [
      -71.021458,
      42.380111
     ],
     [
      -71.018186,
      42.380196
     ],
     [
      -71.016808,
      42.380506
     ],
     [
      -71.015914,
      42.380954
     ],
     [
      -71.01071,
      42.384796
     ],
     [
      -71.004972,
      42.386767
     ]
    ]
   }
  },
  {
   "type": "Feature",
   "properties": {
    "company": "Metropolitan Transit Authority (Boston)",
    "line": "MTA: East Boston Tunnel & Revere Extension",
    "id": "mta-revere-extension",
    "color": "#2f7d6d",
    "mode": "rapid_transit",
    "avg_speed_kmh": 30,
    "speed_source": "estimated; no historical schedule speed found",
    "segments": [
     {
      "start": 1954,
      "end": 1963,
      "headway_min": 5,
      "note": "Extended to Wonderland in 1954, with stations at Beachmont and Revere Beach; the planned continuation to Lynn was cut for lack of funds. SOURCE CONFLICT on the day: the Wonderland station article gives both \"January 1954\" and \"June 19, 1954\". headway_min is an estimate, not from a timetable.",
      "sources": [
       "Segment-level: the dates and termini in this note were checked on 2026-09-28 against the article(s) below; headway_min is an estimate and is not sourced.",
       "https://en.wikipedia.org/wiki/Blue_Line_(MBTA)",
       "https://en.wikipedia.org/wiki/Wonderland_station"
      ]
     }
    ],
    "geometry_quality": "Real track geometry: the MBTA's own GTFS shape for this route, sliced at the terminal stations. The Airport \u2013 Wood Island section was relocated for the Big Dig around 1999\u20132000 and Airport station moved in 2004; earlier eras are drawn on the later alignment. Drawn length 9.59 km."
   },
   "geometry": {
    "type": "LineString",
    "coordinates": [
     [
      -71.06215,
      42.361162
     ],
     [
      -71.061562,
      42.361034
     ],
     [
      -71.060531,
      42.360588
     ],
     [
      -71.059473,
      42.359248
     ],
     [
      -71.057709,
      42.358891
     ],
     [
      -71.056119,
      42.358952
     ],
     [
      -71.051689,
      42.359543
     ],
     [
      -71.050439,
      42.359876
     ],
     [
      -71.047883,
      42.360115
     ],
     [
      -71.042057,
      42.366297
     ],
     [
      -71.038809,
      42.369957
     ],
     [
      -71.036022,
      42.372227
     ],
     [
      -71.033144,
      42.372315
     ],
     [
      -71.032145,
      42.372659
     ],
     [
      -71.029676,
      42.374762
     ],
     [
      -71.028216,
      42.37637
     ],
     [
      -71.02679,
      42.377273
     ],
     [
      -71.025163,
      42.378622
     ],
     [
      -71.024418,
      42.379051
     ],
     [
      -71.021458,
      42.380111
     ],
     [
      -71.018186,
      42.380196
     ],
     [
      -71.016808,
      42.380506
     ],
     [
      -71.015914,
      42.380954
     ],
     [
      -71.01071,
      42.384796
     ],
     [
      -71.000489,
      42.388233
     ],
     [
      -70.998328,
      42.389453
     ],
     [
      -70.997324,
      42.390282
     ],
     [
      -70.996355,
      42.391453
     ],
     [
      -70.991993,
      42.39804
     ],
     [
      -70.99154,
      42.399105
     ],
     [
      -70.991407,
      42.400694
     ],
     [
      -70.992554,
      42.407959
     ],
     [
      -70.992685,
      42.409661
     ],
     [
      -70.992408,
      42.411689
     ],
     [
      -70.991535,
      42.413638
     ]
    ]
   }
  },
  {
   "type": "Feature",
   "properties": {
    "company": "MBTA",
    "line": "MBTA: Blue Line",
    "id": "mbta-blue-line",
    "color": "#4a4e69",
    "mode": "rapid_transit",
    "avg_speed_kmh": 29.7,
    "speed_source": "computed from GTFS: 9.6 km in a mean 19.4 min scheduled Wonderland\u2013Bowdoin",
    "segments": [
     {
      "start": 1964,
      "end": 2025,
      "headway_min": 5,
      "note": "MBTA from August 1964; named the Blue Line on August 26, 1965. Cut back to Orient Heights from June 25, 1994 to June 26, 1995 while the outer stations were rebuilt. headway_min is an estimate, not from a timetable.",
      "sources": [
       "Segment-level: the dates and termini in this note were checked on 2026-09-28 against the article(s) below; headway_min is an estimate and is not sourced.",
       "https://en.wikipedia.org/wiki/Blue_Line_(MBTA)"
      ]
     },
     {
      "start": 2026,
      "end": 2026,
      "headway_min": 5,
      "note": "214 trips each way on a representative Wednesday (about a 5-minute headway over a ~19.5-hour day). Speed from a mean 19.4 min scheduled for 9.6 km.",
      "sources": [
       "Segment-level: headway and speed computed on 2026-09-28 from the MBTA GTFS feed \"Fall 2026, version D\" (feed 20260917-20261212), representative Wednesday 2026-10-14.",
       "https://cdn.mbta.com/MBTA_GTFS.zip"
      ]
     }
    ],
    "geometry_quality": "Real track geometry: the MBTA's own GTFS shape for this route, sliced at the terminal stations. The Airport \u2013 Wood Island section was relocated for the Big Dig around 1999\u20132000 and Airport station moved in 2004; earlier eras are drawn on the later alignment. Drawn length 9.59 km."
   },
   "geometry": {
    "type": "LineString",
    "coordinates": [
     [
      -71.06215,
      42.361162
     ],
     [
      -71.061562,
      42.361034
     ],
     [
      -71.060531,
      42.360588
     ],
     [
      -71.059473,
      42.359248
     ],
     [
      -71.057709,
      42.358891
     ],
     [
      -71.056119,
      42.358952
     ],
     [
      -71.051689,
      42.359543
     ],
     [
      -71.050439,
      42.359876
     ],
     [
      -71.047883,
      42.360115
     ],
     [
      -71.042057,
      42.366297
     ],
     [
      -71.038809,
      42.369957
     ],
     [
      -71.036022,
      42.372227
     ],
     [
      -71.033144,
      42.372315
     ],
     [
      -71.032145,
      42.372659
     ],
     [
      -71.029676,
      42.374762
     ],
     [
      -71.028216,
      42.37637
     ],
     [
      -71.02679,
      42.377273
     ],
     [
      -71.025163,
      42.378622
     ],
     [
      -71.024418,
      42.379051
     ],
     [
      -71.021458,
      42.380111
     ],
     [
      -71.018186,
      42.380196
     ],
     [
      -71.016808,
      42.380506
     ],
     [
      -71.015914,
      42.380954
     ],
     [
      -71.01071,
      42.384796
     ],
     [
      -71.000489,
      42.388233
     ],
     [
      -70.998328,
      42.389453
     ],
     [
      -70.997324,
      42.390282
     ],
     [
      -70.996355,
      42.391453
     ],
     [
      -70.991993,
      42.39804
     ],
     [
      -70.99154,
      42.399105
     ],
     [
      -70.991407,
      42.400694
     ],
     [
      -70.992554,
      42.407959
     ],
     [
      -70.992685,
      42.409661
     ],
     [
      -70.992408,
      42.411689
     ],
     [
      -70.991535,
      42.413638
     ]
    ]
   }
  },
  {
   "type": "Feature",
   "properties": {
    "company": "Boston Elevated Railway",
    "line": "Boston Elevated: Tremont Street Subway (Park Street \u2013 Public Garden)",
    "id": "bery-tremont-street-subway-1897",
    "color": "#b8651b",
    "mode": "streetcar",
    "avg_speed_kmh": 12,
    "speed_source": "estimated; no historical schedule speed found",
    "segments": [
     {
      "start": 1897,
      "end": 1897,
      "headway_min": 1,
      "note": "The Tremont Street subway, the first in North America, opened September 1, 1897 from the Public Garden incline to Park Street, with streetcars from Beacon Street, Commonwealth Avenue and Huntington Avenue looping at Park Street. It was built by the Boston Transit Commission and opened under the West End Street Railway, which the Boston Elevated leased on October 1, 1897. headway_min is an estimate, not from a timetable.",
      "sources": [
       "Segment-level: the dates and termini in this note were checked on 2026-09-28 against the article(s) below; headway_min is an estimate and is not sourced.",
       "https://en.wikipedia.org/wiki/Tremont_Street_subway",
       "https://en.wikipedia.org/wiki/Green_Line_B_branch",
       "https://en.wikipedia.org/wiki/Green_Line_(MBTA)"
      ]
     }
    ],
    "geometry_quality": "Real track geometry: the MBTA's own GTFS shape for this route, sliced at the terminal stations. West of Boylston the drawn line follows today's Boylston Street subway to the site of the 1897 Public Garden incline, which it approximates. Drawn length 0.84 km."
   },
   "geometry": {
    "type": "LineString",
    "coordinates": [
     [
      -71.062194,
      42.356334
     ],
     [
      -71.063349,
      42.355287
     ],
     [
      -71.064751,
      42.352532
     ],
     [
      -71.06504,
      42.352464
     ],
     [
      -71.067135,
      42.352589
     ],
     [
      -71.069109,
      42.352242
     ]
    ]
   }
  },
  {
   "type": "Feature",
   "properties": {
    "company": "Boston Elevated Railway",
    "line": "Boston Elevated: Tremont Street Subway",
    "id": "bery-tremont-street-subway-1898",
    "color": "#b8651b",
    "mode": "streetcar",
    "avg_speed_kmh": 12,
    "speed_source": "estimated; no historical schedule speed found",
    "segments": [
     {
      "start": 1898,
      "end": 1911,
      "headway_min": 1,
      "note": "The northern section opened in 1898 through Scollay Square, Adams Square and Haymarket to the Canal Street incline at North Station. From June 1901 to November 1908 the Main Line Elevated trains shared the outer tracks. headway_min is an estimate, not from a timetable.",
      "sources": [
       "Segment-level: the dates and termini in this note were checked on 2026-09-28 against the article(s) below; headway_min is an estimate and is not sourced.",
       "https://en.wikipedia.org/wiki/Tremont_Street_subway",
       "https://en.wikipedia.org/wiki/Green_Line_(MBTA)"
      ]
     }
    ],
    "geometry_quality": "Real track geometry: the MBTA's own GTFS shape for this route, sliced at the terminal stations. The north end is drawn on the 2004 North Station alignment and the 1963 Government Center rebuild; the original 1898 route to the Canal Street incline and Adams Square ran up to ~200 m east of it (a later alignment than the era). West of Boylston the drawn line follows today's Boylston Street subway to the site of the 1897 Public Garden incline, which it approximates. Drawn length 2.06 km."
   },
   "geometry": {
    "type": "LineString",
    "coordinates": [
     [
      -71.060677,
      42.365743
     ],
     [
      -71.058147,
      42.362973
     ],
     [
      -71.057951,
      42.36096
     ],
     [
      -71.060584,
      42.357811
     ],
     [
      -71.063349,
      42.355287
     ],
     [
      -71.064751,
      42.352532
     ],
     [
      -71.06504,
      42.352464
     ],
     [
      -71.067135,
      42.352589
     ],
     [
      -71.069109,
      42.352242
     ]
    ]
   }
  },
  {
   "type": "Feature",
   "properties": {
    "company": "Boston Elevated Railway",
    "line": "Boston Elevated: Tremont Street Subway (Lechmere \u2013 Public Garden)",
    "id": "bery-tremont-street-subway-1912",
    "color": "#b8651b",
    "mode": "streetcar",
    "avg_speed_kmh": 14,
    "speed_source": "estimated; no historical schedule speed found",
    "segments": [
     {
      "start": 1912,
      "end": 1913,
      "headway_min": 1,
      "note": "The Causeway Street Elevated and Lechmere Viaduct opened to East Cambridge on June 1, 1912, cutting the Lechmere Square \u2013 subway trip from ten minutes to three. headway_min is an estimate, not from a timetable.",
      "sources": [
       "Segment-level: the dates and termini in this note were checked on 2026-09-28 against the article(s) below; headway_min is an estimate and is not sourced.",
       "https://en.wikipedia.org/wiki/Lechmere_Viaduct",
       "https://en.wikipedia.org/wiki/Green_Line_(MBTA)"
      ]
     }
    ],
    "geometry_quality": "Real track geometry: the MBTA's own GTFS shape for this route, sliced at the terminal stations. The north end is drawn on the 2004 North Station alignment and the 1963 Government Center rebuild; the original 1898 route to the Canal Street incline and Adams Square ran up to ~200 m east of it (a later alignment than the era). West of Boylston the drawn line follows today's Boylston Street subway to the site of the 1897 Public Garden incline, which it approximates. Drawn length 3.64 km."
   },
   "geometry": {
    "type": "LineString",
    "coordinates": [
     [
      -71.076413,
      42.371613
     ],
     [
      -71.075403,
      42.370578
     ],
     [
      -71.066485,
      42.366204
     ],
     [
      -71.064332,
      42.365627
     ],
     [
      -71.063754,
      42.365749
     ],
     [
      -71.062022,
      42.366505
     ],
     [
      -71.061417,
      42.366493
     ],
     [
      -71.058147,
      42.362973
     ],
     [
      -71.057951,
      42.36096
     ],
     [
      -71.060584,
      42.357811
     ],
     [
      -71.063349,
      42.355287
     ],
     [
      -71.064688,
      42.352584
     ],
     [
      -71.06504,
      42.352464
     ],
     [
      -71.067135,
      42.352589
     ],
     [
      -71.069109,
      42.352242
     ]
    ]
   }
  },
  {
   "type": "Feature",
   "properties": {
    "company": "Boston Elevated Railway",
    "line": "Boston Elevated: Tremont and Boylston Street Subways (Lechmere \u2013 Kenmore)",
    "id": "bery-tremont-street-subway",
    "color": "#b8651b",
    "mode": "streetcar",
    "avg_speed_kmh": 14,
    "speed_source": "estimated; no historical schedule speed found",
    "segments": [
     {
      "start": 1914,
      "end": 1946,
      "headway_min": 1,
      "note": "The Boylston Street subway opened October 3, 1914, extending the tunnel west to an incline just east of Kenmore Square and replacing the Public Garden incline; Lechmere transfer station opened July 10, 1922, and the subway was extended beneath Kenmore Square on October 23, 1932. The Huntington Avenue subway branched off in 1941. headway_min is an estimate, not from a timetable.",
      "sources": [
       "Segment-level: the dates and termini in this note were checked on 2026-09-28 against the article(s) below; headway_min is an estimate and is not sourced.",
       "https://en.wikipedia.org/wiki/Boylston_Street_subway",
       "https://en.wikipedia.org/wiki/Tremont_Street_subway",
       "https://en.wikipedia.org/wiki/Lechmere_Viaduct",
       "https://en.wikipedia.org/wiki/Green_Line_(MBTA)"
      ]
     }
    ],
    "geometry_quality": "Real track geometry: the MBTA's own GTFS shape for this route, sliced at the terminal stations. The north end is drawn on the 2004 North Station alignment and the 1963 Government Center rebuild; the original 1898 route to the Canal Street incline and Adams Square ran up to ~200 m east of it (a later alignment than the era). The Lechmere end is the 2022 station, about 100 m from the 1922 one. Drawn length 5.92 km."
   },
   "geometry": {
    "type": "LineString",
    "coordinates": [
     [
      -71.076413,
      42.371613
     ],
     [
      -71.075403,
      42.370578
     ],
     [
      -71.066485,
      42.366204
     ],
     [
      -71.064332,
      42.365627
     ],
     [
      -71.063754,
      42.365749
     ],
     [
      -71.062022,
      42.366505
     ],
     [
      -71.061417,
      42.366493
     ],
     [
      -71.058281,
      42.363191
     ],
     [
      -71.058051,
      42.362562
     ],
     [
      -71.057951,
      42.36096
     ],
     [
      -71.060584,
      42.357811
     ],
     [
      -71.063349,
      42.355287
     ],
     [
      -71.064688,
      42.352584
     ],
     [
      -71.06504,
      42.352464
     ],
     [
      -71.067135,
      42.352589
     ],
     [
      -71.069109,
      42.352242
     ],
     [
      -71.085472,
      42.347838
     ],
     [
      -71.088178,
      42.348076
     ],
     [
      -71.091707,
      42.347988
     ],
     [
      -71.092174,
      42.348133
     ],
     [
      -71.093214,
      42.348948
     ],
     [
      -71.095358,
      42.3489
     ]
    ]
   }
  },
  {
   "type": "Feature",
   "properties": {
    "company": "Metropolitan Transit Authority (Boston)",
    "line": "MTA: Tremont and Boylston Street Subways (Lechmere \u2013 Kenmore)",
    "id": "mta-tremont-street-subway",
    "color": "#2f7d6d",
    "mode": "streetcar",
    "avg_speed_kmh": 14,
    "speed_source": "estimated; no historical schedule speed found",
    "segments": [
     {
      "start": 1947,
      "end": 1963,
      "headway_min": 1,
      "note": "Metropolitan Transit Authority from August 1947; Science Park was added on the viaduct on August 20, 1955. headway_min is an estimate, not from a timetable.",
      "sources": [
       "Segment-level: the dates and termini in this note were checked on 2026-09-28 against the article(s) below; headway_min is an estimate and is not sourced.",
       "https://en.wikipedia.org/wiki/Lechmere_Viaduct",
       "https://en.wikipedia.org/wiki/Green_Line_(MBTA)"
      ]
     }
    ],
    "geometry_quality": "Real track geometry: the MBTA's own GTFS shape for this route, sliced at the terminal stations. The north end is drawn on the 2004 North Station alignment and the 1963 Government Center rebuild; the original 1898 route to the Canal Street incline and Adams Square ran up to ~200 m east of it (a later alignment than the era). The Lechmere end is the 2022 station, about 100 m from the 1922 one. Drawn length 5.92 km."
   },
   "geometry": {
    "type": "LineString",
    "coordinates": [
     [
      -71.076413,
      42.371613
     ],
     [
      -71.075403,
      42.370578
     ],
     [
      -71.066485,
      42.366204
     ],
     [
      -71.064332,
      42.365627
     ],
     [
      -71.063754,
      42.365749
     ],
     [
      -71.062022,
      42.366505
     ],
     [
      -71.061417,
      42.366493
     ],
     [
      -71.058281,
      42.363191
     ],
     [
      -71.058051,
      42.362562
     ],
     [
      -71.057951,
      42.36096
     ],
     [
      -71.060584,
      42.357811
     ],
     [
      -71.063349,
      42.355287
     ],
     [
      -71.064688,
      42.352584
     ],
     [
      -71.06504,
      42.352464
     ],
     [
      -71.067135,
      42.352589
     ],
     [
      -71.069109,
      42.352242
     ],
     [
      -71.085472,
      42.347838
     ],
     [
      -71.088178,
      42.348076
     ],
     [
      -71.091707,
      42.347988
     ],
     [
      -71.092174,
      42.348133
     ],
     [
      -71.093214,
      42.348948
     ],
     [
      -71.095358,
      42.3489
     ]
    ]
   }
  },
  {
   "type": "Feature",
   "properties": {
    "company": "MBTA",
    "line": "MBTA: Green Line (Central Subway)",
    "id": "mbta-green-line-central-subway",
    "color": "#4a4e69",
    "mode": "light_rail",
    "avg_speed_kmh": 14,
    "speed_source": "estimated; no historical schedule speed found",
    "segments": [
     {
      "start": 1964,
      "end": 2019,
      "headway_min": 1,
      "note": "MBTA from August 1964; named the Green Line in 1965 and its branches lettered in 1967. Government Center replaced Scollay Square in 1963 and Haymarket was rebuilt in 1971; North Station moved underground in 2004. headway_min is an estimate, not from a timetable.",
      "sources": [
       "Segment-level: the dates and termini in this note were checked on 2026-09-28 against the article(s) below; headway_min is an estimate and is not sourced.",
       "https://en.wikipedia.org/wiki/Green_Line_(MBTA)",
       "https://en.wikipedia.org/wiki/Tremont_Street_subway"
      ]
     }
    ],
    "geometry_quality": "Real track geometry: the MBTA's own GTFS shape for this route, sliced at the terminal stations. The north end is drawn on the 2004 North Station alignment and the 1963 Government Center rebuild; the original 1898 route to the Canal Street incline and Adams Square ran up to ~200 m east of it (a later alignment than the era). The Lechmere end is the 2022 station, about 100 m from the 1922 one. Drawn length 5.92 km."
   },
   "geometry": {
    "type": "LineString",
    "coordinates": [
     [
      -71.076413,
      42.371613
     ],
     [
      -71.075403,
      42.370578
     ],
     [
      -71.066485,
      42.366204
     ],
     [
      -71.064332,
      42.365627
     ],
     [
      -71.063754,
      42.365749
     ],
     [
      -71.062022,
      42.366505
     ],
     [
      -71.061417,
      42.366493
     ],
     [
      -71.058281,
      42.363191
     ],
     [
      -71.058051,
      42.362562
     ],
     [
      -71.057951,
      42.36096
     ],
     [
      -71.060584,
      42.357811
     ],
     [
      -71.063349,
      42.355287
     ],
     [
      -71.064688,
      42.352584
     ],
     [
      -71.06504,
      42.352464
     ],
     [
      -71.067135,
      42.352589
     ],
     [
      -71.069109,
      42.352242
     ],
     [
      -71.085472,
      42.347838
     ],
     [
      -71.088178,
      42.348076
     ],
     [
      -71.091707,
      42.347988
     ],
     [
      -71.092174,
      42.348133
     ],
     [
      -71.093214,
      42.348948
     ],
     [
      -71.095358,
      42.3489
     ]
    ]
   }
  },
  {
   "type": "Feature",
   "properties": {
    "company": "MBTA",
    "line": "MBTA: Green Line (Central Subway, North Station \u2013 Kenmore)",
    "id": "mbta-green-line-central-subway-2020",
    "color": "#4a4e69",
    "mode": "light_rail",
    "avg_speed_kmh": 14,
    "speed_source": "estimated; no historical schedule speed found",
    "segments": [
     {
      "start": 2020,
      "end": 2021,
      "headway_min": 2,
      "note": "Service was cut back from Lechmere to North Station on May 24, 2020 while the viaduct was tied into the Green Line Extension. headway_min is an estimate, not from a timetable.",
      "sources": [
       "Segment-level: the dates and termini in this note were checked on 2026-09-28 against the article(s) below; headway_min is an estimate and is not sourced.",
       "https://en.wikipedia.org/wiki/Green_Line_Extension",
       "https://en.wikipedia.org/wiki/Lechmere_Viaduct"
      ]
     }
    ],
    "geometry_quality": "Real track geometry: the MBTA's own GTFS shape for this route, sliced at the terminal stations. The north end is drawn on the 2004 North Station alignment and the 1963 Government Center rebuild; the original 1898 route to the Canal Street incline and Adams Square ran up to ~200 m east of it (a later alignment than the era). Drawn length 4.35 km."
   },
   "geometry": {
    "type": "LineString",
    "coordinates": [
     [
      -71.060677,
      42.365743
     ],
     [
      -71.058147,
      42.362973
     ],
     [
      -71.057951,
      42.36096
     ],
     [
      -71.060584,
      42.357811
     ],
     [
      -71.063349,
      42.355287
     ],
     [
      -71.064808,
      42.352502
     ],
     [
      -71.067135,
      42.352589
     ],
     [
      -71.068292,
      42.352427
     ],
     [
      -71.085472,
      42.347838
     ],
     [
      -71.088178,
      42.348076
     ],
     [
      -71.091707,
      42.347988
     ],
     [
      -71.092174,
      42.348133
     ],
     [
      -71.093214,
      42.348948
     ],
     [
      -71.095358,
      42.3489
     ]
    ]
   }
  },
  {
   "type": "Feature",
   "properties": {
    "company": "MBTA",
    "line": "MBTA: Green Line (Central Subway)",
    "id": "mbta-green-line-central-subway-2022",
    "color": "#4a4e69",
    "mode": "light_rail",
    "avg_speed_kmh": 14,
    "speed_source": "estimated; no historical schedule speed found",
    "segments": [
     {
      "start": 2022,
      "end": 2025,
      "headway_min": 2,
      "note": "The new elevated Lechmere station reopened on March 21, 2022 with the Green Line Extension. headway_min is an estimate, not from a timetable.",
      "sources": [
       "Segment-level: the dates and termini in this note were checked on 2026-09-28 against the article(s) below; headway_min is an estimate and is not sourced.",
       "https://en.wikipedia.org/wiki/Green_Line_Extension"
      ]
     },
     {
      "start": 2026,
      "end": 2026,
      "headway_min": 2,
      "note": "Trunk headway: the B, C, D and E branches together run about 559 trips each way on a representative Wednesday through the Central Subway (roughly a 2-minute headway).",
      "sources": [
       "Segment-level: headway and speed computed on 2026-09-28 from the MBTA GTFS feed \"Fall 2026, version D\" (feed 20260917-20261212), representative Wednesday 2026-10-14.",
       "https://cdn.mbta.com/MBTA_GTFS.zip"
      ]
     }
    ],
    "geometry_quality": "Real track geometry: the MBTA's own GTFS shape for this route, sliced at the terminal stations. The north end is drawn on the 2004 North Station alignment and the 1963 Government Center rebuild; the original 1898 route to the Canal Street incline and Adams Square ran up to ~200 m east of it (a later alignment than the era). The Lechmere end is the 2022 station, about 100 m from the 1922 one. Drawn length 5.92 km."
   },
   "geometry": {
    "type": "LineString",
    "coordinates": [
     [
      -71.076413,
      42.371613
     ],
     [
      -71.075403,
      42.370578
     ],
     [
      -71.066485,
      42.366204
     ],
     [
      -71.064332,
      42.365627
     ],
     [
      -71.063754,
      42.365749
     ],
     [
      -71.062022,
      42.366505
     ],
     [
      -71.061417,
      42.366493
     ],
     [
      -71.058281,
      42.363191
     ],
     [
      -71.058051,
      42.362562
     ],
     [
      -71.057951,
      42.36096
     ],
     [
      -71.060584,
      42.357811
     ],
     [
      -71.063349,
      42.355287
     ],
     [
      -71.064688,
      42.352584
     ],
     [
      -71.06504,
      42.352464
     ],
     [
      -71.067135,
      42.352589
     ],
     [
      -71.069109,
      42.352242
     ],
     [
      -71.085472,
      42.347838
     ],
     [
      -71.088178,
      42.348076
     ],
     [
      -71.091707,
      42.347988
     ],
     [
      -71.092174,
      42.348133
     ],
     [
      -71.093214,
      42.348948
     ],
     [
      -71.095358,
      42.3489
     ]
    ]
   }
  },
  {
   "type": "Feature",
   "properties": {
    "company": "MBTA",
    "line": "MBTA: Green Line (Union Square Branch)",
    "id": "mbta-green-line-union-square",
    "color": "#4a4e69",
    "mode": "light_rail",
    "avg_speed_kmh": 21.5,
    "speed_source": "computed from GTFS for the D branch as a whole: 23.2 km in a mean 64.7 min scheduled",
    "segments": [
     {
      "start": 2022,
      "end": 2025,
      "headway_min": 8,
      "note": "The Union Square branch of the Green Line Extension opened March 21, 2022, on the Fitchburg Line right-of-way. headway_min is an estimate, not from a timetable.",
      "sources": [
       "Segment-level: the dates and termini in this note were checked on 2026-09-28 against the article(s) below; headway_min is an estimate and is not sourced.",
       "https://en.wikipedia.org/wiki/Green_Line_Extension"
      ]
     },
     {
      "start": 2026,
      "end": 2026,
      "headway_min": 8,
      "note": "D branch: 139 trips each way on a representative Wednesday (about an 8-minute headway).",
      "sources": [
       "Segment-level: headway and speed computed on 2026-09-28 from the MBTA GTFS feed \"Fall 2026, version D\" (feed 20260917-20261212), representative Wednesday 2026-10-14.",
       "https://cdn.mbta.com/MBTA_GTFS.zip"
      ]
     }
    ],
    "geometry_quality": "Real track geometry: the MBTA's own GTFS shape for this route, sliced at the terminal stations. Drawn length 1.65 km."
   },
   "geometry": {
    "type": "LineString",
    "coordinates": [
     [
      -71.094326,
      42.377119
     ],
     [
      -71.092464,
      42.376414
     ],
     [
      -71.090937,
      42.376095
     ],
     [
      -71.081748,
      42.374927
     ],
     [
      -71.081192,
      42.374552
     ],
     [
      -71.080904,
      42.373996
     ],
     [
      -71.080345,
      42.373447
     ],
     [
      -71.076413,
      42.371613
     ]
    ]
   }
  },
  {
   "type": "Feature",
   "properties": {
    "company": "MBTA",
    "line": "MBTA: Green Line (Medford Branch)",
    "id": "mbta-green-line-medford",
    "color": "#4a4e69",
    "mode": "light_rail",
    "avg_speed_kmh": 15.5,
    "speed_source": "computed from GTFS for the E branch as a whole: 13.8 km in a mean 53.4 min scheduled",
    "segments": [
     {
      "start": 2022,
      "end": 2025,
      "headway_min": 8,
      "note": "The Medford Branch of the Green Line Extension opened December 12, 2022, to Medford/Tufts along the Lowell Line right-of-way. headway_min is an estimate, not from a timetable.",
      "sources": [
       "Segment-level: the dates and termini in this note were checked on 2026-09-28 against the article(s) below; headway_min is an estimate and is not sourced.",
       "https://en.wikipedia.org/wiki/Green_Line_Extension"
      ]
     },
     {
      "start": 2026,
      "end": 2026,
      "headway_min": 8,
      "note": "E branch: 146 trips each way on a representative Wednesday (about an 8-minute headway).",
      "sources": [
       "Segment-level: headway and speed computed on 2026-09-28 from the MBTA GTFS feed \"Fall 2026, version D\" (feed 20260917-20261212), representative Wednesday 2026-10-14.",
       "https://cdn.mbta.com/MBTA_GTFS.zip"
      ]
     }
    ],
    "geometry_quality": "Real track geometry: the MBTA's own GTFS shape for this route, sliced at the terminal stations. Drawn length 5.32 km."
   },
   "geometry": {
    "type": "LineString",
    "coordinates": [
     [
      -71.116794,
      42.407691
     ],
     [
      -71.106007,
      42.39325
     ],
     [
      -71.10491,
      42.392101
     ],
     [
      -71.10303,
      42.390863
     ],
     [
      -71.094581,
      42.386996
     ],
     [
      -71.093407,
      42.386305
     ],
     [
      -71.091464,
      42.384551
     ],
     [
      -71.089925,
      42.382746
     ],
     [
      -71.08337,
      42.376292
     ],
     [
      -71.08285,
      42.375833
     ],
     [
      -71.081425,
      42.375031
     ],
     [
      -71.080999,
      42.374127
     ],
     [
      -71.080345,
      42.373447
     ],
     [
      -71.076413,
      42.371613
     ]
    ]
   }
  },
  {
   "type": "Feature",
   "properties": {
    "company": "Boston Elevated Railway",
    "line": "Boston Elevated: Tremont Street Subway (Pleasant Street Branch)",
    "id": "bery-pleasant-street-branch",
    "color": "#b8651b",
    "mode": "streetcar",
    "avg_speed_kmh": 12,
    "speed_source": "estimated; no historical schedule speed found",
    "segments": [
     {
      "start": 1897,
      "end": 1946,
      "headway_min": 3,
      "note": "The southern fork of the Tremont Street subway, from Boylston under Tremont Street to the Pleasant Street incline, opened September 30, 1897 for South End and South Boston streetcars. Main Line Elevated trains used it June 1901 \u2013 November 1908, after which it returned to streetcars. headway_min is an estimate, not from a timetable.",
      "sources": [
       "Segment-level: the dates and termini in this note were checked on 2026-09-28 against the article(s) below; headway_min is an estimate and is not sourced.",
       "https://en.wikipedia.org/wiki/Tremont_Street_subway",
       "https://en.wikipedia.org/wiki/Green_Line_E_branch"
      ]
     }
    ],
    "geometry_quality": "The structure is demolished, so this leg is drawn along the streets it stood over, routed on today's OSM road grid by street name: pleasant_branch 0.48 km (0.0 km off the named streets). Street centre-line, not the exact column line. The tunnel runs beneath Tremont Street, so the street line is a close stand-in. Drawn length 0.48 km."
   },
   "geometry": {
    "type": "LineString",
    "coordinates": [
     [
      -71.064425,
      42.352832
     ],
     [
      -71.065537,
      42.348629
     ]
    ]
   }
  },
  {
   "type": "Feature",
   "properties": {
    "company": "Metropolitan Transit Authority (Boston)",
    "line": "MTA: Tremont Street Subway (Pleasant Street Branch)",
    "id": "mta-pleasant-street-branch",
    "color": "#2f7d6d",
    "mode": "streetcar",
    "avg_speed_kmh": 12,
    "speed_source": "estimated; no historical schedule speed found",
    "segments": [
     {
      "start": 1947,
      "end": 1962,
      "headway_min": 5,
      "note": "The last through service via the Pleasant Street portal (to Lenox Street) ended in 1961; a Pleasant Street \u2013 Boylston shuttle ran one more year, ending in 1962. The tunnel survives, dead-ended. headway_min is an estimate, not from a timetable.",
      "sources": [
       "Segment-level: the dates and termini in this note were checked on 2026-09-28 against the article(s) below; headway_min is an estimate and is not sourced.",
       "https://en.wikipedia.org/wiki/Tremont_Street_subway",
       "https://en.wikipedia.org/wiki/Green_Line_(MBTA)"
      ]
     }
    ],
    "geometry_quality": "The structure is demolished, so this leg is drawn along the streets it stood over, routed on today's OSM road grid by street name: pleasant_branch 0.48 km (0.0 km off the named streets). Street centre-line, not the exact column line. Drawn length 0.48 km."
   },
   "geometry": {
    "type": "LineString",
    "coordinates": [
     [
      -71.064425,
      42.352832
     ],
     [
      -71.065537,
      42.348629
     ]
    ]
   }
  },
  {
   "type": "Feature",
   "properties": {
    "company": "West End Street Railway",
    "line": "West End Street Railway: Beacon Street Line (Kenmore \u2013 Park Square)",
    "id": "west-end-beacon-park-square",
    "color": "#8c6d46",
    "mode": "streetcar",
    "avg_speed_kmh": 14,
    "speed_source": "estimated; no historical schedule speed found",
    "segments": [
     {
      "start": 1889,
      "end": 1896,
      "headway_min": 5,
      "note": "The West End's first electric line, opened January 3, 1889, ran from Allston via Beacon Street, Massachusetts Avenue and Boylston Street to Park Square; the Beacon Street line to Cleveland Circle was electrified the same year. Horsecars had run these streets before; they are not drawn. headway_min is an estimate, not from a timetable.",
      "sources": [
       "Segment-level: the dates and termini in this note were checked on 2026-09-28 against the article(s) below; headway_min is an estimate and is not sourced.",
       "https://en.wikipedia.org/wiki/Green_Line_A_branch",
       "https://en.wikipedia.org/wiki/Green_Line_C_branch"
      ]
     }
    ],
    "geometry_quality": "The structure is demolished, so this leg is drawn along the streets it stood over, routed on today's OSM road grid by street name: kenmore_parksq 2.52 km (0.0 km off the named streets). Street centre-line, not the exact column line. Streetcars ran in the street, so the street centre-line is the route. Drawn length 2.51 km."
   },
   "geometry": {
    "type": "LineString",
    "coordinates": [
     [
      -71.095113,
      42.349335
     ],
     [
      -71.089477,
      42.350844
     ],
     [
      -71.087718,
      42.347354
     ],
     [
      -71.070699,
      42.351902
     ],
     [
      -71.06929,
      42.352186
     ]
    ]
   }
  },
  {
   "type": "Feature",
   "properties": {
    "company": "Boston Elevated Railway",
    "line": "Boston Elevated: Kenmore \u2013 Public Garden (surface)",
    "id": "bery-beacon-park-square",
    "color": "#b8651b",
    "mode": "streetcar",
    "avg_speed_kmh": 14,
    "speed_source": "estimated; no historical schedule speed found",
    "segments": [
     {
      "start": 1897,
      "end": 1913,
      "headway_min": 3,
      "note": "From September 1897 Beacon Street, Commonwealth Avenue and Watertown cars ran this way into the Tremont Street subway at the Public Garden incline, until the Boylston Street subway put them underground on October 3, 1914. headway_min is an estimate, not from a timetable.",
      "sources": [
       "Segment-level: the dates and termini in this note were checked on 2026-09-28 against the article(s) below; headway_min is an estimate and is not sourced.",
       "https://en.wikipedia.org/wiki/Green_Line_B_branch",
       "https://en.wikipedia.org/wiki/Green_Line_C_branch",
       "https://en.wikipedia.org/wiki/Boylston_Street_subway"
      ]
     }
    ],
    "geometry_quality": "The structure is demolished, so this leg is drawn along the streets it stood over, routed on today's OSM road grid by street name: kenmore_parksq 2.52 km (0.0 km off the named streets). Street centre-line, not the exact column line. Streetcars ran in the street, so the street centre-line is the route. Drawn length 2.51 km."
   },
   "geometry": {
    "type": "LineString",
    "coordinates": [
     [
      -71.095113,
      42.349335
     ],
     [
      -71.089477,
      42.350844
     ],
     [
      -71.087718,
      42.347354
     ],
     [
      -71.070699,
      42.351902
     ],
     [
      -71.06929,
      42.352186
     ]
    ]
   }
  },
  {
   "type": "Feature",
   "properties": {
    "company": "West End Street Railway",
    "line": "West End Street Railway: Beacon Street Line",
    "id": "west-end-beacon-street",
    "color": "#8c6d46",
    "mode": "streetcar",
    "avg_speed_kmh": 14,
    "speed_source": "estimated; no historical schedule speed found",
    "segments": [
     {
      "start": 1889,
      "end": 1896,
      "headway_min": 6,
      "note": "Beacon Street tracks from Massachusetts Avenue to Coolidge Corner were laid in 1888 and completed to Cleveland Circle in 1889, the year the line was electrified. headway_min is an estimate, not from a timetable.",
      "sources": [
       "Segment-level: the dates and termini in this note were checked on 2026-09-28 against the article(s) below; headway_min is an estimate and is not sourced.",
       "https://en.wikipedia.org/wiki/Green_Line_C_branch"
      ]
     }
    ],
    "geometry_quality": "Real track geometry: the MBTA's own GTFS shape for this route, sliced at the terminal stations. The line has always run in the Beacon Street median, so today's track is the original route. Drawn length 4.67 km."
   },
   "geometry": {
    "type": "LineString",
    "coordinates": [
     [
      -71.095352,
      42.348855
     ],
     [
      -71.096973,
      42.348799
     ],
     [
      -71.101425,
      42.347639
     ],
     [
      -71.120112,
      42.342365
     ],
     [
      -71.125874,
      42.340989
     ],
     [
      -71.127968,
      42.340229
     ],
     [
      -71.129266,
      42.339887
     ],
     [
      -71.131299,
      42.339624
     ],
     [
      -71.134618,
      42.339514
     ],
     [
      -71.140278,
      42.338055
     ],
     [
      -71.149188,
      42.336152
     ]
    ]
   }
  },
  {
   "type": "Feature",
   "properties": {
    "company": "Boston Elevated Railway",
    "line": "Boston Elevated: Beacon Street Line",
    "id": "bery-beacon-street",
    "color": "#b8651b",
    "mode": "streetcar",
    "avg_speed_kmh": 14,
    "speed_source": "estimated; no historical schedule speed found",
    "segments": [
     {
      "start": 1897,
      "end": 1946,
      "headway_min": 3,
      "note": "Into the Tremont Street subway from September 1, 1897; into the Boylston Street subway from 1914 and its own tunnel portal at Saint Mary's Street from October 23, 1932. Route 61 from 1940. headway_min is an estimate, not from a timetable.",
      "sources": [
       "Segment-level: the dates and termini in this note were checked on 2026-09-28 against the article(s) below; headway_min is an estimate and is not sourced.",
       "https://en.wikipedia.org/wiki/Green_Line_C_branch"
      ]
     }
    ],
    "geometry_quality": "Real track geometry: the MBTA's own GTFS shape for this route, sliced at the terminal stations. Drawn length 4.67 km."
   },
   "geometry": {
    "type": "LineString",
    "coordinates": [
     [
      -71.095352,
      42.348855
     ],
     [
      -71.096973,
      42.348799
     ],
     [
      -71.101425,
      42.347639
     ],
     [
      -71.120112,
      42.342365
     ],
     [
      -71.125874,
      42.340989
     ],
     [
      -71.127968,
      42.340229
     ],
     [
      -71.129266,
      42.339887
     ],
     [
      -71.131299,
      42.339624
     ],
     [
      -71.134618,
      42.339514
     ],
     [
      -71.140278,
      42.338055
     ],
     [
      -71.149188,
      42.336152
     ]
    ]
   }
  },
  {
   "type": "Feature",
   "properties": {
    "company": "Metropolitan Transit Authority (Boston)",
    "line": "MTA: Beacon Street Line",
    "id": "mta-beacon-street",
    "color": "#2f7d6d",
    "mode": "streetcar",
    "avg_speed_kmh": 14,
    "speed_source": "estimated; no historical schedule speed found",
    "segments": [
     {
      "start": 1947,
      "end": 1963,
      "headway_min": 3,
      "note": "Metropolitan Transit Authority from August 1947; cut back from Lechmere to North Station on November 20, 1961. headway_min is an estimate, not from a timetable.",
      "sources": [
       "Segment-level: the dates and termini in this note were checked on 2026-09-28 against the article(s) below; headway_min is an estimate and is not sourced.",
       "https://en.wikipedia.org/wiki/Green_Line_C_branch"
      ]
     }
    ],
    "geometry_quality": "Real track geometry: the MBTA's own GTFS shape for this route, sliced at the terminal stations. Drawn length 4.67 km."
   },
   "geometry": {
    "type": "LineString",
    "coordinates": [
     [
      -71.095352,
      42.348855
     ],
     [
      -71.096973,
      42.348799
     ],
     [
      -71.101425,
      42.347639
     ],
     [
      -71.120112,
      42.342365
     ],
     [
      -71.125874,
      42.340989
     ],
     [
      -71.127968,
      42.340229
     ],
     [
      -71.129266,
      42.339887
     ],
     [
      -71.131299,
      42.339624
     ],
     [
      -71.134618,
      42.339514
     ],
     [
      -71.140278,
      42.338055
     ],
     [
      -71.149188,
      42.336152
     ]
    ]
   }
  },
  {
   "type": "Feature",
   "properties": {
    "company": "MBTA",
    "line": "MBTA: Green Line C Branch",
    "id": "mbta-green-line-c",
    "color": "#4a4e69",
    "mode": "light_rail",
    "avg_speed_kmh": 13.9,
    "speed_source": "computed from GTFS: 8.2 km in a mean 35.4 min scheduled",
    "segments": [
     {
      "start": 1964,
      "end": 2025,
      "headway_min": 6,
      "note": "MBTA from August 1964; lettered the C branch in 1967. headway_min is an estimate, not from a timetable.",
      "sources": [
       "Segment-level: the dates and termini in this note were checked on 2026-09-28 against the article(s) below; headway_min is an estimate and is not sourced.",
       "https://en.wikipedia.org/wiki/Green_Line_C_branch"
      ]
     },
     {
      "start": 2026,
      "end": 2026,
      "headway_min": 8,
      "note": "139 trips each way on a representative Wednesday (about an 8-minute headway). Speed from a mean 35.4 min scheduled Government Center \u2013 Cleveland Circle for 8.2 km.",
      "sources": [
       "Segment-level: headway and speed computed on 2026-09-28 from the MBTA GTFS feed \"Fall 2026, version D\" (feed 20260917-20261212), representative Wednesday 2026-10-14.",
       "https://cdn.mbta.com/MBTA_GTFS.zip"
      ]
     }
    ],
    "geometry_quality": "Real track geometry: the MBTA's own GTFS shape for this route, sliced at the terminal stations. Drawn length 4.67 km."
   },
   "geometry": {
    "type": "LineString",
    "coordinates": [
     [
      -71.095352,
      42.348855
     ],
     [
      -71.096973,
      42.348799
     ],
     [
      -71.101425,
      42.347639
     ],
     [
      -71.120112,
      42.342365
     ],
     [
      -71.125874,
      42.340989
     ],
     [
      -71.127968,
      42.340229
     ],
     [
      -71.129266,
      42.339887
     ],
     [
      -71.131299,
      42.339624
     ],
     [
      -71.134618,
      42.339514
     ],
     [
      -71.140278,
      42.338055
     ],
     [
      -71.149188,
      42.336152
     ]
    ]
   }
  },
  {
   "type": "Feature",
   "properties": {
    "company": "Boston Elevated Railway",
    "line": "Boston Elevated: Commonwealth Avenue Line (Lake Street)",
    "id": "bery-commonwealth-avenue",
    "color": "#b8651b",
    "mode": "streetcar",
    "avg_speed_kmh": 13,
    "speed_source": "estimated; no historical schedule speed found",
    "segments": [
     {
      "start": 1900,
      "end": 1946,
      "headway_min": 3,
      "note": "Lake Street cars had run via Chestnut Hill Avenue and Beacon Street since August 15, 1896; the Boston Elevated opened the Commonwealth Avenue tracks from Chestnut Hill Avenue to Brighton Avenue on May 26, 1900, giving the direct Lake Street \u2013 Kenmore route that is today's B branch. headway_min is an estimate, not from a timetable.",
      "sources": [
       "Segment-level: the dates and termini in this note were checked on 2026-09-28 against the article(s) below; headway_min is an estimate and is not sourced.",
       "https://en.wikipedia.org/wiki/Green_Line_B_branch"
      ]
     }
    ],
    "geometry_quality": "Real track geometry: the MBTA's own GTFS shape for this route, sliced at the terminal stations. The line has used the Commonwealth Avenue reservation since 1896\u20131900, so today's track is the original route. Drawn length 6.75 km."
   },
   "geometry": {
    "type": "LineString",
    "coordinates": [
     [
      -71.095358,
      42.3489
     ],
     [
      -71.097219,
      42.348878
     ],
     [
      -71.098394,
      42.348996
     ],
     [
      -71.124649,
      42.352131
     ],
     [
      -71.125943,
      42.351275
     ],
     [
      -71.127075,
      42.350715
     ],
     [
      -71.128132,
      42.350526
     ],
     [
      -71.129769,
      42.350645
     ],
     [
      -71.130592,
      42.35057
     ],
     [
      -71.135719,
      42.348255
     ],
     [
      -71.136642,
      42.348252
     ],
     [
      -71.138915,
      42.34894
     ],
     [
      -71.139939,
      42.348806
     ],
     [
      -71.140364,
      42.348445
     ],
     [
      -71.141088,
      42.346274
     ],
     [
      -71.142965,
      42.343473
     ],
     [
      -71.14389,
      42.342486
     ],
     [
      -71.144797,
      42.341958
     ],
     [
      -71.145714,
      42.341642
     ],
     [
      -71.146541,
      42.341507
     ],
     [
      -71.148888,
      42.341446
     ],
     [
      -71.150242,
      42.341014
     ],
     [
      -71.151635,
      42.34004
     ],
     [
      -71.152638,
      42.33856
     ],
     [
      -71.153216,
      42.338049
     ],
     [
      -71.15427,
      42.338167
     ],
     [
      -71.156802,
      42.339306
     ],
     [
      -71.159123,
      42.33989
     ],
     [
      -71.163529,
      42.340099
     ],
     [
      -71.166556,
      42.34002
     ]
    ]
   }
  },
  {
   "type": "Feature",
   "properties": {
    "company": "Metropolitan Transit Authority (Boston)",
    "line": "MTA: Commonwealth Avenue Line (Lake Street)",
    "id": "mta-commonwealth-avenue",
    "color": "#2f7d6d",
    "mode": "streetcar",
    "avg_speed_kmh": 13,
    "speed_source": "estimated; no historical schedule speed found",
    "segments": [
     {
      "start": 1947,
      "end": 1963,
      "headway_min": 3,
      "note": "Metropolitan Transit Authority from August 1947; cut back to Park Street on November 25, 1961. headway_min is an estimate, not from a timetable.",
      "sources": [
       "Segment-level: the dates and termini in this note were checked on 2026-09-28 against the article(s) below; headway_min is an estimate and is not sourced.",
       "https://en.wikipedia.org/wiki/Green_Line_B_branch"
      ]
     }
    ],
    "geometry_quality": "Real track geometry: the MBTA's own GTFS shape for this route, sliced at the terminal stations. The line has used the Commonwealth Avenue reservation since 1896\u20131900, so today's track is the original route. Drawn length 6.75 km."
   },
   "geometry": {
    "type": "LineString",
    "coordinates": [
     [
      -71.095358,
      42.3489
     ],
     [
      -71.097219,
      42.348878
     ],
     [
      -71.098394,
      42.348996
     ],
     [
      -71.124649,
      42.352131
     ],
     [
      -71.125943,
      42.351275
     ],
     [
      -71.127075,
      42.350715
     ],
     [
      -71.128132,
      42.350526
     ],
     [
      -71.129769,
      42.350645
     ],
     [
      -71.130592,
      42.35057
     ],
     [
      -71.135719,
      42.348255
     ],
     [
      -71.136642,
      42.348252
     ],
     [
      -71.138915,
      42.34894
     ],
     [
      -71.139939,
      42.348806
     ],
     [
      -71.140364,
      42.348445
     ],
     [
      -71.141088,
      42.346274
     ],
     [
      -71.142965,
      42.343473
     ],
     [
      -71.14389,
      42.342486
     ],
     [
      -71.144797,
      42.341958
     ],
     [
      -71.145714,
      42.341642
     ],
     [
      -71.146541,
      42.341507
     ],
     [
      -71.148888,
      42.341446
     ],
     [
      -71.150242,
      42.341014
     ],
     [
      -71.151635,
      42.34004
     ],
     [
      -71.152638,
      42.33856
     ],
     [
      -71.153216,
      42.338049
     ],
     [
      -71.15427,
      42.338167
     ],
     [
      -71.156802,
      42.339306
     ],
     [
      -71.159123,
      42.33989
     ],
     [
      -71.163529,
      42.340099
     ],
     [
      -71.166556,
      42.34002
     ]
    ]
   }
  },
  {
   "type": "Feature",
   "properties": {
    "company": "MBTA",
    "line": "MBTA: Green Line B Branch",
    "id": "mbta-green-line-b",
    "color": "#4a4e69",
    "mode": "light_rail",
    "avg_speed_kmh": 13.2,
    "speed_source": "computed from GTFS: 10.3 km in a mean 46.7 min scheduled",
    "segments": [
     {
      "start": 1964,
      "end": 2025,
      "headway_min": 6,
      "note": "MBTA from August 1964; lettered the B branch in 1967. headway_min is an estimate, not from a timetable.",
      "sources": [
       "Segment-level: the dates and termini in this note were checked on 2026-09-28 against the article(s) below; headway_min is an estimate and is not sourced.",
       "https://en.wikipedia.org/wiki/Green_Line_B_branch"
      ]
     },
     {
      "start": 2026,
      "end": 2026,
      "headway_min": 9,
      "note": "135 trips each way on a representative Wednesday (about a 9-minute headway). Speed from a mean 46.7 min scheduled Government Center \u2013 Boston College for 10.3 km.",
      "sources": [
       "Segment-level: headway and speed computed on 2026-09-28 from the MBTA GTFS feed \"Fall 2026, version D\" (feed 20260917-20261212), representative Wednesday 2026-10-14.",
       "https://cdn.mbta.com/MBTA_GTFS.zip"
      ]
     }
    ],
    "geometry_quality": "Real track geometry: the MBTA's own GTFS shape for this route, sliced at the terminal stations. The line has used the Commonwealth Avenue reservation since 1896\u20131900, so today's track is the original route. Drawn length 6.75 km."
   },
   "geometry": {
    "type": "LineString",
    "coordinates": [
     [
      -71.095358,
      42.3489
     ],
     [
      -71.097219,
      42.348878
     ],
     [
      -71.098394,
      42.348996
     ],
     [
      -71.124649,
      42.352131
     ],
     [
      -71.125943,
      42.351275
     ],
     [
      -71.127075,
      42.350715
     ],
     [
      -71.128132,
      42.350526
     ],
     [
      -71.129769,
      42.350645
     ],
     [
      -71.130592,
      42.35057
     ],
     [
      -71.135719,
      42.348255
     ],
     [
      -71.136642,
      42.348252
     ],
     [
      -71.138915,
      42.34894
     ],
     [
      -71.139939,
      42.348806
     ],
     [
      -71.140364,
      42.348445
     ],
     [
      -71.141088,
      42.346274
     ],
     [
      -71.142965,
      42.343473
     ],
     [
      -71.14389,
      42.342486
     ],
     [
      -71.144797,
      42.341958
     ],
     [
      -71.145714,
      42.341642
     ],
     [
      -71.146541,
      42.341507
     ],
     [
      -71.148888,
      42.341446
     ],
     [
      -71.150242,
      42.341014
     ],
     [
      -71.151635,
      42.34004
     ],
     [
      -71.152638,
      42.33856
     ],
     [
      -71.153216,
      42.338049
     ],
     [
      -71.15427,
      42.338167
     ],
     [
      -71.156802,
      42.339306
     ],
     [
      -71.159123,
      42.33989
     ],
     [
      -71.163529,
      42.340099
     ],
     [
      -71.166556,
      42.34002
     ]
    ]
   }
  },
  {
   "type": "Feature",
   "properties": {
    "company": "Metropolitan Transit Authority (Boston)",
    "line": "MTA: Riverside Line",
    "id": "mta-riverside",
    "color": "#2f7d6d",
    "mode": "light_rail",
    "avg_speed_kmh": 25,
    "speed_source": "estimated; no historical schedule speed found",
    "segments": [
     {
      "start": 1959,
      "end": 1963,
      "headway_min": 5,
      "note": "The Boston & Albany ran its last Highland Branch passenger train on May 31, 1958; the MTA reopened the branch as the grade-separated Riverside Line on July 4, 1959, entering the Beacon Street tunnel near Fenway. headway_min is an estimate, not from a timetable.",
      "sources": [
       "Segment-level: the dates and termini in this note were checked on 2026-09-28 against the article(s) below; headway_min is an estimate and is not sourced.",
       "https://en.wikipedia.org/wiki/Green_Line_D_branch"
      ]
     }
    ],
    "geometry_quality": "Real track geometry: the MBTA's own GTFS shape for this route, sliced at the terminal stations. The surface section is the 1848\u20131886 Highland Branch right-of-way. Drawn length 15.56 km."
   },
   "geometry": {
    "type": "LineString",
    "coordinates": [
     [
      -71.095352,
      42.348855
     ],
     [
      -71.096973,
      42.348799
     ],
     [
      -71.101425,
      42.347639
     ],
     [
      -71.101917,
      42.346617
     ],
     [
      -71.105111,
      42.344864
     ],
     [
      -71.109172,
      42.342287
     ],
     [
      -71.1106,
      42.340896
     ],
     [
      -71.111977,
      42.337473
     ],
     [
      -71.113079,
      42.335535
     ],
     [
      -71.113761,
      42.334643
     ],
     [
      -71.114548,
      42.333882
     ],
     [
      -71.115682,
      42.333149
     ],
     [
      -71.118274,
      42.331952
     ],
     [
      -71.119143,
      42.331668
     ],
     [
      -71.119882,
      42.331532
     ],
     [
      -71.123307,
      42.3314
     ],
     [
      -71.125502,
      42.331166
     ],
     [
      -71.132571,
      42.331891
     ],
     [
      -71.13443,
      42.332525
     ],
     [
      -71.139666,
      42.335467
     ],
     [
      -71.14113,
      42.335879
     ],
     [
      -71.142667,
      42.335944
     ],
     [
      -71.143704,
      42.335868
     ],
     [
      -71.145223,
      42.335516
     ],
     [
      -71.148375,
      42.335101
     ],
     [
      -71.150069,
      42.33462
     ],
     [
      -71.161483,
      42.327767
     ],
     [
      -71.162845,
      42.327146
     ],
     [
      -71.164646,
      42.326709
     ],
     [
      -71.166224,
      42.326645
     ],
     [
      -71.16767,
      42.326815
     ],
     [
      -71.185371,
      42.330268
     ],
     [
      -71.187228,
      42.330391
     ],
     [
      -71.188851,
      42.330301
     ],
     [
      -71.19098,
      42.329879
     ],
     [
      -71.193243,
      42.329009
     ],
     [
      -71.203867,
      42.323645
     ],
     [
      -71.205163,
      42.322677
     ],
     [
      -71.209464,
      42.318539
     ],
     [
      -71.210484,
      42.318023
     ],
     [
      -71.211837,
      42.317704
     ],
     [
      -71.213358,
      42.31772
     ],
     [
      -71.214727,
      42.318075
     ],
     [
      -71.22911,
      42.324883
     ],
     [
      -71.230179,
      42.325493
     ],
     [
      -71.234233,
      42.328292
     ],
     [
      -71.25237,
      42.337302
     ]
    ]
   }
  },
  {
   "type": "Feature",
   "properties": {
    "company": "MBTA",
    "line": "MBTA: Green Line D Branch",
    "id": "mbta-green-line-d",
    "color": "#4a4e69",
    "mode": "light_rail",
    "avg_speed_kmh": 21.5,
    "speed_source": "computed from GTFS: 23.2 km in a mean 64.7 min scheduled",
    "segments": [
     {
      "start": 1964,
      "end": 2025,
      "headway_min": 6,
      "note": "MBTA from August 1964; lettered the D branch in 1967. The first Boeing LRVs entered service here in December 1976. headway_min is an estimate, not from a timetable.",
      "sources": [
       "Segment-level: the dates and termini in this note were checked on 2026-09-28 against the article(s) below; headway_min is an estimate and is not sourced.",
       "https://en.wikipedia.org/wiki/Green_Line_D_branch",
       "https://en.wikipedia.org/wiki/Green_Line_(MBTA)"
      ]
     },
     {
      "start": 2026,
      "end": 2026,
      "headway_min": 8,
      "note": "139 trips each way on a representative Wednesday (about an 8-minute headway). Speed from a mean 64.7 min scheduled Union Square \u2013 Riverside for 23.2 km.",
      "sources": [
       "Segment-level: headway and speed computed on 2026-09-28 from the MBTA GTFS feed \"Fall 2026, version D\" (feed 20260917-20261212), representative Wednesday 2026-10-14.",
       "https://cdn.mbta.com/MBTA_GTFS.zip"
      ]
     }
    ],
    "geometry_quality": "Real track geometry: the MBTA's own GTFS shape for this route, sliced at the terminal stations. Drawn length 15.56 km."
   },
   "geometry": {
    "type": "LineString",
    "coordinates": [
     [
      -71.095352,
      42.348855
     ],
     [
      -71.096973,
      42.348799
     ],
     [
      -71.101425,
      42.347639
     ],
     [
      -71.101917,
      42.346617
     ],
     [
      -71.105111,
      42.344864
     ],
     [
      -71.109172,
      42.342287
     ],
     [
      -71.1106,
      42.340896
     ],
     [
      -71.111977,
      42.337473
     ],
     [
      -71.113079,
      42.335535
     ],
     [
      -71.113761,
      42.334643
     ],
     [
      -71.114548,
      42.333882
     ],
     [
      -71.115682,
      42.333149
     ],
     [
      -71.118274,
      42.331952
     ],
     [
      -71.119143,
      42.331668
     ],
     [
      -71.119882,
      42.331532
     ],
     [
      -71.123307,
      42.3314
     ],
     [
      -71.125502,
      42.331166
     ],
     [
      -71.132571,
      42.331891
     ],
     [
      -71.13443,
      42.332525
     ],
     [
      -71.139666,
      42.335467
     ],
     [
      -71.14113,
      42.335879
     ],
     [
      -71.142667,
      42.335944
     ],
     [
      -71.143704,
      42.335868
     ],
     [
      -71.145223,
      42.335516
     ],
     [
      -71.148375,
      42.335101
     ],
     [
      -71.150069,
      42.33462
     ],
     [
      -71.161483,
      42.327767
     ],
     [
      -71.162845,
      42.327146
     ],
     [
      -71.164646,
      42.326709
     ],
     [
      -71.166224,
      42.326645
     ],
     [
      -71.16767,
      42.326815
     ],
     [
      -71.185371,
      42.330268
     ],
     [
      -71.187228,
      42.330391
     ],
     [
      -71.188851,
      42.330301
     ],
     [
      -71.19098,
      42.329879
     ],
     [
      -71.193243,
      42.329009
     ],
     [
      -71.203867,
      42.323645
     ],
     [
      -71.205163,
      42.322677
     ],
     [
      -71.209464,
      42.318539
     ],
     [
      -71.210484,
      42.318023
     ],
     [
      -71.211837,
      42.317704
     ],
     [
      -71.213358,
      42.31772
     ],
     [
      -71.214727,
      42.318075
     ],
     [
      -71.22911,
      42.324883
     ],
     [
      -71.230179,
      42.325493
     ],
     [
      -71.234233,
      42.328292
     ],
     [
      -71.25237,
      42.337302
     ]
    ]
   }
  },
  {
   "type": "Feature",
   "properties": {
    "company": "Boston Elevated Railway",
    "line": "Boston Elevated: South Huntington Avenue Line (Jamaica Plain \u2013 Park Street)",
    "id": "bery-south-huntington-1903",
    "color": "#b8651b",
    "mode": "streetcar",
    "avg_speed_kmh": 14,
    "speed_source": "estimated; no historical schedule speed found",
    "segments": [
     {
      "start": 1903,
      "end": 1923,
      "headway_min": 5,
      "note": "The Boston Elevated opened South Huntington Avenue between Centre Street and Huntington Avenue on May 11, 1903 and began Jamaica Plain \u2013 Park Street service via Centre Street, South Huntington and Huntington Avenue, entering the subway at the Public Garden incline (the Boylston Street portal from October 1914). headway_min is an estimate, not from a timetable.",
      "sources": [
       "Segment-level: the dates and termini in this note were checked on 2026-09-28 against the article(s) below; headway_min is an estimate and is not sourced.",
       "https://en.wikipedia.org/wiki/Green_Line_E_branch"
      ]
     }
    ],
    "geometry_quality": "The structure is demolished, so this leg is drawn along the streets it stood over, routed on today's OSM road grid by street name: e_surface_jp 6.84 km (0.1 km off the named streets). Street centre-line, not the exact column line. Before 1941 these cars ran in the street, so the street centre-line is the route; the downtown end is the Public Garden / Boylston Street portal. Drawn length 6.83 km."
   },
   "geometry": {
    "type": "LineString",
    "coordinates": [
     [
      -71.114823,
      42.310457
     ],
     [
      -71.114181,
      42.312307
     ],
     [
      -71.113985,
      42.316075
     ],
     [
      -71.111625,
      42.319589
     ],
     [
      -71.112079,
      42.321612
     ],
     [
      -71.112256,
      42.324571
     ],
     [
      -71.112013,
      42.325483
     ],
     [
      -71.111008,
      42.327403
     ],
     [
      -71.110727,
      42.328787
     ],
     [
      -71.112079,
      42.331954
     ],
     [
      -71.11093,
      42.332699
     ],
     [
      -71.109915,
      42.333151
     ],
     [
      -71.106942,
      42.333261
     ],
     [
      -71.106407,
      42.333373
     ],
     [
      -71.103793,
      42.334674
     ],
     [
      -71.100685,
      42.335775
     ],
     [
      -71.08714,
      42.341156
     ],
     [
      -71.085987,
      42.341951
     ],
     [
      -71.076931,
      42.349263
     ],
     [
      -71.077345,
      42.350091
     ],
     [
      -71.070699,
      42.351902
     ],
     [
      -71.06929,
      42.352186
     ]
    ]
   }
  },
  {
   "type": "Feature",
   "properties": {
    "company": "Boston Elevated Railway",
    "line": "Boston Elevated: Arborway Line",
    "id": "bery-arborway-surface",
    "color": "#b8651b",
    "mode": "streetcar",
    "avg_speed_kmh": 14,
    "speed_source": "estimated; no historical schedule speed found",
    "segments": [
     {
      "start": 1924,
      "end": 1940,
      "headway_min": 5,
      "note": "Arborway Yard's transfer station opened March 1, 1924 and the South Huntington Avenue line was \"soon extended\" there over South Street. headway_min is an estimate, not from a timetable.",
      "sources": [
       "Segment-level: the dates and termini in this note were checked on 2026-09-28 against the article(s) below; headway_min is an estimate and is not sourced.",
       "https://en.wikipedia.org/wiki/Green_Line_E_branch"
      ]
     }
    ],
    "geometry_quality": "The structure is demolished, so this leg is drawn along the streets it stood over, routed on today's OSM road grid by street name: e_surface_arborway 7.88 km (0.12 km off the named streets). Street centre-line, not the exact column line. Before 1941 these cars ran in the street, so the street centre-line is the route; the downtown end is the Public Garden / Boylston Street portal. Drawn length 7.86 km."
   },
   "geometry": {
    "type": "LineString",
    "coordinates": [
     [
      -71.114682,
      42.301694
     ],
     [
      -71.114659,
      42.301804
     ],
     [
      -71.11447,
      42.301722
     ],
     [
      -71.114446,
      42.302282
     ],
     [
      -71.114698,
      42.303542
     ],
     [
      -71.114646,
      42.305254
     ],
     [
      -71.115455,
      42.30727
     ],
     [
      -71.115576,
      42.309388
     ],
     [
      -71.115449,
      42.309736
     ],
     [
      -71.114654,
      42.31075
     ],
     [
      -71.114181,
      42.312307
     ],
     [
      -71.113985,
      42.316075
     ],
     [
      -71.111625,
      42.319589
     ],
     [
      -71.112079,
      42.321612
     ],
     [
      -71.112256,
      42.324571
     ],
     [
      -71.112013,
      42.325483
     ],
     [
      -71.111008,
      42.327403
     ],
     [
      -71.110723,
      42.328485
     ],
     [
      -71.110754,
      42.328912
     ],
     [
      -71.112079,
      42.331954
     ],
     [
      -71.11093,
      42.332699
     ],
     [
      -71.109915,
      42.333151
     ],
     [
      -71.106942,
      42.333261
     ],
     [
      -71.106407,
      42.333373
     ],
     [
      -71.103793,
      42.334674
     ],
     [
      -71.100685,
      42.335775
     ],
     [
      -71.08714,
      42.341156
     ],
     [
      -71.085987,
      42.341951
     ],
     [
      -71.076931,
      42.349263
     ],
     [
      -71.077345,
      42.350091
     ],
     [
      -71.070699,
      42.351902
     ],
     [
      -71.06929,
      42.352186
     ]
    ]
   }
  },
  {
   "type": "Feature",
   "properties": {
    "company": "Boston Elevated Railway",
    "line": "Boston Elevated: Arborway Line",
    "id": "bery-arborway",
    "color": "#b8651b",
    "mode": "streetcar",
    "avg_speed_kmh": 15,
    "speed_source": "estimated; no historical schedule speed found",
    "segments": [
     {
      "start": 1941,
      "end": 1946,
      "headway_min": 4,
      "note": "The Huntington Avenue subway opened February 16, 1941, taking the cars under Huntington Avenue from Copley to a portal at Northeastern and removing the last surface streetcars from downtown. headway_min is an estimate, not from a timetable.",
      "sources": [
       "Segment-level: the dates and termini in this note were checked on 2026-09-28 against the article(s) below; headway_min is an estimate and is not sourced.",
       "https://en.wikipedia.org/wiki/Green_Line_E_branch"
      ]
     }
    ],
    "geometry_quality": "Real track geometry: the MBTA's own GTFS shape for this route, sliced at the terminal stations. Heath Street to Arborway is street-running, drawn along the streets: The structure is demolished, so this leg is drawn along the streets it stood over, routed on today's OSM road grid by street name: e_heath_arborway 3.08 km (0.01 km off the named streets). Street centre-line, not the exact column line. Drawn length 7.21 km."
   },
   "geometry": {
    "type": "LineString",
    "coordinates": [
     [
      -71.077448,
      42.349978
     ],
     [
      -71.079285,
      42.349438
     ],
     [
      -71.079145,
      42.348719
     ],
     [
      -71.079523,
      42.34723
     ],
     [
      -71.079788,
      42.346792
     ],
     [
      -71.087026,
      42.341081
     ],
     [
      -71.104357,
      42.334303
     ],
     [
      -71.106247,
      42.333408
     ],
     [
      -71.106898,
      42.333233
     ],
     [
      -71.10986,
      42.333133
     ],
     [
      -71.110745,
      42.33276
     ],
     [
      -71.111972,
      42.331972
     ],
     [
      -71.110846,
      42.329172
     ],
     [
      -71.110069,
      42.328382
     ],
     [
      -71.110755,
      42.328252
     ],
     [
      -71.11118,
      42.326988
     ],
     [
      -71.112118,
      42.325203
     ],
     [
      -71.11227,
      42.324323
     ],
     [
      -71.112079,
      42.321612
     ],
     [
      -71.111625,
      42.319589
     ],
     [
      -71.113985,
      42.316075
     ],
     [
      -71.114181,
      42.312307
     ],
     [
      -71.114654,
      42.31075
     ],
     [
      -71.115449,
      42.309736
     ],
     [
      -71.115576,
      42.309388
     ],
     [
      -71.115455,
      42.30727
     ],
     [
      -71.114658,
      42.305356
     ],
     [
      -71.114698,
      42.303542
     ],
     [
      -71.114446,
      42.302282
     ],
     [
      -71.11447,
      42.301722
     ],
     [
      -71.114604,
      42.301712
     ]
    ]
   }
  },
  {
   "type": "Feature",
   "properties": {
    "company": "Metropolitan Transit Authority (Boston)",
    "line": "MTA: Arborway Line",
    "id": "mta-arborway",
    "color": "#2f7d6d",
    "mode": "streetcar",
    "avg_speed_kmh": 15,
    "speed_source": "estimated; no historical schedule speed found",
    "segments": [
     {
      "start": 1947,
      "end": 1963,
      "headway_min": 4,
      "note": "Metropolitan Transit Authority from August 1947. headway_min is an estimate, not from a timetable.",
      "sources": [
       "Segment-level: the dates and termini in this note were checked on 2026-09-28 against the article(s) below; headway_min is an estimate and is not sourced.",
       "https://en.wikipedia.org/wiki/Green_Line_E_branch"
      ]
     }
    ],
    "geometry_quality": "Real track geometry: the MBTA's own GTFS shape for this route, sliced at the terminal stations. Heath Street to Arborway is street-running, drawn along the streets: The structure is demolished, so this leg is drawn along the streets it stood over, routed on today's OSM road grid by street name: e_heath_arborway 3.08 km (0.01 km off the named streets). Street centre-line, not the exact column line. Drawn length 7.21 km."
   },
   "geometry": {
    "type": "LineString",
    "coordinates": [
     [
      -71.077448,
      42.349978
     ],
     [
      -71.079285,
      42.349438
     ],
     [
      -71.079145,
      42.348719
     ],
     [
      -71.079523,
      42.34723
     ],
     [
      -71.079788,
      42.346792
     ],
     [
      -71.087026,
      42.341081
     ],
     [
      -71.104357,
      42.334303
     ],
     [
      -71.106247,
      42.333408
     ],
     [
      -71.106898,
      42.333233
     ],
     [
      -71.10986,
      42.333133
     ],
     [
      -71.110745,
      42.33276
     ],
     [
      -71.111972,
      42.331972
     ],
     [
      -71.110846,
      42.329172
     ],
     [
      -71.110069,
      42.328382
     ],
     [
      -71.110755,
      42.328252
     ],
     [
      -71.11118,
      42.326988
     ],
     [
      -71.112118,
      42.325203
     ],
     [
      -71.11227,
      42.324323
     ],
     [
      -71.112079,
      42.321612
     ],
     [
      -71.111625,
      42.319589
     ],
     [
      -71.113985,
      42.316075
     ],
     [
      -71.114181,
      42.312307
     ],
     [
      -71.114654,
      42.31075
     ],
     [
      -71.115449,
      42.309736
     ],
     [
      -71.115576,
      42.309388
     ],
     [
      -71.115455,
      42.30727
     ],
     [
      -71.114658,
      42.305356
     ],
     [
      -71.114698,
      42.303542
     ],
     [
      -71.114446,
      42.302282
     ],
     [
      -71.11447,
      42.301722
     ],
     [
      -71.114604,
      42.301712
     ]
    ]
   }
  },
  {
   "type": "Feature",
   "properties": {
    "company": "MBTA",
    "line": "MBTA: Green Line E Branch (Arborway)",
    "id": "mbta-green-line-e-arborway",
    "color": "#4a4e69",
    "mode": "light_rail",
    "avg_speed_kmh": 15,
    "speed_source": "estimated; no historical schedule speed found",
    "segments": [
     {
      "start": 1964,
      "end": 1979,
      "headway_min": 6,
      "note": "MBTA from August 1964; lettered the E branch in 1967. Weekday service past Heath Street was bused from October 17, 1977 until full service returned December 31, 1978. headway_min is an estimate, not from a timetable.",
      "sources": [
       "Segment-level: the dates and termini in this note were checked on 2026-09-28 against the article(s) below; headway_min is an estimate and is not sourced.",
       "https://en.wikipedia.org/wiki/Green_Line_E_branch"
      ]
     },
     {
      "start": 1982,
      "end": 1985,
      "headway_min": 6,
      "note": "Arborway service resumed June 26, 1982 after reconstruction, and ended for good on December 28, 1985, replaced by the route 39 bus. headway_min is an estimate, not from a timetable.",
      "sources": [
       "Segment-level: the dates and termini in this note were checked on 2026-09-28 against the article(s) below; headway_min is an estimate and is not sourced.",
       "https://en.wikipedia.org/wiki/Green_Line_E_branch"
      ]
     }
    ],
    "geometry_quality": "Real track geometry: the MBTA's own GTFS shape for this route, sliced at the terminal stations. Heath Street to Arborway is street-running, drawn along the streets: The structure is demolished, so this leg is drawn along the streets it stood over, routed on today's OSM road grid by street name: e_heath_arborway 3.08 km (0.01 km off the named streets). Street centre-line, not the exact column line. Drawn length 7.21 km."
   },
   "geometry": {
    "type": "LineString",
    "coordinates": [
     [
      -71.077448,
      42.349978
     ],
     [
      -71.079285,
      42.349438
     ],
     [
      -71.079145,
      42.348719
     ],
     [
      -71.079523,
      42.34723
     ],
     [
      -71.079788,
      42.346792
     ],
     [
      -71.087026,
      42.341081
     ],
     [
      -71.104357,
      42.334303
     ],
     [
      -71.106247,
      42.333408
     ],
     [
      -71.106898,
      42.333233
     ],
     [
      -71.10986,
      42.333133
     ],
     [
      -71.110745,
      42.33276
     ],
     [
      -71.111972,
      42.331972
     ],
     [
      -71.110846,
      42.329172
     ],
     [
      -71.110069,
      42.328382
     ],
     [
      -71.110755,
      42.328252
     ],
     [
      -71.11118,
      42.326988
     ],
     [
      -71.112118,
      42.325203
     ],
     [
      -71.11227,
      42.324323
     ],
     [
      -71.112079,
      42.321612
     ],
     [
      -71.111625,
      42.319589
     ],
     [
      -71.113985,
      42.316075
     ],
     [
      -71.114181,
      42.312307
     ],
     [
      -71.114654,
      42.31075
     ],
     [
      -71.115449,
      42.309736
     ],
     [
      -71.115576,
      42.309388
     ],
     [
      -71.115455,
      42.30727
     ],
     [
      -71.114658,
      42.305356
     ],
     [
      -71.114698,
      42.303542
     ],
     [
      -71.114446,
      42.302282
     ],
     [
      -71.11447,
      42.301722
     ],
     [
      -71.114604,
      42.301712
     ]
    ]
   }
  },
  {
   "type": "Feature",
   "properties": {
    "company": "MBTA",
    "line": "MBTA: Green Line E Branch (Symphony shuttle)",
    "id": "mbta-green-line-e-1980",
    "color": "#4a4e69",
    "mode": "light_rail",
    "avg_speed_kmh": 12,
    "speed_source": "estimated; no historical schedule speed found",
    "segments": [
     {
      "start": 1980,
      "end": 1981,
      "headway_min": 6,
      "note": "From March 21, 1980 the E branch was cut to a Symphony \u2013 Park Street shuttle for reconstruction, with route 39 buses beyond; Symphony itself closed January 3, 1981 in a budget crisis and service resumed to Arborway on June 26, 1982. headway_min is an estimate, not from a timetable.",
      "sources": [
       "Segment-level: the dates and termini in this note were checked on 2026-09-28 against the article(s) below; headway_min is an estimate and is not sourced.",
       "https://en.wikipedia.org/wiki/Green_Line_E_branch"
      ]
     }
    ],
    "geometry_quality": "Real track geometry: the MBTA's own GTFS shape for this route, sliced at the terminal stations. Drawn length 1.08 km."
   },
   "geometry": {
    "type": "LineString",
    "coordinates": [
     [
      -71.077448,
      42.349978
     ],
     [
      -71.079285,
      42.349438
     ],
     [
      -71.079145,
      42.348719
     ],
     [
      -71.079523,
      42.34723
     ],
     [
      -71.079788,
      42.346792
     ],
     [
      -71.084902,
      42.34272
     ]
    ]
   }
  },
  {
   "type": "Feature",
   "properties": {
    "company": "MBTA",
    "line": "MBTA: Green Line E Branch (Brigham Circle)",
    "id": "mbta-green-line-e-1986",
    "color": "#4a4e69",
    "mode": "light_rail",
    "avg_speed_kmh": 15,
    "speed_source": "estimated; no historical schedule speed found",
    "segments": [
     {
      "start": 1986,
      "end": 1988,
      "headway_min": 6,
      "note": "After December 1985 service past Brigham Circle was replaced by the route 39 bus. headway_min is an estimate, not from a timetable.",
      "sources": [
       "Segment-level: the dates and termini in this note were checked on 2026-09-28 against the article(s) below; headway_min is an estimate and is not sourced.",
       "https://en.wikipedia.org/wiki/Green_Line_E_branch",
       "https://en.wikipedia.org/wiki/Green_Line_(MBTA)"
      ]
     }
    ],
    "geometry_quality": "Real track geometry: the MBTA's own GTFS shape for this route, sliced at the terminal stations. Drawn length 2.97 km."
   },
   "geometry": {
    "type": "LineString",
    "coordinates": [
     [
      -71.077448,
      42.349978
     ],
     [
      -71.079285,
      42.349438
     ],
     [
      -71.079145,
      42.348719
     ],
     [
      -71.079523,
      42.34723
     ],
     [
      -71.079788,
      42.346792
     ],
     [
      -71.087026,
      42.341081
     ],
     [
      -71.104567,
      42.334207
     ]
    ]
   }
  },
  {
   "type": "Feature",
   "properties": {
    "company": "MBTA",
    "line": "MBTA: Green Line E Branch",
    "id": "mbta-green-line-e",
    "color": "#4a4e69",
    "mode": "light_rail",
    "avg_speed_kmh": 15.5,
    "speed_source": "computed from GTFS: 13.8 km in a mean 53.4 min scheduled",
    "segments": [
     {
      "start": 1989,
      "end": 2025,
      "headway_min": 6,
      "note": "Service to Heath Street resumed November 4, 1989, after the Huntington Avenue street track was replaced; Arborway was never restored. headway_min is an estimate, not from a timetable.",
      "sources": [
       "Segment-level: the dates and termini in this note were checked on 2026-09-28 against the article(s) below; headway_min is an estimate and is not sourced.",
       "https://en.wikipedia.org/wiki/Green_Line_E_branch"
      ]
     },
     {
      "start": 2026,
      "end": 2026,
      "headway_min": 8,
      "note": "146 trips each way on a representative Wednesday (about an 8-minute headway). Speed from a mean 53.4 min scheduled Medford/Tufts \u2013 Heath Street for 13.8 km.",
      "sources": [
       "Segment-level: headway and speed computed on 2026-09-28 from the MBTA GTFS feed \"Fall 2026, version D\" (feed 20260917-20261212), representative Wednesday 2026-10-14.",
       "https://cdn.mbta.com/MBTA_GTFS.zip"
      ]
     }
    ],
    "geometry_quality": "Real track geometry: the MBTA's own GTFS shape for this route, sliced at the terminal stations. Drawn length 4.09 km."
   },
   "geometry": {
    "type": "LineString",
    "coordinates": [
     [
      -71.077448,
      42.349978
     ],
     [
      -71.079285,
      42.349438
     ],
     [
      -71.079145,
      42.348719
     ],
     [
      -71.079523,
      42.34723
     ],
     [
      -71.079788,
      42.346792
     ],
     [
      -71.087026,
      42.341081
     ],
     [
      -71.104357,
      42.334303
     ],
     [
      -71.106456,
      42.333332
     ],
     [
      -71.106898,
      42.333233
     ],
     [
      -71.10986,
      42.333133
     ],
     [
      -71.110745,
      42.33276
     ],
     [
      -71.111667,
      42.332184
     ],
     [
      -71.111978,
      42.331939
     ],
     [
      -71.111255,
      42.330015
     ],
     [
      -71.110743,
      42.32898
     ],
     [
      -71.110119,
      42.328501
     ],
     [
      -71.110095,
      42.328341
     ]
    ]
   }
  },
  {
   "type": "Feature",
   "properties": {
    "company": "West End Street Railway",
    "line": "West End Street Railway: Newton Line (Kenmore \u2013 Newton Corner)",
    "id": "west-end-watertown",
    "color": "#8c6d46",
    "mode": "streetcar",
    "avg_speed_kmh": 14,
    "speed_source": "estimated; no historical schedule speed found",
    "segments": [
     {
      "start": 1896,
      "end": 1896,
      "headway_min": 8,
      "note": "West End tracks opened May 18, 1896 from Kenmore along Commonwealth Avenue and Brighton Avenue to Union Square, Allston, joining the older electric line through Brighton Center and Oak Square (electrified January 1889), and were extended to just short of Newton Corner on June 13, 1896. headway_min is an estimate, not from a timetable.",
      "sources": [
       "Segment-level: the dates and termini in this note were checked on 2026-09-28 against the article(s) below; headway_min is an estimate and is not sourced.",
       "https://en.wikipedia.org/wiki/Green_Line_A_branch"
      ]
     }
    ],
    "geometry_quality": "Kenmore to Packard's Corner is real track from the GTFS B-branch shape; beyond it the line ran in the street and is drawn along the streets: The structure is demolished, so this leg is drawn along the streets it stood over, routed on today's OSM road grid by street name: a_packards_newton 4.75 km (0.0 km off the named streets). Street centre-line, not the exact column line. Drawn length 7.23 km."
   },
   "geometry": {
    "type": "LineString",
    "coordinates": [
     [
      -71.095358,
      42.3489
     ],
     [
      -71.097219,
      42.348878
     ],
     [
      -71.098394,
      42.348996
     ],
     [
      -71.124522,
      42.352131
     ],
     [
      -71.124994,
      42.35194
     ],
     [
      -71.125122,
      42.352118
     ],
     [
      -71.137488,
      42.353547
     ],
     [
      -71.142397,
      42.351793
     ],
     [
      -71.145122,
      42.351012
     ],
     [
      -71.149491,
      42.349244
     ],
     [
      -71.150219,
      42.349088
     ],
     [
      -71.151201,
      42.349007
     ],
     [
      -71.154129,
      42.349137
     ],
     [
      -71.157388,
      42.349091
     ],
     [
      -71.159612,
      42.348891
     ],
     [
      -71.162832,
      42.349024
     ],
     [
      -71.163385,
      42.349131
     ],
     [
      -71.164987,
      42.350119
     ],
     [
      -71.166128,
      42.350423
     ],
     [
      -71.168457,
      42.350682
     ],
     [
      -71.169631,
      42.350159
     ],
     [
      -71.170603,
      42.350191
     ],
     [
      -71.171984,
      42.350658
     ],
     [
      -71.178913,
      42.353975
     ]
    ]
   }
  },
  {
   "type": "Feature",
   "properties": {
    "company": "Boston Elevated Railway",
    "line": "Boston Elevated: Newton Line (Kenmore \u2013 Newton Corner)",
    "id": "bery-watertown-1897",
    "color": "#b8651b",
    "mode": "streetcar",
    "avg_speed_kmh": 14,
    "speed_source": "estimated; no historical schedule speed found",
    "segments": [
     {
      "start": 1897,
      "end": 1911,
      "headway_min": 6,
      "note": "Newton cars via Commonwealth Avenue began running into the Tremont Street subway on November 8, 1897. headway_min is an estimate, not from a timetable.",
      "sources": [
       "Segment-level: the dates and termini in this note were checked on 2026-09-28 against the article(s) below; headway_min is an estimate and is not sourced.",
       "https://en.wikipedia.org/wiki/Green_Line_A_branch"
      ]
     }
    ],
    "geometry_quality": "Kenmore to Packard's Corner is real track from the GTFS B-branch shape; beyond it the line ran in the street and is drawn along the streets: The structure is demolished, so this leg is drawn along the streets it stood over, routed on today's OSM road grid by street name: a_packards_newton 4.75 km (0.0 km off the named streets). Street centre-line, not the exact column line. Drawn length 7.23 km."
   },
   "geometry": {
    "type": "LineString",
    "coordinates": [
     [
      -71.095358,
      42.3489
     ],
     [
      -71.097219,
      42.348878
     ],
     [
      -71.098394,
      42.348996
     ],
     [
      -71.124522,
      42.352131
     ],
     [
      -71.124994,
      42.35194
     ],
     [
      -71.125122,
      42.352118
     ],
     [
      -71.137488,
      42.353547
     ],
     [
      -71.142397,
      42.351793
     ],
     [
      -71.145122,
      42.351012
     ],
     [
      -71.149491,
      42.349244
     ],
     [
      -71.150219,
      42.349088
     ],
     [
      -71.151201,
      42.349007
     ],
     [
      -71.154129,
      42.349137
     ],
     [
      -71.157388,
      42.349091
     ],
     [
      -71.159612,
      42.348891
     ],
     [
      -71.162832,
      42.349024
     ],
     [
      -71.163385,
      42.349131
     ],
     [
      -71.164987,
      42.350119
     ],
     [
      -71.166128,
      42.350423
     ],
     [
      -71.168457,
      42.350682
     ],
     [
      -71.169631,
      42.350159
     ],
     [
      -71.170603,
      42.350191
     ],
     [
      -71.171984,
      42.350658
     ],
     [
      -71.178913,
      42.353975
     ]
    ]
   }
  },
  {
   "type": "Feature",
   "properties": {
    "company": "Boston Elevated Railway",
    "line": "Boston Elevated: Watertown Line",
    "id": "bery-watertown",
    "color": "#b8651b",
    "mode": "streetcar",
    "avg_speed_kmh": 14,
    "speed_source": "estimated; no historical schedule speed found",
    "segments": [
     {
      "start": 1912,
      "end": 1946,
      "headway_min": 5,
      "note": "Extended over the Galen Street tracks to Watertown on December 9, 1912; into the Boylston Street subway from October 3, 1914. The first Boston line to get PCC cars as its main equipment, in 1941. headway_min is an estimate, not from a timetable.",
      "sources": [
       "Segment-level: the dates and termini in this note were checked on 2026-09-28 against the article(s) below; headway_min is an estimate and is not sourced.",
       "https://en.wikipedia.org/wiki/Green_Line_A_branch"
      ]
     }
    ],
    "geometry_quality": "Kenmore to Packard's Corner is real track from the GTFS B-branch shape; beyond it the line ran in the street and is drawn along the streets: The structure is demolished, so this leg is drawn along the streets it stood over, routed on today's OSM road grid by street name: a_packards_watertown 6.27 km (0.56 km off the named streets). Street centre-line, not the exact column line. Drawn length 8.75 km."
   },
   "geometry": {
    "type": "LineString",
    "coordinates": [
     [
      -71.095358,
      42.3489
     ],
     [
      -71.097219,
      42.348878
     ],
     [
      -71.098394,
      42.348996
     ],
     [
      -71.124522,
      42.352131
     ],
     [
      -71.124994,
      42.35194
     ],
     [
      -71.125122,
      42.352118
     ],
     [
      -71.137488,
      42.353547
     ],
     [
      -71.142397,
      42.351793
     ],
     [
      -71.145122,
      42.351012
     ],
     [
      -71.149491,
      42.349244
     ],
     [
      -71.150322,
      42.349071
     ],
     [
      -71.157388,
      42.349091
     ],
     [
      -71.159612,
      42.348891
     ],
     [
      -71.162832,
      42.349024
     ],
     [
      -71.163385,
      42.349131
     ],
     [
      -71.164987,
      42.350119
     ],
     [
      -71.166128,
      42.350423
     ],
     [
      -71.168457,
      42.350682
     ],
     [
      -71.169548,
      42.350178
     ],
     [
      -71.170434,
      42.35015
     ],
     [
      -71.171984,
      42.350658
     ],
     [
      -71.178999,
      42.354016
     ],
     [
      -71.179841,
      42.354526
     ],
     [
      -71.18219,
      42.354962
     ],
     [
      -71.182427,
      42.356194
     ],
     [
      -71.182698,
      42.356389
     ],
     [
      -71.183329,
      42.356565
     ],
     [
      -71.183646,
      42.356819
     ],
     [
      -71.184752,
      42.358081
     ],
     [
      -71.185214,
      42.359231
     ],
     [
      -71.186086,
      42.363337
     ],
     [
      -71.185843,
      42.364521
     ],
     [
      -71.185332,
      42.364999
     ]
    ]
   }
  },
  {
   "type": "Feature",
   "properties": {
    "company": "Metropolitan Transit Authority (Boston)",
    "line": "MTA: Watertown Line",
    "id": "mta-watertown",
    "color": "#2f7d6d",
    "mode": "streetcar",
    "avg_speed_kmh": 14,
    "speed_source": "estimated; no historical schedule speed found",
    "segments": [
     {
      "start": 1947,
      "end": 1963,
      "headway_min": 5,
      "note": "Metropolitan Transit Authority from August 1947. headway_min is an estimate, not from a timetable.",
      "sources": [
       "Segment-level: the dates and termini in this note were checked on 2026-09-28 against the article(s) below; headway_min is an estimate and is not sourced.",
       "https://en.wikipedia.org/wiki/Green_Line_A_branch"
      ]
     }
    ],
    "geometry_quality": "Kenmore to Packard's Corner is real track from the GTFS B-branch shape; beyond it the line ran in the street and is drawn along the streets: The structure is demolished, so this leg is drawn along the streets it stood over, routed on today's OSM road grid by street name: a_packards_watertown 6.27 km (0.56 km off the named streets). Street centre-line, not the exact column line. Drawn length 8.75 km."
   },
   "geometry": {
    "type": "LineString",
    "coordinates": [
     [
      -71.095358,
      42.3489
     ],
     [
      -71.097219,
      42.348878
     ],
     [
      -71.098394,
      42.348996
     ],
     [
      -71.124522,
      42.352131
     ],
     [
      -71.124994,
      42.35194
     ],
     [
      -71.125122,
      42.352118
     ],
     [
      -71.137488,
      42.353547
     ],
     [
      -71.142397,
      42.351793
     ],
     [
      -71.145122,
      42.351012
     ],
     [
      -71.149491,
      42.349244
     ],
     [
      -71.150322,
      42.349071
     ],
     [
      -71.157388,
      42.349091
     ],
     [
      -71.159612,
      42.348891
     ],
     [
      -71.162832,
      42.349024
     ],
     [
      -71.163385,
      42.349131
     ],
     [
      -71.164987,
      42.350119
     ],
     [
      -71.166128,
      42.350423
     ],
     [
      -71.168457,
      42.350682
     ],
     [
      -71.169548,
      42.350178
     ],
     [
      -71.170434,
      42.35015
     ],
     [
      -71.171984,
      42.350658
     ],
     [
      -71.178999,
      42.354016
     ],
     [
      -71.179841,
      42.354526
     ],
     [
      -71.18219,
      42.354962
     ],
     [
      -71.182427,
      42.356194
     ],
     [
      -71.182698,
      42.356389
     ],
     [
      -71.183329,
      42.356565
     ],
     [
      -71.183646,
      42.356819
     ],
     [
      -71.184752,
      42.358081
     ],
     [
      -71.185214,
      42.359231
     ],
     [
      -71.186086,
      42.363337
     ],
     [
      -71.185843,
      42.364521
     ],
     [
      -71.185332,
      42.364999
     ]
    ]
   }
  },
  {
   "type": "Feature",
   "properties": {
    "company": "MBTA",
    "line": "MBTA: Green Line A Branch (Watertown)",
    "id": "mbta-green-line-a",
    "color": "#4a4e69",
    "mode": "streetcar",
    "avg_speed_kmh": 14,
    "speed_source": "estimated; no historical schedule speed found",
    "segments": [
     {
      "start": 1964,
      "end": 1969,
      "headway_min": 6,
      "note": "MBTA from August 1964; lettered the A branch in 1967. Streetcars last ran June 20, 1969, replaced next day by the 57 bus. headway_min is an estimate, not from a timetable.",
      "sources": [
       "Segment-level: the dates and termini in this note were checked on 2026-09-28 against the article(s) below; headway_min is an estimate and is not sourced.",
       "https://en.wikipedia.org/wiki/Green_Line_A_branch"
      ]
     }
    ],
    "geometry_quality": "Kenmore to Packard's Corner is real track from the GTFS B-branch shape; beyond it the line ran in the street and is drawn along the streets: The structure is demolished, so this leg is drawn along the streets it stood over, routed on today's OSM road grid by street name: a_packards_watertown 6.27 km (0.56 km off the named streets). Street centre-line, not the exact column line. Drawn length 8.75 km."
   },
   "geometry": {
    "type": "LineString",
    "coordinates": [
     [
      -71.095358,
      42.3489
     ],
     [
      -71.097219,
      42.348878
     ],
     [
      -71.098394,
      42.348996
     ],
     [
      -71.124522,
      42.352131
     ],
     [
      -71.124994,
      42.35194
     ],
     [
      -71.125122,
      42.352118
     ],
     [
      -71.137488,
      42.353547
     ],
     [
      -71.142397,
      42.351793
     ],
     [
      -71.145122,
      42.351012
     ],
     [
      -71.149491,
      42.349244
     ],
     [
      -71.150322,
      42.349071
     ],
     [
      -71.157388,
      42.349091
     ],
     [
      -71.159612,
      42.348891
     ],
     [
      -71.162832,
      42.349024
     ],
     [
      -71.163385,
      42.349131
     ],
     [
      -71.164987,
      42.350119
     ],
     [
      -71.166128,
      42.350423
     ],
     [
      -71.168457,
      42.350682
     ],
     [
      -71.169548,
      42.350178
     ],
     [
      -71.170434,
      42.35015
     ],
     [
      -71.171984,
      42.350658
     ],
     [
      -71.178999,
      42.354016
     ],
     [
      -71.179841,
      42.354526
     ],
     [
      -71.18219,
      42.354962
     ],
     [
      -71.182427,
      42.356194
     ],
     [
      -71.182698,
      42.356389
     ],
     [
      -71.183329,
      42.356565
     ],
     [
      -71.183646,
      42.356819
     ],
     [
      -71.184752,
      42.358081
     ],
     [
      -71.185214,
      42.359231
     ],
     [
      -71.186086,
      42.363337
     ],
     [
      -71.185843,
      42.364521
     ],
     [
      -71.185332,
      42.364999
     ]
    ]
   }
  }
 ]
}