{
 "type": "FeatureCollection",
 "metadata": {
  "note": "The Milwaukee Road's Pacific Coast Extension, Aberdeen S.D. to Seattle and Tacoma, completed 14 May 1909 and carrying passengers until the Olympian Hiawatha was discontinued on 22 May 1961. The repo previously drew the Milwaukee Road only as far west as Aberdeen (data/milwaukee_road_chicago_aberdeen.geojson); the research report calls this absence 'the single biggest gap' on the railroad. Five features, about 1,497 route miles, built from research/branches/chicago_milwaukee_st_paul_and_pacific_railroad.txt blocks [6] through [11]. THE 1980 TRAP: the Milwaukee abandoned the Extension west of Miles City in 1980, and the electrification came down in 1972 (Coast) and June 1974 (Rocky Mountain). None of those is a passenger date and none of them appears as a year here. The named trains - the Olympian (1911-1947), the Olympian Hiawatha (1947-1961) and The Columbian - ran over these same five features and are described in the segment notes rather than drawn as separate lines.",
  "source": "Official Guide of the Railways, February 1952 (schedules effective 30 September 1951), Table 1, full OCR at research/sources/official_guide_1952.txt; research/branches/chicago_milwaukee_st_paul_and_pacific_railroad.txt; https://en.wikipedia.org/wiki/Milwaukee_Road_electrification",
  "not_yet_sourced": [
   "The alignment between Plummer Junction and Marengo. The Feb 1952 Guide's Table 1 runs the through trains via Spokane and Cheney, which is NOT the Milwaukee's own Palouse main line (Tekoa - Rosalia - Malden - Ewan, 10-27 km to the south). About 79 miles of the Avery - Spokane - Othello feature therefore runs on OSM ways tagged Union Pacific. The Milwaukee is understood to have reached Spokane over foreign track, but no source for that arrangement was checked in this pass. Someone with a Milwaukee Road employee timetable or a valuation map could settle it in minutes.",
   "The Milwaukee's own Palouse main line, Plummer Junction - Malden - Marengo (report block [65], drawable 1910-1925, an end that is a floor rather than a finding) is NOT drawn here. OSM carries it well - it is the Palouse to Cascades trail east of Ewan - so it is a cheap addition for a later pass.",
   "Ismay - Miles City, Mont., 51.5 mi: OSM has no rail on this part of the abandoned grade, so it is drawn as a straight line. It is the only ruled leg in the file.",
   "The 1961-1964 end of trains 15/16 (Minneapolis - Deer Lodge) is the research report's figure and was not independently verified. The Harlowton - Deer Lodge portion is drawn to 1961 rather than 1964, understating those miles by three years.",
   "Every avg_speed_kmh here is one figure derived from the advertised 45-hour Chicago - Puget Sound schedule and applied to all five legs. No leg has its own timed speed."
  ],
  "branches_deliberately_omitted": [
   "The Spokane - Newport - Metaline Falls line (report block [75], drawable 1909-1923), the Grays Harbor, Mount Rainier, Olympic Peninsula, Bellingham and Moses Lake branches (blocks [66]-[69], [76]-[81]) and the Palouse line (block [65]) are all left for a later pass; this file is the through route only."
  ]
 },
 "features": [
  {
   "type": "Feature",
   "properties": {
    "company": "Chicago, Milwaukee, St. Paul and Pacific Railroad",
    "line": "Milwaukee Road: Aberdeen – Miles City – Harlowton",
    "id": "milw-pacific-ext-aberdeen-harlowton",
    "color": "#C25E00",
    "mode": "intercity_rail",
    "avg_speed_kmh": 78,
    "speed_source": "end-to-end average, not a track speed: the Feb 1952 Guide advertises the Olympian Hiawatha at 'only 45 hours Chicago to Puget Sound' over the 2,188-mile route, which is 48.6 mph / 78 km/h including every stop. Applied to each leg of the through route; the leg-by-leg figure is NOT separately sourced.",
    "geometry_source": "OpenStreetMap via Overpass (mail.ru mirror), 2026-08-30: all railway ways in the corridor, weighted by old_railway_operator (Milwaukee 1.0, untagged 3.0, another named operator 40.0) plus the rail-trails built on the abandoned grade, routed waypoint to waypoint with a corridor-masked Dijkstra over 8 snap candidates per waypoint chosen by dynamic programming.",
    "geometry_quality": "Traced from OpenStreetMap: 601.9 mi against the report's documented ~570 mi for Aberdeen - Harlowton (+6%). Every one of the fifteen named waypoints lies within 1.2 km of the drawn line. ONE APPROXIMATED LEG: Ismay - Miles City, 51.5 mi (9% of the feature), drawn as a straight line because OSM carries no rail of any kind on that part of the abandoned grade - the only railway in the window is the ex-Northern Pacific BNSF Forsyth Subdivision along the Yellowstone, which is a different railroad and was deliberately not used. A further 1.3 mi is short bridges across breaks in the OSM ways. East of Miles City the route runs over today's BNSF Mobridge and Hettinger Subdivisions (308 mi) and over ways OSM names 'Chicago, Milwaukee, St. Paul and Pacific Railroad' (175 mi): the BNSF subdivisions occupy the Milwaukee's own alignment and were taken over after the 1980 retrenchment, but OSM carries no old_railway_operator tag on them, so that identification rests on the station sequence and mileage matching the Guide, not on a tag. ALIGNMENT ERA: this is the surviving/abandoned alignment as mapped today, which for this line is the 1909 alignment; no later realignment is known on it.",
    "segments": [
     {
      "start": 1909,
      "end": 1961,
      "headway_min": 720,
      "note": "Prairie section of the Pacific Coast Extension, opened with the through route 14 May 1909: Aberdeen - Mobridge - Lemmon - Hettinger - Bowman - Marmarth - Baker - Miles City - Melstone - Roundup - Harlowton. Carried the Olympian (from 28 May 1911), the Olympian Hiawatha (from 29 June 1947) and The Columbian. Marmarth N.D. and Miles City appear in the Feb 1952 Guide's Table 1 with real times, so 1951 service is directly confirmed. Headway 720 min = the two daily through trains each way the Guide itself advertises: 'THE MILWAUKEE ROAD offers double daily service -- the Diesel and electrically operated Olympian Hiawatha and The Columbian.' That is a counted frequency, not an estimate. *** The Milwaukee Road abandoned the Pacific Extension west of Miles City in 1980; that is a FREIGHT event nineteen years after the last passenger train and is deliberately absent from these years.",
      "sources": [
       "Segment-level: the Feb 1952 Official Guide, Table 1, prints this leg with real clock times, which is what fixes 1951 as a year of passenger service on it. The 1909 opening of the Pacific Coast Extension (14 May 1909) and the 22 May 1961 discontinuance of the Olympian Hiawatha are taken from the research report's blocks [6]-[11], which cite Wikipedia for both -- they were NOT re-verified here.",
       "research/branches/chicago_milwaukee_st_paul_and_pacific_railroad.txt (this feature was built from that report; it is a starting point, not a citation)",
       "research/sources/official_guide_1952.txt (Official Guide of the Railways, Feb 1952, schedules effective 30 Sept 1951)",
       "https://en.wikipedia.org/wiki/Chicago,_Milwaukee,_St._Paul_and_Pacific_Railroad"
      ]
     },
     {
      "start": 1961,
      "end": 1964,
      "headway_min": 1440,
      "note": "After the Olympian Hiawatha came off on 22 May 1961, unnamed trains 15/16 continued Minneapolis - Deer Lodge over this section until 1964, one train a day each way. Report block [6] gives the 1964 end; it is the report's figure and was not separately verified here. Headway 1440 min assumes the single daily pair and is an estimate.",
      "sources": [
       "Segment-level: the Feb 1952 Official Guide, Table 1, prints this leg with real clock times, which is what fixes 1951 as a year of passenger service on it. The 1909 opening of the Pacific Coast Extension (14 May 1909) and the 22 May 1961 discontinuance of the Olympian Hiawatha are taken from the research report's blocks [6]-[11], which cite Wikipedia for both -- they were NOT re-verified here.",
       "research/branches/chicago_milwaukee_st_paul_and_pacific_railroad.txt (this feature was built from that report; it is a starting point, not a citation)",
       "research/sources/official_guide_1952.txt (Official Guide of the Railways, Feb 1952, schedules effective 30 Sept 1951)",
       "https://en.wikipedia.org/wiki/Chicago,_Milwaukee,_St._Paul_and_Pacific_Railroad"
      ]
     }
    ]
   },
   "geometry": {
    "type": "LineString",
    "coordinates": [
     [
      -98.496764,
      45.465436
     ],
     [
      -98.499522,
      45.465507
     ],
     [
      -98.532151,
      45.459491
     ],
     [
      -98.586906,
      45.448457
     ],
     [
      -98.590855,
      45.447915
     ],
     [
      -98.607148,
      45.446147
     ],
     [
      -98.628993,
      45.446152
     ],
     [
      -98.711775,
      45.441642
     ],
     [
      -98.715223,
      45.441144
     ],
     [
      -98.726394,
      45.438451
     ],
     [
      -98.732876,
      45.437841
     ],
     [
      -98.73954,
      45.438146
     ],
     [
      -98.750348,
      45.439707
     ],
     [
      -98.893601,
      45.441273
     ],
     [
      -98.922478,
      45.442548
     ],
     [
      -99.126809,
      45.442726
     ],
     [
      -99.174741,
      45.444507
     ],
     [
      -99.223427,
      45.448028
     ],
     [
      -99.295406,
      45.448135
     ],
     [
      -99.322346,
      45.448833
     ],
     [
      -99.324773,
      45.448028
     ],
     [
      -99.325674,
      45.446613
     ],
     [
      -99.326189,
      45.447878
     ],
     [
      -99.327262,
      45.448631
     ],
     [
      -99.329345,
      45.449004
     ],
     [
      -99.458028,
      45.452075
     ],
     [
      -99.477266,
      45.450745
     ],
     [
      -99.551525,
      45.450085
     ],
     [
      -99.5622,
      45.449191
     ],
     [
      -99.570501,
      45.449544
     ],
     [
      -99.582119,
      45.448348
     ],
     [
      -99.586679,
      45.448292
     ],
     [
      -99.59358,
      45.448727
     ],
     [
      -99.604156,
      45.450481
     ],
     [
      -99.60779,
      45.450512
     ],
     [
      -99.615612,
      45.44994
     ],
     [
      -99.621553,
      45.450198
     ],
     [
      -99.626597,
      45.450881
     ],
     [
      -99.640382,
      45.453499
     ],
     [
      -99.70384,
      45.458526
     ],
     [
      -99.728653,
      45.458659
     ],
     [
      -99.731938,
      45.458355
     ],
     [
      -99.743737,
      45.456348
     ],
     [
      -99.747192,
      45.456305
     ],
     [
      -99.752026,
      45.456794
     ],
     [
      -99.767397,
      45.46123
     ],
     [
      -99.780999,
      45.468275
     ],
     [
      -99.80604,
      45.47667
     ],
     [
      -99.810061,
      45.478623
     ],
     [
      -99.811347,
      45.478031
     ],
     [
      -99.812982,
      45.479801
     ],
     [
      -99.82895,
      45.488169
     ],
     [
      -99.842737,
      45.497803
     ],
     [
      -99.845526,
      45.499171
     ],
     [
      -99.848744,
      45.499866
     ],
     [
      -99.859715,
      45.500813
     ],
     [
      -99.875422,
      45.502798
     ],
     [
      -99.888762,
      45.505309
     ],
     [
      -99.893168,
      45.505129
     ],
     [
      -99.922953,
      45.498462
     ],
     [
      -99.935013,
      45.496251
     ],
     [
      -99.938832,
      45.494732
     ],
     [
      -99.943787,
      45.491277
     ],
     [
      -99.94531,
      45.49063
     ],
     [
      -99.947286,
      45.49025
     ],
     [
      -99.950827,
      45.49043
     ],
     [
      -99.953185,
      45.491488
     ],
     [
      -99.954129,
      45.49236
     ],
     [
      -99.956318,
      45.496948
     ],
     [
      -99.957262,
      45.49803
     ],
     [
      -99.958208,
      45.498793
     ],
     [
      -99.960416,
      45.499685
     ],
     [
      -99.962414,
      45.500071
     ],
     [
      -99.974578,
      45.499655
     ],
     [
      -99.977561,
      45.499805
     ],
     [
      -99.993633,
      45.503279
     ],
     [
      -100.091284,
      45.502843
     ],
     [
      -100.12232,
      45.50508
     ],
     [
      -100.124675,
      45.504723
     ],
     [
      -100.13238,
      45.502252
     ],
     [
      -100.135063,
      45.502087
     ],
     [
      -100.15504,
      45.504493
     ],
     [
      -100.156261,
      45.504874
     ],
     [
      -100.15813,
      45.505892
     ],
     [
      -100.162955,
      45.511671
     ],
     [
      -100.164879,
      45.513009
     ],
     [
      -100.176993,
      45.516079
     ],
     [
      -100.198726,
      45.517931
     ],
     [
      -100.221022,
      45.522409
     ],
     [
      -100.224428,
      45.522853
     ],
     [
      -100.22788,
      45.522926
     ],
     [
      -100.245634,
      45.521424
     ],
     [
      -100.248303,
      45.521617
     ],
     [
      -100.251661,
      45.522902
     ],
     [
      -100.265372,
      45.53057
     ],
     [
      -100.267134,
      45.531212
     ],
     [
      -100.269759,
      45.531511
     ],
     [
      -100.272851,
      45.530994
     ],
     [
      -100.337899,
      45.50515
     ],
     [
      -100.344362,
      45.504158
     ],
     [
      -100.351642,
      45.504658
     ],
     [
      -100.35756,
      45.506438
     ],
     [
      -100.3755,
      45.51525
     ],
     [
      -100.380255,
      45.517235
     ],
     [
      -100.441174,
      45.534929
     ],
     [
      -100.444415,
      45.536363
     ],
     [
      -100.447943,
      45.538523
     ],
     [
      -100.454887,
      45.545104
     ],
     [
      -100.457814,
      45.549187
     ],
     [
      -100.458919,
      45.553156
     ],
     [
      -100.457976,
      45.562877
     ],
     [
      -100.462972,
      45.584054
     ],
     [
      -100.462948,
      45.587212
     ],
     [
      -100.461403,
      45.594951
     ],
     [
      -100.461767,
      45.597605
     ],
     [
      -100.462557,
      45.598996
     ],
     [
      -100.464412,
      45.600782
     ],
     [
      -100.466709,
      45.602089
     ],
     [
      -100.475979,
      45.605915
     ],
     [
      -100.480045,
      45.606772
     ],
     [
      -100.493799,
      45.608589
     ],
     [
      -100.496555,
      45.609273
     ],
     [
      -100.500314,
      45.610769
     ],
     [
      -100.529102,
      45.624824
     ],
     [
      -100.537141,
      45.631733
     ],
     [
      -100.539945,
      45.635261
     ],
     [
      -100.54115,
      45.637447
     ],
     [
      -100.541662,
      45.640061
     ],
     [
      -100.539258,
      45.668581
     ],
     [
      -100.53925,
      45.671139
     ],
     [
      -100.540079,
      45.67461
     ],
     [
      -100.546339,
      45.685414
     ],
     [
      -100.551748,
      45.692699
     ],
     [
      -100.559555,
      45.699629
     ],
     [
      -100.561211,
      45.70171
     ],
     [
      -100.56165,
      45.703637
     ],
     [
      -100.561517,
      45.717457
     ],
     [
      -100.562495,
      45.720309
     ],
     [
      -100.563282,
      45.721451
     ],
     [
      -100.565862,
      45.723664
     ],
     [
      -100.576226,
      45.730012
     ],
     [
      -100.579177,
      45.7309
     ],
     [
      -100.601764,
      45.734459
     ],
     [
      -100.662548,
      45.752953
     ],
     [
      -100.709102,
      45.77217
     ],
     [
      -100.713002,
      45.77496
     ],
     [
      -100.71684,
      45.778556
     ],
     [
      -100.719206,
      45.782561
     ],
     [
      -100.721233,
      45.784441
     ],
     [
      -100.723398,
      45.785475
     ],
     [
      -100.736958,
      45.788368
     ],
     [
      -100.739718,
      45.78959
     ],
     [
      -100.74228,
      45.791821
     ],
     [
      -100.746199,
      45.793605
     ],
     [
      -100.755053,
      45.795721
     ],
     [
      -100.757436,
      45.796585
     ],
     [
      -100.763992,
      45.802098
     ],
     [
      -100.766701,
      45.803373
     ],
     [
      -100.785923,
      45.81026
     ],
     [
      -100.817568,
      45.817569
     ],
     [
      -100.816342,
      45.817424
     ],
     [
      -100.840867,
      45.824189
     ],
     [
      -100.89799,
      45.842961
     ],
     [
      -100.918513,
      45.851388
     ],
     [
      -100.938126,
      45.861292
     ],
     [
      -100.979701,
      45.874065
     ],
     [
      -100.99992,
      45.88502
     ],
     [
      -101.003955,
      45.886719
     ],
     [
      -101.030226,
      45.892989
     ],
     [
      -101.100264,
      45.913158
     ],
     [
      -101.139633,
      45.921376
     ],
     [
      -101.155747,
      45.92682
     ],
     [
      -101.221991,
      45.938836
     ],
     [
      -101.278889,
      45.938485
     ],
     [
      -101.284347,
      45.937298
     ],
     [
      -101.303908,
      45.926094
     ],
     [
      -101.308213,
      45.924508
     ],
     [
      -101.313113,
      45.923902
     ],
     [
      -101.334448,
      45.922313
     ],
     [
      -101.359606,
      45.915983
     ],
     [
      -101.429946,
      45.901557
     ],
     [
      -101.436315,
      45.90103
     ],
     [
      -101.441345,
      45.901524
     ],
     [
      -101.463889,
      45.906173
     ],
     [
      -101.472983,
      45.908672
     ],
     [
      -101.491726,
      45.911145
     ],
     [
      -101.580417,
      45.928444
     ],
     [
      -101.586986,
      45.928854
     ],
     [
      -101.611996,
      45.926239
     ],
     [
      -101.618887,
      45.9265
     ],
     [
      -101.66051,
      45.936271
     ],
     [
      -101.667365,
      45.937483
     ],
     [
      -101.713541,
      45.936332
     ],
     [
      -101.721517,
      45.935113
     ],
     [
      -101.766899,
      45.926254
     ],
     [
      -101.771957,
      45.925594
     ],
     [
      -101.776139,
      45.925446
     ],
     [
      -101.788889,
      45.92678
     ],
     [
      -101.83068,
      45.932985
     ],
     [
      -101.88747,
      45.937726
     ],
     [
      -101.890892,
      45.93771
     ],
     [
      -101.916152,
      45.936033
     ],
     [
      -101.920492,
      45.936112
     ],
     [
      -101.925259,
      45.936943
     ],
     [
      -101.941246,
      45.942507
     ],
     [
      -101.946619,
      45.943521
     ],
     [
      -101.978926,
      45.940993
     ],
     [
      -101.982253,
      45.941068
     ],
     [
      -101.986046,
      45.941966
     ],
     [
      -102.003373,
      45.950355
     ],
     [
      -102.005744,
      45.951076
     ],
     [
      -102.009246,
      45.951404
     ],
     [
      -102.098797,
      45.951378
     ],
     [
      -102.10198,
      45.951104
     ],
     [
      -102.145652,
      45.944332
     ],
     [
      -102.150965,
      45.943841
     ],
     [
      -102.17422,
      45.945929
     ],
     [
      -102.1784,
      45.945989
     ],
     [
      -102.225472,
      45.945166
     ],
     [
      -102.244955,
      45.942744
     ],
     [
      -102.248292,
      45.942693
     ],
     [
      -102.251823,
      45.943099
     ],
     [
      -102.277725,
      45.948392
     ],
     [
      -102.283373,
      45.948958
     ],
     [
      -102.354892,
      45.943021
     ],
     [
      -102.360359,
      45.943217
     ],
     [
      -102.363985,
      45.943691
     ],
     [
      -102.517132,
      45.98179
     ],
     [
      -102.524131,
      45.982807
     ],
     [
      -102.608454,
      45.990231
     ],
     [
      -102.614475,
      45.991191
     ],
     [
      -102.619796,
      45.992575
     ],
     [
      -102.707974,
      46.022723
     ],
     [
      -102.778489,
      46.059124
     ],
     [
      -102.818524,
      46.083591
     ],
     [
      -102.862542,
      46.098922
     ],
     [
      -102.865117,
      46.099426
     ],
     [
      -102.868204,
      46.099456
     ],
     [
      -102.887993,
      46.096761
     ],
     [
      -102.891118,
      46.096684
     ],
     [
      -102.922636,
      46.103184
     ],
     [
      -102.929053,
      46.103999
     ],
     [
      -102.945033,
      46.105232
     ],
     [
      -102.94976,
      46.105854
     ],
     [
      -103.026998,
      46.112726
     ],
     [
      -103.05791,
      46.112127
     ],
     [
      -103.061726,
      46.112358
     ],
     [
      -103.064733,
      46.112875
     ],
     [
      -103.07001,
      46.114591
     ],
     [
      -103.177645,
      46.158517
     ],
     [
      -103.250441,
      46.17985
     ],
     [
      -103.265631,
      46.18405
     ],
     [
      -103.269456,
      46.184542
     ],
     [
      -103.273638,
      46.18454
     ],
     [
      -103.360745,
      46.178698
     ],
     [
      -103.365999,
      46.178877
     ],
     [
      -103.490546,
      46.202006
     ],
     [
      -103.555492,
      46.219862
     ],
     [
      -103.557684,
      46.220189
     ],
     [
      -103.560988,
      46.220212
     ],
     [
      -103.584484,
      46.21791
     ],
     [
      -103.58913,
      46.217881
     ],
     [
      -103.592756,
      46.218341
     ],
     [
      -103.617765,
      46.223782
     ],
     [
      -103.631959,
      46.224495
     ],
     [
      -103.637088,
      46.225022
     ],
     [
      -103.643488,
      46.226515
     ],
     [
      -103.649168,
      46.22874
     ],
     [
      -103.668585,
      46.239624
     ],
     [
      -103.671265,
      46.241516
     ],
     [
      -103.673523,
      46.243649
     ],
     [
      -103.67834,
      46.251002
     ],
     [
      -103.681212,
      46.253087
     ],
     [
      -103.683705,
      46.254051
     ],
     [
      -103.686054,
      46.254503
     ],
     [
      -103.699304,
      46.254882
     ],
     [
      -103.703413,
      46.255416
     ],
     [
      -103.708789,
      46.256721
     ],
     [
      -103.714346,
      46.258895
     ],
     [
      -103.732904,
      46.268913
     ],
     [
      -103.736165,
      46.26965
     ],
     [
      -103.739267,
      46.269805
     ],
     [
      -103.744433,
      46.268813
     ],
     [
      -103.747498,
      46.26761
     ],
     [
      -103.750878,
      46.267232
     ],
     [
      -103.765608,
      46.269353
     ],
     [
      -103.77549,
      46.269672
     ],
     [
      -103.789791,
      46.271274
     ],
     [
      -103.792924,
      46.271096
     ],
     [
      -103.797259,
      46.270377
     ],
     [
      -103.801078,
      46.270399
     ],
     [
      -103.803642,
      46.27094
     ],
     [
      -103.809543,
      46.273484
     ],
     [
      -103.811936,
      46.274174
     ],
     [
      -103.825143,
      46.275583
     ],
     [
      -103.829466,
      46.276547
     ],
     [
      -103.832224,
      46.277533
     ],
     [
      -103.840732,
      46.281567
     ],
     [
      -103.851246,
      46.284422
     ],
     [
      -103.857791,
      46.284822
     ],
     [
      -103.870461,
      46.284169
     ],
     [
      -103.876298,
      46.285022
     ],
     [
      -103.879956,
      46.286305
     ],
     [
      -103.908347,
      46.298334
     ],
     [
      -103.912102,
      46.299283
     ],
     [
      -103.915213,
      46.299357
     ],
     [
      -103.918078,
      46.298897
     ],
     [
      -103.936671,
      46.291885
     ],
     [
      -103.939997,
      46.291099
     ],
     [
      -103.943419,
      46.290854
     ],
     [
      -103.971581,
      46.290978
     ],
     [
      -103.975531,
      46.290408
     ],
     [
      -103.97838,
      46.289246
     ],
     [
      -103.981074,
      46.287043
     ],
     [
      -103.988041,
      46.275898
     ],
     [
      -103.990165,
      46.273444
     ],
     [
      -103.992818,
      46.271665
     ],
     [
      -103.99542,
      46.27052
     ],
     [
      -103.997981,
      46.269823
     ],
     [
      -104.001641,
      46.269397
     ],
     [
      -104.005399,
      46.2696
     ],
     [
      -104.009661,
      46.270648
     ],
     [
      -104.024009,
      46.277621
     ],
     [
      -104.027758,
      46.280169
     ],
     [
      -104.035116,
      46.287207
     ],
     [
      -104.038344,
      46.288898
     ],
     [
      -104.041232,
      46.289696
     ],
     [
      -104.04443,
      46.290021
     ],
     [
      -104.047264,
      46.289868
     ],
     [
      -104.057376,
      46.287304
     ],
     [
      -104.061346,
      46.286832
     ],
     [
      -104.064438,
      46.286804
     ],
     [
      -104.069731,
      46.287455
     ],
     [
      -104.104552,
      46.294754
     ],
     [
      -104.109217,
      46.294654
     ],
     [
      -104.115759,
      46.292502
     ],
     [
      -104.119741,
      46.291889
     ],
     [
      -104.122425,
      46.292054
     ],
     [
      -104.130684,
      46.29349
     ],
     [
      -104.133094,
      46.294221
     ],
     [
      -104.13531,
      46.295409
     ],
     [
      -104.156638,
      46.31021
     ],
     [
      -104.18247,
      46.325023
     ],
     [
      -104.208798,
      46.336554
     ],
     [
      -104.211294,
      46.337892
     ],
     [
      -104.215616,
      46.341486
     ],
     [
      -104.220252,
      46.34827
     ],
     [
      -104.223209,
      46.351357
     ],
     [
      -104.241596,
      46.363177
     ],
     [
      -104.24703,
      46.36573
     ],
     [
      -104.252991,
      46.367086
     ],
     [
      -104.293364,
      46.370865
     ],
     [
      -104.312663,
      46.37179
     ],
     [
      -104.316786,
      46.372653
     ],
     [
      -104.334186,
      46.377352
     ],
     [
      -104.368321,
      46.383698
     ],
     [
      -104.411526,
      46.39787
     ],
     [
      -104.429954,
      46.406688
     ],
     [
      -104.472364,
      46.423062
     ],
     [
      -104.474836,
      46.423737
     ],
     [
      -104.477402,
      46.423981
     ],
     [
      -104.480321,
      46.423769
     ],
     [
      -104.499614,
      46.418243
     ],
     [
      -104.520052,
      46.415292
     ],
     [
      -104.552114,
      46.414633
     ],
     [
      -104.556733,
      46.415152
     ],
     [
      -104.560216,
      46.416622
     ],
     [
      -104.577826,
      46.428666
     ],
     [
      -104.607727,
      46.456688
     ],
     [
      -104.612041,
      46.459643
     ],
     [
      -104.658305,
      46.482042
     ],
     [
      -104.679034,
      46.488661
     ],
     [
      -104.705582,
      46.495148
     ],
     [
      -104.709434,
      46.495153
     ],
     [
      -104.720627,
      46.493525
     ],
     [
      -104.724754,
      46.49223
     ],
     [
      -104.734839,
      46.488138
     ],
     [
      -104.73887,
      46.486967
     ],
     [
      -104.766011,
      46.483429
     ],
     [
      -104.769482,
      46.483563
     ],
     [
      -104.772688,
      46.484394
     ],
     [
      -104.774488,
      46.485265
     ],
     [
      -104.781929,
      46.490281
     ],
     [
      -105.856161,
      46.408022
     ],
     [
      -105.857079,
      46.409081
     ],
     [
      -105.858516,
      46.409394
     ],
     [
      -105.860094,
      46.408894
     ],
     [
      -105.862954,
      46.407331
     ],
     [
      -105.913473,
      46.374947
     ],
     [
      -105.918521,
      46.372787
     ],
     [
      -105.924738,
      46.371506
     ],
     [
      -106.05459,
      46.360968
     ],
     [
      -106.057106,
      46.360352
     ],
     [
      -106.160855,
      46.324829
     ],
     [
      -106.16604,
      46.322171
     ],
     [
      -106.168444,
      46.32023
     ],
     [
      -106.170424,
      46.318079
     ],
     [
      -106.187179,
      46.293165
     ],
     [
      -106.19048,
      46.290732
     ],
     [
      -106.194424,
      46.289361
     ],
     [
      -106.197701,
      46.289203
     ],
     [
      -106.200075,
      46.289653
     ],
     [
      -106.208482,
      46.29285
     ],
     [
      -106.211385,
      46.29349
     ],
     [
      -106.220256,
      46.293985
     ],
     [
      -106.22633,
      46.295103
     ],
     [
      -106.228562,
      46.295049
     ],
     [
      -106.230159,
      46.294769
     ],
     [
      -106.232141,
      46.293965
     ],
     [
      -106.248928,
      46.282786
     ],
     [
      -106.25304,
      46.281483
     ],
     [
      -106.256469,
      46.28128
     ],
     [
      -106.375561,
      46.298464
     ],
     [
      -106.379525,
      46.298485
     ],
     [
      -106.438429,
      46.294177
     ],
     [
      -106.447744,
      46.294001
     ],
     [
      -106.46209,
      46.295283
     ],
     [
      -106.544071,
      46.304203
     ],
     [
      -106.547339,
      46.304231
     ],
     [
      -106.551779,
      46.303793
     ],
     [
      -106.675052,
      46.279763
     ],
     [
      -106.678028,
      46.278668
     ],
     [
      -106.683177,
      46.27499
     ],
     [
      -106.688664,
      46.271987
     ],
     [
      -106.691012,
      46.270197
     ],
     [
      -106.695091,
      46.266263
     ],
     [
      -106.697308,
      46.265361
     ],
     [
      -106.699511,
      46.265124
     ],
     [
      -106.701251,
      46.265412
     ],
     [
      -106.792905,
      46.293251
     ],
     [
      -106.799641,
      46.29596
     ],
     [
      -106.802449,
      46.297437
     ],
     [
      -106.839386,
      46.320689
     ],
     [
      -106.889009,
      46.344827
     ],
     [
      -106.915085,
      46.364091
     ],
     [
      -106.918696,
      46.366021
     ],
     [
      -106.945662,
      46.37404
     ],
     [
      -106.972536,
      46.377521
     ],
     [
      -106.997518,
      46.38607
     ],
     [
      -107.081726,
      46.437752
     ],
     [
      -107.088935,
      46.441049
     ],
     [
      -107.128997,
      46.454326
     ],
     [
      -107.132859,
      46.455996
     ],
     [
      -107.205579,
      46.508774
     ],
     [
      -107.237015,
      46.525843
     ],
     [
      -107.274416,
      46.541018
     ],
     [
      -107.277462,
      46.542464
     ],
     [
      -107.299698,
      46.55501
     ],
     [
      -107.321059,
      46.563521
     ],
     [
      -107.34002,
      46.572754
     ],
     [
      -107.358708,
      46.579975
     ],
     [
      -107.361802,
      46.580562
     ],
     [
      -107.364138,
      46.580602
     ],
     [
      -107.375155,
      46.578716
     ],
     [
      -107.394544,
      46.574848
     ],
     [
      -107.400243,
      46.573287
     ],
     [
      -107.417688,
      46.566958
     ],
     [
      -107.42286,
      46.566
     ],
     [
      -107.429254,
      46.565646
     ],
     [
      -107.433524,
      46.566
     ],
     [
      -107.439296,
      46.567091
     ],
     [
      -107.446399,
      46.56985
     ],
     [
      -107.452085,
      46.5737
     ],
     [
      -107.485924,
      46.607748
     ],
     [
      -107.491095,
      46.610947
     ],
     [
      -107.494807,
      46.612494
     ],
     [
      -107.49912,
      46.613659
     ],
     [
      -107.507167,
      46.614661
     ],
     [
      -107.528818,
      46.613836
     ],
     [
      -107.546906,
      46.614293
     ],
     [
      -107.550098,
      46.614707
     ],
     [
      -107.553304,
      46.615542
     ],
     [
      -107.574402,
      46.623911
     ],
     [
      -107.586885,
      46.632005
     ],
     [
      -107.588931,
      46.632913
     ],
     [
      -107.592644,
      46.633625
     ],
     [
      -107.621891,
      46.636001
     ],
     [
      -107.62637,
      46.635572
     ],
     [
      -107.636731,
      46.632078
     ],
     [
      -107.650153,
      46.624364
     ],
     [
      -107.653672,
      46.622705
     ],
     [
      -107.684654,
      46.617121
     ],
     [
      -107.689713,
      46.616505
     ],
     [
      -107.733542,
      46.619481
     ],
     [
      -107.757425,
      46.626302
     ],
     [
      -107.769297,
      46.628317
     ],
     [
      -107.784736,
      46.634642
     ],
     [
      -107.789,
      46.634999
     ],
     [
      -107.791709,
      46.634642
     ],
     [
      -107.794332,
      46.633824
     ],
     [
      -107.882826,
      46.589141
     ],
     [
      -107.88759,
      46.587047
     ],
     [
      -107.904177,
      46.581753
     ],
     [
      -108.025327,
      46.560113
     ],
     [
      -108.027644,
      46.559479
     ],
     [
      -108.029511,
      46.558741
     ],
     [
      -108.064938,
      46.537151
     ],
     [
      -108.131864,
      46.515463
     ],
     [
      -108.136134,
      46.514932
     ],
     [
      -108.167634,
      46.514976
     ],
     [
      -108.174844,
      46.514681
     ],
     [
      -108.176947,
      46.514238
     ],
     [
      -108.18877,
      46.509232
     ],
     [
      -108.193448,
      46.507976
     ],
     [
      -108.245045,
      46.500885
     ],
     [
      -108.337933,
      46.480958
     ],
     [
      -108.364755,
      46.476304
     ],
     [
      -108.368231,
      46.476038
     ],
     [
      -108.410996,
      46.475727
     ],
     [
      -108.417884,
      46.475107
     ],
     [
      -108.469341,
      46.462797
     ],
     [
      -108.493341,
      46.452576
     ],
     [
      -108.503029,
      46.447919
     ],
     [
      -108.506162,
      46.447423
     ],
     [
      -108.519155,
      46.447438
     ],
     [
      -108.523779,
      46.446174
     ],
     [
      -108.539776,
      46.4406
     ],
     [
      -108.542898,
      46.440274
     ],
     [
      -108.552146,
      46.440496
     ],
     [
      -108.55442,
      46.440038
     ],
     [
      -108.572026,
      46.432784
     ],
     [
      -108.58253,
      46.429871
     ],
     [
      -108.586339,
      46.427712
     ],
     [
      -108.588023,
      46.42553
     ],
     [
      -108.595823,
      46.405921
     ],
     [
      -108.598387,
      46.402903
     ],
     [
      -108.639607,
      46.373057
     ],
     [
      -108.663647,
      46.359667
     ],
     [
      -108.667416,
      46.357236
     ],
     [
      -108.6922,
      46.335619
     ],
     [
      -108.695276,
      46.330945
     ],
     [
      -108.699149,
      46.322355
     ],
     [
      -108.699911,
      46.32109
     ],
     [
      -108.701983,
      46.319141
     ],
     [
      -108.705149,
      46.317654
     ],
     [
      -108.707971,
      46.317014
     ],
     [
      -108.741488,
      46.316629
     ],
     [
      -108.74561,
      46.315977
     ],
     [
      -108.749503,
      46.314554
     ],
     [
      -108.754781,
      46.3111
     ],
     [
      -108.775005,
      46.296291
     ],
     [
      -108.789717,
      46.279207
     ],
     [
      -108.791748,
      46.277805
     ],
     [
      -108.794988,
      46.27622
     ],
     [
      -108.801042,
      46.274987
     ],
     [
      -108.804899,
      46.275041
     ],
     [
      -108.808796,
      46.275664
     ],
     [
      -108.870761,
      46.286137
     ],
     [
      -108.875624,
      46.287268
     ],
     [
      -108.892506,
      46.292538
     ],
     [
      -108.902617,
      46.293477
     ],
     [
      -108.94861,
      46.296658
     ],
     [
      -108.984845,
      46.302533
     ],
     [
      -108.992332,
      46.302929
     ],
     [
      -109.041972,
      46.29912
     ],
     [
      -109.106961,
      46.300483
     ],
     [
      -109.111181,
      46.301225
     ],
     [
      -109.136024,
      46.309294
     ],
     [
      -109.140386,
      46.309259
     ],
     [
      -109.149527,
      46.307427
     ],
     [
      -109.158792,
      46.307464
     ],
     [
      -109.1627,
      46.308274
     ],
     [
      -109.168254,
      46.310863
     ],
     [
      -109.178399,
      46.312554
     ],
     [
      -109.179982,
      46.312579
     ],
     [
      -109.183941,
      46.311759
     ],
     [
      -109.209939,
      46.301763
     ],
     [
      -109.21389,
      46.300525
     ],
     [
      -109.241227,
      46.296537
     ],
     [
      -109.24348,
      46.296419
     ],
     [
      -109.292768,
      46.298613
     ],
     [
      -109.319376,
      46.297294
     ],
     [
      -109.359866,
      46.305091
     ],
     [
      -109.406105,
      46.316876
     ],
     [
      -109.422995,
      46.31886
     ],
     [
      -109.434968,
      46.317497
     ],
     [
      -109.440526,
      46.317349
     ],
     [
      -109.488033,
      46.327411
     ],
     [
      -109.600831,
      46.375872
     ],
     [
      -109.707154,
      46.411982
     ],
     [
      -109.780711,
      46.42247
     ],
     [
      -109.830449,
      46.431093
     ]
    ]
   }
  },
  {
   "type": "Feature",
   "properties": {
    "company": "Chicago, Milwaukee, St. Paul and Pacific Railroad",
    "line": "Milwaukee Road: Harlowton – Butte – Missoula – Avery",
    "id": "milw-pacific-ext-harlowton-avery",
    "color": "#C25E00",
    "mode": "intercity_rail",
    "avg_speed_kmh": 78,
    "speed_source": "end-to-end average, not a track speed: the Feb 1952 Guide advertises the Olympian Hiawatha at 'only 45 hours Chicago to Puget Sound' over the 2,188-mile route, which is 48.6 mph / 78 km/h including every stop. Applied to each leg of the through route; the leg-by-leg figure is NOT separately sourced.",
    "geometry_source": "OpenStreetMap via Overpass (mail.ru mirror), 2026-08-30: all railway ways in the corridor, weighted by old_railway_operator (Milwaukee 1.0, untagged 3.0, another named operator 40.0) plus the rail-trails built on the abandoned grade, routed waypoint to waypoint with a corridor-masked Dijkstra over 8 snap candidates per waypoint chosen by dynamic programming.",
    "geometry_quality": "Traced from OpenStreetMap: 439.5 mi against the documented 438 route miles under wire (Harlowton - Avery) - a 0% difference, the best fit of the five legs. No straight-line approximation at all; 7.6 mi is short bridges across breaks between OSM ways, the longest of them in the abandoned Butte - Deer Lodge section. 360 mi of the route runs on ways OSM names as the Milwaukee Road grade ('Ex Milwaukee Road ROW', 'Old Milwaukee Road', 'Abandoned Milwaukee Road Railroad', 'Route of the Olympian', 'Route of the Hiawatha Trail'). All twelve waypoints lie within 2.4 km of the drawn line. ALIGNMENT ERA: the abandoned grade as mapped today is the 1909/1915 alignment; the drawn years are the era of that alignment.",
    "segments": [
     {
      "start": 1909,
      "end": 1961,
      "headway_min": 720,
      "note": "The Rocky Mountain Division: Harlowton - Martinsdale - Ringling - Three Forks - Butte (over Pipestone Pass) - Deer Lodge - Drummond - Missoula - Alberton - St. Regis - Avery (through the St. Paul Pass tunnel). Steam from 1909; electrified at 3,000 V DC in stages in 1915-1916 - the first long-distance mainline electrification in the United States, worked by bipolars and later the Little Joes, with regenerative braking down the Continental Divide. Butte and Deer Lodge are in the Feb 1952 Guide's Table 1. Headway 720 min = the two daily through trains each way the Guide itself advertises: 'THE MILWAUKEE ROAD offers double daily service -- the Diesel and electrically operated Olympian Hiawatha and The Columbian.' That is a counted frequency, not an estimate. *** The catenary came down in June 1974 and the track in 1980. NEITHER is a passenger date: the last passenger train over the whole division was 22 May 1961, and trains 15/16 ran only as far west as Deer Lodge to 1964. This feature follows report block [7]'s drawable of 1909-1961 rather than extending the Harlowton - Deer Lodge portion to 1964; that understates those 225 miles by three years and is deliberate, not a finding that service there stopped in 1961.",
      "sources": [
       "Segment-level: the Feb 1952 Official Guide, Table 1, prints this leg with real clock times, which is what fixes 1951 as a year of passenger service on it. The 1909 opening of the Pacific Coast Extension (14 May 1909) and the 22 May 1961 discontinuance of the Olympian Hiawatha are taken from the research report's blocks [6]-[11], which cite Wikipedia for both -- they were NOT re-verified here.",
       "research/branches/chicago_milwaukee_st_paul_and_pacific_railroad.txt (this feature was built from that report; it is a starting point, not a citation)",
       "research/sources/official_guide_1952.txt (Official Guide of the Railways, Feb 1952, schedules effective 30 Sept 1951)",
       "https://en.wikipedia.org/wiki/Chicago,_Milwaukee,_St._Paul_and_Pacific_Railroad"
      ]
     }
    ]
   },
   "geometry": {
    "type": "LineString",
    "coordinates": [
     [
      -109.838415,
      46.432438
     ],
     [
      -109.852464,
      46.432634
     ],
     [
      -109.907369,
      46.432349
     ],
     [
      -109.943639,
      46.433735
     ],
     [
      -110.001302,
      46.4427
     ],
     [
      -110.003435,
      46.442805
     ],
     [
      -110.016181,
      46.441785
     ],
     [
      -110.018047,
      46.440839
     ],
     [
      -110.029307,
      46.433342
     ],
     [
      -110.049526,
      46.426169
     ],
     [
      -110.052487,
      46.425385
     ],
     [
      -110.056156,
      46.425207
     ],
     [
      -110.084802,
      46.42713
     ],
     [
      -110.127012,
      46.431924
     ],
     [
      -110.147169,
      46.435985
     ],
     [
      -110.173997,
      46.438111
     ],
     [
      -110.176899,
      46.438562
     ],
     [
      -110.262214,
      46.468335
     ],
     [
      -110.263867,
      46.468882
     ],
     [
      -110.268566,
      46.469384
     ],
     [
      -110.272772,
      46.468764
     ],
     [
      -110.351221,
      46.451647
     ],
     [
      -110.414705,
      46.431415
     ],
     [
      -110.432923,
      46.427475
     ],
     [
      -110.435562,
      46.427192
     ],
     [
      -110.454927,
      46.42737
     ],
     [
      -110.465133,
      46.427053
     ],
     [
      -110.543726,
      46.414415
     ],
     [
      -110.551457,
      46.414286
     ],
     [
      -110.552873,
      46.413266
     ],
     [
      -110.555109,
      46.408381
     ],
     [
      -110.556735,
      46.407215
     ],
     [
      -110.55802,
      46.406998
     ],
     [
      -110.55947,
      46.407212
     ],
     [
      -110.562883,
      46.409332
     ],
     [
      -110.563816,
      46.409715
     ],
     [
      -110.564674,
      46.409626
     ],
     [
      -110.572265,
      46.405217
     ],
     [
      -110.584051,
      46.399801
     ],
     [
      -110.601195,
      46.395688
     ],
     [
      -110.610315,
      46.392002
     ],
     [
      -110.612911,
      46.389664
     ],
     [
      -110.616395,
      46.388179
     ],
     [
      -110.61819,
      46.385786
     ],
     [
      -110.619091,
      46.384262
     ],
     [
      -110.621666,
      46.375928
     ],
     [
      -110.622374,
      46.374773
     ],
     [
      -110.624882,
      46.373236
     ],
     [
      -110.629404,
      46.371751
     ],
     [
      -110.633511,
      46.371012
     ],
     [
      -110.637244,
      46.370998
     ],
     [
      -110.644991,
      46.370094
     ],
     [
      -110.6516,
      46.370805
     ],
     [
      -110.66147,
      46.370553
     ],
     [
      -110.673121,
      46.371604
     ],
     [
      -110.698495,
      46.372304
     ],
     [
      -110.700206,
      46.372136
     ],
     [
      -110.704168,
      46.369593
     ],
     [
      -110.709409,
      46.36757
     ],
     [
      -110.712011,
      46.36599
     ],
     [
      -110.714063,
      46.363668
     ],
     [
      -110.715865,
      46.359878
     ],
     [
      -110.71535,
      46.358293
     ],
     [
      -110.71211,
      46.354546
     ],
     [
      -110.707819,
      46.351762
     ],
     [
      -110.705136,
      46.347007
     ],
     [
      -110.704922,
      46.345778
     ],
     [
      -110.706746,
      46.340223
     ],
     [
      -110.704707,
      46.329808
     ],
     [
      -110.702819,
      46.325303
     ],
     [
      -110.702969,
      46.322177
     ],
     [
      -110.701252,
      46.314382
     ],
     [
      -110.701016,
      46.308987
     ],
     [
      -110.696532,
      46.295793
     ],
     [
      -110.696596,
      46.294726
     ],
     [
      -110.697261,
      46.293792
     ],
     [
      -110.699257,
      46.292991
     ],
     [
      -110.70078,
      46.292917
     ],
     [
      -110.702046,
      46.293213
     ],
     [
      -110.716294,
      46.302464
     ],
     [
      -110.718569,
      46.30282
     ],
     [
      -110.719964,
      46.302509
     ],
     [
      -110.735284,
      46.292413
     ],
     [
      -110.801942,
      46.274772
     ],
     [
      -110.826589,
      46.266409
     ],
     [
      -110.829697,
      46.264998
     ],
     [
      -110.836565,
      46.261149
     ],
     [
      -110.838796,
      46.260644
     ],
     [
      -110.847015,
      46.26017
     ],
     [
      -110.852701,
      46.260808
     ],
     [
      -110.865833,
      46.26057
     ],
     [
      -110.867764,
      46.260259
     ],
     [
      -110.870682,
      46.259295
     ],
     [
      -110.877914,
      46.25428
     ],
     [
      -110.880832,
      46.251698
     ],
     [
      -110.88303,
      46.248951
     ],
     [
      -110.884887,
      46.247721
     ],
     [
      -110.890951,
      46.2471
     ],
     [
      -110.899328,
      46.244576
     ],
     [
      -110.901689,
      46.24229
     ],
     [
      -110.902998,
      46.241815
     ],
     [
      -110.908791,
      46.241815
     ],
     [
      -110.916871,
      46.237269
     ],
     [
      -110.922545,
      46.234587
     ],
     [
      -110.924005,
      46.23432
     ],
     [
      -110.925292,
      46.234484
     ],
     [
      -110.926494,
      46.235062
     ],
     [
      -110.932845,
      46.240361
     ],
     [
      -110.933854,
      46.240761
     ],
     [
      -110.935334,
      46.240776
     ],
     [
      -110.93651,
      46.240413
     ],
     [
      -110.939349,
      46.237903
     ],
     [
      -110.942115,
      46.236176
     ],
     [
      -110.951427,
      46.23294
     ],
     [
      -110.954389,
      46.232272
     ],
     [
      -110.9627,
      46.231213
     ],
     [
      -110.965072,
      46.230571
     ],
     [
      -110.974863,
      46.225022
     ],
     [
      -110.98235,
      46.221504
     ],
     [
      -110.989472,
      46.218882
     ],
     [
      -111.007432,
      46.212601
     ],
     [
      -111.025199,
      46.209156
     ],
     [
      -111.028203,
      46.208191
     ],
     [
      -111.033997,
      46.205266
     ],
     [
      -111.034168,
      46.204553
     ],
     [
      -111.03258,
      46.202117
     ],
     [
      -111.032871,
      46.201326
     ],
     [
      -111.033782,
      46.200692
     ],
     [
      -111.036002,
      46.200751
     ],
     [
      -111.040691,
      46.203261
     ],
     [
      -111.041743,
      46.203454
     ],
     [
      -111.042773,
      46.203276
     ],
     [
      -111.043588,
      46.202801
     ],
     [
      -111.045498,
      46.200068
     ],
     [
      -111.0467,
      46.199474
     ],
     [
      -111.050948,
      46.198583
     ],
     [
      -111.056592,
      46.195627
     ],
     [
      -111.058973,
      46.194216
     ],
     [
      -111.05951,
      46.193518
     ],
     [
      -111.05816,
      46.190765
     ],
     [
      -111.059597,
      46.188261
     ],
     [
      -111.059583,
      46.187368
     ],
     [
      -111.059053,
      46.186437
     ],
     [
      -111.057148,
      46.184991
     ],
     [
      -111.056106,
      46.181957
     ],
     [
      -111.056141,
      46.18098
     ],
     [
      -111.060197,
      46.175463
     ],
     [
      -111.066438,
      46.173792
     ],
     [
      -111.067721,
      46.172958
     ],
     [
      -111.06828,
      46.169945
     ],
     [
      -111.070716,
      46.166189
     ],
     [
      -111.069659,
      46.163155
     ],
     [
      -111.069957,
      46.16193
     ],
     [
      -111.077045,
      46.154766
     ],
     [
      -111.082002,
      46.152555
     ],
     [
      -111.088259,
      46.146571
     ],
     [
      -111.090288,
      46.141067
     ],
     [
      -111.089241,
      46.137743
     ],
     [
      -111.089629,
      46.135451
     ],
     [
      -111.089215,
      46.132789
     ],
     [
      -111.089699,
      46.131839
     ],
     [
      -111.091032,
      46.131241
     ],
     [
      -111.092546,
      46.131343
     ],
     [
      -111.095759,
      46.133361
     ],
     [
      -111.100156,
      46.13483
     ],
     [
      -111.103796,
      46.137021
     ],
     [
      -111.105332,
      46.137267
     ],
     [
      -111.106575,
      46.137008
     ],
     [
      -111.115485,
      46.133027
     ],
     [
      -111.116572,
      46.132286
     ],
     [
      -111.121501,
      46.121878
     ],
     [
      -111.122724,
      46.119721
     ],
     [
      -111.124312,
      46.118308
     ],
     [
      -111.143259,
      46.110126
     ],
     [
      -111.144697,
      46.109888
     ],
     [
      -111.149601,
      46.110586
     ],
     [
      -111.153568,
      46.11013
     ],
     [
      -111.155329,
      46.11053
     ],
     [
      -111.157906,
      46.111843
     ],
     [
      -111.16022,
      46.111996
     ],
     [
      -111.169835,
      46.108321
     ],
     [
      -111.185084,
      46.105699
     ],
     [
      -111.191109,
      46.103485
     ],
     [
      -111.194944,
      46.103476
     ],
     [
      -111.198187,
      46.104724
     ],
     [
      -111.209575,
      46.112915
     ],
     [
      -111.212207,
      46.114287
     ],
     [
      -111.219114,
      46.115679
     ],
     [
      -111.22427,
      46.115189
     ],
     [
      -111.225791,
      46.115353
     ],
     [
      -111.226772,
      46.115907
     ],
     [
      -111.228695,
      46.118092
     ],
     [
      -111.234263,
      46.11919
     ],
     [
      -111.242972,
      46.122434
     ],
     [
      -111.245522,
      46.122473
     ],
     [
      -111.251137,
      46.120764
     ],
     [
      -111.252973,
      46.120808
     ],
     [
      -111.254461,
      46.12174
     ],
     [
      -111.256154,
      46.124605
     ],
     [
      -111.261948,
      46.128237
     ],
     [
      -111.263493,
      46.128768
     ],
     [
      -111.267388,
      46.128437
     ],
     [
      -111.269061,
      46.12878
     ],
     [
      -111.275169,
      46.134394
     ],
     [
      -111.276444,
      46.134756
     ],
     [
      -111.277766,
      46.134663
     ],
     [
      -111.281788,
      46.133081
     ],
     [
      -111.283181,
      46.13309
     ],
     [
      -111.284641,
      46.133703
     ],
     [
      -111.28857,
      46.136534
     ],
     [
      -111.290732,
      46.137047
     ],
     [
      -111.296219,
      46.136669
     ],
     [
      -111.304414,
      46.133864
     ],
     [
      -111.306098,
      46.133978
     ],
     [
      -111.311207,
      46.135518
     ],
     [
      -111.313104,
      46.135724
     ],
     [
      -111.320209,
      46.134407
     ],
     [
      -111.328592,
      46.130798
     ],
     [
      -111.335336,
      46.130072
     ],
     [
      -111.3588,
      46.118764
     ],
     [
      -111.377126,
      46.114083
     ],
     [
      -111.378876,
      46.113415
     ],
     [
      -111.381112,
      46.111434
     ],
     [
      -111.381695,
      46.110097
     ],
     [
      -111.381987,
      46.107631
     ],
     [
      -111.38291,
      46.106513
     ],
     [
      -111.383736,
      46.106185
     ],
     [
      -111.385162,
      46.106057
     ],
     [
      -111.389533,
      46.106476
     ],
     [
      -111.393773,
      46.107789
     ],
     [
      -111.397652,
      46.107709
     ],
     [
      -111.398946,
      46.107301
     ],
     [
      -111.399947,
      46.106205
     ],
     [
      -111.400215,
      46.104936
     ],
     [
      -111.399596,
      46.103911
     ],
     [
      -111.397369,
      46.102408
     ],
     [
      -111.396351,
      46.100386
     ],
     [
      -111.395511,
      46.094841
     ],
     [
      -111.396047,
      46.092321
     ],
     [
      -111.39887,
      46.088604
     ],
     [
      -111.4061,
      46.086046
     ],
     [
      -111.41084,
      46.081722
     ],
     [
      -111.414672,
      46.075296
     ],
     [
      -111.423967,
      46.063327
     ],
     [
      -111.42614,
      46.05869
     ],
     [
      -111.425314,
      46.051498
     ],
     [
      -111.427533,
      46.038033
     ],
     [
      -111.42423,
      46.029794
     ],
     [
      -111.426818,
      46.024549
     ],
     [
      -111.428629,
      46.022512
     ],
     [
      -111.431649,
      46.020082
     ],
     [
      -111.43261,
      46.017745
     ],
     [
      -111.431526,
      46.01546
     ],
     [
      -111.421543,
      46.005386
     ],
     [
      -111.421716,
      46.003143
     ],
     [
      -111.426707,
      45.99489
     ],
     [
      -111.427989,
      45.993957
     ],
     [
      -111.429924,
      45.99352
     ],
     [
      -111.435765,
      45.993546
     ],
     [
      -111.448348,
      45.996448
     ],
     [
      -111.451898,
      45.998477
     ],
     [
      -111.456075,
      45.999367
     ],
     [
      -111.458873,
      45.998931
     ],
     [
      -111.462188,
      45.996859
     ],
     [
      -111.464271,
      45.994975
     ],
     [
      -111.467217,
      45.984906
     ],
     [
      -111.467241,
      45.982799
     ],
     [
      -111.465688,
      45.977429
     ],
     [
      -111.466033,
      45.973395
     ],
     [
      -111.469003,
      45.95795
     ],
     [
      -111.469928,
      45.956005
     ],
     [
      -111.472146,
      45.953358
     ],
     [
      -111.483213,
      45.946305
     ],
     [
      -111.489203,
      45.941781
     ],
     [
      -111.508004,
      45.930866
     ],
     [
      -111.617389,
      45.845276
     ],
     [
      -111.699161,
      45.797385
     ],
     [
      -111.703025,
      45.79573
     ],
     [
      -111.72908,
      45.792918
     ],
     [
      -111.770748,
      45.796791
     ],
     [
      -111.77379,
      45.796437
     ],
     [
      -111.780307,
      45.794492
     ],
     [
      -111.784485,
      45.79265
     ],
     [
      -111.787224,
      45.792141
     ],
     [
      -111.789367,
      45.792178
     ],
     [
      -111.801088,
      45.794246
     ],
     [
      -111.803714,
      45.795363
     ],
     [
      -111.805893,
      45.798133
     ],
     [
      -111.808094,
      45.804193
     ],
     [
      -111.807686,
      45.809104
     ],
     [
      -111.80904,
      45.810839
     ],
     [
      -111.811089,
      45.811825
     ],
     [
      -111.820526,
      45.812702
     ],
     [
      -111.823075,
      45.813186
     ],
     [
      -111.827734,
      45.814632
     ],
     [
      -111.838623,
      45.818759
     ],
     [
      -111.841561,
      45.819327
     ],
     [
      -111.855143,
      45.819362
     ],
     [
      -111.862168,
      45.818608
     ],
     [
      -111.866217,
      45.819483
     ],
     [
      -111.867518,
      45.819494
     ],
     [
      -111.868473,
      45.819201
     ],
     [
      -111.871101,
      45.817529
     ],
     [
      -111.873014,
      45.817333
     ],
     [
      -111.874608,
      45.818056
     ],
     [
      -111.877245,
      45.821264
     ],
     [
      -111.880338,
      45.827535
     ],
     [
      -111.881755,
      45.828734
     ],
     [
      -111.885386,
      45.830112
     ],
     [
      -111.890215,
      45.830386
     ],
     [
      -111.90574,
      45.827641
     ],
     [
      -111.909291,
      45.827855
     ],
     [
      -111.911554,
      45.828517
     ],
     [
      -111.914049,
      45.830521
     ],
     [
      -111.91514,
      45.831922
     ],
     [
      -111.915264,
      45.832713
     ],
     [
      -111.914531,
      45.833871
     ],
     [
      -111.910404,
      45.837296
     ],
     [
      -111.910236,
      45.839016
     ],
     [
      -111.911261,
      45.840007
     ],
     [
      -111.914609,
      45.841104
     ],
     [
      -111.919239,
      45.843964
     ],
     [
      -111.922024,
      45.849974
     ],
     [
      -111.923817,
      45.851255
     ],
     [
      -111.944763,
      45.852517
     ],
     [
      -112.0182,
      45.860582
     ],
     [
      -112.02106,
      45.860705
     ],
     [
      -112.027083,
      45.860191
     ],
     [
      -112.092909,
      45.851038
     ],
     [
      -112.096576,
      45.849919
     ],
     [
      -112.145535,
      45.831173
     ],
     [
      -112.152764,
      45.828608
     ],
     [
      -112.157281,
      45.827607
     ],
     [
      -112.244228,
      45.817378
     ],
     [
      -112.247447,
      45.817888
     ],
     [
      -112.248807,
      45.818652
     ],
     [
      -112.249926,
      45.82004
     ],
     [
      -112.250262,
      45.82138
     ],
     [
      -112.24955,
      45.825869
     ],
     [
      -112.250182,
      45.827064
     ],
     [
      -112.252877,
      45.829909
     ],
     [
      -112.254656,
      45.835556
     ],
     [
      -112.255864,
      45.836294
     ],
     [
      -112.259982,
      45.837283
     ],
     [
      -112.260902,
      45.837935
     ],
     [
      -112.263525,
      45.841383
     ],
     [
      -112.264756,
      45.841857
     ],
     [
      -112.26632,
      45.841843
     ],
     [
      -112.267571,
      45.841269
     ],
     [
      -112.268231,
      45.840255
     ],
     [
      -112.268135,
      45.839325
     ],
     [
      -112.267139,
      45.837882
     ],
     [
      -112.265524,
      45.836547
     ],
     [
      -112.263913,
      45.835767
     ],
     [
      -112.25921,
      45.834998
     ],
     [
      -112.258167,
      45.833951
     ],
     [
      -112.258295,
      45.832689
     ],
     [
      -112.26422,
      45.827953
     ],
     [
      -112.267315,
      45.823018
     ],
     [
      -112.270614,
      45.819023
     ],
     [
      -112.272881,
      45.818095
     ],
     [
      -112.282025,
      45.8172
     ],
     [
      -112.284184,
      45.816392
     ],
     [
      -112.285936,
      45.815082
     ],
     [
      -112.289002,
      45.811013
     ],
     [
      -112.292905,
      45.80695
     ],
     [
      -112.292837,
      45.805969
     ],
     [
      -112.292089,
      45.805068
     ],
     [
      -112.289066,
      45.80416
     ],
     [
      -112.287791,
      45.803142
     ],
     [
      -112.287619,
      45.802005
     ],
     [
      -112.288347,
      45.801038
     ],
     [
      -112.290314,
      45.80043
     ],
     [
      -112.297203,
      45.800776
     ],
     [
      -112.301657,
      45.801882
     ],
     [
      -112.304824,
      45.802334
     ],
     [
      -112.307567,
      45.803262
     ],
     [
      -112.312761,
      45.802682
     ],
     [
      -112.319782,
      45.802942
     ],
     [
      -112.323201,
      45.802011
     ],
     [
      -112.324864,
      45.801997
     ],
     [
      -112.326343,
      45.802699
     ],
     [
      -112.338021,
      45.814447
     ],
     [
      -112.340152,
      45.818125
     ],
     [
      -112.341886,
      45.818718
     ],
     [
      -112.345581,
      45.818806
     ],
     [
      -112.347223,
      45.819794
     ],
     [
      -112.347842,
      45.821684
     ],
     [
      -112.348694,
      45.822735
     ],
     [
      -112.354548,
      45.82727
     ],
     [
      -112.354914,
      45.82985
     ],
     [
      -112.356354,
      45.831382
     ],
     [
      -112.358942,
      45.831877
     ],
     [
      -112.36067,
      45.831395
     ],
     [
      -112.362071,
      45.829882
     ],
     [
      -112.362544,
      45.827129
     ],
     [
      -112.363512,
      45.826172
     ],
     [
      -112.366028,
      45.825521
     ],
     [
      -112.36835,
      45.82555
     ],
     [
      -112.370708,
      45.826348
     ],
     [
      -112.372901,
      45.827945
     ],
     [
      -112.374352,
      45.828502
     ],
     [
      -112.381556,
      45.828117
     ],
     [
      -112.40364,
      45.832104
     ],
     [
      -112.407898,
      45.834678
     ],
     [
      -112.415262,
      45.836641
     ],
     [
      -112.418637,
      45.83946
     ],
     [
      -112.421888,
      45.841231
     ],
     [
      -112.426403,
      45.843135
     ],
     [
      -112.428531,
      45.846826
     ],
     [
      -112.428146,
      45.850237
     ],
     [
      -112.42858,
      45.851293
     ],
     [
      -112.440775,
      45.858663
     ],
     [
      -112.481069,
      45.898741
     ],
     [
      -112.478039,
      45.900659
     ],
     [
      -112.477626,
      45.90228
     ],
     [
      -112.478446,
      45.903231
     ],
     [
      -112.4813,
      45.904176
     ],
     [
      -112.482207,
      45.904807
     ],
     [
      -112.48269,
      45.907756
     ],
     [
      -112.483827,
      45.908797
     ],
     [
      -112.485227,
      45.909118
     ],
     [
      -112.494738,
      45.909137
     ],
     [
      -112.49638,
      45.909726
     ],
     [
      -112.499207,
      45.911608
     ],
     [
      -112.501363,
      45.911839
     ],
     [
      -112.502506,
      45.911447
     ],
     [
      -112.503321,
      45.91066
     ],
     [
      -112.505483,
      45.904004
     ],
     [
      -112.506379,
      45.903224
     ],
     [
      -112.508004,
      45.90256
     ],
     [
      -112.512762,
      45.902339
     ],
     [
      -112.516544,
      45.900719
     ],
     [
      -112.517971,
      45.9006
     ],
     [
      -112.531983,
      45.901862
     ],
     [
      -112.534102,
      45.902806
     ],
     [
      -112.534794,
      45.904247
     ],
     [
      -112.534547,
      45.905367
     ],
     [
      -112.530519,
      45.910301
     ],
     [
      -112.531382,
      45.913086
     ],
     [
      -112.530916,
      45.914034
     ],
     [
      -112.529344,
      45.914892
     ],
     [
      -112.52517,
      45.915422
     ],
     [
      -112.522939,
      45.916105
     ],
     [
      -112.521072,
      45.917307
     ],
     [
      -112.520321,
      45.918221
     ],
     [
      -112.511787,
      45.939884
     ],
     [
      -112.511209,
      45.942257
     ],
     [
      -112.511185,
      45.944923
     ],
     [
      -112.511742,
      45.947406
     ],
     [
      -112.519847,
      45.967992
     ],
     [
      -112.520833,
      45.969888
     ],
     [
      -112.523459,
      45.973076
     ],
     [
      -112.525218,
      45.974807
     ],
     [
      -112.538986,
      45.979483
     ],
     [
      -112.540362,
      45.979191
     ],
     [
      -112.541544,
      45.979548
     ],
     [
      -112.542694,
      45.981441
     ],
     [
      -112.546837,
      45.9856
     ],
     [
      -112.547134,
      45.989033
     ],
     [
      -112.549153,
      45.993443
     ],
     [
      -112.548439,
      45.994009
     ],
     [
      -112.545903,
      45.994273
     ],
     [
      -112.547252,
      45.993987
     ],
     [
      -112.547992,
      45.993406
     ],
     [
      -112.548116,
      45.992599
     ],
     [
      -112.547275,
      45.991613
     ],
     [
      -112.548021,
      45.992274
     ],
     [
      -112.548303,
      45.99314
     ],
     [
      -112.547996,
      45.997767
     ],
     [
      -112.547014,
      45.99917
     ],
     [
      -112.544743,
      46.000017
     ],
     [
      -112.555172,
      45.999077
     ],
     [
      -112.558853,
      45.999441
     ],
     [
      -112.562223,
      45.999057
     ],
     [
      -112.570943,
      45.999038
     ],
     [
      -112.582495,
      46.001517
     ],
     [
      -112.586861,
      46.002005
     ],
     [
      -112.603309,
      46.002035
     ],
     [
      -112.619874,
      46.00333
     ],
     [
      -112.628978,
      46.002104
     ],
     [
      -112.645712,
      46.00443
     ],
     [
      -112.651819,
      46.00591
     ],
     [
      -112.65918,
      46.004618
     ],
     [
      -112.673173,
      46.004704
     ],
     [
      -112.684279,
      46.001827
     ],
     [
      -112.687744,
      46.001649
     ],
     [
      -112.689985,
      46.002012
     ],
     [
      -112.722324,
      46.010516
     ],
     [
      -112.739225,
      46.012195
     ],
     [
      -112.749354,
      46.010455
     ],
     [
      -112.755395,
      46.01077
     ],
     [
      -112.756779,
      46.010611
     ],
     [
      -112.759803,
      46.009511
     ],
     [
      -112.761981,
      46.007491
     ],
     [
      -112.766127,
      46.005847
     ],
     [
      -112.767971,
      46.00566
     ],
     [
      -112.77243,
      46.006191
     ],
     [
      -112.773713,
      46.007081
     ],
     [
      -112.773818,
      46.007963
     ],
     [
      -112.772527,
      46.011967
     ],
     [
      -112.77302,
      46.013545
     ],
     [
      -112.774367,
      46.01501
     ],
     [
      -112.79334,
      46.023698
     ],
     [
      -112.794208,
      46.024397
     ],
     [
      -112.794236,
      46.025602
     ],
     [
      -112.791314,
      46.030167
     ],
     [
      -112.791283,
      46.034269
     ],
     [
      -112.789207,
      46.042647
     ],
     [
      -112.788016,
      46.044006
     ],
     [
      -112.776901,
      46.052107
     ],
     [
      -112.775102,
      46.054262
     ],
     [
      -112.770657,
      46.075402
     ],
     [
      -112.770906,
      46.077109
     ],
     [
      -112.771827,
      46.078516
     ],
     [
      -112.780728,
      46.086242
     ],
     [
      -112.786755,
      46.100681
     ],
     [
      -112.787712,
      46.101997
     ],
     [
      -112.794255,
      46.108251
     ],
     [
      -112.795415,
      46.110262
     ],
     [
      -112.795715,
      46.113087
     ],
     [
      -112.791655,
      46.122262
     ],
     [
      -112.783161,
      46.130254
     ],
     [
      -112.782212,
      46.132374
     ],
     [
      -112.781763,
      46.135706
     ],
     [
      -112.780962,
      46.137113
     ],
     [
      -112.778695,
      46.138841
     ],
     [
      -112.775141,
      46.140245
     ],
     [
      -112.773399,
      46.141604
     ],
     [
      -112.760917,
      46.161137
     ],
     [
      -112.760307,
      46.162965
     ],
     [
      -112.762017,
      46.173564
     ],
     [
      -112.761974,
      46.177643
     ],
     [
      -112.764842,
      46.184342
     ],
     [
      -112.765074,
      46.185936
     ],
     [
      -112.763123,
      46.208598
     ],
     [
      -112.748887,
      46.288279
     ],
     [
      -112.740157,
      46.384474
     ],
     [
      -112.739312,
      46.397888
     ],
     [
      -112.736474,
      46.424933
     ],
     [
      -112.735847,
      46.426646
     ],
     [
      -112.729034,
      46.438953
     ],
     [
      -112.728731,
      46.440321
     ],
     [
      -112.729101,
      46.471511
     ],
     [
      -112.732737,
      46.48518
     ],
     [
      -112.73369,
      46.486992
     ],
     [
      -112.736321,
      46.489313
     ],
     [
      -112.757599,
      46.500338
     ],
     [
      -112.791565,
      46.511725
     ],
     [
      -112.809406,
      46.520026
     ],
     [
      -112.811774,
      46.520676
     ],
     [
      -112.813657,
      46.52074
     ],
     [
      -112.819566,
      46.519938
     ],
     [
      -112.824148,
      46.519728
     ],
     [
      -112.826631,
      46.520184
     ],
     [
      -112.827691,
      46.520663
     ],
     [
      -112.829581,
      46.522604
     ],
     [
      -112.833935,
      46.529517
     ],
     [
      -112.838082,
      46.534221
     ],
     [
      -112.84086,
      46.535623
     ],
     [
      -112.847024,
      46.537812
     ],
     [
      -112.849941,
      46.539478
     ],
     [
      -112.862256,
      46.552858
     ],
     [
      -112.863351,
      46.55368
     ],
     [
      -112.865142,
      46.554569
     ],
     [
      -112.867992,
      46.555069
     ],
     [
      -112.882007,
      46.555991
     ],
     [
      -112.885456,
      46.55727
     ],
     [
      -112.88866,
      46.560003
     ],
     [
      -112.897926,
      46.578304
     ],
     [
      -112.899508,
      46.579762
     ],
     [
      -112.900664,
      46.580336
     ],
     [
      -112.9354,
      46.587202
     ],
     [
      -112.938982,
      46.588163
     ],
     [
      -112.942288,
      46.589598
     ],
     [
      -112.963918,
      46.601272
     ],
     [
      -112.967731,
      46.602665
     ],
     [
      -112.980965,
      46.60523
     ],
     [
      -112.983623,
      46.605485
     ],
     [
      -113.007799,
      46.602958
     ],
     [
      -113.011943,
      46.603219
     ],
     [
      -113.061689,
      46.618905
     ],
     [
      -113.086661,
      46.629653
     ],
     [
      -113.112392,
      46.642481
     ],
     [
      -113.122198,
      46.647604
     ],
     [
      -113.147439,
      46.661777
     ],
     [
      -113.190293,
      46.677767
     ],
     [
      -113.193057,
      46.679775
     ],
     [
      -113.205791,
      46.693273
     ],
     [
      -113.207661,
      46.694277
     ],
     [
      -113.211645,
      46.694947
     ],
     [
      -113.231365,
      46.694701
     ],
     [
      -113.23476,
      46.695269
     ],
     [
      -113.237359,
      46.696281
     ],
     [
      -113.240335,
      46.698425
     ],
     [
      -113.240984,
      46.700443
     ],
     [
      -113.240412,
      46.702326
     ],
     [
      -113.237575,
      46.705452
     ],
     [
      -113.237461,
      46.707061
     ],
     [
      -113.23952,
      46.70937
     ],
     [
      -113.241134,
      46.710018
     ],
     [
      -113.243378,
      46.709688
     ],
     [
      -113.256742,
      46.70406
     ],
     [
      -113.258405,
      46.703604
     ],
     [
      -113.260218,
      46.703619
     ],
     [
      -113.261871,
      46.704112
     ],
     [
      -113.263995,
      46.705863
     ],
     [
      -113.26716,
      46.713345
     ],
     [
      -113.269284,
      46.714853
     ],
     [
      -113.271666,
      46.714941
     ],
     [
      -113.276955,
      46.7118
     ],
     [
      -113.278267,
      46.711426
     ],
     [
      -113.280223,
      46.711419
     ],
     [
      -113.286024,
      46.71215
     ],
     [
      -113.287502,
      46.712619
     ],
     [
      -113.290924,
      46.716755
     ],
     [
      -113.293319,
      46.717712
     ],
     [
      -113.297243,
      46.717669
     ],
     [
      -113.30412,
      46.715266
     ],
     [
      -113.306309,
      46.714994
     ],
     [
      -113.309337,
      46.715647
     ],
     [
      -113.313215,
      46.71787
     ],
     [
      -113.315954,
      46.718221
     ],
     [
      -113.319073,
      46.717372
     ],
     [
      -113.329725,
      46.711367
     ],
     [
      -113.330846,
      46.710195
     ],
     [
      -113.334763,
      46.703168
     ],
     [
      -113.336533,
      46.70166
     ],
     [
      -113.351457,
      46.696601
     ],
     [
      -113.353962,
      46.696027
     ],
     [
      -113.356591,
      46.696009
     ],
     [
      -113.359788,
      46.696822
     ],
     [
      -113.370576,
      46.703286
     ],
     [
      -113.372791,
      46.703948
     ],
     [
      -113.374626,
      46.704095
     ],
     [
      -113.377571,
      46.703669
     ],
     [
      -113.390333,
      46.698404
     ],
     [
      -113.392495,
      46.697808
     ],
     [
      -113.41287,
      46.694574
     ],
     [
      -113.415203,
      46.694662
     ],
     [
      -113.44289,
      46.69932
     ],
     [
      -113.44806,
      46.699556
     ],
     [
      -113.450098,
      46.700125
     ],
     [
      -113.454345,
      46.70258
     ],
     [
      -113.458,
      46.703257
     ],
     [
      -113.46042,
      46.702988
     ],
     [
      -113.472286,
      46.699957
     ],
     [
      -113.481443,
      46.696237
     ],
     [
      -113.484872,
      46.69577
     ],
     [
      -113.488464,
      46.696484
     ],
     [
      -113.496376,
      46.700726
     ],
     [
      -113.515292,
      46.709644
     ],
     [
      -113.525137,
      46.712314
     ],
     [
      -113.534718,
      46.715901
     ],
     [
      -113.537267,
      46.716606
     ],
     [
      -113.573344,
      46.723686
     ],
     [
      -113.57641,
      46.724046
     ],
     [
      -113.686475,
      46.726096
     ],
     [
      -113.689483,
      46.726292
     ],
     [
      -113.69186,
      46.726839
     ],
     [
      -113.695115,
      46.72844
     ],
     [
      -113.697426,
      46.730735
     ],
     [
      -113.70633,
      46.74715
     ],
     [
      -113.708815,
      46.750391
     ],
     [
      -113.709499,
      46.751668
     ],
     [
      -113.712647,
      46.762592
     ],
     [
      -113.718048,
      46.775881
     ],
     [
      -113.719573,
      46.778297
     ],
     [
      -113.721558,
      46.78004
     ],
     [
      -113.724692,
      46.781815
     ],
     [
      -113.791489,
      46.807232
     ],
     [
      -113.808252,
      46.815967
     ],
     [
      -113.837788,
      46.831676
     ],
     [
      -113.852526,
      46.841098
     ],
     [
      -113.857753,
      46.845511
     ],
     [
      -113.860861,
      46.847551
     ],
     [
      -113.864416,
      46.84913
     ],
     [
      -113.875901,
      46.852959
     ],
     [
      -113.877707,
      46.854369
     ],
     [
      -113.880226,
      46.85823
     ],
     [
      -113.885705,
      46.863574
     ],
     [
      -113.890628,
      46.866795
     ],
     [
      -113.893125,
      46.870279
     ],
     [
      -113.895306,
      46.871948
     ],
     [
      -113.896905,
      46.872732
     ],
     [
      -113.898816,
      46.873288
     ],
     [
      -113.901566,
      46.873461
     ],
     [
      -113.925711,
      46.872552
     ],
     [
      -113.933213,
      46.869473
     ],
     [
      -113.937801,
      46.866338
     ],
     [
      -113.944543,
      46.863139
     ],
     [
      -113.94984,
      46.86264
     ],
     [
      -113.956889,
      46.861401
     ],
     [
      -113.968861,
      46.860987
     ],
     [
      -113.972833,
      46.86188
     ],
     [
      -113.984921,
      46.86651
     ],
     [
      -113.994681,
      46.866606
     ],
     [
      -114.000055,
      46.868479
     ],
     [
      -114.002283,
      46.870142
     ],
     [
      -114.006473,
      46.870903
     ],
     [
      -114.006618,
      46.883776
     ],
     [
      -114.005793,
      46.883092
     ],
     [
      -114.012928,
      46.886779
     ],
     [
      -114.014069,
      46.870816
     ],
     [
      -114.013471,
      46.870803
     ],
     [
      -114.037155,
      46.870791
     ],
     [
      -114.039975,
      46.871007
     ],
     [
      -114.04194,
      46.871543
     ],
     [
      -114.181906,
      46.934163
     ],
     [
      -114.184585,
      46.936056
     ],
     [
      -114.186649,
      46.938502
     ],
     [
      -114.199563,
      46.960142
     ],
     [
      -114.198547,
      46.959381
     ],
     [
      -114.199482,
      46.960142
     ],
     [
      -114.201804,
      46.963895
     ],
     [
      -114.22691,
      47.005954
     ],
     [
      -114.229325,
      47.008437
     ],
     [
      -114.231842,
      47.009781
     ],
     [
      -114.234174,
      47.010481
     ],
     [
      -114.338386,
      47.033673
     ],
     [
      -114.341621,
      47.033943
     ],
     [
      -114.346042,
      47.033262
     ],
     [
      -114.352914,
      47.030868
     ],
     [
      -114.355149,
      47.029708
     ],
     [
      -114.357337,
      47.027184
     ],
     [
      -114.360047,
      47.017911
     ],
     [
      -114.361647,
      47.015547
     ],
     [
      -114.367909,
      47.01153
     ],
     [
      -114.372099,
      47.010503
     ],
     [
      -114.374326,
      47.010521
     ],
     [
      -114.37757,
      47.011272
     ],
     [
      -114.380099,
      47.012779
     ],
     [
      -114.381423,
      47.01414
     ],
     [
      -114.382275,
      47.016404
     ],
     [
      -114.381509,
      47.021805
     ],
     [
      -114.381733,
      47.0234
     ],
     [
      -114.38461,
      47.027387
     ],
     [
      -114.387135,
      47.028988
     ],
     [
      -114.389587,
      47.029633
     ],
     [
      -114.392798,
      47.029535
     ],
     [
      -114.395514,
      47.028636
     ],
     [
      -114.406946,
      47.022638
     ],
     [
      -114.409682,
      47.020632
     ],
     [
      -114.411015,
      47.018298
     ],
     [
      -114.413977,
      47.005541
     ],
     [
      -114.414761,
      47.004001
     ],
     [
      -114.419503,
      46.999175
     ],
     [
      -114.423966,
      46.996301
     ],
     [
      -114.42702,
      46.993499
     ],
     [
      -114.42859,
      46.992604
     ],
     [
      -114.431149,
      46.991951
     ],
     [
      -114.434417,
      46.992039
     ],
     [
      -114.449241,
      46.995274
     ],
     [
      -114.451573,
      46.99639
     ],
     [
      -114.455235,
      46.999102
     ],
     [
      -114.457496,
      46.999955
     ],
     [
      -114.473515,
      47.001728
     ],
     [
      -114.49277,
      47.006657
     ],
     [
      -114.49533,
      47.007774
     ],
     [
      -114.497546,
      47.009266
     ],
     [
      -114.501633,
      47.014925
     ],
     [
      -114.504269,
      47.017159
     ],
     [
      -114.505996,
      47.018177
     ],
     [
      -114.515707,
      47.021583
     ],
     [
      -114.520496,
      47.022413
     ],
     [
      -114.524109,
      47.02223
     ],
     [
      -114.533682,
      47.020626
     ],
     [
      -114.537474,
      47.019368
     ],
     [
      -114.539149,
      47.018176
     ],
     [
      -114.550425,
      47.00725
     ],
     [
      -114.553209,
      47.005728
     ],
     [
      -114.555832,
      47.005267
     ],
     [
      -114.571054,
      47.004602
     ],
     [
      -114.573724,
      47.004841
     ],
     [
      -114.575266,
      47.005334
     ],
     [
      -114.58576,
      47.011596
     ],
     [
      -114.588904,
      47.012548
     ],
     [
      -114.591859,
      47.012848
     ],
     [
      -114.601983,
      47.013044
     ],
     [
      -114.639523,
      47.020917
     ],
     [
      -114.641976,
      47.021191
     ],
     [
      -114.653521,
      47.020337
     ],
     [
      -114.66046,
      47.020299
     ],
     [
      -114.675774,
      47.017046
     ],
     [
      -114.680878,
      47.01513
     ],
     [
      -114.689565,
      47.013949
     ],
     [
      -114.69304,
      47.013075
     ],
     [
      -114.69563,
      47.011945
     ],
     [
      -114.697646,
      47.010592
     ],
     [
      -114.707692,
      47.001116
     ],
     [
      -114.710151,
      46.999519
     ],
     [
      -114.712912,
      46.998535
     ],
     [
      -114.716115,
      46.998083
     ],
     [
      -114.719089,
      46.998244
     ],
     [
      -114.721998,
      46.998932
     ],
     [
      -114.731392,
      47.004144
     ],
     [
      -114.736016,
      47.007131
     ],
     [
      -114.736554,
      47.008497
     ],
     [
      -114.73549,
      47.011848
     ],
     [
      -114.735558,
      47.013837
     ],
     [
      -114.73958,
      47.022683
     ],
     [
      -114.740368,
      47.023692
     ],
     [
      -114.75111,
      47.030758
     ],
     [
      -114.755144,
      47.03533
     ],
     [
      -114.761292,
      47.03815
     ],
     [
      -114.762588,
      47.039299
     ],
     [
      -114.763759,
      47.041085
     ],
     [
      -114.766027,
      47.062957
     ],
     [
      -114.764762,
      47.065757
     ],
     [
      -114.760269,
      47.070234
     ],
     [
      -114.759945,
      47.071387
     ],
     [
      -114.7601,
      47.07386
     ],
     [
      -114.759113,
      47.077214
     ],
     [
      -114.759098,
      47.078904
     ],
     [
      -114.759555,
      47.080152
     ],
     [
      -114.76063,
      47.08137
     ],
     [
      -114.773758,
      47.089446
     ],
     [
      -114.775981,
      47.091767
     ],
     [
      -114.776813,
      47.094258
     ],
     [
      -114.777005,
      47.111203
     ],
     [
      -114.7838,
      47.129455
     ],
     [
      -114.785111,
      47.130587
     ],
     [
      -114.786775,
      47.131433
     ],
     [
      -114.802391,
      47.137068
     ],
     [
      -114.805204,
      47.13833
     ],
     [
      -114.856853,
      47.168397
     ],
     [
      -114.858606,
      47.169793
     ],
     [
      -114.860535,
      47.172236
     ],
     [
      -114.863436,
      47.180919
     ],
     [
      -114.865497,
      47.184837
     ],
     [
      -114.868774,
      47.18832
     ],
     [
      -114.874406,
      47.192383
     ],
     [
      -114.877594,
      47.193724
     ],
     [
      -114.88788,
      47.196598
     ],
     [
      -114.904144,
      47.198361
     ],
     [
      -114.909504,
      47.199617
     ],
     [
      -114.944794,
      47.215013
     ],
     [
      -114.94832,
      47.216248
     ],
     [
      -114.954247,
      47.217513
     ],
     [
      -114.956258,
      47.218213
     ],
     [
      -114.957966,
      47.219253
     ],
     [
      -114.959497,
      47.220924
     ],
     [
      -114.962383,
      47.225434
     ],
     [
      -114.963686,
      47.229219
     ],
     [
      -114.965423,
      47.230927
     ],
     [
      -114.970724,
      47.234232
     ],
     [
      -114.981179,
      47.238213
     ],
     [
      -114.987171,
      47.239469
     ],
     [
      -114.992739,
      47.239663
     ],
     [
      -115.017818,
      47.234064
     ],
     [
      -115.020349,
      47.233795
     ],
     [
      -115.031872,
      47.236382
     ],
     [
      -115.044195,
      47.236838
     ],
     [
      -115.049036,
      47.237738
     ],
     [
      -115.052754,
      47.239788
     ],
     [
      -115.054497,
      47.241948
     ],
     [
      -115.057166,
      47.256979
     ],
     [
      -115.058091,
      47.258864
     ],
     [
      -115.063498,
      47.263822
     ],
     [
      -115.068238,
      47.267444
     ],
     [
      -115.069145,
      47.271067
     ],
     [
      -115.071597,
      47.274329
     ],
     [
      -115.0762,
      47.277452
     ],
     [
      -115.087722,
      47.289177
     ],
     [
      -115.090568,
      47.290947
     ],
     [
      -115.104481,
      47.296728
     ],
     [
      -115.106244,
      47.296931
     ],
     [
      -115.109712,
      47.296286
     ],
     [
      -115.116929,
      47.297928
     ],
     [
      -115.121229,
      47.296566
     ],
     [
      -115.122758,
      47.296379
     ],
     [
      -115.128954,
      47.298147
     ],
     [
      -115.134522,
      47.297484
     ],
     [
      -115.136588,
      47.296857
     ],
     [
      -115.142715,
      47.293889
     ],
     [
      -115.146787,
      47.293034
     ],
     [
      -115.150797,
      47.291744
     ],
     [
      -115.155571,
      47.292147
     ],
     [
      -115.161552,
      47.294497
     ],
     [
      -115.162871,
      47.294737
     ],
     [
      -115.168274,
      47.293626
     ],
     [
      -115.169571,
      47.294111
     ],
     [
      -115.172343,
      47.296626
     ],
     [
      -115.177718,
      47.298555
     ],
     [
      -115.179652,
      47.299837
     ],
     [
      -115.181273,
      47.300443
     ],
     [
      -115.185995,
      47.300232
     ],
     [
      -115.192232,
      47.301451
     ],
     [
      -115.197493,
      47.300453
     ],
     [
      -115.199102,
      47.300552
     ],
     [
      -115.200771,
      47.301041
     ],
     [
      -115.202351,
      47.302014
     ],
     [
      -115.206051,
      47.305753
     ],
     [
      -115.209307,
      47.308257
     ],
     [
      -115.210087,
      47.309146
     ],
     [
      -115.210713,
      47.310825
     ],
     [
      -115.211871,
      47.311477
     ],
     [
      -115.226199,
      47.313137
     ],
     [
      -115.229921,
      47.312663
     ],
     [
      -115.23217,
      47.311674
     ],
     [
      -115.233932,
      47.311731
     ],
     [
      -115.237028,
      47.313996
     ],
     [
      -115.24187,
      47.315303
     ],
     [
      -115.245111,
      47.317209
     ],
     [
      -115.246871,
      47.320151
     ],
     [
      -115.251398,
      47.322485
     ],
     [
      -115.251748,
      47.323412
     ],
     [
      -115.251456,
      47.325079
     ],
     [
      -115.252183,
      47.326062
     ],
     [
      -115.255591,
      47.32669
     ],
     [
      -115.25707,
      47.327263
     ],
     [
      -115.259671,
      47.330192
     ],
     [
      -115.260705,
      47.33077
     ],
     [
      -115.263874,
      47.330732
     ],
     [
      -115.265491,
      47.331007
     ],
     [
      -115.267721,
      47.333155
     ],
     [
      -115.271392,
      47.33499
     ],
     [
      -115.27187,
      47.335843
     ],
     [
      -115.271571,
      47.337351
     ],
     [
      -115.271846,
      47.338067
     ],
     [
      -115.272929,
      47.338736
     ],
     [
      -115.275454,
      47.339292
     ],
     [
      -115.276142,
      47.340058
     ],
     [
      -115.276118,
      47.342314
     ],
     [
      -115.275294,
      47.344186
     ],
     [
      -115.276322,
      47.345374
     ],
     [
      -115.277443,
      47.345641
     ],
     [
      -115.278998,
      47.345368
     ],
     [
      -115.279827,
      47.344543
     ],
     [
      -115.280289,
      47.342727
     ],
     [
      -115.281426,
      47.342009
     ],
     [
      -115.283903,
      47.341402
     ],
     [
      -115.285369,
      47.341661
     ],
     [
      -115.287846,
      47.344942
     ],
     [
      -115.292162,
      47.347597
     ],
     [
      -115.292958,
      47.352043
     ],
     [
      -115.293667,
      47.352895
     ],
     [
      -115.30101,
      47.355792
     ],
     [
      -115.31951,
      47.360377
     ],
     [
      -115.354647,
      47.376921
     ],
     [
      -115.357044,
      47.377762
     ],
     [
      -115.358932,
      47.377994
     ],
     [
      -115.361345,
      47.377807
     ],
     [
      -115.374449,
      47.374563
     ],
     [
      -115.377432,
      47.374478
     ],
     [
      -115.380275,
      47.374882
     ],
     [
      -115.383284,
      47.37595
     ],
     [
      -115.398658,
      47.383213
     ],
     [
      -115.429824,
      47.392164
     ],
     [
      -115.435114,
      47.394253
     ],
     [
      -115.437077,
      47.394438
     ],
     [
      -115.442749,
      47.393509
     ],
     [
      -115.449435,
      47.393236
     ],
     [
      -115.451782,
      47.393459
     ],
     [
      -115.454504,
      47.394484
     ],
     [
      -115.458352,
      47.397312
     ],
     [
      -115.460943,
      47.397942
     ],
     [
      -115.462525,
      47.399456
     ],
     [
      -115.464433,
      47.400392
     ],
     [
      -115.466515,
      47.400628
     ],
     [
      -115.47045,
      47.39994
     ],
     [
      -115.472079,
      47.399975
     ],
     [
      -115.474351,
      47.400633
     ],
     [
      -115.477264,
      47.402843
     ],
     [
      -115.478345,
      47.403256
     ],
     [
      -115.480007,
      47.403209
     ],
     [
      -115.482803,
      47.40241
     ],
     [
      -115.484653,
      47.402466
     ],
     [
      -115.486767,
      47.402914
     ],
     [
      -115.489004,
      47.404081
     ],
     [
      -115.497867,
      47.406413
     ],
     [
      -115.50397,
      47.406016
     ],
     [
      -115.506348,
      47.406893
     ],
     [
      -115.509866,
      47.407501
     ],
     [
      -115.514572,
      47.409468
     ],
     [
      -115.519212,
      47.410608
     ],
     [
      -115.521947,
      47.41195
     ],
     [
      -115.525495,
      47.414254
     ],
     [
      -115.537007,
      47.41694
     ],
     [
      -115.538805,
      47.416606
     ],
     [
      -115.54054,
      47.41581
     ],
     [
      -115.543108,
      47.415684
     ],
     [
      -115.545528,
      47.414915
     ],
     [
      -115.549745,
      47.41567
     ],
     [
      -115.552489,
      47.41567
     ],
     [
      -115.556761,
      47.41616
     ],
     [
      -115.562824,
      47.415336
     ],
     [
      -115.567215,
      47.415287
     ],
     [
      -115.574129,
      47.413339
     ],
     [
      -115.576945,
      47.413371
     ],
     [
      -115.581106,
      47.414367
     ],
     [
      -115.583157,
      47.414367
     ],
     [
      -115.585392,
      47.413128
     ],
     [
      -115.586655,
      47.411101
     ],
     [
      -115.586954,
      47.410231
     ],
     [
      -115.586183,
      47.408073
     ],
     [
      -115.586338,
      47.406827
     ],
     [
      -115.588017,
      47.405433
     ],
     [
      -115.590518,
      47.401698
     ],
     [
      -115.591425,
      47.401041
     ],
     [
      -115.592925,
      47.400809
     ],
     [
      -115.594499,
      47.401488
     ],
     [
      -115.594869,
      47.402721
     ],
     [
      -115.591109,
      47.405635
     ],
     [
      -115.589994,
      47.407147
     ],
     [
      -115.589976,
      47.407942
     ],
     [
      -115.591249,
      47.409997
     ],
     [
      -115.590187,
      47.412132
     ],
     [
      -115.590271,
      47.413147
     ],
     [
      -115.590821,
      47.413678
     ],
     [
      -115.593265,
      47.414539
     ],
     [
      -115.595226,
      47.415865
     ],
     [
      -115.598265,
      47.415482
     ],
     [
      -115.602055,
      47.415437
     ],
     [
      -115.60553,
      47.413356
     ],
     [
      -115.606688,
      47.411894
     ],
     [
      -115.612342,
      47.410963
     ],
     [
      -115.621065,
      47.4069
     ],
     [
      -115.622089,
      47.406098
     ],
     [
      -115.622973,
      47.403863
     ],
     [
      -115.626971,
      47.402731
     ],
     [
      -115.632061,
      47.400094
     ],
     [
      -115.636786,
      47.394727
     ],
     [
      -115.666695,
      47.381326
     ],
     [
      -115.667471,
      47.38068
     ],
     [
      -115.66843,
      47.378576
     ],
     [
      -115.667944,
      47.375851
     ],
     [
      -115.6686,
      47.374276
     ],
     [
      -115.668579,
      47.372471
     ],
     [
      -115.666973,
      47.370055
     ],
     [
      -115.66747,
      47.367413
     ],
     [
      -115.668499,
      47.365224
     ],
     [
      -115.668086,
      47.361876
     ],
     [
      -115.667398,
      47.360682
     ],
     [
      -115.666015,
      47.36025
     ],
     [
      -115.662584,
      47.360388
     ],
     [
      -115.660426,
      47.359242
     ],
     [
      -115.656623,
      47.358979
     ],
     [
      -115.655116,
      47.359637
     ],
     [
      -115.653819,
      47.361511
     ],
     [
      -115.652545,
      47.362543
     ],
     [
      -115.651982,
      47.36222
     ],
     [
      -115.651646,
      47.361424
     ],
     [
      -115.643788,
      47.359805
     ],
     [
      -115.642748,
      47.358761
     ],
     [
      -115.642676,
      47.353685
     ],
     [
      -115.641685,
      47.352557
     ],
     [
      -115.636434,
      47.351515
     ],
     [
      -115.634842,
      47.35002
     ],
     [
      -115.632439,
      47.349266
     ],
     [
      -115.631007,
      47.348008
     ],
     [
      -115.625326,
      47.344828
     ],
     [
      -115.618461,
      47.343611
     ],
     [
      -115.614658,
      47.343406
     ],
     [
      -115.610871,
      47.341938
     ],
     [
      -115.607251,
      47.341864
     ],
     [
      -115.605936,
      47.340527
     ],
     [
      -115.606341,
      47.339659
     ],
     [
      -115.607449,
      47.339033
     ],
     [
      -115.608937,
      47.338973
     ],
     [
      -115.61323,
      47.341095
     ],
     [
      -115.615254,
      47.341569
     ],
     [
      -115.621113,
      47.341464
     ],
     [
      -115.622134,
      47.341163
     ],
     [
      -115.624086,
      47.339916
     ],
     [
      -115.625772,
      47.339944
     ],
     [
      -115.627891,
      47.340895
     ],
     [
      -115.630187,
      47.343965
     ],
     [
      -115.6359,
      47.346993
     ],
     [
      -115.639012,
      47.347806
     ],
     [
      -115.642297,
      47.348008
     ],
     [
      -115.644996,
      47.348991
     ],
     [
      -115.649518,
      47.349266
     ],
     [
      -115.65165,
      47.349781
     ],
     [
      -115.652529,
      47.35027
     ],
     [
      -115.653643,
      47.352558
     ],
     [
      -115.654883,
      47.353065
     ],
     [
      -115.656742,
      47.353296
     ],
     [
      -115.657978,
      47.353194
     ],
     [
      -115.658951,
      47.352719
     ],
     [
      -115.660017,
      47.350854
     ],
     [
      -115.663804,
      47.348101
     ],
     [
      -115.665321,
      47.347676
     ],
     [
      -115.669104,
      47.347404
     ],
     [
      -115.676896,
      47.34923
     ],
     [
      -115.680327,
      47.35308
     ],
     [
      -115.684308,
      47.355686
     ],
     [
      -115.687226,
      47.356151
     ],
     [
      -115.691834,
      47.356006
     ],
     [
      -115.697659,
      47.356317
     ],
     [
      -115.700913,
      47.357399
     ],
     [
      -115.708496,
      47.357518
     ],
     [
      -115.711454,
      47.35713
     ],
     [
      -115.714254,
      47.357212
     ],
     [
      -115.722189,
      47.355091
     ],
     [
      -115.726225,
      47.355116
     ],
     [
      -115.730525,
      47.353851
     ],
     [
      -115.732122,
      47.35286
     ],
     [
      -115.735751,
      47.352101
     ],
     [
      -115.736666,
      47.350982
     ],
     [
      -115.736197,
      47.349565
     ],
     [
      -115.736528,
      47.348266
     ],
     [
      -115.738431,
      47.346448
     ],
     [
      -115.741612,
      47.345265
     ],
     [
      -115.742478,
      47.342456
     ],
     [
      -115.74527,
      47.341489
     ],
     [
      -115.749172,
      47.340907
     ],
     [
      -115.750135,
      47.340235
     ],
     [
      -115.750416,
      47.338329
     ],
     [
      -115.751684,
      47.335979
     ],
     [
      -115.754512,
      47.334354
     ],
     [
      -115.75473,
      47.333389
     ],
     [
      -115.753793,
      47.331655
     ],
     [
      -115.754045,
      47.330817
     ],
     [
      -115.756488,
      47.329351
     ],
     [
      -115.760573,
      47.325733
     ],
     [
      -115.760732,
      47.324888
     ],
     [
      -115.759912,
      47.323117
     ],
     [
      -115.760301,
      47.319463
     ],
     [
      -115.764443,
      47.315503
     ],
     [
      -115.764674,
      47.313581
     ],
     [
      -115.766741,
      47.310759
     ],
     [
      -115.766128,
      47.309023
     ],
     [
      -115.765836,
      47.304495
     ],
     [
      -115.766165,
      47.303675
     ],
     [
      -115.767094,
      47.303105
     ],
     [
      -115.769459,
      47.302513
     ],
     [
      -115.773413,
      47.300919
     ],
     [
      -115.774495,
      47.29886
     ],
     [
      -115.776539,
      47.297827
     ],
     [
      -115.77757,
      47.296513
     ],
     [
      -115.777259,
      47.295407
     ],
     [
      -115.775716,
      47.294434
     ],
     [
      -115.775196,
      47.293721
     ],
     [
      -115.77534,
      47.292154
     ],
     [
      -115.774378,
      47.29019
     ],
     [
      -115.774549,
      47.286672
     ],
     [
      -115.772677,
      47.27972
     ],
     [
      -115.773263,
      47.277463
     ],
     [
      -115.771783,
      47.274224
     ],
     [
      -115.772107,
      47.273403
     ],
     [
      -115.773731,
      47.272185
     ],
     [
      -115.775848,
      47.269609
     ],
     [
      -115.775832,
      47.26875
     ],
     [
      -115.775019,
      47.267352
     ],
     [
      -115.775544,
      47.266305
     ],
     [
      -115.776536,
      47.265776
     ],
     [
      -115.77941,
      47.265349
     ],
     [
      -115.78245,
      47.263971
     ],
     [
      -115.783888,
      47.264141
     ],
     [
      -115.786223,
      47.265371
     ],
     [
      -115.788357,
      47.265333
     ],
     [
      -115.791907,
      47.262823
     ],
     [
      -115.792324,
      47.260854
     ],
     [
      -115.795076,
      47.259248
     ],
     [
      -115.796177,
      47.256893
     ],
     [
      -115.798899,
      47.256172
     ],
     [
      -115.799963,
      47.255512
     ],
     [
      -115.79987,
      47.254062
     ]
    ]
   }
  },
  {
   "type": "Feature",
   "properties": {
    "company": "Chicago, Milwaukee, St. Paul and Pacific Railroad",
    "line": "Milwaukee Road: Avery – Spokane – Othello",
    "id": "milw-pacific-ext-avery-othello",
    "color": "#C25E00",
    "mode": "intercity_rail",
    "avg_speed_kmh": 78,
    "speed_source": "end-to-end average, not a track speed: the Feb 1952 Guide advertises the Olympian Hiawatha at 'only 45 hours Chicago to Puget Sound' over the 2,188-mile route, which is 48.6 mph / 78 km/h including every stop. Applied to each leg of the through route; the leg-by-leg figure is NOT separately sourced.",
    "geometry_source": "OpenStreetMap via Overpass (mail.ru mirror), 2026-08-30: all railway ways in the corridor, weighted by old_railway_operator (Milwaukee 1.0, untagged 3.0, another named operator 40.0) plus the rail-trails built on the abandoned grade, routed waypoint to waypoint with a corridor-masked Dijkstra over 8 snap candidates per waypoint chosen by dynamic programming.",
    "geometry_quality": "Traced from OpenStreetMap: 227.0 mi, against the report's ~112 mi for Avery - Spokane (the trace reaches Spokane at 105.6 mi, a 6% difference) plus a further 120 mi Spokane - Othello for which the report gives no mileage. No straight-line approximation. All nine waypoints lie within 1.4 km of the drawn line. *** COMPANY-OF-TRACK CAVEAT, the important one on this feature: only 125.9 mi runs on ways OSM tags as the Milwaukee Road. About 79 mi - Spokane, Cheney and on south-west towards Marengo - runs on ways OSM tags Union Pacific, and 16 mi on BNSF-named ways. That is not obviously an error: the Milwaukee's OWN main line across the Palouse ran well to the south through Tekoa, Rosalia, Malden and Ewan (10-27 km away, and by 1951 printed in the Guide as a separate local table), while the through trains ran via Spokane, which is what Table 1 prints. The Milwaukee is understood to have reached Spokane over another company's rails, but THAT ARRANGEMENT WAS NOT SOURCED in this pass, so the drawn alignment between Plummer Junction and Marengo should be treated as unverified. The company's own Palouse main line (report block [65], drawable 1910-1925) is NOT drawn.",
    "segments": [
     {
      "start": 1909,
      "end": 1961,
      "headway_min": 720,
      "note": "Idaho Division and the through route across eastern Washington: Avery - Calder - St. Maries - Plummer Junction - Spokane - Cheney - Marengo - Ralston - Lind - Warden - Othello. This is the station order the Feb 1952 Guide's Table 1 actually prints, read off the through-train column. Avery - Othello was the unelectrified gap between the Rocky Mountain and Coast Divisions and was steam and then diesel throughout. Spokane was the Olympian Hiawatha's largest intermediate stop west of Butte. Headway 720 min = the two daily through trains each way the Guide itself advertises: 'THE MILWAUKEE ROAD offers double daily service -- the Diesel and electrically operated Olympian Hiawatha and The Columbian.' That is a counted frequency, not an estimate.",
      "sources": [
       "Segment-level: the Feb 1952 Official Guide, Table 1, prints this leg with real clock times, which is what fixes 1951 as a year of passenger service on it. The 1909 opening of the Pacific Coast Extension (14 May 1909) and the 22 May 1961 discontinuance of the Olympian Hiawatha are taken from the research report's blocks [6]-[11], which cite Wikipedia for both -- they were NOT re-verified here.",
       "research/branches/chicago_milwaukee_st_paul_and_pacific_railroad.txt (this feature was built from that report; it is a starting point, not a citation)",
       "research/sources/official_guide_1952.txt (Official Guide of the Railways, Feb 1952, schedules effective 30 Sept 1951)",
       "https://en.wikipedia.org/wiki/Chicago,_Milwaukee,_St._Paul_and_Pacific_Railroad"
      ]
     }
    ]
   },
   "geometry": {
    "type": "LineString",
    "coordinates": [
     [
      -115.809666,
      47.251266
     ],
     [
      -115.812486,
      47.251242
     ],
     [
      -115.820075,
      47.249839
     ],
     [
      -115.824458,
      47.249751
     ],
     [
      -115.833467,
      47.250748
     ],
     [
      -115.835162,
      47.251297
     ],
     [
      -115.838077,
      47.252923
     ],
     [
      -115.841172,
      47.253233
     ],
     [
      -115.843016,
      47.252943
     ],
     [
      -115.844939,
      47.252214
     ],
     [
      -115.847204,
      47.249913
     ],
     [
      -115.848732,
      47.249188
     ],
     [
      -115.850839,
      47.248796
     ],
     [
      -115.856179,
      47.248738
     ],
     [
      -115.85795,
      47.249138
     ],
     [
      -115.863314,
      47.251411
     ],
     [
      -115.864063,
      47.252579
     ],
     [
      -115.86377,
      47.255094
     ],
     [
      -115.864093,
      47.256151
     ],
     [
      -115.865901,
      47.257636
     ],
     [
      -115.867951,
      47.258179
     ],
     [
      -115.871677,
      47.257944
     ],
     [
      -115.873904,
      47.25615
     ],
     [
      -115.875329,
      47.255742
     ],
     [
      -115.881525,
      47.256393
     ],
     [
      -115.887313,
      47.255463
     ],
     [
      -115.890336,
      47.256015
     ],
     [
      -115.893152,
      47.255877
     ],
     [
      -115.896504,
      47.256432
     ],
     [
      -115.899977,
      47.256352
     ],
     [
      -115.90616,
      47.254847
     ],
     [
      -115.913109,
      47.254779
     ],
     [
      -115.916612,
      47.253334
     ],
     [
      -115.917828,
      47.253141
     ],
     [
      -115.919247,
      47.253503
     ],
     [
      -115.921609,
      47.255205
     ],
     [
      -115.925963,
      47.255445
     ],
     [
      -115.929953,
      47.257526
     ],
     [
      -115.932087,
      47.257857
     ],
     [
      -115.936729,
      47.257262
     ],
     [
      -115.938128,
      47.256769
     ],
     [
      -115.942319,
      47.251268
     ],
     [
      -115.944711,
      47.249278
     ],
     [
      -115.946029,
      47.24871
     ],
     [
      -115.947553,
      47.248872
     ],
     [
      -115.950307,
      47.250646
     ],
     [
      -115.9518,
      47.250968
     ],
     [
      -115.953607,
      47.250611
     ],
     [
      -115.956454,
      47.248924
     ],
     [
      -115.957611,
      47.248623
     ],
     [
      -115.963466,
      47.250053
     ],
     [
      -115.966294,
      47.249952
     ],
     [
      -115.970905,
      47.249299
     ],
     [
      -115.972084,
      47.249582
     ],
     [
      -115.974549,
      47.251232
     ],
     [
      -115.977313,
      47.252258
     ],
     [
      -115.981929,
      47.252925
     ],
     [
      -115.98444,
      47.252867
     ],
     [
      -115.988161,
      47.250917
     ],
     [
      -115.990108,
      47.248986
     ],
     [
      -115.993959,
      47.247546
     ],
     [
      -115.999053,
      47.244614
     ],
     [
      -116.004548,
      47.242021
     ],
     [
      -116.005723,
      47.241728
     ],
     [
      -116.00785,
      47.241964
     ],
     [
      -116.013098,
      47.244457
     ],
     [
      -116.013435,
      47.245628
     ],
     [
      -116.012219,
      47.247847
     ],
     [
      -116.011941,
      47.249365
     ],
     [
      -116.012784,
      47.252019
     ],
     [
      -116.013386,
      47.252679
     ],
     [
      -116.014412,
      47.253035
     ],
     [
      -116.021066,
      47.252758
     ],
     [
      -116.026923,
      47.251705
     ],
     [
      -116.030898,
      47.252807
     ],
     [
      -116.032844,
      47.252784
     ],
     [
      -116.036703,
      47.251086
     ],
     [
      -116.039512,
      47.248437
     ],
     [
      -116.042898,
      47.246186
     ],
     [
      -116.044797,
      47.245497
     ],
     [
      -116.04709,
      47.245332
     ],
     [
      -116.048521,
      47.245905
     ],
     [
      -116.048975,
      47.24643
     ],
     [
      -116.049201,
      47.247654
     ],
     [
      -116.048563,
      47.250027
     ],
     [
      -116.050509,
      47.25262
     ],
     [
      -116.049224,
      47.255035
     ],
     [
      -116.04996,
      47.260086
     ],
     [
      -116.050823,
      47.26122
     ],
     [
      -116.053384,
      47.263204
     ],
     [
      -116.056375,
      47.264813
     ],
     [
      -116.058364,
      47.265516
     ],
     [
      -116.069581,
      47.266674
     ],
     [
      -116.07314,
      47.268086
     ],
     [
      -116.079926,
      47.268963
     ],
     [
      -116.085417,
      47.270355
     ],
     [
      -116.092716,
      47.269965
     ],
     [
      -116.106272,
      47.272606
     ],
     [
      -116.108372,
      47.271917
     ],
     [
      -116.111819,
      47.268775
     ],
     [
      -116.113653,
      47.268072
     ],
     [
      -116.11521,
      47.268044
     ],
     [
      -116.122207,
      47.269226
     ],
     [
      -116.128997,
      47.268062
     ],
     [
      -116.13378,
      47.269469
     ],
     [
      -116.140584,
      47.268709
     ],
     [
      -116.144805,
      47.266172
     ],
     [
      -116.146137,
      47.265966
     ],
     [
      -116.147839,
      47.266524
     ],
     [
      -116.148772,
      47.268034
     ],
     [
      -116.149588,
      47.268653
     ],
     [
      -116.152163,
      47.269272
     ],
     [
      -116.161415,
      47.270079
     ],
     [
      -116.164993,
      47.269933
     ],
     [
      -116.168421,
      47.270552
     ],
     [
      -116.173528,
      47.270895
     ],
     [
      -116.178668,
      47.272719
     ],
     [
      -116.18354,
      47.273418
     ],
     [
      -116.187348,
      47.274731
     ],
     [
      -116.206371,
      47.278389
     ],
     [
      -116.208839,
      47.278154
     ],
     [
      -116.220667,
      47.274673
     ],
     [
      -116.231357,
      47.272337
     ],
     [
      -116.232785,
      47.272173
     ],
     [
      -116.234008,
      47.272389
     ],
     [
      -116.235472,
      47.273235
     ],
     [
      -116.23856,
      47.276408
     ],
     [
      -116.240013,
      47.277438
     ],
     [
      -116.246144,
      47.279732
     ],
     [
      -116.257404,
      47.286193
     ],
     [
      -116.257679,
      47.287232
     ],
     [
      -116.25654,
      47.290938
     ],
     [
      -116.257526,
      47.293389
     ],
     [
      -116.262555,
      47.29768
     ],
     [
      -116.266241,
      47.298746
     ],
     [
      -116.270555,
      47.300676
     ],
     [
      -116.271739,
      47.301939
     ],
     [
      -116.272647,
      47.304218
     ],
     [
      -116.272944,
      47.305844
     ],
     [
      -116.272473,
      47.307298
     ],
     [
      -116.267343,
      47.313198
     ],
     [
      -116.268557,
      47.316706
     ],
     [
      -116.26939,
      47.317436
     ],
     [
      -116.27261,
      47.318907
     ],
     [
      -116.276469,
      47.319427
     ],
     [
      -116.278828,
      47.321324
     ],
     [
      -116.282338,
      47.32275
     ],
     [
      -116.28398,
      47.322667
     ],
     [
      -116.287006,
      47.321562
     ],
     [
      -116.293934,
      47.321464
     ],
     [
      -116.295549,
      47.320336
     ],
     [
      -116.29875,
      47.315654
     ],
     [
      -116.299743,
      47.314824
     ],
     [
      -116.308957,
      47.312708
     ],
     [
      -116.314815,
      47.313155
     ],
     [
      -116.31778,
      47.313728
     ],
     [
      -116.321156,
      47.314756
     ],
     [
      -116.326382,
      47.316973
     ],
     [
      -116.329626,
      47.317453
     ],
     [
      -116.335568,
      47.31738
     ],
     [
      -116.338979,
      47.316656
     ],
     [
      -116.347193,
      47.315615
     ],
     [
      -116.348967,
      47.315079
     ],
     [
      -116.35089,
      47.313962
     ],
     [
      -116.353546,
      47.313715
     ],
     [
      -116.358888,
      47.315654
     ],
     [
      -116.365195,
      47.315663
     ],
     [
      -116.367375,
      47.315967
     ],
     [
      -116.378681,
      47.319596
     ],
     [
      -116.382337,
      47.320306
     ],
     [
      -116.389565,
      47.320855
     ],
     [
      -116.405647,
      47.325173
     ],
     [
      -116.431184,
      47.326599
     ],
     [
      -116.434457,
      47.326274
     ],
     [
      -116.440401,
      47.324801
     ],
     [
      -116.445639,
      47.324926
     ],
     [
      -116.446891,
      47.325258
     ],
     [
      -116.452164,
      47.328009
     ],
     [
      -116.456524,
      47.328933
     ],
     [
      -116.459172,
      47.330289
     ],
     [
      -116.460273,
      47.331267
     ],
     [
      -116.460536,
      47.332007
     ],
     [
      -116.459828,
      47.337276
     ],
     [
      -116.460645,
      47.338599
     ],
     [
      -116.462003,
      47.33898
     ],
     [
      -116.472349,
      47.33679
     ],
     [
      -116.480069,
      47.333782
     ],
     [
      -116.493615,
      47.333272
     ],
     [
      -116.495696,
      47.333585
     ],
     [
      -116.496388,
      47.334024
     ],
     [
      -116.497186,
      47.336634
     ],
     [
      -116.498465,
      47.33726
     ],
     [
      -116.499225,
      47.337328
     ],
     [
      -116.504567,
      47.335724
     ],
     [
      -116.508829,
      47.335936
     ],
     [
      -116.51028,
      47.336262
     ],
     [
      -116.516048,
      47.33936
     ],
     [
      -116.519243,
      47.339897
     ],
     [
      -116.522531,
      47.339523
     ],
     [
      -116.524322,
      47.338783
     ],
     [
      -116.527559,
      47.336526
     ],
     [
      -116.529736,
      47.33549
     ],
     [
      -116.531828,
      47.33511
     ],
     [
      -116.537672,
      47.335099
     ],
     [
      -116.539848,
      47.33452
     ],
     [
      -116.541572,
      47.33361
     ],
     [
      -116.542781,
      47.332506
     ],
     [
      -116.543552,
      47.331179
     ],
     [
      -116.544913,
      47.323403
     ],
     [
      -116.545995,
      47.321552
     ],
     [
      -116.547491,
      47.320424
     ],
     [
      -116.555119,
      47.316662
     ],
     [
      -116.558093,
      47.315719
     ],
     [
      -116.561812,
      47.315876
     ],
     [
      -116.57043,
      47.31898
     ],
     [
      -116.577202,
      47.320077
     ],
     [
      -116.596335,
      47.320853
     ],
     [
      -116.599213,
      47.320428
     ],
     [
      -116.606519,
      47.318366
     ],
     [
      -116.61054,
      47.318231
     ],
     [
      -116.61369,
      47.318975
     ],
     [
      -116.616123,
      47.32026
     ],
     [
      -116.620373,
      47.325039
     ],
     [
      -116.622988,
      47.327248
     ],
     [
      -116.625568,
      47.328625
     ],
     [
      -116.627668,
      47.329073
     ],
     [
      -116.636378,
      47.329664
     ],
     [
      -116.643323,
      47.331668
     ],
     [
      -116.652004,
      47.331142
     ],
     [
      -116.654032,
      47.331499
     ],
     [
      -116.656444,
      47.332593
     ],
     [
      -116.661057,
      47.33697
     ],
     [
      -116.662111,
      47.341174
     ],
     [
      -116.663389,
      47.343013
     ],
     [
      -116.669487,
      47.346905
     ],
     [
      -116.673938,
      47.35023
     ],
     [
      -116.676703,
      47.353517
     ],
     [
      -116.679041,
      47.35451
     ],
     [
      -116.682698,
      47.354785
     ],
     [
      -116.68637,
      47.355713
     ],
     [
      -116.688746,
      47.355578
     ],
     [
      -116.704633,
      47.34978
     ],
     [
      -116.706396,
      47.349908
     ],
     [
      -116.708753,
      47.351274
     ],
     [
      -116.710567,
      47.351478
     ],
     [
      -116.713276,
      47.350307
     ],
     [
      -116.716528,
      47.350185
     ],
     [
      -116.717528,
      47.34985
     ],
     [
      -116.719719,
      47.347656
     ],
     [
      -116.724247,
      47.346758
     ],
     [
      -116.728505,
      47.348111
     ],
     [
      -116.736114,
      47.347974
     ],
     [
      -116.737621,
      47.34821
     ],
     [
      -116.738518,
      47.348778
     ],
     [
      -116.739435,
      47.350791
     ],
     [
      -116.740238,
      47.351565
     ],
     [
      -116.740942,
      47.351843
     ],
     [
      -116.743884,
      47.352039
     ],
     [
      -116.745888,
      47.35318
     ],
     [
      -116.74711,
      47.353485
     ],
     [
      -116.753729,
      47.352851
     ],
     [
      -116.760185,
      47.35405
     ],
     [
      -116.761176,
      47.353832
     ],
     [
      -116.763231,
      47.352509
     ],
     [
      -116.764908,
      47.351884
     ],
     [
      -116.766791,
      47.350463
     ],
     [
      -116.769754,
      47.349975
     ],
     [
      -116.771756,
      47.350098
     ],
     [
      -116.777118,
      47.351827
     ],
     [
      -116.783075,
      47.351172
     ],
     [
      -116.784966,
      47.352363
     ],
     [
      -116.785847,
      47.354442
     ],
     [
      -116.788906,
      47.357529
     ],
     [
      -116.79326,
      47.358747
     ],
     [
      -116.796748,
      47.358528
     ],
     [
      -116.799728,
      47.359909
     ],
     [
      -116.802507,
      47.36036
     ],
     [
      -116.806363,
      47.361701
     ],
     [
      -116.810127,
      47.361958
     ],
     [
      -116.811351,
      47.361817
     ],
     [
      -116.812292,
      47.361314
     ],
     [
      -116.812796,
      47.360536
     ],
     [
      -116.812692,
      47.358434
     ],
     [
      -116.813497,
      47.356513
     ],
     [
      -116.814909,
      47.355735
     ],
     [
      -116.818506,
      47.354658
     ],
     [
      -116.821832,
      47.351388
     ],
     [
      -116.823164,
      47.351031
     ],
     [
      -116.824753,
      47.351645
     ],
     [
      -116.824887,
      47.35309
     ],
     [
      -116.82197,
      47.35461
     ],
     [
      -116.819922,
      47.356806
     ],
     [
      -116.817434,
      47.358179
     ],
     [
      -116.816629,
      47.359643
     ],
     [
      -116.816664,
      47.360603
     ],
     [
      -116.817608,
      47.362408
     ],
     [
      -116.818887,
      47.363024
     ],
     [
      -116.823431,
      47.364666
     ],
     [
      -116.82656,
      47.365235
     ],
     [
      -116.83073,
      47.364341
     ],
     [
      -116.832175,
      47.3637
     ],
     [
      -116.833183,
      47.362922
     ],
     [
      -116.836104,
      47.359058
     ],
     [
      -116.842173,
      47.355704
     ],
     [
      -116.843541,
      47.350648
     ],
     [
      -116.844274,
      47.349633
     ],
     [
      -116.845554,
      47.348729
     ],
     [
      -116.848455,
      47.347549
     ],
     [
      -116.85338,
      47.346827
     ],
     [
      -116.855267,
      47.346231
     ],
     [
      -116.860124,
      47.343183
     ],
     [
      -116.863709,
      47.341613
     ],
     [
      -116.865031,
      47.340068
     ],
     [
      -116.865956,
      47.339572
     ],
     [
      -116.871074,
      47.339497
     ],
     [
      -116.869683,
      47.340095
     ],
     [
      -116.868454,
      47.342171
     ],
     [
      -116.864128,
      47.342936
     ],
     [
      -116.860577,
      47.345502
     ],
     [
      -116.85576,
      47.347912
     ],
     [
      -116.854171,
      47.349675
     ],
     [
      -116.853899,
      47.351617
     ],
     [
      -116.854513,
      47.353032
     ],
     [
      -116.855745,
      47.35422
     ],
     [
      -116.860545,
      47.356262
     ],
     [
      -116.862621,
      47.357891
     ],
     [
      -116.876234,
      47.380883
     ],
     [
      -116.877534,
      47.384084
     ],
     [
      -116.876344,
      47.389657
     ],
     [
      -116.876975,
      47.391568
     ],
     [
      -116.878178,
      47.393204
     ],
     [
      -116.880474,
      47.394933
     ],
     [
      -116.883808,
      47.396565
     ],
     [
      -116.889839,
      47.398274
     ],
     [
      -116.894727,
      47.398769
     ],
     [
      -116.906518,
      47.398733
     ],
     [
      -116.911658,
      47.399716
     ],
     [
      -116.914596,
      47.400974
     ],
     [
      -116.919432,
      47.40423
     ],
     [
      -116.922943,
      47.406003
     ],
     [
      -116.946919,
      47.414523
     ],
     [
      -116.950631,
      47.416279
     ],
     [
      -116.953226,
      47.418013
     ],
     [
      -116.961651,
      47.425921
     ],
     [
      -116.963752,
      47.427491
     ],
     [
      -116.967246,
      47.429404
     ],
     [
      -116.973811,
      47.432066
     ],
     [
      -116.978368,
      47.435057
     ],
     [
      -116.981319,
      47.438408
     ],
     [
      -116.987136,
      47.449974
     ],
     [
      -116.988634,
      47.451965
     ],
     [
      -116.991532,
      47.453572
     ],
     [
      -116.999773,
      47.455413
     ],
     [
      -117.002474,
      47.456859
     ],
     [
      -117.003911,
      47.458802
     ],
     [
      -117.005036,
      47.463289
     ],
     [
      -117.006172,
      47.465028
     ],
     [
      -117.013493,
      47.472166
     ],
     [
      -117.017297,
      47.474833
     ],
     [
      -117.069701,
      47.499982
     ],
     [
      -117.074554,
      47.50174
     ],
     [
      -117.078496,
      47.502518
     ],
     [
      -117.082956,
      47.502812
     ],
     [
      -117.087625,
      47.502488
     ],
     [
      -117.093659,
      47.501399
     ],
     [
      -117.096771,
      47.501569
     ],
     [
      -117.099815,
      47.502739
     ],
     [
      -117.107367,
      47.507954
     ],
     [
      -117.109736,
      47.508814
     ],
     [
      -117.112216,
      47.509186
     ],
     [
      -117.114756,
      47.509152
     ],
     [
      -117.13117,
      47.50691
     ],
     [
      -117.136921,
      47.506507
     ],
     [
      -117.14348,
      47.507022
     ],
     [
      -117.15016,
      47.506929
     ],
     [
      -117.155972,
      47.507493
     ],
     [
      -117.163587,
      47.507205
     ],
     [
      -117.171566,
      47.508237
     ],
     [
      -117.174,
      47.509157
     ],
     [
      -117.177368,
      47.512005
     ],
     [
      -117.18296,
      47.51437
     ],
     [
      -117.196219,
      47.522033
     ],
     [
      -117.197473,
      47.523347
     ],
     [
      -117.199992,
      47.527226
     ],
     [
      -117.203468,
      47.530017
     ],
     [
      -117.205585,
      47.533954
     ],
     [
      -117.210628,
      47.53696
     ],
     [
      -117.214341,
      47.541292
     ],
     [
      -117.214442,
      47.54253
     ],
     [
      -117.213026,
      47.548968
     ],
     [
      -117.21375,
      47.560966
     ],
     [
      -117.215105,
      47.563775
     ],
     [
      -117.219187,
      47.568279
     ],
     [
      -117.220394,
      47.572485
     ],
     [
      -117.222675,
      47.574129
     ],
     [
      -117.224127,
      47.576317
     ],
     [
      -117.226279,
      47.576981
     ],
     [
      -117.227484,
      47.576809
     ],
     [
      -117.228482,
      47.576303
     ],
     [
      -117.231303,
      47.572578
     ],
     [
      -117.232693,
      47.571756
     ],
     [
      -117.234139,
      47.571632
     ],
     [
      -117.242014,
      47.572576
     ],
     [
      -117.243297,
      47.573287
     ],
     [
      -117.244922,
      47.575621
     ],
     [
      -117.247181,
      47.577564
     ],
     [
      -117.248873,
      47.579823
     ],
     [
      -117.250461,
      47.583858
     ],
     [
      -117.251334,
      47.587864
     ],
     [
      -117.253196,
      47.589829
     ],
     [
      -117.253547,
      47.593489
     ],
     [
      -117.249574,
      47.601439
     ],
     [
      -117.248942,
      47.607246
     ],
     [
      -117.248094,
      47.608277
     ],
     [
      -117.245707,
      47.609846
     ],
     [
      -117.245026,
      47.610647
     ],
     [
      -117.244337,
      47.611969
     ],
     [
      -117.244349,
      47.613173
     ],
     [
      -117.245731,
      47.61466
     ],
     [
      -117.258635,
      47.62079
     ],
     [
      -117.261189,
      47.62267
     ],
     [
      -117.263241,
      47.62478
     ],
     [
      -117.280341,
      47.652923
     ],
     [
      -117.280401,
      47.653806
     ],
     [
      -117.279865,
      47.654489
     ],
     [
      -117.27713,
      47.654977
     ],
     [
      -117.279651,
      47.655254
     ],
     [
      -117.285086,
      47.657157
     ],
     [
      -117.287354,
      47.657606
     ],
     [
      -117.31172,
      47.657717
     ],
     [
      -117.318404,
      47.658224
     ],
     [
      -117.321206,
      47.659304
     ],
     [
      -117.322616,
      47.659514
     ],
     [
      -117.342946,
      47.659546
     ],
     [
      -117.344511,
      47.659183
     ],
     [
      -117.346602,
      47.658119
     ],
     [
      -117.348111,
      47.65784
     ],
     [
      -117.36912,
      47.657867
     ],
     [
      -117.371201,
      47.658265
     ],
     [
      -117.377733,
      47.660499
     ],
     [
      -117.378983,
      47.660649
     ],
     [
      -117.393178,
      47.658178
     ],
     [
      -117.396871,
      47.658243
     ],
     [
      -117.399863,
      47.658948
     ],
     [
      -117.401623,
      47.658981
     ],
     [
      -117.40905,
      47.657829
     ],
     [
      -117.41254,
      47.656637
     ],
     [
      -117.417273,
      47.655641
     ],
     [
      -117.432671,
      47.65549
     ],
     [
      -117.434976,
      47.654834
     ],
     [
      -117.443758,
      47.650609
     ],
     [
      -117.451156,
      47.647467
     ],
     [
      -117.452248,
      47.646718
     ],
     [
      -117.452878,
      47.64565
     ],
     [
      -117.452758,
      47.644314
     ],
     [
      -117.443157,
      47.612631
     ],
     [
      -117.443318,
      47.610062
     ],
     [
      -117.446081,
      47.600637
     ],
     [
      -117.447455,
      47.598806
     ],
     [
      -117.462741,
      47.584358
     ],
     [
      -117.470354,
      47.575613
     ],
     [
      -117.472627,
      47.574102
     ],
     [
      -117.475563,
      47.57286
     ],
     [
      -117.489521,
      47.56983
     ],
     [
      -117.491955,
      47.568715
     ],
     [
      -117.49382,
      47.566716
     ],
     [
      -117.496308,
      47.560168
     ],
     [
      -117.497522,
      47.558355
     ],
     [
      -117.507642,
      47.551171
     ],
     [
      -117.508414,
      47.549752
     ],
     [
      -117.508545,
      47.548168
     ],
     [
      -117.505664,
      47.541286
     ],
     [
      -117.505421,
      47.539845
     ],
     [
      -117.505747,
      47.538428
     ],
     [
      -117.509176,
      47.532632
     ],
     [
      -117.509878,
      47.53081
     ],
     [
      -117.509725,
      47.527361
     ],
     [
      -117.508224,
      47.522752
     ],
     [
      -117.508522,
      47.521572
     ],
     [
      -117.509565,
      47.520294
     ],
     [
      -117.510567,
      47.519615
     ],
     [
      -117.513899,
      47.518375
     ],
     [
      -117.51609,
      47.516442
     ],
     [
      -117.517223,
      47.514225
     ],
     [
      -117.519802,
      47.512616
     ],
     [
      -117.522404,
      47.51201
     ],
     [
      -117.529537,
      47.511523
     ],
     [
      -117.53643,
      47.509678
     ],
     [
      -117.543102,
      47.505298
     ],
     [
      -117.544615,
      47.503537
     ],
     [
      -117.546175,
      47.500444
     ],
     [
      -117.547081,
      47.499438
     ],
     [
      -117.553079,
      47.496241
     ],
     [
      -117.555249,
      47.495682
     ],
     [
      -117.560882,
      47.495476
     ],
     [
      -117.562348,
      47.496176
     ],
     [
      -117.562251,
      47.497467
     ],
     [
      -117.564785,
      47.494813
     ],
     [
      -117.569535,
      47.491
     ],
     [
      -117.57103,
      47.492099
     ],
     [
      -117.575979,
      47.488025
     ],
     [
      -117.579346,
      47.481747
     ],
     [
      -117.575363,
      47.483992
     ],
     [
      -117.650422,
      47.440688
     ],
     [
      -117.738795,
      47.389184
     ],
     [
      -117.756885,
      47.375354
     ],
     [
      -117.766934,
      47.370044
     ],
     [
      -117.778163,
      47.361427
     ],
     [
      -117.78112,
      47.358108
     ],
     [
      -117.786465,
      47.349488
     ],
     [
      -117.787825,
      47.347963
     ],
     [
      -117.794439,
      47.342315
     ],
     [
      -117.806107,
      47.331228
     ],
     [
      -117.82126,
      47.321478
     ],
     [
      -117.834562,
      47.31385
     ],
     [
      -117.836657,
      47.312288
     ],
     [
      -117.844055,
      47.305308
     ],
     [
      -117.861113,
      47.297622
     ],
     [
      -117.883301,
      47.284666
     ],
     [
      -117.910531,
      47.277504
     ],
     [
      -117.932619,
      47.268883
     ],
     [
      -117.934557,
      47.267548
     ],
     [
      -117.936013,
      47.26598
     ],
     [
      -117.943084,
      47.253278
     ],
     [
      -117.94554,
      47.250941
     ],
     [
      -117.960422,
      47.244071
     ],
     [
      -117.973097,
      47.239314
     ],
     [
      -117.989472,
      47.229929
     ],
     [
      -118.028554,
      47.212051
     ],
     [
      -118.035663,
      47.208002
     ],
     [
      -118.038362,
      47.205829
     ],
     [
      -118.04066,
      47.203059
     ],
     [
      -118.04699,
      47.191246
     ],
     [
      -118.048834,
      47.185521
     ],
     [
      -118.057865,
      47.167086
     ],
     [
      -118.061479,
      47.159852
     ],
     [
      -118.063647,
      47.15665
     ],
     [
      -118.124135,
      47.103412
     ],
     [
      -118.126069,
      47.102516
     ],
     [
      -118.128659,
      47.100376
     ],
     [
      -118.129665,
      47.099348
     ],
     [
      -118.129705,
      47.098513
     ],
     [
      -118.14769,
      47.082404
     ],
     [
      -118.156091,
      47.069502
     ],
     [
      -118.158071,
      47.065847
     ],
     [
      -118.158713,
      47.061962
     ],
     [
      -118.159378,
      47.051174
     ],
     [
      -118.159755,
      47.049621
     ],
     [
      -118.160701,
      47.048344
     ],
     [
      -118.16925,
      47.042006
     ],
     [
      -118.179566,
      47.036516
     ],
     [
      -118.181436,
      47.034513
     ],
     [
      -118.184665,
      47.028926
     ],
     [
      -118.186762,
      47.026858
     ],
     [
      -118.211246,
      47.013185
     ],
     [
      -118.214221,
      47.012301
     ],
     [
      -118.216544,
      47.012204
     ],
     [
      -118.218944,
      47.012661
     ],
     [
      -118.221554,
      47.013971
     ],
     [
      -118.227032,
      47.020127
     ],
     [
      -118.228531,
      47.025793
     ],
     [
      -118.229814,
      47.027725
     ],
     [
      -118.23177,
      47.029257
     ],
     [
      -118.23442,
      47.030448
     ],
     [
      -118.237748,
      47.031282
     ],
     [
      -118.241263,
      47.031564
     ],
     [
      -118.256591,
      47.030238
     ],
     [
      -118.25914,
      47.029793
     ],
     [
      -118.261646,
      47.028562
     ],
     [
      -118.276539,
      47.016676
     ],
     [
      -118.290742,
      47.002651
     ],
     [
      -118.293741,
      47.000758
     ],
     [
      -118.296698,
      46.999396
     ],
     [
      -118.300367,
      46.998298
     ],
     [
      -118.325831,
      46.992519
     ],
     [
      -118.399041,
      46.968147
     ],
     [
      -118.402411,
      46.966754
     ],
     [
      -118.426566,
      46.953494
     ],
     [
      -118.429678,
      46.952212
     ],
     [
      -118.435558,
      46.950828
     ],
     [
      -118.452883,
      46.949067
     ],
     [
      -118.475521,
      46.940536
     ],
     [
      -118.477295,
      46.940163
     ],
     [
      -118.48063,
      46.940343
     ],
     [
      -118.499231,
      46.943767
     ],
     [
      -118.500902,
      46.944461
     ],
     [
      -118.503371,
      46.94669
     ],
     [
      -118.516434,
      46.963394
     ],
     [
      -118.520488,
      46.96601
     ],
     [
      -118.525478,
      46.967478
     ],
     [
      -118.530158,
      46.967722
     ],
     [
      -118.545448,
      46.966061
     ],
     [
      -118.555676,
      46.966071
     ],
     [
      -118.558218,
      46.965644
     ],
     [
      -118.566384,
      46.963246
     ],
     [
      -118.576068,
      46.962447
     ],
     [
      -118.581287,
      46.963121
     ],
     [
      -118.589464,
      46.963522
     ],
     [
      -118.597639,
      46.965584
     ],
     [
      -118.601143,
      46.966107
     ],
     [
      -118.612429,
      46.965932
     ],
     [
      -118.630913,
      46.967166
     ],
     [
      -118.637473,
      46.967176
     ],
     [
      -118.640146,
      46.967753
     ],
     [
      -118.650014,
      46.971137
     ],
     [
      -118.657304,
      46.972526
     ],
     [
      -118.661005,
      46.972407
     ],
     [
      -118.678774,
      46.966764
     ],
     [
      -118.701991,
      46.956102
     ],
     [
      -118.704313,
      46.954643
     ],
     [
      -118.740807,
      46.927158
     ],
     [
      -118.74359,
      46.925756
     ],
     [
      -118.749258,
      46.923631
     ],
     [
      -118.752839,
      46.922747
     ],
     [
      -118.756761,
      46.9223
     ],
     [
      -118.761716,
      46.922397
     ],
     [
      -118.768035,
      46.923625
     ],
     [
      -118.841199,
      46.949238
     ],
     [
      -118.845552,
      46.95037
     ],
     [
      -118.851476,
      46.951375
     ],
     [
      -118.864249,
      46.952131
     ],
     [
      -118.86698,
      46.95252
     ],
     [
      -118.86978,
      46.953314
     ],
     [
      -118.871998,
      46.954319
     ],
     [
      -118.876925,
      46.957735
     ],
     [
      -118.879885,
      46.959117
     ],
     [
      -118.900179,
      46.963263
     ],
     [
      -118.90519,
      46.963597
     ],
     [
      -118.909556,
      46.963252
     ],
     [
      -118.957874,
      46.954705
     ],
     [
      -118.962462,
      46.954542
     ],
     [
      -118.989745,
      46.955296
     ],
     [
      -118.993791,
      46.955867
     ],
     [
      -118.998898,
      46.957377
     ],
     [
      -119.005926,
      46.960646
     ],
     [
      -119.009843,
      46.963865
     ],
     [
      -119.012691,
      46.965136
     ],
     [
      -119.014584,
      46.965409
     ],
     [
      -119.0217,
      46.96552
     ],
     [
      -119.024063,
      46.96585
     ],
     [
      -119.033193,
      46.969556
     ],
     [
      -119.038218,
      46.97088
     ],
     [
      -119.04338,
      46.971185
     ],
     [
      -119.047375,
      46.970803
     ],
     [
      -119.051528,
      46.969761
     ],
     [
      -119.055005,
      46.968225
     ],
     [
      -119.057745,
      46.966408
     ],
     [
      -119.060253,
      46.963784
     ],
     [
      -119.062144,
      46.960173
     ],
     [
      -119.070305,
      46.940692
     ],
     [
      -119.072507,
      46.9378
     ],
     [
      -119.074263,
      46.936627
     ],
     [
      -119.076642,
      46.935641
     ],
     [
      -119.084188,
      46.934028
     ],
     [
      -119.087866,
      46.932887
     ],
     [
      -119.09269,
      46.930356
     ],
     [
      -119.095419,
      46.928081
     ],
     [
      -119.104537,
      46.917776
     ],
     [
      -119.108578,
      46.914116
     ],
     [
      -119.114887,
      46.910099
     ],
     [
      -119.132454,
      46.901691
     ],
     [
      -119.144687,
      46.892776
     ],
     [
      -119.14767,
      46.889816
     ],
     [
      -119.14936,
      46.887425
     ],
     [
      -119.150808,
      46.884458
     ],
     [
      -119.152103,
      46.881266
     ],
     [
      -119.153988,
      46.874275
     ],
     [
      -119.155185,
      46.872033
     ],
     [
      -119.157525,
      46.869982
     ],
     [
      -119.169608,
      46.86257
     ],
     [
      -119.171714,
      46.859988
     ],
     [
      -119.17874,
      46.833274
     ],
     [
      -119.178873,
      46.828961
     ],
     [
      -119.177985,
      46.821334
     ]
    ]
   }
  },
  {
   "type": "Feature",
   "properties": {
    "company": "Chicago, Milwaukee, St. Paul and Pacific Railroad",
    "line": "Milwaukee Road: Othello – Snoqualmie Pass – Seattle",
    "id": "milw-pacific-ext-coast-division",
    "color": "#C25E00",
    "mode": "intercity_rail",
    "avg_speed_kmh": 78,
    "speed_source": "end-to-end average, not a track speed: the Feb 1952 Guide advertises the Olympian Hiawatha at 'only 45 hours Chicago to Puget Sound' over the 2,188-mile route, which is 48.6 mph / 78 km/h including every stop. Applied to each leg of the through route; the leg-by-leg figure is NOT separately sourced.",
    "geometry_source": "OpenStreetMap via Overpass (mail.ru mirror), 2026-08-30: all railway ways in the corridor, weighted by old_railway_operator (Milwaukee 1.0, untagged 3.0, another named operator 40.0) plus the rail-trails built on the abandoned grade, routed waypoint to waypoint with a corridor-masked Dijkstra over 8 snap candidates per waypoint chosen by dynamic programming.",
    "geometry_quality": "Traced from OpenStreetMap: 189.2 mi Othello - Seattle, against the documented 207 route miles Othello - Tacoma (a different pair of endpoints: adding this feature's Seattle - Tacoma neighbour brings the comparable figure to about 211 mi, a 2% difference). No straight-line approximation; 4.6 mi is short bridges across breaks in the OSM ways, the largest a 1.4 km break in the rail-trail west of Kittitas. 178.6 mi of the route - 94% - runs on the Milwaukee's own grade, most of it now the Palouse to Cascades State Park Trail and the Cedar River Trail, which are the abandoned right of way itself and are used here as real geometry rather than a ruled line. Only 7.5 mi runs on BNSF-named ways, in the Seattle terminal area. ALIGNMENT ERA: the trail follows the 1909/1915 alignment, including the Beverly bridge and the Boylston and Snoqualmie tunnels, so the drawn geometry is of the feature's own era.",
    "segments": [
     {
      "start": 1909,
      "end": 1961,
      "headway_min": 720,
      "note": "The Coast Division: Othello - Beverly (over the Columbia) - Kittitas - Cle Elum - Hyak and the 2.3-mile Snoqualmie Tunnel - Cedar Falls - Maple Valley - Renton - Seattle. Steam from 1909, electrified at 3,000 V DC 1917-1920; with the Rocky Mountain Division's 438 these 207 miles make up the Milwaukee's famous 656 electrified miles. Tacoma and North Puyallup are printed with real times in the Feb 1952 Guide's Table 1. Headway 720 min = the two daily through trains each way the Guide itself advertises: 'THE MILWAUKEE ROAD offers double daily service -- the Diesel and electrically operated Olympian Hiawatha and The Columbian.' That is a counted frequency, not an estimate. *** De-electrified 1972 and the grade is now the Palouse to Cascades trail; neither is a passenger date. The last passenger train was 22 May 1961.",
      "sources": [
       "Segment-level: the Feb 1952 Official Guide, Table 1, prints this leg with real clock times, which is what fixes 1951 as a year of passenger service on it. The 1909 opening of the Pacific Coast Extension (14 May 1909) and the 22 May 1961 discontinuance of the Olympian Hiawatha are taken from the research report's blocks [6]-[11], which cite Wikipedia for both -- they were NOT re-verified here.",
       "research/branches/chicago_milwaukee_st_paul_and_pacific_railroad.txt (this feature was built from that report; it is a starting point, not a citation)",
       "research/sources/official_guide_1952.txt (Official Guide of the Railways, Feb 1952, schedules effective 30 Sept 1951)",
       "https://en.wikipedia.org/wiki/Chicago,_Milwaukee,_St._Paul_and_Pacific_Railroad"
      ]
     }
    ]
   },
   "geometry": {
    "type": "LineString",
    "coordinates": [
     [
      -119.177985,
      46.821334
     ],
     [
      -119.177723,
      46.814786
     ],
     [
      -119.180657,
      46.808178
     ],
     [
      -119.1822,
      46.806549
     ],
     [
      -119.184429,
      46.805132
     ],
     [
      -119.186747,
      46.804279
     ],
     [
      -119.189284,
      46.803818
     ],
     [
      -119.192637,
      46.803801
     ],
     [
      -119.196338,
      46.804648
     ],
     [
      -119.213294,
      46.812067
     ],
     [
      -119.215996,
      46.812986
     ],
     [
      -119.221147,
      46.813965
     ],
     [
      -119.225138,
      46.814148
     ],
     [
      -119.230237,
      46.813667
     ],
     [
      -119.25109,
      46.809075
     ],
     [
      -119.258809,
      46.807964
     ],
     [
      -119.264918,
      46.807944
     ],
     [
      -119.274448,
      46.808471
     ],
     [
      -119.288612,
      46.808129
     ],
     [
      -119.299778,
      46.807313
     ],
     [
      -119.304586,
      46.807373
     ],
     [
      -119.306746,
      46.807042
     ],
     [
      -119.315486,
      46.804332
     ],
     [
      -119.318554,
      46.803776
     ],
     [
      -119.338509,
      46.803002
     ],
     [
      -119.356335,
      46.804223
     ],
     [
      -119.359755,
      46.803752
     ],
     [
      -119.364514,
      46.802218
     ],
     [
      -119.367354,
      46.801999
     ],
     [
      -119.369411,
      46.802334
     ],
     [
      -119.37993,
      46.805252
     ],
     [
      -119.382114,
      46.805332
     ],
     [
      -119.389208,
      46.804044
     ],
     [
      -119.392388,
      46.803983
     ],
     [
      -119.403277,
      46.807056
     ],
     [
      -119.40648,
      46.807375
     ],
     [
      -119.41093,
      46.807368
     ],
     [
      -119.414772,
      46.807812
     ],
     [
      -119.425054,
      46.808012
     ],
     [
      -119.426191,
      46.808285
     ],
     [
      -119.428563,
      46.809764
     ],
     [
      -119.42971,
      46.810068
     ],
     [
      -119.434622,
      46.809495
     ],
     [
      -119.443683,
      46.810555
     ],
     [
      -119.455814,
      46.812229
     ],
     [
      -119.460671,
      46.813475
     ],
     [
      -119.475351,
      46.816322
     ],
     [
      -119.491536,
      46.817745
     ],
     [
      -119.49447,
      46.818704
     ],
     [
      -119.511075,
      46.826112
     ],
     [
      -119.520828,
      46.828696
     ],
     [
      -119.528516,
      46.832279
     ],
     [
      -119.530556,
      46.832926
     ],
     [
      -119.532778,
      46.833131
     ],
     [
      -119.536546,
      46.83283
     ],
     [
      -119.540157,
      46.833035
     ],
     [
      -119.544081,
      46.8327
     ],
     [
      -119.547033,
      46.832777
     ],
     [
      -119.553449,
      46.83416
     ],
     [
      -119.559339,
      46.834426
     ],
     [
      -119.565521,
      46.835992
     ],
     [
      -119.590363,
      46.839064
     ],
     [
      -119.599347,
      46.839818
     ],
     [
      -119.621897,
      46.839352
     ],
     [
      -119.630496,
      46.838452
     ],
     [
      -119.635232,
      46.838321
     ],
     [
      -119.639781,
      46.838474
     ],
     [
      -119.665751,
      46.84064
     ],
     [
      -119.708261,
      46.838267
     ],
     [
      -119.727912,
      46.836057
     ],
     [
      -119.878302,
      46.832889
     ],
     [
      -119.931446,
      46.837199
     ],
     [
      -119.934844,
      46.836627
     ],
     [
      -119.949404,
      46.83109
     ],
     [
      -119.952165,
      46.830737
     ],
     [
      -119.954182,
      46.831253
     ],
     [
      -119.955454,
      46.83221
     ],
     [
      -119.968068,
      46.850982
     ],
     [
      -119.9708,
      46.854083
     ],
     [
      -119.974296,
      46.85661
     ],
     [
      -119.982497,
      46.861137
     ],
     [
      -119.983119,
      46.861767
     ],
     [
      -119.983492,
      46.862895
     ],
     [
      -119.982949,
      46.867035
     ],
     [
      -119.983183,
      46.868381
     ],
     [
      -119.984555,
      46.869974
     ],
     [
      -119.987601,
      46.871294
     ],
     [
      -119.991713,
      46.871876
     ],
     [
      -119.996402,
      46.871241
     ],
     [
      -119.998864,
      46.870186
     ],
     [
      -120.001996,
      46.867467
     ],
     [
      -120.00455,
      46.866653
     ],
     [
      -120.007647,
      46.866845
     ],
     [
      -120.014843,
      46.869707
     ],
     [
      -120.016374,
      46.869965
     ],
     [
      -120.018702,
      46.869472
     ],
     [
      -120.021389,
      46.867432
     ],
     [
      -120.022803,
      46.866855
     ],
     [
      -120.037072,
      46.866425
     ],
     [
      -120.040283,
      46.867104
     ],
     [
      -120.047354,
      46.871264
     ],
     [
      -120.048703,
      46.871593
     ],
     [
      -120.050987,
      46.871644
     ],
     [
      -120.053408,
      46.87102
     ],
     [
      -120.055296,
      46.869668
     ],
     [
      -120.056124,
      46.867914
     ],
     [
      -120.055766,
      46.865028
     ],
     [
      -120.056032,
      46.864047
     ],
     [
      -120.057011,
      46.862709
     ],
     [
      -120.059082,
      46.861666
     ],
     [
      -120.061086,
      46.861313
     ],
     [
      -120.081988,
      46.860318
     ],
     [
      -120.084606,
      46.860381
     ],
     [
      -120.086862,
      46.860788
     ],
     [
      -120.13822,
      46.874302
     ],
     [
      -120.155918,
      46.881984
     ],
     [
      -120.158361,
      46.883533
     ],
     [
      -120.159758,
      46.885039
     ],
     [
      -120.16548,
      46.894757
     ],
     [
      -120.16743,
      46.89637
     ],
     [
      -120.169838,
      46.897531
     ],
     [
      -120.179253,
      46.899896
     ],
     [
      -120.188571,
      46.899852
     ],
     [
      -120.189869,
      46.900064
     ],
     [
      -120.19143,
      46.900874
     ],
     [
      -120.19393,
      46.904243
     ],
     [
      -120.195459,
      46.905203
     ],
     [
      -120.197454,
      46.90587
     ],
     [
      -120.200078,
      46.905676
     ],
     [
      -120.20226,
      46.904435
     ],
     [
      -120.203716,
      46.904007
     ],
     [
      -120.20618,
      46.904239
     ],
     [
      -120.207727,
      46.90519
     ],
     [
      -120.209618,
      46.90832
     ],
     [
      -120.210784,
      46.909135
     ],
     [
      -120.212611,
      46.909752
     ],
     [
      -120.226217,
      46.909812
     ],
     [
      -120.231254,
      46.910206
     ],
     [
      -120.24337,
      46.920113
     ],
     [
      -120.247694,
      46.926235
     ],
     [
      -120.250242,
      46.927334
     ],
     [
      -120.254436,
      46.927751
     ],
     [
      -120.257036,
      46.928962
     ],
     [
      -120.25797,
      46.930059
     ],
     [
      -120.259099,
      46.933279
     ],
     [
      -120.260138,
      46.93465
     ],
     [
      -120.266514,
      46.937984
     ],
     [
      -120.269161,
      46.941968
     ],
     [
      -120.272093,
      46.944348
     ],
     [
      -120.274913,
      46.945617
     ],
     [
      -120.277548,
      46.946302
     ],
     [
      -120.287135,
      46.94706
     ],
     [
      -120.297071,
      46.950624
     ],
     [
      -120.300518,
      46.952498
     ],
     [
      -120.305294,
      46.957655
     ],
     [
      -120.30756,
      46.959076
     ],
     [
      -120.310749,
      46.959906
     ],
     [
      -120.318063,
      46.960079
     ],
     [
      -120.321955,
      46.96096
     ],
     [
      -120.331712,
      46.966866
     ],
     [
      -120.348231,
      46.973552
     ],
     [
      -120.350739,
      46.974045
     ],
     [
      -120.366413,
      46.973981
     ],
     [
      -120.37123,
      46.974349
     ],
     [
      -120.531662,
      47.000768
     ],
     [
      -120.531763,
      47.006341
     ],
     [
      -120.550317,
      47.006957
     ],
     [
      -120.607768,
      47.037772
     ],
     [
      -120.611797,
      47.039139
     ],
     [
      -120.644784,
      47.047638
     ],
     [
      -120.672851,
      47.059054
     ],
     [
      -120.675974,
      47.061551
     ],
     [
      -120.702094,
      47.088716
     ],
     [
      -120.704284,
      47.089978
     ],
     [
      -120.706483,
      47.090743
     ],
     [
      -120.714758,
      47.09173
     ],
     [
      -120.717181,
      47.092406
     ],
     [
      -120.72365,
      47.096485
     ],
     [
      -120.725142,
      47.097813
     ],
     [
      -120.726343,
      47.100413
     ],
     [
      -120.726257,
      47.101727
     ],
     [
      -120.725614,
      47.103276
     ],
     [
      -120.72196,
      47.107943
     ],
     [
      -120.721729,
      47.109946
     ],
     [
      -120.722599,
      47.11149
     ],
     [
      -120.723804,
      47.112434
     ],
     [
      -120.72855,
      47.113683
     ],
     [
      -120.729696,
      47.114515
     ],
     [
      -120.729921,
      47.115803
     ],
     [
      -120.727974,
      47.118084
     ],
     [
      -120.727545,
      47.119573
     ],
     [
      -120.727896,
      47.120248
     ],
     [
      -120.729738,
      47.121654
     ],
     [
      -120.731789,
      47.122495
     ],
     [
      -120.744337,
      47.123465
     ],
     [
      -120.745821,
      47.123979
     ],
     [
      -120.748616,
      47.125803
     ],
     [
      -120.750554,
      47.1264
     ],
     [
      -120.759862,
      47.127196
     ],
     [
      -120.763467,
      47.127791
     ],
     [
      -120.769438,
      47.128037
     ],
     [
      -120.780331,
      47.130037
     ],
     [
      -120.785439,
      47.129933
     ],
     [
      -120.789645,
      47.130921
     ],
     [
      -120.791674,
      47.132581
     ],
     [
      -120.797324,
      47.139545
     ],
     [
      -120.803888,
      47.143224
     ],
     [
      -120.809483,
      47.148528
     ],
     [
      -120.810352,
      47.150151
     ],
     [
      -120.810468,
      47.151495
     ],
     [
      -120.809256,
      47.155024
     ],
     [
      -120.809256,
      47.156366
     ],
     [
      -120.810123,
      47.157901
     ],
     [
      -120.814331,
      47.161566
     ],
     [
      -120.817622,
      47.163352
     ],
     [
      -120.82331,
      47.164898
     ],
     [
      -120.828701,
      47.164632
     ],
     [
      -120.83582,
      47.166871
     ],
     [
      -120.842172,
      47.168446
     ],
     [
      -120.843416,
      47.168417
     ],
     [
      -120.848345,
      47.167103
     ],
     [
      -120.852438,
      47.167073
     ],
     [
      -120.856529,
      47.166431
     ],
     [
      -120.860078,
      47.166395
     ],
     [
      -120.863068,
      47.166741
     ],
     [
      -120.895472,
      47.176644
     ],
     [
      -120.907532,
      47.17994
     ],
     [
      -120.928426,
      47.183865
     ],
     [
      -120.942156,
      47.184457
     ],
     [
      -120.95035,
      47.184373
     ],
     [
      -120.983108,
      47.17617
     ],
     [
      -120.988151,
      47.17557
     ],
     [
      -120.992105,
      47.175883
     ],
     [
      -121.026364,
      47.180699
     ],
     [
      -121.037093,
      47.180874
     ],
     [
      -121.039453,
      47.181195
     ],
     [
      -121.041123,
      47.181893
     ],
     [
      -121.042809,
      47.183232
     ],
     [
      -121.048542,
      47.191239
     ],
     [
      -121.051509,
      47.192745
     ],
     [
      -121.106925,
      47.21188
     ],
     [
      -121.147324,
      47.218723
     ],
     [
      -121.15039,
      47.219742
     ],
     [
      -121.180132,
      47.235757
     ],
     [
      -121.18409,
      47.238813
     ],
     [
      -121.190907,
      47.242071
     ],
     [
      -121.195151,
      47.245462
     ],
     [
      -121.20083,
      47.247477
     ],
     [
      -121.20396,
      47.247676
     ],
     [
      -121.209442,
      47.246701
     ],
     [
      -121.21417,
      47.247358
     ],
     [
      -121.215994,
      47.247326
     ],
     [
      -121.2181,
      47.246802
     ],
     [
      -121.222636,
      47.244452
     ],
     [
      -121.224502,
      47.243868
     ],
     [
      -121.227442,
      47.243537
     ],
     [
      -121.234366,
      47.243593
     ],
     [
      -121.242417,
      47.246303
     ],
     [
      -121.246309,
      47.247276
     ],
     [
      -121.261412,
      47.249518
     ],
     [
      -121.26353,
      47.250351
     ],
     [
      -121.272203,
      47.255198
     ],
     [
      -121.287761,
      47.25932
     ],
     [
      -121.289274,
      47.260095
     ],
     [
      -121.290587,
      47.261365
     ],
     [
      -121.291619,
      47.264421
     ],
     [
      -121.292506,
      47.265682
     ],
     [
      -121.296904,
      47.2683
     ],
     [
      -121.297922,
      47.26932
     ],
     [
      -121.298496,
      47.270441
     ],
     [
      -121.300116,
      47.278213
     ],
     [
      -121.304287,
      47.283539
     ],
     [
      -121.306252,
      47.284701
     ],
     [
      -121.311967,
      47.285988
     ],
     [
      -121.314122,
      47.287119
     ],
     [
      -121.319218,
      47.294475
     ],
     [
      -121.320628,
      47.295762
     ],
     [
      -121.324787,
      47.298024
     ],
     [
      -121.328606,
      47.302513
     ],
     [
      -121.33007,
      47.303676
     ],
     [
      -121.347405,
      47.311051
     ],
     [
      -121.356081,
      47.31572
     ],
     [
      -121.357875,
      47.317542
     ],
     [
      -121.358973,
      47.320995
     ],
     [
      -121.362395,
      47.325655
     ],
     [
      -121.364679,
      47.327
     ],
     [
      -121.368932,
      47.32817
     ],
     [
      -121.371175,
      47.329858
     ],
     [
      -121.375299,
      47.337075
     ],
     [
      -121.375339,
      47.338423
     ],
     [
      -121.374294,
      47.342083
     ],
     [
      -121.375145,
      47.345002
     ],
     [
      -121.375384,
      47.348041
     ],
     [
      -121.376804,
      47.351099
     ],
     [
      -121.380332,
      47.354914
     ],
     [
      -121.385297,
      47.358576
     ],
     [
      -121.387827,
      47.362374
     ],
     [
      -121.393265,
      47.365968
     ],
     [
      -121.39438,
      47.367486
     ],
     [
      -121.394507,
      47.373041
     ],
     [
      -121.390982,
      47.378977
     ],
     [
      -121.390105,
      47.384705
     ],
     [
      -121.393273,
      47.392991
     ],
     [
      -121.39408,
      47.393895
     ],
     [
      -121.395542,
      47.394593
     ],
     [
      -121.445132,
      47.395294
     ],
     [
      -121.451754,
      47.39413
     ],
     [
      -121.452914,
      47.393564
     ],
     [
      -121.455616,
      47.391366
     ],
     [
      -121.460084,
      47.390424
     ],
     [
      -121.465958,
      47.389799
     ],
     [
      -121.468822,
      47.389119
     ],
     [
      -121.469717,
      47.3882
     ],
     [
      -121.47022,
      47.385091
     ],
     [
      -121.471032,
      47.384445
     ],
     [
      -121.472189,
      47.384097
     ],
     [
      -121.473502,
      47.384225
     ],
     [
      -121.474656,
      47.384925
     ],
     [
      -121.476006,
      47.388466
     ],
     [
      -121.477276,
      47.389458
     ],
     [
      -121.478621,
      47.389919
     ],
     [
      -121.482351,
      47.39045
     ],
     [
      -121.485868,
      47.391589
     ],
     [
      -121.501343,
      47.389332
     ],
     [
      -121.507597,
      47.38745
     ],
     [
      -121.511828,
      47.387041
     ],
     [
      -121.51555,
      47.387333
     ],
     [
      -121.517709,
      47.387215
     ],
     [
      -121.519376,
      47.386701
     ],
     [
      -121.520905,
      47.38493
     ],
     [
      -121.522385,
      47.384468
     ],
     [
      -121.523744,
      47.384731
     ],
     [
      -121.527156,
      47.386244
     ],
     [
      -121.532099,
      47.386855
     ],
     [
      -121.538688,
      47.386722
     ],
     [
      -121.542931,
      47.387405
     ],
     [
      -121.546324,
      47.386451
     ],
     [
      -121.547239,
      47.386501
     ],
     [
      -121.548431,
      47.386972
     ],
     [
      -121.551179,
      47.39037
     ],
     [
      -121.556404,
      47.393451
     ],
     [
      -121.567521,
      47.39603
     ],
     [
      -121.569996,
      47.395757
     ],
     [
      -121.571259,
      47.395904
     ],
     [
      -121.57233,
      47.396639
     ],
     [
      -121.572744,
      47.398442
     ],
     [
      -121.573615,
      47.399238
     ],
     [
      -121.579759,
      47.400749
     ],
     [
      -121.584139,
      47.401501
     ],
     [
      -121.588397,
      47.4033
     ],
     [
      -121.591108,
      47.406326
     ],
     [
      -121.591655,
      47.409834
     ],
     [
      -121.592503,
      47.410355
     ],
     [
      -121.594945,
      47.411031
     ],
     [
      -121.595834,
      47.411748
     ],
     [
      -121.595853,
      47.41391
     ],
     [
      -121.597698,
      47.416266
     ],
     [
      -121.597696,
      47.420103
     ],
     [
      -121.598826,
      47.421179
     ],
     [
      -121.600373,
      47.421304
     ],
     [
      -121.604418,
      47.419865
     ],
     [
      -121.605994,
      47.419741
     ],
     [
      -121.614103,
      47.423804
     ],
     [
      -121.626753,
      47.424018
     ],
     [
      -121.630474,
      47.424833
     ],
     [
      -121.633955,
      47.424602
     ],
     [
      -121.63515,
      47.425221
     ],
     [
      -121.635727,
      47.42731
     ],
     [
      -121.636709,
      47.428049
     ],
     [
      -121.640528,
      47.429439
     ],
     [
      -121.643597,
      47.429707
     ],
     [
      -121.648819,
      47.431376
     ],
     [
      -121.653525,
      47.431623
     ],
     [
      -121.657088,
      47.43237
     ],
     [
      -121.657942,
      47.432957
     ],
     [
      -121.658921,
      47.434601
     ],
     [
      -121.662642,
      47.436545
     ],
     [
      -121.66441,
      47.438136
     ],
     [
      -121.667808,
      47.438788
     ],
     [
      -121.671543,
      47.440392
     ],
     [
      -121.674216,
      47.44102
     ],
     [
      -121.676609,
      47.442062
     ],
     [
      -121.694563,
      47.44216
     ],
     [
      -121.698034,
      47.441146
     ],
     [
      -121.699182,
      47.441274
     ],
     [
      -121.701769,
      47.442477
     ],
     [
      -121.702879,
      47.442632
     ],
     [
      -121.708926,
      47.440818
     ],
     [
      -121.711128,
      47.438667
     ],
     [
      -121.712635,
      47.437808
     ],
     [
      -121.715966,
      47.437856
     ],
     [
      -121.719196,
      47.437234
     ],
     [
      -121.722943,
      47.437238
     ],
     [
      -121.728078,
      47.43603
     ],
     [
      -121.730796,
      47.43435
     ],
     [
      -121.732172,
      47.433935
     ],
     [
      -121.73393,
      47.433913
     ],
     [
      -121.735014,
      47.434223
     ],
     [
      -121.738222,
      47.436835
     ],
     [
      -121.739604,
      47.437298
     ],
     [
      -121.740952,
      47.43737
     ],
     [
      -121.744636,
      47.4368
     ],
     [
      -121.748985,
      47.433699
     ],
     [
      -121.750233,
      47.43318
     ],
     [
      -121.758804,
      47.4315
     ],
     [
      -121.762648,
      47.43215
     ],
     [
      -121.764475,
      47.431935
     ],
     [
      -121.777646,
      47.424929
     ],
     [
      -121.780239,
      47.424081
     ],
     [
      -121.785827,
      47.422909
     ],
     [
      -121.787769,
      47.421979
     ],
     [
      -121.796189,
      47.41357
     ],
     [
      -121.798123,
      47.412265
     ],
     [
      -121.800704,
      47.411495
     ],
     [
      -121.805571,
      47.410622
     ],
     [
      -121.812399,
      47.410331
     ],
     [
      -121.817025,
      47.410879
     ],
     [
      -121.819523,
      47.410444
     ],
     [
      -121.825362,
      47.407434
     ],
     [
      -121.828375,
      47.40638
     ],
     [
      -121.832176,
      47.404502
     ],
     [
      -121.835647,
      47.40206
     ],
     [
      -121.839035,
      47.400242
     ],
     [
      -121.843369,
      47.395687
     ],
     [
      -121.845066,
      47.39445
     ],
     [
      -121.850382,
      47.392164
     ],
     [
      -121.85537,
      47.389127
     ],
     [
      -121.857103,
      47.388473
     ],
     [
      -121.863707,
      47.387416
     ],
     [
      -121.867864,
      47.385436
     ],
     [
      -121.870273,
      47.384728
     ],
     [
      -121.872161,
      47.384576
     ],
     [
      -121.874655,
      47.384863
     ],
     [
      -121.876324,
      47.385375
     ],
     [
      -121.880395,
      47.387735
     ],
     [
      -121.885846,
      47.38909
     ],
     [
      -121.88864,
      47.389083
     ],
     [
      -121.892154,
      47.388077
     ],
     [
      -121.894133,
      47.386878
     ],
     [
      -121.89563,
      47.385197
     ],
     [
      -121.896719,
      47.382531
     ],
     [
      -121.898404,
      47.3811
     ],
     [
      -121.900163,
      47.380391
     ],
     [
      -121.903811,
      47.380159
     ],
     [
      -121.909191,
      47.381496
     ],
     [
      -121.91322,
      47.383065
     ],
     [
      -121.916525,
      47.385008
     ],
     [
      -121.920038,
      47.387837
     ],
     [
      -121.921959,
      47.388705
     ],
     [
      -121.930129,
      47.390608
     ],
     [
      -121.937167,
      47.390986
     ],
     [
      -121.947091,
      47.392203
     ],
     [
      -121.950326,
      47.391574
     ],
     [
      -121.952209,
      47.390492
     ],
     [
      -121.962213,
      47.377504
     ],
     [
      -121.964257,
      47.37592
     ],
     [
      -121.966875,
      47.375019
     ],
     [
      -121.970198,
      47.374929
     ],
     [
      -121.979349,
      47.376951
     ],
     [
      -121.981423,
      47.378054
     ],
     [
      -121.984152,
      47.381391
     ],
     [
      -121.986565,
      47.383044
     ],
     [
      -121.990836,
      47.384209
     ],
     [
      -121.994394,
      47.384699
     ],
     [
      -121.99862,
      47.384264
     ],
     [
      -122.003137,
      47.38267
     ],
     [
      -122.005182,
      47.381441
     ],
     [
      -122.008002,
      47.379096
     ],
     [
      -122.010247,
      47.37812
     ],
     [
      -122.012227,
      47.377888
     ],
     [
      -122.014777,
      47.378286
     ],
     [
      -122.016244,
      47.378977
     ],
     [
      -122.017537,
      47.380324
     ],
     [
      -122.017932,
      47.382303
     ],
     [
      -122.017007,
      47.386301
     ],
     [
      -122.01954,
      47.391108
     ],
     [
      -122.021021,
      47.392557
     ],
     [
      -122.023321,
      47.393636
     ],
     [
      -122.025889,
      47.394108
     ],
     [
      -122.03276,
      47.393453
     ],
     [
      -122.034795,
      47.39367
     ],
     [
      -122.039576,
      47.395595
     ],
     [
      -122.04144,
      47.396571
     ],
     [
      -122.042378,
      47.397456
     ],
     [
      -122.043355,
      47.399429
     ],
     [
      -122.043132,
      47.401214
     ],
     [
      -122.041819,
      47.402888
     ],
     [
      -122.038894,
      47.404906
     ],
     [
      -122.03792,
      47.405948
     ],
     [
      -122.037478,
      47.407478
     ],
     [
      -122.038114,
      47.409205
     ],
     [
      -122.056895,
      47.431214
     ],
     [
      -122.071495,
      47.442071
     ],
     [
      -122.072969,
      47.444484
     ],
     [
      -122.074391,
      47.451783
     ],
     [
      -122.077111,
      47.454525
     ],
     [
      -122.080439,
      47.459837
     ],
     [
      -122.082085,
      47.460958
     ],
     [
      -122.084026,
      47.461466
     ],
     [
      -122.104873,
      47.463198
     ],
     [
      -122.120553,
      47.463383
     ],
     [
      -122.127249,
      47.463819
     ],
     [
      -122.153195,
      47.467928
     ],
     [
      -122.156543,
      47.46858
     ],
     [
      -122.174542,
      47.474831
     ],
     [
      -122.181053,
      47.475706
     ],
     [
      -122.186329,
      47.475619
     ],
     [
      -122.188092,
      47.475846
     ],
     [
      -122.195885,
      47.479095
     ],
     [
      -122.200058,
      47.480444
     ],
     [
      -122.201454,
      47.480341
     ],
     [
      -122.202678,
      47.479727
     ],
     [
      -122.202915,
      47.479902
     ],
     [
      -122.213853,
      47.476336
     ],
     [
      -122.221418,
      47.475042
     ],
     [
      -122.224335,
      47.475123
     ],
     [
      -122.230224,
      47.476242
     ],
     [
      -122.232118,
      47.476895
     ],
     [
      -122.234601,
      47.478619
     ],
     [
      -122.23715,
      47.479136
     ],
     [
      -122.241893,
      47.478367
     ],
     [
      -122.247497,
      47.475381
     ],
     [
      -122.249191,
      47.475234
     ],
     [
      -122.250333,
      47.475513
     ],
     [
      -122.251721,
      47.476375
     ],
     [
      -122.253696,
      47.478827
     ],
     [
      -122.271807,
      47.484736
     ],
     [
      -122.279811,
      47.489536
     ],
     [
      -122.280956,
      47.490674
     ],
     [
      -122.281922,
      47.495481
     ],
     [
      -122.282771,
      47.496376
     ],
     [
      -122.285673,
      47.498138
     ],
     [
      -122.286736,
      47.499548
     ],
     [
      -122.287332,
      47.502602
     ],
     [
      -122.289271,
      47.506116
     ],
     [
      -122.284378,
      47.507825
     ],
     [
      -122.290625,
      47.519033
     ],
     [
      -122.297446,
      47.533438
     ],
     [
      -122.299271,
      47.535389
     ],
     [
      -122.312024,
      47.54615
     ],
     [
      -122.32108,
      47.554752
     ],
     [
      -122.330751,
      47.562443
     ],
     [
      -122.331633,
      47.563683
     ],
     [
      -122.332068,
      47.581134
     ],
     [
      -122.330432,
      47.585086
     ],
     [
      -122.330383,
      47.592634
     ],
     [
      -122.329715,
      47.595303
     ],
     [
      -122.329324,
      47.600256
     ]
    ]
   }
  },
  {
   "type": "Feature",
   "properties": {
    "company": "Chicago, Milwaukee, St. Paul and Pacific Railroad",
    "line": "Milwaukee Road: Seattle – Tacoma",
    "id": "milw-seattle-tacoma",
    "color": "#C25E00",
    "mode": "intercity_rail",
    "avg_speed_kmh": 78,
    "speed_source": "end-to-end average, not a track speed: the Feb 1952 Guide advertises the Olympian Hiawatha at 'only 45 hours Chicago to Puget Sound' over the 2,188-mile route, which is 48.6 mph / 78 km/h including every stop. Applied to each leg of the through route; the leg-by-leg figure is NOT separately sourced.",
    "geometry_source": "OpenStreetMap via Overpass (mail.ru mirror), 2026-08-30: all railway ways in the corridor, weighted by old_railway_operator (Milwaukee 1.0, untagged 3.0, another named operator 40.0) plus the rail-trails built on the abandoned grade, routed waypoint to waypoint with a corridor-masked Dijkstra over 8 snap candidates per waypoint chosen by dynamic programming.",
    "geometry_quality": "Traced from OpenStreetMap: 39.2 mi against the Guide's own 38-mile column figure (+3%). No straight-line approximation; 1.0 mi is short bridges across breaks in the OSM ways. 26.4 mi runs on ways OSM identifies as the Milwaukee's grade and about 12 mi on the BNSF Seattle Subdivision through the Duwamish and Kent valley, where the Milwaukee's own parallel alignment is largely built over and not separately mapped - so that portion draws a neighbouring railroad's surviving track as a stand-in for the Milwaukee's, and should be read as approximate in position though correct in corridor. Waypoints all within 2.8 km.",
    "segments": [
     {
      "start": 1909,
      "end": 1961,
      "headway_min": 720,
      "note": "Coast Division north end: Seattle - Black River Junction - Kent - Auburn - Puyallup - Tacoma, the leg that made Seattle and Tacoma both terminals of the same through train. Confirmed with real times in the Feb 1952 Guide (Kent, Roland, North Puyallup, Tacoma arriving 9:05 and 11:45), and the Guide's mileage column puts Tacoma 38 miles from Seattle. Headway 720 min = the two daily through trains each way the Guide itself advertises: 'THE MILWAUKEE ROAD offers double daily service -- the Diesel and electrically operated Olympian Hiawatha and The Columbian.' That is a counted frequency, not an estimate.",
      "sources": [
       "Segment-level: the Feb 1952 Official Guide, Table 1, prints this leg with real clock times, which is what fixes 1951 as a year of passenger service on it. The 1909 opening of the Pacific Coast Extension (14 May 1909) and the 22 May 1961 discontinuance of the Olympian Hiawatha are taken from the research report's blocks [6]-[11], which cite Wikipedia for both -- they were NOT re-verified here.",
       "research/branches/chicago_milwaukee_st_paul_and_pacific_railroad.txt (this feature was built from that report; it is a starting point, not a citation)",
       "research/sources/official_guide_1952.txt (Official Guide of the Railways, Feb 1952, schedules effective 30 Sept 1951)",
       "https://en.wikipedia.org/wiki/Chicago,_Milwaukee,_St._Paul_and_Pacific_Railroad"
      ]
     }
    ]
   },
   "geometry": {
    "type": "LineString",
    "coordinates": [
     [
      -122.329324,
      47.600256
     ],
     [
      -122.329715,
      47.595303
     ],
     [
      -122.330383,
      47.592634
     ],
     [
      -122.330432,
      47.585086
     ],
     [
      -122.332068,
      47.581134
     ],
     [
      -122.331806,
      47.564624
     ],
     [
      -122.331407,
      47.563231
     ],
     [
      -122.32108,
      47.554752
     ],
     [
      -122.312024,
      47.54615
     ],
     [
      -122.299271,
      47.535389
     ],
     [
      -122.297446,
      47.533438
     ],
     [
      -122.290625,
      47.519033
     ],
     [
      -122.284378,
      47.507825
     ],
     [
      -122.289271,
      47.506116
     ],
     [
      -122.287332,
      47.502602
     ],
     [
      -122.286605,
      47.499312
     ],
     [
      -122.285673,
      47.498138
     ],
     [
      -122.282771,
      47.496376
     ],
     [
      -122.28184,
      47.495349
     ],
     [
      -122.280648,
      47.490217
     ],
     [
      -122.271807,
      47.484736
     ],
     [
      -122.256313,
      47.482043
     ],
     [
      -122.251456,
      47.47578
     ],
     [
      -122.242596,
      47.466513
     ],
     [
      -122.241833,
      47.464524
     ],
     [
      -122.242246,
      47.456751
     ],
     [
      -122.241384,
      47.442194
     ],
     [
      -122.241683,
      47.38668
     ],
     [
      -122.241007,
      47.382338
     ],
     [
      -122.240902,
      47.376126
     ],
     [
      -122.238721,
      47.360109
     ],
     [
      -122.239054,
      47.297049
     ],
     [
      -122.239664,
      47.294822
     ],
     [
      -122.245593,
      47.285821
     ],
     [
      -122.246485,
      47.28312
     ],
     [
      -122.246321,
      47.207698
     ],
     [
      -122.24668,
      47.205586
     ],
     [
      -122.247256,
      47.204789
     ],
     [
      -122.248424,
      47.20411
     ],
     [
      -122.251633,
      47.203715
     ],
     [
      -122.25971,
      47.205251
     ],
     [
      -122.2761,
      47.207546
     ],
     [
      -122.400152,
      47.241774
     ],
     [
      -122.401972,
      47.241794
     ],
     [
      -122.406062,
      47.24075
     ],
     [
      -122.411683,
      47.241195
     ],
     [
      -122.432803,
      47.238904
     ],
     [
      -122.436072,
      47.238121
     ],
     [
      -122.439222,
      47.236154
     ],
     [
      -122.438197,
      47.237943
     ],
     [
      -122.438448,
      47.240644
     ]
    ]
   }
  }
 ]
}