{
 "type": "FeatureCollection",
 "metadata": {
  "note": "The Monon - the Chicago, Indianapolis and Louisville Railway and its predecessors the New Albany and Salem and the Louisville, New Albany and Chicago - drawn from a research report written in the companion site repo (research/branches/chicago_indianapolis_and_louisville_railway.txt, 2026-08-30) and converted on 2026-09-30. Before this layer the map drew no Monon route at all. Only the report's drawable spans are drawn, which keep to years a source confirms; several end decades before the rails came up. The railroad's two through routes cross at Monon, Indiana: Chicago - Lafayette - Bloomington - Louisville and Michigan City - Monon - Delphi - Indianapolis. The 1859, 1897 and 1956 name changes are one railroad and share one colour; Rule 4 splits are drawn only where another company ran the trains (Indianapolis, Delphi and Chicago to 1881, Bedford and Bloomfield to 1886, Chicago and Wabash Valley to 1914). The Monon merged into the Louisville and Nashville on 31 July 1971, after its last passenger train, so there is no L&N-coloured successor feature.",
  "sources": [
   "https://www.branchline.uk/jfpdf/indianarrs.pdf (John Fowler, Indiana passenger stations: SL281, the Monon's lines 1-7, with the timetable-year letters each station appears under)",
   "Official Guide of the Railways, Feb 1952 edition (schedules effective 30 Sept 1951), Chicago, Indianapolis and Louisville Railway section, Tables 1-4 and the index of stations - https://archive.org/details/the-official-guide-of-the-railways-images",
   "https://en.wikipedia.org/wiki/Monon_Railroad",
   "https://en.wikipedia.org/wiki/Thoroughbred_(train) - Chicago-Louisville, 15 Feb 1948 to 30 Sept 1967, the Monon's last passenger train",
   "https://en.wikipedia.org/wiki/Hoosier_(train) - Chicago-Indianapolis; Hoosier and Tippecanoe last ran 9/10 April 1959",
   "https://www.american-rails.com/monon.html",
   "https://www.american-rails.com/hoosier.html",
   "https://monon.org/passenger.php (Monon Railroad Historical-Technical Society: named trains and dates)",
   "https://abandonedonline.net/location/monon-railroad/",
   "https://monon.org/bygone_site/bygone/bandb.php",
   "https://en.wikipedia.org/wiki/The_Onion_Belt - the Chicago and Wabash Valley was Benjamin J. Gifford's private railroad; the Monon took charge of it on 15 March 1914 after Gifford's death and abandoned it in 1935"
  ],
  "geometry_method": "OpenStreetMap via Overpass (mail.ru mirror, cached degree tiles), gaps filled from OpenHistoricalMap (CC0). Dijkstra over every railway way (rail, abandoned, disused, razed; tram/subway excluded), ways tagged old_railway_operator=Monon (or named for the CSX Monon / Hoosier Subdivisions) costed 1x, untagged 1.25x, hand-picked OpenHistoricalMap Monon ways 1.5x, any other named operator 12x; straight-line bridges only between dangling ends, priced 40x. Waypoints geocoded with Nominatim and snapped by a dynamic program over candidate nodes; each leg confined to a corridor around its own chord. Simplified with Douglas-Peucker at 12 m. Each feature's geometry_quality gives traced length against Fowler's mileposts, every straight-line bridge and every OpenHistoricalMap stretch.",
  "not_yet_sourced": "OPEN ENDS - these end years are the last CONFIRMED year, not a known end: Michigan City - Monon stops at 1914 (passengers certainly gone by 1951, end year unknown); Bedford - Switz City stops at 1895 (ended before the 1935 abandonment, year unknown); McCoysburg - Zadoc stops at 1929. Start-year conflict: Delphi - Indianapolis is drawn from 1884 (first Fowler letter) though the Air Line reached Indianapolis in 1882 and secondary sources say passenger service began in 1883. French Lick branch mileage conflicts: 17.7 mi (Fowler, american-rails) vs 18.88 mi (abandonedonline). Relocation dates are unknown for the Clear Creek - Smithville - Harrodsburg line and the Lafayette Fifth Street line (Fowler: \"until 1970's?\"), so both are drawn on their later alignments. All headways and speeds are estimates. Station-level data (Rule 8) has not been started for this railroad.",
  "branches_deliberately_omitted": "Victoria Branch (Wallace Junction - Victoria): Feb 1952 Official Guide Table 3 is headed \"Freight Service only\" and no passenger year is confirmed; Fowler's undated \"served by miners trains\" is not enough to draw. Its mine spurs are freight. Chicago - Maynard (1882-1885, over C&WI and PRR track, terminal uncertain). New Albany - Louisville over the PRR Jeffersonville bridge (1870s-1886, entirely PRR track). Zadoc - Kersey (confirmed 1905 only) and Kersey - Dinwiddie (Fowler marks every station \"pass?\"). The original Cedar Lake and Smithville alignments as separate features (no relocation date for Smithville; the Cedar Lake grade is mostly unmapped). The Red Devil (Indianapolis - French Lick, joint with the PRR): routing not sourced; where it used Monon rail it is already drawn.",
  "freight_only_excluded": "Victoria Branch (Feb 1952 Guide, Table 3, \"Freight Service only\"; index daggers on Victoria, Midland and Patricksburg). Michigan City line after its last confirmed year, French Lick branch after September 1949 (the 1951-52 Guide entry is a motor bus), Switz City branch after 1895: in each case the drawn span stops at the last confirmed passenger year, not at abandonment."
 },
 "features": [
  {
   "type": "Feature",
   "properties": {
    "company": "Chicago, Indianapolis and Louisville Railway (Monon)",
    "line": "Monon: Chicago – Monon",
    "id": "monon-chicago-monon",
    "color": "#D92B5F",
    "mode": "intercity_rail",
    "avg_speed_kmh": 70,
    "speed_source": "estimated; not computed from a real timetable (Rule 3)",
    "geometry_source": "OpenStreetMap via Overpass (mail.ru mirror, cached degree tiles), gaps filled from OpenHistoricalMap (CC0). Dijkstra over every railway way (rail, abandoned, disused, razed; tram/subway excluded), ways tagged old_railway_operator=Monon (or named for the CSX Monon / Hoosier Subdivisions) costed 1x, untagged 1.25x, hand-picked OpenHistoricalMap Monon ways 1.5x, any other named operator 12x; straight-line bridges only between dangling ends, priced 40x. Waypoints geocoded with Nominatim and snapped by a dynamic program over candidate nodes; each leg confined to a corridor around its own chord. Simplified with Douglas-Peucker at 12 m.",
    "geometry_quality": "89.9 mi drawn Dearborn Station - Monon against 88.4 mi in Fowler's mileposts. APPROXIMATED: Dearborn Station - 18th Street (1.6 mi) is two straight lines, because the Chicago and Western Indiana throat south of Polk Street lies under Dearborn Park and is not mapped. 18th Street - Hammond (20.0 mi) is a shortest path, 12 mi of it on ways OSM tags old_railway_operator=C&WI and the rest on Metra Southwest Service, Indiana Harbor Belt and other terminal track; the actual C&WI routing the Monon used south of 74th Street is NOT sourced. Hammond - Monon (67.9 mi against 67.7 between Fowler's Hammond MP 20.7 and Monon MP 88.4) is entirely on the CSX Monon Subdivision with no straight-line bridges; every station town lies within 0.8 km of the line; the two traces meet with a 493 m gap at Hammond. LATER ALIGNMENT: passenger trains used an earlier line through Armour, Paisley and Creston at Cedar Lake (MP 38.4-44.8, 6.4 mi) until 1948 (Fowler line 1 note 2); this feature draws the post-1948 line for all years. OSM keeps only a 1.9 km fragment of the old grade, which runs up to about 600 m from the drawn line. The 1882-1885 approach over the C&WI and PRR via Maynard is not drawn (see metadata).",
    "segments": [
     {
      "start": 1885,
      "end": 1897,
      "headway_min": 480,
      "note": "The Chicago and Indianapolis Air Line extension that made the Monon a Chicago railroad, from Dearborn Station over the Chicago and Western Indiana to the state line at Hammond and then the Monon's own rail through Dyer, Cedar Lake, Lowell and Rensselaer to Monon. Drawn from 1885, when Dearborn Station replaced the 1882-1885 approach via Maynard over C&WI and PRR track, which is not drawn. Operated by the Louisville, New Albany and Chicago. Headway is an estimate and is NOT sourced.",
      "sources": [
       "Segment-level: the 1885 start is Fowler's annotation \"Chicago (Dearborn Station) (1885>1967)\" (branchline.uk, line 1). Headway and avg_speed_kmh are NOT sourced.",
       "https://www.branchline.uk/jfpdf/indianarrs.pdf (John Fowler, Indiana passenger stations: SL281, the Monon's lines 1-7, with the timetable-year letters each station appears under)"
      ]
     },
     {
      "start": 1897,
      "end": 1959,
      "headway_min": 360,
      "note": "The Louisville, New Albany and Chicago was reorganised as the Chicago, Indianapolis and Louisville Railway on 1 July 1897 and renamed the Monon Railroad on 11 January 1956 - one railroad under three names, drawn in one colour. In its last decades this carried the Thoroughbred (Chicago-Louisville, from 15 Feb 1948), the Hoosier and the Tippecanoe (Chicago-Indianapolis, streamlined 1947), the Night Express / Bluegrass (Chicago-Louisville, to September 1949) and briefly the Varsity (Chicago-Bloomington, 1950 and spring 1953); the Feb 1952 Official Guide (Table 1) shows Chicago departures with legible times. The Hoosier and Tippecanoe made their last runs on 9/10 April 1959. Headway is an estimate from the number of named trains and is NOT sourced.",
      "sources": [
       "Segment-level: service in Sept 1951 is in the Feb 1952 Official Guide, Table 1; the 1959 end of the Indianapolis trains is from Wikipedia (Hoosier) and american-rails. Headway and avg_speed_kmh are NOT sourced.",
       "Official Guide of the Railways, Feb 1952 edition (schedules effective 30 Sept 1951), Chicago, Indianapolis and Louisville Railway section, Tables 1-4 and the index of stations - https://archive.org/details/the-official-guide-of-the-railways-images",
       "https://en.wikipedia.org/wiki/Hoosier_(train) - Chicago-Indianapolis; Hoosier and Tippecanoe last ran 9/10 April 1959",
       "https://www.american-rails.com/hoosier.html",
       "https://monon.org/passenger.php (Monon Railroad Historical-Technical Society: named trains and dates)"
      ]
     },
     {
      "start": 1959,
      "end": 1967,
      "headway_min": 1440,
      "note": "Only the Thoroughbred (Nos. 5/6, Chicago-Louisville) remained after April 1959; it made the Monon's last passenger run on 30 September 1967. Freight continued, and the Monon merged into the Louisville and Nashville in 1971. Headway reflects one train each way a day.",
      "sources": [
       "Segment-level: the end date is from Wikipedia (Thoroughbred). That the Thoroughbred was the only train 1959-1967 follows from the research report's named-train list and is not checked against a timetable.",
       "https://en.wikipedia.org/wiki/Thoroughbred_(train) - Chicago-Louisville, 15 Feb 1948 to 30 Sept 1967, the Monon's last passenger train",
       "https://en.wikipedia.org/wiki/Monon_Railroad"
      ]
     }
    ]
   },
   "geometry": {
    "type": "LineString",
    "coordinates": [
     [
      -87.629,
      41.8727
     ],
     [
      -87.63,
      41.8607
     ],
     [
      -87.636888,
      41.84995
     ],
     [
      -87.636061,
      41.811835
     ],
     [
      -87.637342,
      41.807191
     ],
     [
      -87.63797,
      41.806333
     ],
     [
      -87.639815,
      41.804669
     ],
     [
      -87.640235,
      41.803916
     ],
     [
      -87.640385,
      41.803007
     ],
     [
      -87.639296,
      41.762801
     ],
     [
      -87.639438,
      41.752065
     ],
     [
      -87.638786,
      41.74709
     ],
     [
      -87.637214,
      41.741134
     ],
     [
      -87.63664,
      41.739976
     ],
     [
      -87.634685,
      41.73761
     ],
     [
      -87.634069,
      41.735935
     ],
     [
      -87.632721,
      41.69286
     ],
     [
      -87.632236,
      41.690693
     ],
     [
      -87.631324,
      41.689113
     ],
     [
      -87.630044,
      41.687871
     ],
     [
      -87.615329,
      41.680259
     ],
     [
      -87.613878,
      41.679055
     ],
     [
      -87.613071,
      41.677744
     ],
     [
      -87.612756,
      41.676287
     ],
     [
      -87.612424,
      41.658388
     ],
     [
      -87.612031,
      41.652414
     ],
     [
      -87.612235,
      41.640878
     ],
     [
      -87.587747,
      41.640674
     ],
     [
      -87.586273,
      41.64032
     ],
     [
      -87.576638,
      41.636503
     ],
     [
      -87.575281,
      41.636144
     ],
     [
      -87.563104,
      41.636162
     ],
     [
      -87.56127,
      41.635948
     ],
     [
      -87.559168,
      41.635063
     ],
     [
      -87.557142,
      41.633239
     ],
     [
      -87.555585,
      41.632364
     ],
     [
      -87.554238,
      41.632021
     ],
     [
      -87.550214,
      41.631797
     ],
     [
      -87.547518,
      41.631344
     ],
     [
      -87.522092,
      41.621702
     ],
     [
      -87.519716,
      41.617643
     ],
     [
      -87.518615,
      41.612161
     ],
     [
      -87.518561,
      41.553554
     ],
     [
      -87.518085,
      41.549857
     ],
     [
      -87.518047,
      41.501247
     ],
     [
      -87.517723,
      41.498886
     ],
     [
      -87.51705,
      41.496961
     ],
     [
      -87.516363,
      41.49594
     ],
     [
      -87.503152,
      41.482587
     ],
     [
      -87.500538,
      41.480388
     ],
     [
      -87.481146,
      41.465848
     ],
     [
      -87.465518,
      41.450702
     ],
     [
      -87.464092,
      41.448895
     ],
     [
      -87.458307,
      41.427536
     ],
     [
      -87.453487,
      41.419162
     ],
     [
      -87.451249,
      41.412886
     ],
     [
      -87.446208,
      41.386874
     ],
     [
      -87.445744,
      41.381937
     ],
     [
      -87.446915,
      41.357138
     ],
     [
      -87.446477,
      41.353676
     ],
     [
      -87.445361,
      41.350963
     ],
     [
      -87.443756,
      41.348568
     ],
     [
      -87.441539,
      41.346361
     ],
     [
      -87.434719,
      41.340948
     ],
     [
      -87.432833,
      41.338668
     ],
     [
      -87.431452,
      41.336121
     ],
     [
      -87.428427,
      41.325735
     ],
     [
      -87.422921,
      41.309704
     ],
     [
      -87.422919,
      41.307769
     ],
     [
      -87.424554,
      41.295859
     ],
     [
      -87.42437,
      41.293547
     ],
     [
      -87.411398,
      41.27194
     ],
     [
      -87.409839,
      41.270282
     ],
     [
      -87.40128,
      41.263987
     ],
     [
      -87.399762,
      41.262501
     ],
     [
      -87.333647,
      41.170346
     ],
     [
      -87.329589,
      41.165084
     ],
     [
      -87.240785,
      41.055361
     ],
     [
      -87.174976,
      40.959179
     ],
     [
      -87.173787,
      40.957909
     ],
     [
      -87.157495,
      40.944364
     ],
     [
      -87.155587,
      40.943441
     ],
     [
      -87.153569,
      40.943128
     ],
     [
      -87.102425,
      40.943427
     ],
     [
      -87.098223,
      40.943039
     ],
     [
      -87.095017,
      40.942264
     ],
     [
      -87.014943,
      40.912329
     ],
     [
      -86.950292,
      40.887767
     ],
     [
      -86.940124,
      40.883044
     ],
     [
      -86.877692,
      40.860074
     ],
     [
      -86.877799,
      40.862783
     ]
    ]
   }
  },
  {
   "type": "Feature",
   "properties": {
    "company": "Chicago, Indianapolis and Louisville Railway (Monon)",
    "line": "Monon: Monon – New Albany",
    "id": "monon-main-new-albany",
    "color": "#D92B5F",
    "mode": "intercity_rail",
    "avg_speed_kmh": 65,
    "speed_source": "estimated; not computed from a real timetable (Rule 3)",
    "geometry_source": "OpenStreetMap via Overpass (mail.ru mirror, cached degree tiles), gaps filled from OpenHistoricalMap (CC0). Dijkstra over every railway way (rail, abandoned, disused, razed; tram/subway excluded), ways tagged old_railway_operator=Monon (or named for the CSX Monon / Hoosier Subdivisions) costed 1x, untagged 1.25x, hand-picked OpenHistoricalMap Monon ways 1.5x, any other named operator 12x; straight-line bridges only between dangling ends, priced 40x. Waypoints geocoded with Nominatim and snapped by a dynamic program over candidate nodes; each leg confined to a corridor around its own chord. Simplified with Douglas-Peucker at 12 m.",
    "geometry_quality": "Traced: 230.7 mi Monon - New Albany against 229.2 mi between Fowler's mileposts (Monon MP 88.4, New Albany MP 317.6). 173 mi is on OSM ways tagged as the Monon (the live CSX Monon Subdivision north of Bloomington, Indiana Rail Road and lifted Hoosier Subdivision grade south of it). 53 mi comes from OpenHistoricalMap where OSM maps nothing: Cloverdale - Gosport - Ellettsville (27 mi, the lifted line through Owen and Monroe counties), Bloomington - Harrodsburg (10 mi), and Salem - Borden (10 mi), with short OHM pieces at Bedford, Mitchell and Orleans. Straight-line bridges total 5.5 km, the longest 3.0 km at Clear Creek south of Bloomington and 1.8 km at Bedford. Every station town lies within 0.7 km of the line. LATER ALIGNMENTS, all drawn back to 1854: (1) Lafayette: from 1854 through 1967 trains ran down Fifth Street (Fowler line 1 note 3, Lafayette Shops MP 118.2 - Lafayette Junction MP 121.5); this draws the relocated line along the river, roughly 300-400 m west of Fifth Street for about 3 mi. (2) Clear Creek - Harrodsburg (about 9 mi): the original line ran via Smithville and Sanders (confirmed in passenger use 1875 and 1914, relocation date unknown); this draws the later line through Harrodsburg, up to 4.3 km from Smithville. OpenHistoricalMap has the Smithville line, but with no date for the change the feature cannot be split honestly. (3) Street running in Bedford and New Albany is not reconstructed.",
    "segments": [
     {
      "start": 1854,
      "end": 1859,
      "headway_min": 720,
      "note": "The New Albany and Salem Railroad, completed from New Albany to Michigan City in 1854 (sections opened progressively from 1847): Monon, Lafayette, Crawfordsville, Greencastle, Gosport, Bloomington, Bedford, Mitchell, Orleans, Salem and Borden. Renamed the Louisville, New Albany and Chicago in 1859 - a change of name, not of operator, so it is drawn in the same colour. The start is the completion year, not the first passenger train on every section. Headway is an estimate and is NOT sourced.",
      "sources": [
       "Segment-level: drawable span from the research report, based on the 1854 completion (Wikipedia, Monon Railroad; Fowler line 1). Service in 1854 itself is presumed from completion, not proven by a timetable. Headway and avg_speed_kmh are NOT sourced.",
       "https://www.branchline.uk/jfpdf/indianarrs.pdf (John Fowler, Indiana passenger stations: SL281, the Monon's lines 1-7, with the timetable-year letters each station appears under)",
       "https://en.wikipedia.org/wiki/Monon_Railroad"
      ]
     },
     {
      "start": 1859,
      "end": 1897,
      "headway_min": 480,
      "note": "Louisville, New Albany and Chicago, marketed from 1882 as \"The Monon Route\". Fowler shows every station from Monon to New Albany in the 1875 Official Guide (letter y). Until 1886 the road's own rail ended at New Albany; Louisville trains crossed on the Pennsylvania Railroad's bridge, which is not drawn. Headway is an estimate and is NOT sourced.",
      "sources": [
       "Segment-level: service confirmed by Fowler's 1875 Official Guide letters along the line. Headway is NOT sourced.",
       "https://www.branchline.uk/jfpdf/indianarrs.pdf (John Fowler, Indiana passenger stations: SL281, the Monon's lines 1-7, with the timetable-year letters each station appears under)"
      ]
     },
     {
      "start": 1897,
      "end": 1949,
      "headway_min": 360,
      "note": "The Louisville, New Albany and Chicago was reorganised as the Chicago, Indianapolis and Louisville Railway on 1 July 1897 and renamed the Monon Railroad on 11 January 1956 - one railroad under three names, drawn in one colour. The college railroad: Purdue at Lafayette, DePauw at Greencastle and Indiana University at Bloomington all lie on this line. Through Chicago-Louisville trains included the Thoroughbred (from 1948) and the Night Express / Bluegrass, which carried the French Lick cars and was discontinued after 25 September 1949. Headway is an estimate and is NOT sourced.",
      "sources": [
       "Segment-level: the 1949 boundary is the end of trains 3/4 (american-rails; abandonedonline). Headway is NOT sourced.",
       "https://www.american-rails.com/monon.html",
       "https://abandonedonline.net/location/monon-railroad/",
       "https://monon.org/passenger.php (Monon Railroad Historical-Technical Society: named trains and dates)"
      ]
     },
     {
      "start": 1949,
      "end": 1967,
      "headway_min": 1440,
      "note": "From late 1949 the Thoroughbred (Nos. 5/6) carried the through service, with the Varsity (Chicago-Bloomington, for college weekend traffic) running January-June 1950 and again in spring 1953; the Feb 1952 Official Guide (Table 1) shows the Thoroughbred here with legible times. Passenger service ended 30 September 1967. Headway reflects one train each way a day.",
      "sources": [
       "Segment-level: Sept 1951 service in the Feb 1952 Official Guide, Table 1; 1967 end from Wikipedia (Thoroughbred); Varsity dates from monon.org. That no other train ran is from the research report's named-train list, not a timetable check.",
       "Official Guide of the Railways, Feb 1952 edition (schedules effective 30 Sept 1951), Chicago, Indianapolis and Louisville Railway section, Tables 1-4 and the index of stations - https://archive.org/details/the-official-guide-of-the-railways-images",
       "https://en.wikipedia.org/wiki/Thoroughbred_(train) - Chicago-Louisville, 15 Feb 1948 to 30 Sept 1967, the Monon's last passenger train",
       "https://monon.org/passenger.php (Monon Railroad Historical-Technical Society: named trains and dates)"
      ]
     }
    ]
   },
   "geometry": {
    "type": "LineString",
    "coordinates": [
     [
      -86.877799,
      40.862783
     ],
     [
      -86.871339,
      40.699586
     ],
     [
      -86.86658,
      40.590531
     ],
     [
      -86.865801,
      40.586671
     ],
     [
      -86.86469,
      40.583592
     ],
     [
      -86.836203,
      40.521652
     ],
     [
      -86.835677,
      40.51936
     ],
     [
      -86.835665,
      40.516041
     ],
     [
      -86.836125,
      40.513992
     ],
     [
      -86.836902,
      40.512072
     ],
     [
      -86.837679,
      40.510715
     ],
     [
      -86.839359,
      40.508674
     ],
     [
      -86.841268,
      40.507038
     ],
     [
      -86.8453,
      40.504497
     ],
     [
      -86.847128,
      40.503111
     ],
     [
      -86.852941,
      40.496683
     ],
     [
      -86.858308,
      40.492854
     ],
     [
      -86.860229,
      40.491165
     ],
     [
      -86.862666,
      40.487984
     ],
     [
      -86.863831,
      40.485404
     ],
     [
      -86.871404,
      40.463377
     ],
     [
      -86.87244,
      40.46132
     ],
     [
      -86.875078,
      40.457609
     ],
     [
      -86.875756,
      40.456139
     ],
     [
      -86.878436,
      40.445338
     ],
     [
      -86.885982,
      40.434664
     ],
     [
      -86.890944,
      40.429566
     ],
     [
      -86.894128,
      40.424147
     ],
     [
      -86.896753,
      40.418421
     ],
     [
      -86.89677,
      40.417318
     ],
     [
      -86.896028,
      40.414282
     ],
     [
      -86.896129,
      40.412762
     ],
     [
      -86.896514,
      40.411769
     ],
     [
      -86.898824,
      40.408541
     ],
     [
      -86.90121,
      40.406145
     ],
     [
      -86.907284,
      40.402567
     ],
     [
      -86.913896,
      40.399178
     ],
     [
      -86.9254,
      40.393923
     ],
     [
      -86.927426,
      40.392268
     ],
     [
      -86.928792,
      40.390246
     ],
     [
      -86.932115,
      40.384012
     ],
     [
      -86.932885,
      40.382146
     ],
     [
      -86.933183,
      40.38046
     ],
     [
      -86.93297,
      40.378819
     ],
     [
      -86.931204,
      40.375712
     ],
     [
      -86.928628,
      40.369378
     ],
     [
      -86.928644,
      40.368513
     ],
     [
      -86.929054,
      40.367336
     ],
     [
      -86.931462,
      40.364415
     ],
     [
      -86.932231,
      40.361951
     ],
     [
      -86.932122,
      40.35776
     ],
     [
      -86.930954,
      40.354939
     ],
     [
      -86.930817,
      40.353674
     ],
     [
      -86.931556,
      40.35175
     ],
     [
      -86.932096,
      40.350955
     ],
     [
      -86.935169,
      40.348038
     ],
     [
      -86.935678,
      40.346804
     ],
     [
      -86.93584,
      40.345582
     ],
     [
      -86.935626,
      40.344413
     ],
     [
      -86.935113,
      40.343357
     ],
     [
      -86.916053,
      40.311536
     ],
     [
      -86.915129,
      40.308959
     ],
     [
      -86.913327,
      40.299942
     ],
     [
      -86.913305,
      40.289229
     ],
     [
      -86.915253,
      40.27578
     ],
     [
      -86.915364,
      40.272347
     ],
     [
      -86.914877,
      40.257263
     ],
     [
      -86.913558,
      40.244093
     ],
     [
      -86.913525,
      40.238245
     ],
     [
      -86.90452,
      40.190003
     ],
     [
      -86.90438,
      40.125835
     ],
     [
      -86.903752,
      40.085854
     ],
     [
      -86.903071,
      40.083383
     ],
     [
      -86.895514,
      40.071487
     ],
     [
      -86.895083,
      40.06663
     ],
     [
      -86.895821,
      40.063952
     ],
     [
      -86.89698,
      40.062326
     ],
     [
      -86.899156,
      40.059982
     ],
     [
      -86.899758,
      40.057688
     ],
     [
      -86.899801,
      40.056378
     ],
     [
      -86.898405,
      40.053405
     ],
     [
      -86.89811,
      40.052244
     ],
     [
      -86.899243,
      40.045794
     ],
     [
      -86.89915,
      40.044718
     ],
     [
      -86.898754,
      40.043952
     ],
     [
      -86.89778,
      40.043036
     ],
     [
      -86.889426,
      40.03887
     ],
     [
      -86.888146,
      40.037959
     ],
     [
      -86.887198,
      40.036999
     ],
     [
      -86.869144,
      40.01274
     ],
     [
      -86.827465,
      39.955909
     ],
     [
      -86.799241,
      39.917009
     ],
     [
      -86.79845,
      39.914846
     ],
     [
      -86.797464,
      39.904838
     ],
     [
      -86.813005,
      39.773523
     ],
     [
      -86.820548,
      39.740153
     ],
     [
      -86.821641,
      39.738083
     ],
     [
      -86.826377,
      39.732551
     ],
     [
      -86.827151,
      39.731049
     ],
     [
      -86.827504,
      39.729397
     ],
     [
      -86.826411,
      39.71666
     ],
     [
      -86.823834,
      39.710184
     ],
     [
      -86.820173,
      39.695999
     ],
     [
      -86.819439,
      39.694632
     ],
     [
      -86.815331,
      39.689222
     ],
     [
      -86.814886,
      39.687892
     ],
     [
      -86.81492,
      39.686448
     ],
     [
      -86.81544,
      39.685116
     ],
     [
      -86.816234,
      39.684088
     ],
     [
      -86.823534,
      39.676815
     ],
     [
      -86.825218,
      39.675438
     ],
     [
      -86.827395,
      39.67435
     ],
     [
      -86.840697,
      39.669321
     ],
     [
      -86.842288,
      39.668392
     ],
     [
      -86.852763,
      39.656475
     ],
     [
      -86.854066,
      39.655261
     ],
     [
      -86.856554,
      39.65384
     ],
     [
      -86.863915,
      39.651174
     ],
     [
      -86.865256,
      39.650415
     ],
     [
      -86.86748,
      39.648747
     ],
     [
      -86.868575,
      39.647395
     ],
     [
      -86.870938,
      39.642845
     ],
     [
      -86.871284,
      39.641077
     ],
     [
      -86.870712,
      39.636628
     ],
     [
      -86.871084,
      39.633683
     ],
     [
      -86.872071,
      39.63102
     ],
     [
      -86.876152,
      39.623583
     ],
     [
      -86.876499,
      39.622528
     ],
     [
      -86.876574,
      39.621246
     ],
     [
      -86.86596,
      39.579868
     ],
     [
      -86.86471,
      39.577831
     ],
     [
      -86.862884,
      39.57623
     ],
     [
      -86.861437,
      39.575413
     ],
     [
      -86.858093,
      39.574017
     ],
     [
      -86.850859,
      39.569592
     ],
     [
      -86.844596,
      39.567672
     ],
     [
      -86.836573,
      39.564081
     ],
     [
      -86.835138,
      39.563738
     ],
     [
      -86.831716,
      39.563359
     ],
     [
      -86.828517,
      39.562568
     ],
     [
      -86.826924,
      39.561975
     ],
     [
      -86.825685,
      39.561169
     ],
     [
      -86.824782,
      39.56022
     ],
     [
      -86.824274,
      39.559358
     ],
     [
      -86.823108,
      39.555687
     ],
     [
      -86.820274,
      39.550128
     ],
     [
      -86.819429,
      39.546418
     ],
     [
      -86.817287,
      39.542617
     ],
     [
      -86.815938,
      39.536413
     ],
     [
      -86.815211,
      39.534665
     ],
     [
      -86.814154,
      39.533276
     ],
     [
      -86.802038,
      39.520537
     ],
     [
      -86.79577,
      39.51198
     ],
     [
      -86.79482,
      39.511026
     ],
     [
      -86.792689,
      39.509756
     ],
     [
      -86.780698,
      39.506827
     ],
     [
      -86.778895,
      39.506022
     ],
     [
      -86.777889,
      39.505363
     ],
     [
      -86.730943,
      39.466758
     ],
     [
      -86.70914,
      39.451667
     ],
     [
      -86.679102,
      39.426774
     ],
     [
      -86.676677,
      39.424684
     ],
     [
      -86.675544,
      39.423399
     ],
     [
      -86.674672,
      39.421719
     ],
     [
      -86.674281,
      39.4201
     ],
     [
      -86.674352,
      39.418537
     ],
     [
      -86.674943,
      39.415811
     ],
     [
      -86.674873,
      39.414959
     ],
     [
      -86.674362,
      39.413542
     ],
     [
      -86.667707,
      39.404838
     ],
     [
      -86.665502,
      39.39951
     ],
     [
      -86.664329,
      39.397396
     ],
     [
      -86.663387,
      39.396296
     ],
     [
      -86.659749,
      39.393275
     ],
     [
      -86.658766,
      39.392176
     ],
     [
      -86.658115,
      39.390533
     ],
     [
      -86.657534,
      39.387876
     ],
     [
      -86.657494,
      39.38666
     ],
     [
      -86.657885,
      39.385382
     ],
     [
      -86.659999,
      39.38233
     ],
     [
      -86.662796,
      39.3803
     ],
     [
      -86.665953,
      39.378619
     ],
     [
      -86.666945,
      39.377682
     ],
     [
      -86.667867,
      39.376032
     ],
     [
      -86.668358,
      39.373188
     ],
     [
      -86.668117,
      39.371654
     ],
     [
      -86.667195,
      39.369694
     ],
     [
      -86.665642,
      39.368028
     ],
     [
      -86.660871,
      39.363945
     ],
     [
      -86.659649,
      39.36207
     ],
     [
      -86.65916,
      39.360283
     ],
     [
      -86.659218,
      39.359522
     ],
     [
      -86.658349,
      39.355357
     ],
     [
      -86.658346,
      39.352861
     ],
     [
      -86.658021,
      39.351948
     ],
     [
      -86.659287,
      39.349616
     ],
     [
      -86.660188,
      39.342821
     ],
     [
      -86.65985,
      39.341415
     ],
     [
      -86.659464,
      39.340685
     ],
     [
      -86.65882,
      39.340071
     ],
     [
      -86.654421,
      39.337581
     ],
     [
      -86.65337,
      39.336685
     ],
     [
      -86.652919,
      39.336038
     ],
     [
      -86.651932,
      39.333465
     ],
     [
      -86.645667,
      39.322992
     ],
     [
      -86.644959,
      39.320685
     ],
     [
      -86.6441,
      39.312832
     ],
     [
      -86.644315,
      39.311305
     ],
     [
      -86.644937,
      39.310525
     ],
     [
      -86.647104,
      39.308782
     ],
     [
      -86.648285,
      39.308034
     ],
     [
      -86.651761,
      39.30659
     ],
     [
      -86.652404,
      39.306125
     ],
     [
      -86.652919,
      39.304863
     ],
     [
      -86.652919,
      39.303717
     ],
     [
      -86.651396,
      39.295731
     ],
     [
      -86.647984,
      39.290284
     ],
     [
      -86.647727,
      39.289403
     ],
     [
      -86.648199,
      39.28658
     ],
     [
      -86.64807,
      39.285683
     ],
     [
      -86.646461,
      39.280402
     ],
     [
      -86.64528,
      39.278342
     ],
     [
      -86.638328,
      39.271665
     ],
     [
      -86.63732,
      39.270934
     ],
     [
      -86.634359,
      39.269322
     ],
     [
      -86.625968,
      39.265136
     ],
     [
      -86.625218,
      39.264588
     ],
     [
      -86.624145,
      39.262943
     ],
     [
      -86.623844,
      39.261763
     ],
     [
      -86.623651,
      39.257975
     ],
     [
      -86.624338,
      39.250797
     ],
     [
      -86.623844,
      39.24887
     ],
     [
      -86.621613,
      39.243486
     ],
     [
      -86.621462,
      39.242605
     ],
     [
      -86.621398,
      39.239431
     ],
     [
      -86.622389,
      39.234823
     ],
     [
      -86.62201,
      39.233663
     ],
     [
      -86.620719,
      39.232435
     ],
     [
      -86.616287,
      39.229158
     ],
     [
      -86.614484,
      39.227166
     ],
     [
      -86.605558,
      39.208149
     ],
     [
      -86.602952,
      39.203156
     ],
     [
      -86.595173,
      39.193862
     ],
     [
      -86.593183,
      39.19256
     ],
     [
      -86.587062,
      39.189217
     ],
     [
      -86.586038,
      39.188575
     ],
     [
      -86.584957,
      39.187531
     ],
     [
      -86.58452,
      39.185764
     ],
     [
      -86.584546,
      39.180114
     ],
     [
      -86.583986,
      39.178724
     ],
     [
      -86.582603,
      39.177228
     ],
     [
      -86.578844,
      39.175008
     ],
     [
      -86.575382,
      39.17378
     ],
     [
      -86.573477,
      39.173457
     ],
     [
      -86.558266,
      39.171951
     ],
     [
      -86.553945,
      39.170717
     ],
     [
      -86.547786,
      39.170792
     ],
     [
      -86.546924,
      39.170998
     ],
     [
      -86.543449,
      39.172496
     ],
     [
      -86.541033,
      39.172336
     ],
     [
      -86.539975,
      39.171961
     ],
     [
      -86.538353,
      39.17073
     ],
     [
      -86.536466,
      39.167796
     ],
     [
      -86.536086,
      39.16669
     ],
     [
      -86.53626,
      39.15378
     ],
     [
      -86.536045,
      39.146825
     ],
     [
      -86.535954,
      39.14565
     ],
     [
      -86.534654,
      39.140201
     ],
     [
      -86.534645,
      39.137571
     ],
     [
      -86.535603,
      39.132781
     ],
     [
      -86.535719,
      39.127431
     ],
     [
      -86.538569,
      39.119304
     ],
     [
      -86.540031,
      39.110265
     ],
     [
      -86.5411,
      39.105823
     ],
     [
      -86.540989,
      39.104763
     ],
     [
      -86.540015,
      39.10192
     ],
     [
      -86.540118,
      39.10047
     ],
     [
      -86.541109,
      39.098939
     ],
     [
      -86.542633,
      39.09796
     ],
     [
      -86.548143,
      39.096473
     ],
     [
      -86.55061,
      39.095277
     ],
     [
      -86.551832,
      39.094372
     ],
     [
      -86.555514,
      39.090596
     ],
     [
      -86.557035,
      39.089568
     ],
     [
      -86.561432,
      39.08747
     ],
     [
      -86.563343,
      39.085907
     ],
     [
      -86.56435,
      39.084592
     ],
     [
      -86.565018,
      39.082829
     ],
     [
      -86.565224,
      39.081393
     ],
     [
      -86.564402,
      39.075803
     ],
     [
      -86.564494,
      39.074686
     ],
     [
      -86.564998,
      39.07345
     ],
     [
      -86.565717,
      39.072524
     ],
     [
      -86.567104,
      39.071424
     ],
     [
      -86.570874,
      39.069749
     ],
     [
      -86.571891,
      39.069038
     ],
     [
      -86.573124,
      39.067635
     ],
     [
      -86.573607,
      39.066382
     ],
     [
      -86.573317,
      39.048208
     ],
     [
      -86.574006,
      39.047015
     ],
     [
      -86.576843,
      39.044653
     ],
     [
      -86.57758,
      39.043613
     ],
     [
      -86.57797,
      39.042653
     ],
     [
      -86.57797,
      39.04047
     ],
     [
      -86.576944,
      39.038633
     ],
     [
      -86.575362,
      39.03714
     ],
     [
      -86.574118,
      39.036279
     ],
     [
      -86.572449,
      39.035587
     ],
     [
      -86.566035,
      39.034467
     ],
     [
      -86.564119,
      39.033625
     ],
     [
      -86.562988,
      39.032374
     ],
     [
      -86.561555,
      39.027811
     ],
     [
      -86.560256,
      39.026653
     ],
     [
      -86.55912,
      39.026215
     ],
     [
      -86.557375,
      39.026083
     ],
     [
      -86.556252,
      39.026367
     ],
     [
      -86.552989,
      39.028014
     ],
     [
      -86.550951,
      39.028218
     ],
     [
      -86.550074,
      39.028048
     ],
     [
      -86.549321,
      39.027756
     ],
     [
      -86.54824,
      39.026952
     ],
     [
      -86.547613,
      39.026063
     ],
     [
      -86.546751,
      39.023446
     ],
     [
      -86.545779,
      39.022301
     ],
     [
      -86.545011,
      39.021729
     ],
     [
      -86.543836,
      39.021132
     ],
     [
      -86.542237,
      39.020779
     ],
     [
      -86.538601,
      39.020706
     ],
     [
      -86.536892,
      39.020413
     ],
     [
      -86.535074,
      39.019695
     ],
     [
      -86.533946,
      39.018928
     ],
     [
      -86.532943,
      39.01782
     ],
     [
      -86.519997,
      38.990889
     ],
     [
      -86.516607,
      38.98722
     ],
     [
      -86.515672,
      38.985821
     ],
     [
      -86.514766,
      38.984996
     ],
     [
      -86.512747,
      38.983665
     ],
     [
      -86.512426,
      38.983252
     ],
     [
      -86.510933,
      38.982379
     ],
     [
      -86.509823,
      38.981278
     ],
     [
      -86.509563,
      38.980133
     ],
     [
      -86.510374,
      38.974321
     ],
     [
      -86.509823,
      38.972558
     ],
     [
      -86.508887,
      38.971869
     ],
     [
      -86.508015,
      38.971534
     ],
     [
      -86.506866,
      38.971499
     ],
     [
      -86.502851,
      38.970803
     ],
     [
      -86.501416,
      38.970365
     ],
     [
      -86.499994,
      38.969796
     ],
     [
      -86.498805,
      38.968768
     ],
     [
      -86.498286,
      38.968052
     ],
     [
      -86.497917,
      38.966555
     ],
     [
      -86.498369,
      38.964915
     ],
     [
      -86.501199,
      38.962181
     ],
     [
      -86.50207,
      38.960944
     ],
     [
      -86.503559,
      38.952782
     ],
     [
      -86.504112,
      38.951362
     ],
     [
      -86.505451,
      38.950073
     ],
     [
      -86.506238,
      38.949605
     ],
     [
      -86.510909,
      38.947612
     ],
     [
      -86.511813,
      38.946714
     ],
     [
      -86.512048,
      38.946219
     ],
     [
      -86.512115,
      38.945164
     ],
     [
      -86.511612,
      38.944071
     ],
     [
      -86.507209,
      38.93894
     ],
     [
      -86.505485,
      38.938146
     ],
     [
      -86.502136,
      38.93795
     ],
     [
      -86.500914,
      38.937495
     ],
     [
      -86.49996,
      38.936596
     ],
     [
      -86.499458,
      38.934916
     ],
     [
      -86.499977,
      38.933132
     ],
     [
      -86.500847,
      38.93196
     ],
     [
      -86.501433,
      38.93153
     ],
     [
      -86.503978,
      38.930358
     ],
     [
      -86.504899,
      38.929394
     ],
     [
      -86.505267,
      38.928378
     ],
     [
      -86.505184,
      38.92688
     ],
     [
      -86.505669,
      38.924549
     ],
     [
      -86.505669,
      38.923885
     ],
     [
      -86.505284,
      38.922778
     ],
     [
      -86.502237,
      38.920055
     ],
     [
      -86.50152,
      38.918916
     ],
     [
      -86.500942,
      38.916265
     ],
     [
      -86.501314,
      38.915075
     ],
     [
      -86.502145,
      38.913753
     ],
     [
      -86.503509,
      38.912656
     ],
     [
      -86.509237,
      38.910322
     ],
     [
      -86.510402,
      38.909542
     ],
     [
      -86.511138,
      38.908274
     ],
     [
      -86.511615,
      38.905538
     ],
     [
      -86.512398,
      38.903217
     ],
     [
      -86.512044,
      38.902048
     ],
     [
      -86.511507,
      38.901547
     ],
     [
      -86.509887,
      38.900929
     ],
     [
      -86.508922,
      38.900762
     ],
     [
      -86.501959,
      38.900445
     ],
     [
      -86.498053,
      38.901455
     ],
     [
      -86.495382,
      38.901589
     ],
     [
      -86.492603,
      38.901305
     ],
     [
      -86.491884,
      38.901063
     ],
     [
      -86.490444,
      38.900066
     ],
     [
      -86.490031,
      38.899341
     ],
     [
      -86.489866,
      38.898423
     ],
     [
      -86.489819,
      38.89497
     ],
     [
      -86.489477,
      38.894236
     ],
     [
      -86.487978,
      38.892867
     ],
     [
      -86.487152,
      38.891527
     ],
     [
      -86.487152,
      38.890526
     ],
     [
      -86.487471,
      38.889828
     ],
     [
      -86.488745,
      38.888469
     ],
     [
      -86.489536,
      38.886806
     ],
     [
      -86.489488,
      38.886173
     ],
     [
      -86.489123,
      38.88531
     ],
     [
      -86.487577,
      38.883657
     ],
     [
      -86.486991,
      38.88273
     ],
     [
      -86.486678,
      38.882073
     ],
     [
      -86.4867,
      38.881187
     ],
     [
      -86.48589,
      38.880859
     ],
     [
      -86.484777,
      38.880071
     ],
     [
      -86.483987,
      38.879188
     ],
     [
      -86.479957,
      38.87419
     ],
     [
      -86.479593,
      38.87285
     ],
     [
      -86.480484,
      38.867474
     ],
     [
      -86.481673,
      38.866781
     ],
     [
      -86.484354,
      38.864592
     ],
     [
      -86.492989,
      38.849716
     ],
     [
      -86.493422,
      38.848241
     ],
     [
      -86.493372,
      38.847005
     ],
     [
      -86.493033,
      38.845981
     ],
     [
      -86.491704,
      38.843635
     ],
     [
      -86.491439,
      38.842922
     ],
     [
      -86.491524,
      38.842167
     ],
     [
      -86.492164,
      38.841045
     ],
     [
      -86.494616,
      38.839163
     ],
     [
      -86.49508,
      38.837743
     ],
     [
      -86.495474,
      38.834905
     ],
     [
      -86.503845,
      38.820868
     ],
     [
      -86.503774,
      38.818998
     ],
     [
      -86.500854,
      38.814709
     ],
     [
      -86.499562,
      38.810141
     ],
     [
      -86.499845,
      38.808843
     ],
     [
      -86.501215,
      38.806047
     ],
     [
      -86.501433,
      38.804598
     ],
     [
      -86.502193,
      38.802274
     ],
     [
      -86.502127,
      38.801674
     ],
     [
      -86.501134,
      38.799399
     ],
     [
      -86.501127,
      38.796395
     ],
     [
      -86.501524,
      38.794338
     ],
     [
      -86.501119,
      38.793178
     ],
     [
      -86.49886,
      38.79108
     ],
     [
      -86.497543,
      38.788761
     ],
     [
      -86.495185,
      38.786123
     ],
     [
      -86.492025,
      38.780885
     ],
     [
      -86.488548,
      38.777918
     ],
     [
      -86.487443,
      38.776517
     ],
     [
      -86.485556,
      38.773427
     ],
     [
      -86.485187,
      38.772129
     ],
     [
      -86.484735,
      38.760993
     ],
     [
      -86.484069,
      38.755902
     ],
     [
      -86.468481,
      38.728771
     ],
     [
      -86.467504,
      38.726084
     ],
     [
      -86.466206,
      38.720132
     ],
     [
      -86.465262,
      38.718626
     ],
     [
      -86.4634,
      38.716441
     ],
     [
      -86.46129,
      38.710931
     ],
     [
      -86.460442,
      38.709791
     ],
     [
      -86.452294,
      38.701026
     ],
     [
      -86.451291,
      38.698935
     ],
     [
      -86.451051,
      38.696837
     ],
     [
      -86.45281,
      38.67419
     ],
     [
      -86.451635,
      38.664961
     ],
     [
      -86.451083,
      38.663679
     ],
     [
      -86.449866,
      38.662761
     ],
     [
      -86.448252,
      38.662208
     ],
     [
      -86.446978,
      38.662175
     ],
     [
      -86.444382,
      38.662504
     ],
     [
      -86.442126,
      38.663374
     ],
     [
      -86.438613,
      38.665812
     ],
     [
      -86.437511,
      38.666377
     ],
     [
      -86.431495,
      38.667915
     ],
     [
      -86.428513,
      38.66822
     ],
     [
      -86.415799,
      38.668692
     ],
     [
      -86.412871,
      38.66857
     ],
     [
      -86.397954,
      38.666244
     ],
     [
      -86.393695,
      38.666072
     ],
     [
      -86.390358,
      38.666457
     ],
     [
      -86.368682,
      38.670818
     ],
     [
      -86.365798,
      38.671213
     ],
     [
      -86.316805,
      38.673227
     ],
     [
      -86.314584,
      38.67316
     ],
     [
      -86.312194,
      38.672863
     ],
     [
      -86.310101,
      38.672412
     ],
     [
      -86.307129,
      38.671403
     ],
     [
      -86.22449,
      38.635703
     ],
     [
      -86.218336,
      38.63382
     ],
     [
      -86.211078,
      38.63189
     ],
     [
      -86.208346,
      38.631553
     ],
     [
      -86.205379,
      38.631871
     ],
     [
      -86.188116,
      38.636914
     ],
     [
      -86.186439,
      38.637426
     ],
     [
      -86.184402,
      38.638321
     ],
     [
      -86.182942,
      38.638683
     ],
     [
      -86.175,
      38.639245
     ],
     [
      -86.164788,
      38.637238
     ],
     [
      -86.161871,
      38.6365
     ],
     [
      -86.160477,
      38.635671
     ],
     [
      -86.158024,
      38.633326
     ],
     [
      -86.156613,
      38.630915
     ],
     [
      -86.156052,
      38.630374
     ],
     [
      -86.152431,
      38.628255
     ],
     [
      -86.139492,
      38.617325
     ],
     [
      -86.138539,
      38.616714
     ],
     [
      -86.13695,
      38.616062
     ],
     [
      -86.130513,
      38.61449
     ],
     [
      -86.129179,
      38.613794
     ],
     [
      -86.128551,
      38.613289
     ],
     [
      -86.127918,
      38.612386
     ],
     [
      -86.126737,
      38.609515
     ],
     [
      -86.125993,
      38.608253
     ],
     [
      -86.12426,
      38.606323
     ],
     [
      -86.118064,
      38.60146
     ],
     [
      -86.116426,
      38.600414
     ],
     [
      -86.113152,
      38.599207
     ],
     [
      -86.111396,
      38.598057
     ],
     [
      -86.110179,
      38.597509
     ],
     [
      -86.108446,
      38.59738
     ],
     [
      -86.107524,
      38.597574
     ],
     [
      -86.106571,
      38.598071
     ],
     [
      -86.105765,
      38.59891
     ],
     [
      -86.10435,
      38.601264
     ],
     [
      -86.103257,
      38.602084
     ],
     [
      -86.102168,
      38.602443
     ],
     [
      -86.099021,
      38.602815
     ],
     [
      -86.097539,
      38.603461
     ],
     [
      -86.096327,
      38.604663
     ],
     [
      -86.094813,
      38.607612
     ],
     [
      -86.094049,
      38.60826
     ],
     [
      -86.093068,
      38.608713
     ],
     [
      -86.09107,
      38.608975
     ],
     [
      -86.067153,
      38.609814
     ],
     [
      -86.065693,
      38.609769
     ],
     [
      -86.064194,
      38.609479
     ],
     [
      -86.05849,
      38.607454
     ],
     [
      -86.046427,
      38.603935
     ],
     [
      -86.041135,
      38.601941
     ],
     [
      -86.036665,
      38.601431
     ],
     [
      -86.03301,
      38.600581
     ],
     [
      -86.027457,
      38.599839
     ],
     [
      -86.025752,
      38.599206
     ],
     [
      -86.024454,
      38.598133
     ],
     [
      -86.023776,
      38.596827
     ],
     [
      -86.02369,
      38.595764
     ],
     [
      -86.024179,
      38.592816
     ],
     [
      -86.024861,
      38.590508
     ],
     [
      -86.02913,
      38.584349
     ],
     [
      -86.030758,
      38.580956
     ],
     [
      -86.031471,
      38.572837
     ],
     [
      -86.031415,
      38.567162
     ],
     [
      -86.030871,
      38.565931
     ],
     [
      -86.029632,
      38.564935
     ],
     [
      -86.019207,
      38.560221
     ],
     [
      -86.012313,
      38.553534
     ],
     [
      -86.011563,
      38.5522
     ],
     [
      -86.011009,
      38.550372
     ],
     [
      -86.009692,
      38.547943
     ],
     [
      -86.009713,
      38.544384
     ],
     [
      -86.010051,
      38.543378
     ],
     [
      -86.011228,
      38.541982
     ],
     [
      -86.013463,
      38.540553
     ],
     [
      -86.014507,
      38.538918
     ],
     [
      -86.014542,
      38.534929
     ],
     [
      -86.015754,
      38.531114
     ],
     [
      -86.017101,
      38.528297
     ],
     [
      -86.019373,
      38.521292
     ],
     [
      -86.019517,
      38.517706
     ],
     [
      -86.016928,
      38.506175
     ],
     [
      -86.008981,
      38.496699
     ],
     [
      -86.008274,
      38.495413
     ],
     [
      -86.007421,
      38.492937
     ],
     [
      -86.005423,
      38.490967
     ],
     [
      -86.003343,
      38.490137
     ],
     [
      -86.002284,
      38.489948
     ],
     [
      -85.986258,
      38.488363
     ],
     [
      -85.983413,
      38.488396
     ],
     [
      -85.981289,
      38.488108
     ],
     [
      -85.97935,
      38.487177
     ],
     [
      -85.978444,
      38.486257
     ],
     [
      -85.977977,
      38.485238
     ],
     [
      -85.977764,
      38.483132
     ],
     [
      -85.977439,
      38.48239
     ],
     [
      -85.976108,
      38.480783
     ],
     [
      -85.974508,
      38.479763
     ],
     [
      -85.970813,
      38.4783
     ],
     [
      -85.96297,
      38.472582
     ],
     [
      -85.95105,
      38.469279
     ],
     [
      -85.942471,
      38.466352
     ],
     [
      -85.936469,
      38.464601
     ],
     [
      -85.922142,
      38.460544
     ],
     [
      -85.916012,
      38.458981
     ],
     [
      -85.89935,
      38.45264
     ],
     [
      -85.888577,
      38.449901
     ],
     [
      -85.882107,
      38.449048
     ],
     [
      -85.832506,
      38.447686
     ],
     [
      -85.830812,
      38.447526
     ],
     [
      -85.828099,
      38.446754
     ],
     [
      -85.8198,
      38.442484
     ],
     [
      -85.818587,
      38.441756
     ],
     [
      -85.817138,
      38.440306
     ],
     [
      -85.814859,
      38.435444
     ],
     [
      -85.812169,
      38.432097
     ],
     [
      -85.810022,
      38.42886
     ],
     [
      -85.80528,
      38.41973
     ],
     [
      -85.804623,
      38.416783
     ],
     [
      -85.803186,
      38.407462
     ],
     [
      -85.803448,
      38.40623
     ],
     [
      -85.805065,
      38.40322
     ],
     [
      -85.805661,
      38.39995
     ],
     [
      -85.805618,
      38.398448
     ],
     [
      -85.80493,
      38.39506
     ],
     [
      -85.805897,
      38.390131
     ],
     [
      -85.805799,
      38.389107
     ],
     [
      -85.805104,
      38.386747
     ],
     [
      -85.805484,
      38.38314
     ],
     [
      -85.808366,
      38.376257
     ],
     [
      -85.813385,
      38.36944
     ],
     [
      -85.822136,
      38.347811
     ],
     [
      -85.82286,
      38.337127
     ],
     [
      -85.822745,
      38.332115
     ],
     [
      -85.822196,
      38.33038
     ],
     [
      -85.818434,
      38.325309
     ],
     [
      -85.817774,
      38.323816
     ],
     [
      -85.816886,
      38.310835
     ],
     [
      -85.816946,
      38.299562
     ],
     [
      -85.817117,
      38.297956
     ],
     [
      -85.817734,
      38.296576
     ],
     [
      -85.822417,
      38.292283
     ],
     [
      -85.823556,
      38.290379
     ],
     [
      -85.82397,
      38.288341
     ]
    ]
   }
  },
  {
   "type": "Feature",
   "properties": {
    "company": "Chicago, Indianapolis and Louisville Railway (Monon)",
    "line": "Monon: New Albany – Louisville (K&I bridge)",
    "id": "monon-new-albany-louisville",
    "color": "#D92B5F",
    "mode": "intercity_rail",
    "avg_speed_kmh": 40,
    "speed_source": "estimated; not computed from a real timetable (Rule 3)",
    "geometry_source": "OpenStreetMap via Overpass (mail.ru mirror, cached degree tiles), gaps filled from OpenHistoricalMap (CC0). Dijkstra over every railway way (rail, abandoned, disused, razed; tram/subway excluded), ways tagged old_railway_operator=Monon (or named for the CSX Monon / Hoosier Subdivisions) costed 1x, untagged 1.25x, hand-picked OpenHistoricalMap Monon ways 1.5x, any other named operator 12x; straight-line bridges only between dangling ends, priced 40x. Waypoints geocoded with Nominatim and snapped by a dynamic program over candidate nodes; each leg confined to a corridor around its own chord. Simplified with Douglas-Peucker at 12 m.",
    "geometry_quality": "Traced: 7.4 mi from the Monon's Hoosier Subdivision at New Albany over the Kentucky and Indiana bridge, through the K&I Youngtown yard, to Louisville Union Station (10th and Broadway), against 7.3 mi (New Albany MP 317.6 to Louisville MP 324.9). All on ways OSM tags as the Monon, the K&I Terminal or the NS Louisville District over the K&I bridge, with no straight-line bridges; the last 0.6 km to the Union Station site, demolished, ends near rather than at the station. The routing between the bridge and Union Station is a shortest path and is NOT sourced.",
    "segments": [
     {
      "start": 1891,
      "end": 1949,
      "headway_min": 360,
      "note": "The Monon's own route into Kentucky over the Kentucky and Indiana bridge (1886), drawn from 1891 when trains began using Louisville Union Station. The 1886-1891 years used terminals at 31st and Market and at 14th Street and are not drawn. The Louisville, New Albany and Chicago was reorganised as the Chicago, Indianapolis and Louisville Railway on 1 July 1897 and renamed the Monon Railroad on 11 January 1956 - one railroad under three names, drawn in one colour. Headway is an estimate and is NOT sourced.",
      "sources": [
       "Segment-level: the 1891 start is Fowler's annotation \"Louisville, Union Station (1891>1967)\" (branchline.uk, line 1). Headway is NOT sourced.",
       "https://www.branchline.uk/jfpdf/indianarrs.pdf (John Fowler, Indiana passenger stations: SL281, the Monon's lines 1-7, with the timetable-year letters each station appears under)"
      ]
     },
     {
      "start": 1949,
      "end": 1967,
      "headway_min": 1440,
      "note": "The Thoroughbred alone from late 1949 until the last run on 30 September 1967. Headway reflects one train each way a day.",
      "sources": [
       "Segment-level: end date from Wikipedia (Thoroughbred) and Fowler (\"1891>1967\").",
       "https://en.wikipedia.org/wiki/Thoroughbred_(train) - Chicago-Louisville, 15 Feb 1948 to 30 Sept 1967, the Monon's last passenger train",
       "https://www.branchline.uk/jfpdf/indianarrs.pdf (John Fowler, Indiana passenger stations: SL281, the Monon's lines 1-7, with the timetable-year letters each station appears under)"
      ]
     }
    ]
   },
   "geometry": {
    "type": "LineString",
    "coordinates": [
     [
      -85.816663,
      38.298683
     ],
     [
      -85.816154,
      38.298256
     ],
     [
      -85.814339,
      38.297615
     ],
     [
      -85.813873,
      38.297275
     ],
     [
      -85.813221,
      38.29603
     ],
     [
      -85.809004,
      38.291267
     ],
     [
      -85.808237,
      38.290902
     ],
     [
      -85.805119,
      38.290139
     ],
     [
      -85.803836,
      38.288878
     ],
     [
      -85.803,
      38.287335
     ],
     [
      -85.800148,
      38.277972
     ],
     [
      -85.799354,
      38.277052
     ],
     [
      -85.796711,
      38.275296
     ],
     [
      -85.796196,
      38.274409
     ],
     [
      -85.796402,
      38.273394
     ],
     [
      -85.798557,
      38.269611
     ],
     [
      -85.802578,
      38.260815
     ],
     [
      -85.803186,
      38.255607
     ],
     [
      -85.802975,
      38.25346
     ],
     [
      -85.80239,
      38.251414
     ],
     [
      -85.802532,
      38.245723
     ],
     [
      -85.804015,
      38.234726
     ],
     [
      -85.803751,
      38.233617
     ],
     [
      -85.803215,
      38.233152
     ],
     [
      -85.802331,
      38.232875
     ],
     [
      -85.800489,
      38.232812
     ],
     [
      -85.798014,
      38.233329
     ],
     [
      -85.795974,
      38.233235
     ],
     [
      -85.788555,
      38.231686
     ],
     [
      -85.777956,
      38.230749
     ],
     [
      -85.77554,
      38.244464
     ]
    ]
   }
  },
  {
   "type": "Feature",
   "properties": {
    "company": "Indianapolis, Delphi and Chicago Railroad",
    "line": "Indianapolis, Delphi and Chicago: Monon – Delphi",
    "id": "idc-monon-delphi",
    "color": "#A6874B",
    "mode": "intercity_rail",
    "avg_speed_kmh": 45,
    "speed_source": "estimated; not computed from a real timetable (Rule 3)",
    "geometry_source": "OpenStreetMap via Overpass (mail.ru mirror, cached degree tiles), gaps filled from OpenHistoricalMap (CC0). Dijkstra over every railway way (rail, abandoned, disused, razed; tram/subway excluded), ways tagged old_railway_operator=Monon (or named for the CSX Monon / Hoosier Subdivisions) costed 1x, untagged 1.25x, hand-picked OpenHistoricalMap Monon ways 1.5x, any other named operator 12x; straight-line bridges only between dangling ends, priced 40x. Waypoints geocoded with Nominatim and snapped by a dynamic program over candidate nodes; each leg confined to a corridor around its own chord. Simplified with Douglas-Peucker at 12 m.",
    "geometry_quality": "Traced: 22.8 mi Monon - Delphi against 22.6 mi between Fowler's mileposts (Monon 88.4, Delphi 111.0). Monon - Monticello is on the CSX Monticello Industrial Track (ex-Monon); Monticello - Delphi is pieced from short Monon-tagged abandoned fragments and 11.5 mi of OpenHistoricalMap, with straight-line bridges of 2.7 km and 1.1 km south of Monticello and at Delphi. The trace follows the surviving or most recently mapped alignment; curve easings and local relocations made after the earliest drawn year are not reconstructed, so short stretches may draw a LATER alignment than the era shown.",
    "segments": [
     {
      "start": 1878,
      "end": 1881,
      "headway_min": 720,
      "note": "The Indianapolis, Delphi and Chicago's line south-east from Monon through Monticello to Delphi; Fowler lists Ward's, Wright's, Honey Creek and McElhoe's from an 1878 timetable. Consolidated into the Louisville, New Albany and Chicago in 1881 (via the Chicago and Indianapolis Air Line); the later years are a separate Monon feature. Whether the company ran under the Air Line name in 1881 itself is not sourced. Headway is an estimate and is NOT sourced.",
      "sources": [
       "Segment-level: the 1878 start is Fowler's 1878 timetable stations (branchline.uk, line 7); the 1881 end is the consolidation named in the research report. Headway and avg_speed_kmh are NOT sourced.",
       "https://www.branchline.uk/jfpdf/indianarrs.pdf (John Fowler, Indiana passenger stations: SL281, the Monon's lines 1-7, with the timetable-year letters each station appears under)",
       "https://en.wikipedia.org/wiki/Monon_Railroad"
      ]
     }
    ]
   },
   "geometry": {
    "type": "LineString",
    "coordinates": [
     [
      -86.877799,
      40.862783
     ],
     [
      -86.877692,
      40.860074
     ],
     [
      -86.875347,
      40.859146
     ],
     [
      -86.873977,
      40.858051
     ],
     [
      -86.862637,
      40.840803
     ],
     [
      -86.861001,
      40.83966
     ],
     [
      -86.850479,
      40.834369
     ],
     [
      -86.848673,
      40.833143
     ],
     [
      -86.76662,
      40.756079
     ],
     [
      -86.765676,
      40.754936
     ],
     [
      -86.764841,
      40.753288
     ],
     [
      -86.764748,
      40.75254
     ],
     [
      -86.764731,
      40.740509
     ],
     [
      -86.764444,
      40.738024
     ],
     [
      -86.763786,
      40.736783
     ],
     [
      -86.762108,
      40.734936
     ],
     [
      -86.760377,
      40.733801
     ],
     [
      -86.74858,
      40.727896
     ],
     [
      -86.747067,
      40.726595
     ],
     [
      -86.745616,
      40.723977
     ],
     [
      -86.738931,
      40.704316
     ],
     [
      -86.701541,
      40.610123
     ],
     [
      -86.70124,
      40.608673
     ],
     [
      -86.701305,
      40.606816
     ],
     [
      -86.702206,
      40.604747
     ],
     [
      -86.70227,
      40.604095
     ],
     [
      -86.700897,
      40.597611
     ],
     [
      -86.700404,
      40.596911
     ],
     [
      -86.699138,
      40.595819
     ],
     [
      -86.692357,
      40.591892
     ],
     [
      -86.689589,
      40.590638
     ],
     [
      -86.680791,
      40.587558
     ],
     [
      -86.678689,
      40.587427
     ],
     [
      -86.67738,
      40.587656
     ],
     [
      -86.675878,
      40.588291
     ]
    ]
   }
  },
  {
   "type": "Feature",
   "properties": {
    "company": "Chicago, Indianapolis and Louisville Railway (Monon)",
    "line": "Monon: Monon – Delphi",
    "id": "monon-monon-delphi",
    "color": "#D92B5F",
    "mode": "intercity_rail",
    "avg_speed_kmh": 60,
    "speed_source": "estimated; not computed from a real timetable (Rule 3)",
    "geometry_source": "OpenStreetMap via Overpass (mail.ru mirror, cached degree tiles), gaps filled from OpenHistoricalMap (CC0). Dijkstra over every railway way (rail, abandoned, disused, razed; tram/subway excluded), ways tagged old_railway_operator=Monon (or named for the CSX Monon / Hoosier Subdivisions) costed 1x, untagged 1.25x, hand-picked OpenHistoricalMap Monon ways 1.5x, any other named operator 12x; straight-line bridges only between dangling ends, priced 40x. Waypoints geocoded with Nominatim and snapped by a dynamic program over candidate nodes; each leg confined to a corridor around its own chord. Simplified with Douglas-Peucker at 12 m.",
    "geometry_quality": "Traced: 22.8 mi Monon - Delphi against 22.6 mi between Fowler's mileposts (Monon 88.4, Delphi 111.0). Monon - Monticello is on the CSX Monticello Industrial Track (ex-Monon); Monticello - Delphi is pieced from short Monon-tagged abandoned fragments and 11.5 mi of OpenHistoricalMap, with straight-line bridges of 2.7 km and 1.1 km south of Monticello and at Delphi. The trace follows the surviving or most recently mapped alignment; curve easings and local relocations made after the earliest drawn year are not reconstructed, so short stretches may draw a LATER alignment than the era shown.",
    "segments": [
     {
      "start": 1881,
      "end": 1897,
      "headway_min": 480,
      "note": "Louisville, New Albany and Chicago after the 1881 consolidation. Headway is an estimate and is NOT sourced.",
      "sources": [
       "Segment-level: continuation of the line confirmed in passenger service in 1878 (Fowler line 7); service in each year is presumed, not proven. Headway is NOT sourced.",
       "https://www.branchline.uk/jfpdf/indianarrs.pdf (John Fowler, Indiana passenger stations: SL281, the Monon's lines 1-7, with the timetable-year letters each station appears under)"
      ]
     },
     {
      "start": 1897,
      "end": 1959,
      "headway_min": 360,
      "note": "The Louisville, New Albany and Chicago was reorganised as the Chicago, Indianapolis and Louisville Railway on 1 July 1897 and renamed the Monon Railroad on 11 January 1956 - one railroad under three names, drawn in one colour. The Indianapolis line carried the Hoosier and the Tippecanoe (streamlined from 17 August 1947), and before them the Daylight Limited and Chicago Limited (dropped in the 1930s) and the Midnight Special (dropped 1945); the Feb 1952 Official Guide (Table 1) shows the Tippecanoe with legible times. All Indianapolis service ended with the last runs of the Hoosier and Tippecanoe on 9/10 April 1959. Headway is an estimate from the named trains and is NOT sourced.",
      "sources": [
       "Segment-level: Sept 1951 service in the Feb 1952 Official Guide, Table 1; the 1959 end from Wikipedia (Hoosier), american-rails and monon.org. Headway is NOT sourced.",
       "Official Guide of the Railways, Feb 1952 edition (schedules effective 30 Sept 1951), Chicago, Indianapolis and Louisville Railway section, Tables 1-4 and the index of stations - https://archive.org/details/the-official-guide-of-the-railways-images",
       "https://en.wikipedia.org/wiki/Hoosier_(train) - Chicago-Indianapolis; Hoosier and Tippecanoe last ran 9/10 April 1959",
       "https://www.american-rails.com/hoosier.html",
       "https://monon.org/passenger.php (Monon Railroad Historical-Technical Society: named trains and dates)"
      ]
     }
    ]
   },
   "geometry": {
    "type": "LineString",
    "coordinates": [
     [
      -86.877799,
      40.862783
     ],
     [
      -86.877692,
      40.860074
     ],
     [
      -86.875347,
      40.859146
     ],
     [
      -86.873977,
      40.858051
     ],
     [
      -86.862637,
      40.840803
     ],
     [
      -86.861001,
      40.83966
     ],
     [
      -86.850479,
      40.834369
     ],
     [
      -86.848673,
      40.833143
     ],
     [
      -86.76662,
      40.756079
     ],
     [
      -86.765676,
      40.754936
     ],
     [
      -86.764841,
      40.753288
     ],
     [
      -86.764748,
      40.75254
     ],
     [
      -86.764731,
      40.740509
     ],
     [
      -86.764444,
      40.738024
     ],
     [
      -86.763786,
      40.736783
     ],
     [
      -86.762108,
      40.734936
     ],
     [
      -86.760377,
      40.733801
     ],
     [
      -86.74858,
      40.727896
     ],
     [
      -86.747067,
      40.726595
     ],
     [
      -86.745616,
      40.723977
     ],
     [
      -86.738931,
      40.704316
     ],
     [
      -86.701541,
      40.610123
     ],
     [
      -86.70124,
      40.608673
     ],
     [
      -86.701305,
      40.606816
     ],
     [
      -86.702206,
      40.604747
     ],
     [
      -86.70227,
      40.604095
     ],
     [
      -86.700897,
      40.597611
     ],
     [
      -86.700404,
      40.596911
     ],
     [
      -86.699138,
      40.595819
     ],
     [
      -86.692357,
      40.591892
     ],
     [
      -86.689589,
      40.590638
     ],
     [
      -86.680791,
      40.587558
     ],
     [
      -86.678689,
      40.587427
     ],
     [
      -86.67738,
      40.587656
     ],
     [
      -86.675878,
      40.588291
     ]
    ]
   }
  },
  {
   "type": "Feature",
   "properties": {
    "company": "Chicago, Indianapolis and Louisville Railway (Monon)",
    "line": "Monon: Delphi – Indianapolis",
    "id": "monon-delphi-indianapolis",
    "color": "#D92B5F",
    "mode": "intercity_rail",
    "avg_speed_kmh": 60,
    "speed_source": "estimated; not computed from a real timetable (Rule 3)",
    "geometry_source": "OpenStreetMap via Overpass (mail.ru mirror, cached degree tiles), gaps filled from OpenHistoricalMap (CC0). Dijkstra over every railway way (rail, abandoned, disused, razed; tram/subway excluded), ways tagged old_railway_operator=Monon (or named for the CSX Monon / Hoosier Subdivisions) costed 1x, untagged 1.25x, hand-picked OpenHistoricalMap Monon ways 1.5x, any other named operator 12x; straight-line bridges only between dangling ends, priced 40x. Waypoints geocoded with Nominatim and snapped by a dynamic program over candidate nodes; each leg confined to a corridor around its own chord. Simplified with Douglas-Peucker at 12 m.",
    "geometry_quality": "Traced: 72.9 mi Delphi - Indianapolis Union Station against 72.5 mi between Fowler's mileposts (Delphi 111.0, Indianapolis 183.5). Mostly on Monon-tagged track: the CSX Hoosier Subdivision (disused) and the Monon Trail rail-trail south of Westfield. APPROXIMATED: straight-line bridges of 2.9 km at Sheridan, 1.6 km at Westfield, three totalling 2.2 km through Frankfort, where the Monon ran in the street, and 0.4 km in Indianapolis; 2 mi of the Delphi end and 1.3 mi of the Indianapolis approach run on track OSM assigns to Norfolk Southern and to the CSX Indianapolis Terminal Subdivision, chosen by shortest path. NOT the Amtrak Cardinal route, which reaches Indianapolis on the ex-Big Four. The trace follows the surviving or most recently mapped alignment; curve easings and local relocations made after the earliest drawn year are not reconstructed, so short stretches may draw a LATER alignment than the era shown.",
    "segments": [
     {
      "start": 1884,
      "end": 1897,
      "headway_min": 480,
      "note": "The Chicago and Indianapolis Air Line's line through Rossville, Frankfort, Kirklin, Sheridan, Westfield, Carmel and Broad Ripple into Indianapolis Union Station. The Air Line reached Indianapolis in 1882 and secondary sources date through passenger service to 1883; it is drawn from 1884, the first year Fowler confirms (letter q at Tioga and Howland's). Headway is an estimate and is NOT sourced.",
      "sources": [
       "Segment-level: the 1884 start is Fowler's 1884 Official Guide letter (branchline.uk, line 7); the 1882 and 1883 dates are recorded as a conflict in metadata. Headway is NOT sourced.",
       "https://www.branchline.uk/jfpdf/indianarrs.pdf (John Fowler, Indiana passenger stations: SL281, the Monon's lines 1-7, with the timetable-year letters each station appears under)"
      ]
     },
     {
      "start": 1897,
      "end": 1959,
      "headway_min": 360,
      "note": "The Louisville, New Albany and Chicago was reorganised as the Chicago, Indianapolis and Louisville Railway on 1 July 1897 and renamed the Monon Railroad on 11 January 1956 - one railroad under three names, drawn in one colour. The Indianapolis line carried the Hoosier and the Tippecanoe (streamlined from 17 August 1947), and before them the Daylight Limited and Chicago Limited (dropped in the 1930s) and the Midnight Special (dropped 1945); the Feb 1952 Official Guide (Table 1) shows the Tippecanoe with legible times. All Indianapolis service ended with the last runs of the Hoosier and Tippecanoe on 9/10 April 1959. Headway is an estimate from the named trains and is NOT sourced. The line north of Broad Ripple is now the Monon Trail.",
      "sources": [
       "Segment-level: Sept 1951 service in the Feb 1952 Official Guide, Table 1; the 1959 end from Wikipedia (Hoosier), american-rails and monon.org. Headway is NOT sourced.",
       "Official Guide of the Railways, Feb 1952 edition (schedules effective 30 Sept 1951), Chicago, Indianapolis and Louisville Railway section, Tables 1-4 and the index of stations - https://archive.org/details/the-official-guide-of-the-railways-images",
       "https://en.wikipedia.org/wiki/Hoosier_(train) - Chicago-Indianapolis; Hoosier and Tippecanoe last ran 9/10 April 1959",
       "https://www.american-rails.com/hoosier.html",
       "https://monon.org/passenger.php (Monon Railroad Historical-Technical Society: named trains and dates)"
      ]
     }
    ]
   },
   "geometry": {
    "type": "LineString",
    "coordinates": [
     [
      -86.675878,
      40.588291
     ],
     [
      -86.654737,
      40.599376
     ],
     [
      -86.6503,
      40.599028
     ],
     [
      -86.652819,
      40.595095
     ],
     [
      -86.653449,
      40.59459
     ],
     [
      -86.639341,
      40.587412
     ],
     [
      -86.638202,
      40.5866
     ],
     [
      -86.637391,
      40.585448
     ],
     [
      -86.636213,
      40.582127
     ],
     [
      -86.634888,
      40.579785
     ],
     [
      -86.634687,
      40.578821
     ],
     [
      -86.634207,
      40.511082
     ],
     [
      -86.633496,
      40.475538
     ],
     [
      -86.632501,
      40.470873
     ],
     [
      -86.630142,
      40.464977
     ],
     [
      -86.628913,
      40.461217
     ],
     [
      -86.624771,
      40.451606
     ],
     [
      -86.62108,
      40.446495
     ],
     [
      -86.596339,
      40.422437
     ],
     [
      -86.580741,
      40.400539
     ],
     [
      -86.567845,
      40.38194
     ],
     [
      -86.559933,
      40.369791
     ],
     [
      -86.545399,
      40.343295
     ],
     [
      -86.527203,
      40.311985
     ],
     [
      -86.519199,
      40.29963
     ],
     [
      -86.51892,
      40.29837
     ],
     [
      -86.518701,
      40.291572
     ],
     [
      -86.523694,
      40.282241
     ],
     [
      -86.518426,
      40.273081
     ],
     [
      -86.514587,
      40.268458
     ],
     [
      -86.511454,
      40.265118
     ],
     [
      -86.50982,
      40.2641
     ],
     [
      -86.491872,
      40.256748
     ],
     [
      -86.474053,
      40.251379
     ],
     [
      -86.455986,
      40.24563
     ],
     [
      -86.45266,
      40.24355
     ],
     [
      -86.408028,
      40.210605
     ],
     [
      -86.404466,
      40.208179
     ],
     [
      -86.403221,
      40.207524
     ],
     [
      -86.381098,
      40.201247
     ],
     [
      -86.367516,
      40.197724
     ],
     [
      -86.363203,
      40.19692
     ],
     [
      -86.360059,
      40.196079
     ],
     [
      -86.314192,
      40.176911
     ],
     [
      -86.24197,
      40.146125
     ],
     [
      -86.213233,
      40.128473
     ],
     [
      -86.171486,
      40.101835
     ],
     [
      -86.170189,
      40.100495
     ],
     [
      -86.158301,
      40.085067
     ],
     [
      -86.13833,
      40.062079
     ],
     [
      -86.13759,
      40.060572
     ],
     [
      -86.137241,
      40.058919
     ],
     [
      -86.13689,
      40.051961
     ],
     [
      -86.136426,
      39.995324
     ],
     [
      -86.136173,
      39.994232
     ],
     [
      -86.135663,
      39.993256
     ],
     [
      -86.131079,
      39.987899
     ],
     [
      -86.130121,
      39.985961
     ],
     [
      -86.129493,
      39.965238
     ],
     [
      -86.129689,
      39.963948
     ],
     [
      -86.130484,
      39.962474
     ],
     [
      -86.131441,
      39.96152
     ],
     [
      -86.134854,
      39.959058
     ],
     [
      -86.135837,
      39.957747
     ],
     [
      -86.136271,
      39.956426
     ],
     [
      -86.136331,
      39.912628
     ],
     [
      -86.135766,
      39.912626
     ],
     [
      -86.135764,
      39.912402
     ],
     [
      -86.136344,
      39.912401
     ],
     [
      -86.136575,
      39.911242
     ],
     [
      -86.136975,
      39.910518
     ],
     [
      -86.140319,
      39.906993
     ],
     [
      -86.140838,
      39.905998
     ],
     [
      -86.141096,
      39.904607
     ],
     [
      -86.14113,
      39.89194
     ],
     [
      -86.139647,
      39.886403
     ],
     [
      -86.139532,
      39.884719
     ],
     [
      -86.140389,
      39.88061
     ],
     [
      -86.141971,
      39.876239
     ],
     [
      -86.142193,
      39.873276
     ],
     [
      -86.141801,
      39.870617
     ],
     [
      -86.141539,
      39.870472
     ],
     [
      -86.141258,
      39.869696
     ],
     [
      -86.140823,
      39.867403
     ],
     [
      -86.140249,
      39.826638
     ],
     [
      -86.139664,
      39.824656
     ],
     [
      -86.136138,
      39.8195
     ],
     [
      -86.135691,
      39.818279
     ],
     [
      -86.135611,
      39.81725
     ],
     [
      -86.14007,
      39.800316
     ],
     [
      -86.140109,
      39.781375
     ],
     [
      -86.140517,
      39.771759
     ],
     [
      -86.140904,
      39.771032
     ],
     [
      -86.141801,
      39.770143
     ],
     [
      -86.144117,
      39.768826
     ],
     [
      -86.145891,
      39.766846
     ],
     [
      -86.148596,
      39.765449
     ],
     [
      -86.151808,
      39.764235
     ]
    ]
   }
  },
  {
   "type": "Feature",
   "properties": {
    "company": "Chicago, Indianapolis and Louisville Railway (Monon)",
    "line": "Monon: Michigan City – Monon",
    "id": "monon-michigan-city",
    "color": "#D92B5F",
    "mode": "intercity_rail",
    "avg_speed_kmh": 50,
    "speed_source": "estimated; not computed from a real timetable (Rule 3)",
    "geometry_source": "OpenStreetMap via Overpass (mail.ru mirror, cached degree tiles), gaps filled from OpenHistoricalMap (CC0). Dijkstra over every railway way (rail, abandoned, disused, razed; tram/subway excluded), ways tagged old_railway_operator=Monon (or named for the CSX Monon / Hoosier Subdivisions) costed 1x, untagged 1.25x, hand-picked OpenHistoricalMap Monon ways 1.5x, any other named operator 12x; straight-line bridges only between dangling ends, priced 40x. Waypoints geocoded with Nominatim and snapped by a dynamic program over candidate nodes; each leg confined to a corridor around its own chord. Simplified with Douglas-Peucker at 12 m.",
    "geometry_quality": "Traced: 58.3 mi Michigan City - Monon against 59.6 mi (Fowler line 3), 99% on Monon-tagged track (the CSX Medaryville Industrial Track and lifted grade), with no straight-line bridges; every station town lies within 0.9 km. The trace follows the surviving or most recently mapped alignment; curve easings and local relocations made after the earliest drawn year are not reconstructed, so short stretches may draw a LATER alignment than the era shown.",
    "segments": [
     {
      "start": 1854,
      "end": 1914,
      "headway_min": 720,
      "note": "The north end of the New Albany and Salem's original main line to Lake Michigan (1854), through Otis, Westville, Wanatah, La Crosse, San Pierre, Medaryville and Francesville; demoted to a branch once the Chicago line opened in 1882. OPEN END: 1914 is the last CONFIRMED year (Fowler's 1914 working-timetable letter w at Clarks and Farm Siding), not a known end. The Feb 1952 Official Guide daggers Francesville, Medaryville and Wanatah as having no passenger service, so service stopped at some unknown year between 1914 and 1951. Do not extend without evidence. A Notre Dame football special stopped at Francesville on 8 October 1949 (monon.org photo caption); a single charter is not a span and is not drawn. Headway is an estimate and is NOT sourced.",
      "sources": [
       "Segment-level: span from the research report's drawable field: Fowler line 3 (1875 letters y along the line, 1914 letter w) and the 1952 Guide index daggers (\"4†\"). The 1854 start is the completion year. Headway is NOT sourced.",
       "https://www.branchline.uk/jfpdf/indianarrs.pdf (John Fowler, Indiana passenger stations: SL281, the Monon's lines 1-7, with the timetable-year letters each station appears under)",
       "Official Guide of the Railways, Feb 1952 edition (schedules effective 30 Sept 1951), Chicago, Indianapolis and Louisville Railway section, Tables 1-4 and the index of stations - https://archive.org/details/the-official-guide-of-the-railways-images",
       "https://abandonedonline.net/location/monon-railroad/"
      ]
     }
    ]
   },
   "geometry": {
    "type": "LineString",
    "coordinates": [
     [
      -86.899423,
      41.700359
     ],
     [
      -86.902789,
      41.69983
     ],
     [
      -86.905266,
      41.699123
     ],
     [
      -86.907041,
      41.698426
     ],
     [
      -86.91037,
      41.69658
     ],
     [
      -86.906402,
      41.611456
     ],
     [
      -86.906729,
      41.606602
     ],
     [
      -86.908518,
      41.593594
     ],
     [
      -86.908322,
      41.591138
     ],
     [
      -86.907051,
      41.583304
     ],
     [
      -86.9018,
      41.554799
     ],
     [
      -86.901323,
      41.55108
     ],
     [
      -86.901531,
      41.54772
     ],
     [
      -86.903935,
      41.53098
     ],
     [
      -86.903354,
      41.506729
     ],
     [
      -86.902586,
      41.492041
     ],
     [
      -86.897841,
      41.365451
     ],
     [
      -86.896906,
      41.346615
     ],
     [
      -86.89484,
      41.288102
     ],
     [
      -86.89072,
      41.191106
     ],
     [
      -86.889984,
      41.167318
     ],
     [
      -86.887987,
      41.12159
     ],
     [
      -86.887733,
      41.109273
     ],
     [
      -86.887098,
      41.097616
     ],
     [
      -86.882491,
      40.977396
     ],
     [
      -86.877799,
      40.862783
     ]
    ]
   }
  },
  {
   "type": "Feature",
   "properties": {
    "company": "Chicago, Indianapolis and Louisville Railway (Monon)",
    "line": "Monon: Orleans – French Lick",
    "id": "monon-french-lick",
    "color": "#D92B5F",
    "mode": "intercity_rail",
    "avg_speed_kmh": 40,
    "speed_source": "estimated; not computed from a real timetable (Rule 3)",
    "geometry_source": "OpenStreetMap via Overpass (mail.ru mirror, cached degree tiles), gaps filled from OpenHistoricalMap (CC0). Dijkstra over every railway way (rail, abandoned, disused, razed; tram/subway excluded), ways tagged old_railway_operator=Monon (or named for the CSX Monon / Hoosier Subdivisions) costed 1x, untagged 1.25x, hand-picked OpenHistoricalMap Monon ways 1.5x, any other named operator 12x; straight-line bridges only between dangling ends, priced 40x. Waypoints geocoded with Nominatim and snapped by a dynamic program over candidate nodes; each leg confined to a corridor around its own chord. Simplified with Douglas-Peucker at 12 m.",
    "geometry_quality": "Traced: 17.4 mi Orleans - French Lick against 17.7 mi (Fowler, american-rails; abandonedonline gives 18.88), on Monon-tagged grade with no straight-line bridges. Not the French Lick Scenic Railway, which runs on ex-Southern Railway track south of West Baden.",
    "segments": [
     {
      "start": 1893,
      "end": 1949,
      "headway_min": 720,
      "note": "The resort branch to the French Lick Springs and West Baden Springs hotels, through Paoli, acquired from the Orleans, West Baden and French Lick Springs in 1886 and drawn from 1893, the first year Fowler confirms passengers. Rail passenger service ended 24/25 September 1949 with the night trains 3/4, which carried the French Lick cars. The departures the Feb 1952 Official Guide shows for French Lick are a motor bus (\"Bus. Bus. Bus.\"), not a train. Headway is an estimate and is NOT sourced.",
      "sources": [
       "Segment-level: start from Fowler line 6 (1893 Guide letter at Braxton's); end 24 Sept 1949 per abandonedonline and \"after 25 September 1949\" per american-rails, the same event. Headway is NOT sourced.",
       "https://www.branchline.uk/jfpdf/indianarrs.pdf (John Fowler, Indiana passenger stations: SL281, the Monon's lines 1-7, with the timetable-year letters each station appears under)",
       "https://abandonedonline.net/location/monon-railroad/",
       "https://www.american-rails.com/monon.html",
       "Official Guide of the Railways, Feb 1952 edition (schedules effective 30 Sept 1951), Chicago, Indianapolis and Louisville Railway section, Tables 1-4 and the index of stations - https://archive.org/details/the-official-guide-of-the-railways-images"
      ]
     }
    ]
   },
   "geometry": {
    "type": "LineString",
    "coordinates": [
     [
      -86.449764,
      38.661623
     ],
     [
      -86.450128,
      38.657182
     ],
     [
      -86.452463,
      38.653762
     ],
     [
      -86.452814,
      38.652424
     ],
     [
      -86.453855,
      38.637029
     ],
     [
      -86.454253,
      38.635049
     ],
     [
      -86.456177,
      38.631579
     ],
     [
      -86.456276,
      38.630471
     ],
     [
      -86.455999,
      38.628324
     ],
     [
      -86.452901,
      38.613459
     ],
     [
      -86.453517,
      38.603994
     ],
     [
      -86.454947,
      38.599452
     ],
     [
      -86.455126,
      38.598274
     ],
     [
      -86.454966,
      38.595698
     ],
     [
      -86.453187,
      38.590471
     ],
     [
      -86.453189,
      38.58896
     ],
     [
      -86.453382,
      38.588237
     ],
     [
      -86.455613,
      38.583828
     ],
     [
      -86.456052,
      38.580622
     ],
     [
      -86.456804,
      38.578319
     ],
     [
      -86.463447,
      38.564907
     ],
     [
      -86.463721,
      38.564006
     ],
     [
      -86.46385,
      38.561588
     ],
     [
      -86.464077,
      38.561164
     ],
     [
      -86.465021,
      38.560463
     ],
     [
      -86.468792,
      38.559587
     ],
     [
      -86.470786,
      38.558082
     ],
     [
      -86.471649,
      38.557808
     ],
     [
      -86.473042,
      38.557845
     ],
     [
      -86.476263,
      38.558829
     ],
     [
      -86.477573,
      38.558957
     ],
     [
      -86.478438,
      38.558765
     ],
     [
      -86.48076,
      38.557629
     ],
     [
      -86.481912,
      38.55727
     ],
     [
      -86.483921,
      38.557407
     ],
     [
      -86.486513,
      38.558177
     ],
     [
      -86.493178,
      38.561276
     ],
     [
      -86.495371,
      38.563284
     ],
     [
      -86.496399,
      38.564043
     ],
     [
      -86.497646,
      38.564585
     ],
     [
      -86.499162,
      38.565003
     ],
     [
      -86.515983,
      38.566168
     ],
     [
      -86.518517,
      38.56721
     ],
     [
      -86.520394,
      38.569522
     ],
     [
      -86.522027,
      38.569938
     ],
     [
      -86.529684,
      38.568075
     ],
     [
      -86.533766,
      38.566738
     ],
     [
      -86.540701,
      38.567243
     ],
     [
      -86.544389,
      38.566564
     ],
     [
      -86.545584,
      38.566661
     ],
     [
      -86.546632,
      38.566999
     ],
     [
      -86.548232,
      38.567999
     ],
     [
      -86.549346,
      38.569138
     ],
     [
      -86.550454,
      38.569568
     ],
     [
      -86.551983,
      38.569689
     ],
     [
      -86.559217,
      38.569619
     ],
     [
      -86.56169,
      38.569993
     ],
     [
      -86.563332,
      38.570749
     ],
     [
      -86.565223,
      38.57096
     ],
     [
      -86.567614,
      38.570603
     ],
     [
      -86.570072,
      38.571187
     ],
     [
      -86.571245,
      38.571898
     ],
     [
      -86.572549,
      38.573342
     ],
     [
      -86.572957,
      38.574053
     ],
     [
      -86.573222,
      38.576124
     ],
     [
      -86.573589,
      38.576775
     ],
     [
      -86.574185,
      38.577225
     ],
     [
      -86.578129,
      38.578404
     ],
     [
      -86.581245,
      38.579731
     ],
     [
      -86.583127,
      38.580128
     ],
     [
      -86.584245,
      38.580031
     ],
     [
      -86.589937,
      38.578492
     ],
     [
      -86.591435,
      38.578241
     ],
     [
      -86.592708,
      38.578137
     ],
     [
      -86.59622,
      38.57847
     ],
     [
      -86.597302,
      38.578344
     ],
     [
      -86.599477,
      38.577595
     ],
     [
      -86.601888,
      38.577174
     ],
     [
      -86.604893,
      38.576987
     ],
     [
      -86.610247,
      38.575306
     ],
     [
      -86.611231,
      38.57476
     ],
     [
      -86.613373,
      38.572813
     ],
     [
      -86.613642,
      38.572317
     ],
     [
      -86.614195,
      38.566462
     ],
     [
      -86.615533,
      38.563592
     ],
     [
      -86.61797,
      38.560392
     ],
     [
      -86.61808,
      38.559613
     ],
     [
      -86.617825,
      38.558006
     ],
     [
      -86.617987,
      38.55686
     ]
    ]
   }
  },
  {
   "type": "Feature",
   "properties": {
    "company": "Bedford and Bloomfield Railroad",
    "line": "Bedford and Bloomfield: Bedford – Switz City",
    "id": "bb-bedford-switz-city",
    "color": "#43BFBF",
    "mode": "intercity_rail",
    "avg_speed_kmh": 30,
    "speed_source": "estimated; not computed from a real timetable (Rule 3)",
    "geometry_source": "OpenStreetMap via Overpass (mail.ru mirror, cached degree tiles), gaps filled from OpenHistoricalMap (CC0). Dijkstra over every railway way (rail, abandoned, disused, razed; tram/subway excluded), ways tagged old_railway_operator=Monon (or named for the CSX Monon / Hoosier Subdivisions) costed 1x, untagged 1.25x, hand-picked OpenHistoricalMap Monon ways 1.5x, any other named operator 12x; straight-line bridges only between dangling ends, priced 40x. Waypoints geocoded with Nominatim and snapped by a dynamic program over candidate nodes; each leg confined to a corridor around its own chord. Simplified with Douglas-Peucker at 12 m.",
    "geometry_quality": "Traced: 39.4 mi Bedford - Switz City against 40.5 mi (Fowler line 5). About 19 mi on OSM Monon-tagged grade and 19.5 mi from OpenHistoricalMap (Bedford - Avoca, Avoca - Owensburg, Bloomfield - Elliston), with 2.0 km of straight-line bridges, the longest 1.3 km; 1.4 mi near Bedford runs on Indiana Rail Road track chosen by shortest path. The line was 3 ft gauge until standard-gauged from 1887; the gauge does not change the route drawn. The trace follows the surviving or most recently mapped alignment; curve easings and local relocations made after the earliest drawn year are not reconstructed, so short stretches may draw a LATER alignment than the era shown.",
    "segments": [
     {
      "start": 1884,
      "end": 1886,
      "headway_min": 720,
      "note": "The 3 ft gauge Bedford and Bloomfield (opened 1 March 1877) through Avoca, Springville, Owensburg (through the Monon's only tunnel) and Bloomfield to Switz City, where trains ran on over the Illinois Central to Linton (not drawn). Drawn from 1884, the first year Fowler confirms passengers; the company was acquired by the Louisville, New Albany and Chicago on 1 April 1886, and the later years are a separate Monon feature. Headway is an estimate and is NOT sourced.",
      "sources": [
       "Segment-level: the 1884 start is Fowler's 1884 Official Guide letter q (branchline.uk, line 5); the 1886 acquisition date is from the research report (monon.org B&B history). Headway is NOT sourced.",
       "https://www.branchline.uk/jfpdf/indianarrs.pdf (John Fowler, Indiana passenger stations: SL281, the Monon's lines 1-7, with the timetable-year letters each station appears under)",
       "https://monon.org/bygone_site/bygone/bandb.php"
      ]
     }
    ]
   },
   "geometry": {
    "type": "LineString",
    "coordinates": [
     [
      -86.480909,
      38.867096
     ],
     [
      -86.480484,
      38.867474
     ],
     [
      -86.480301,
      38.868042
     ],
     [
      -86.479593,
      38.87285
     ],
     [
      -86.479674,
      38.873544
     ],
     [
      -86.480504,
      38.874963
     ],
     [
      -86.484777,
      38.880071
     ],
     [
      -86.48589,
      38.880859
     ],
     [
      -86.4867,
      38.881187
     ],
     [
      -86.489475,
      38.881836
     ],
     [
      -86.493443,
      38.882451
     ],
     [
      -86.501644,
      38.881647
     ],
     [
      -86.504317,
      38.881
     ],
     [
      -86.506363,
      38.880827
     ],
     [
      -86.50936,
      38.880985
     ],
     [
      -86.511709,
      38.88037
     ],
     [
      -86.513551,
      38.879645
     ],
     [
      -86.515252,
      38.879377
     ],
     [
      -86.517237,
      38.87933
     ],
     [
      -86.517945,
      38.879676
     ],
     [
      -86.523514,
      38.88554
     ],
     [
      -86.524425,
      38.886722
     ],
     [
      -86.525123,
      38.888708
     ],
     [
      -86.527835,
      38.890762
     ],
     [
      -86.528659,
      38.892596
     ],
     [
      -86.529482,
      38.895659
     ],
     [
      -86.530009,
      38.896763
     ],
     [
      -86.530581,
      38.897636
     ],
     [
      -86.532022,
      38.898758
     ],
     [
      -86.532732,
      38.900325
     ],
     [
      -86.533693,
      38.901554
     ],
     [
      -86.53486,
      38.902569
     ],
     [
      -86.541061,
      38.906005
     ],
     [
      -86.543944,
      38.907466
     ],
     [
      -86.547719,
      38.90905
     ],
     [
      -86.54907,
      38.909958
     ],
     [
      -86.550397,
      38.911258
     ],
     [
      -86.551838,
      38.913786
     ],
     [
      -86.555408,
      38.91765
     ],
     [
      -86.559162,
      38.919533
     ],
     [
      -86.564454,
      38.921854
     ],
     [
      -86.56815,
      38.924746
     ],
     [
      -86.5713,
      38.926232
     ],
     [
      -86.573863,
      38.927931
     ],
     [
      -86.589172,
      38.947877
     ],
     [
      -86.589886,
      38.948579
     ],
     [
      -86.591755,
      38.949526
     ],
     [
      -86.599883,
      38.952074
     ],
     [
      -86.602046,
      38.952221
     ],
     [
      -86.602844,
      38.952074
     ],
     [
      -86.607002,
      38.950147
     ],
     [
      -86.609039,
      38.948857
     ],
     [
      -86.6187,
      38.939448
     ],
     [
      -86.62185,
      38.936769
     ],
     [
      -86.629893,
      38.932538
     ],
     [
      -86.641129,
      38.922965
     ],
     [
      -86.644405,
      38.920988
     ],
     [
      -86.646988,
      38.91968
     ],
     [
      -86.647513,
      38.918945
     ],
     [
      -86.648584,
      38.914011
     ],
     [
      -86.649088,
      38.913079
     ],
     [
      -86.651524,
      38.911608
     ],
     [
      -86.654968,
      38.910187
     ],
     [
      -86.657153,
      38.909664
     ],
     [
      -86.658455,
      38.909566
     ],
     [
      -86.659274,
      38.90968
     ],
     [
      -86.660114,
      38.910285
     ],
     [
      -86.661206,
      38.912001
     ],
     [
      -86.662298,
      38.912507
     ],
     [
      -86.665469,
      38.913161
     ],
     [
      -86.666351,
      38.913144
     ],
     [
      -86.669144,
      38.912229
     ],
     [
      -86.67053,
      38.911952
     ],
     [
      -86.67618,
      38.911821
     ],
     [
      -86.681808,
      38.91187
     ],
     [
      -86.68269,
      38.912033
     ],
     [
      -86.685168,
      38.913455
     ],
     [
      -86.691909,
      38.915759
     ],
     [
      -86.69529,
      38.91656
     ],
     [
      -86.700667,
      38.917034
     ],
     [
      -86.708689,
      38.919893
     ],
     [
      -86.71123,
      38.920448
     ],
     [
      -86.715262,
      38.920187
     ],
     [
      -86.718602,
      38.919664
     ],
     [
      -86.722424,
      38.920743
     ],
     [
      -86.723306,
      38.920775
     ],
     [
      -86.728393,
      38.919945
     ],
     [
      -86.733436,
      38.920279
     ],
     [
      -86.734852,
      38.920596
     ],
     [
      -86.738178,
      38.922165
     ],
     [
      -86.740946,
      38.923818
     ],
     [
      -86.743757,
      38.926138
     ],
     [
      -86.748907,
      38.928993
     ],
     [
      -86.750473,
      38.930178
     ],
     [
      -86.75101,
      38.931096
     ],
     [
      -86.751375,
      38.932615
     ],
     [
      -86.751718,
      38.936287
     ],
     [
      -86.75234,
      38.937405
     ],
     [
      -86.752855,
      38.937856
     ],
     [
      -86.75616,
      38.939358
     ],
     [
      -86.765429,
      38.944131
     ],
     [
      -86.786285,
      38.965429
     ],
     [
      -86.789112,
      38.967593
     ],
     [
      -86.790014,
      38.968013
     ],
     [
      -86.792357,
      38.968825
     ],
     [
      -86.794645,
      38.969355
     ],
     [
      -86.79777,
      38.969792
     ],
     [
      -86.799574,
      38.969749
     ],
     [
      -86.80107,
      38.969492
     ],
     [
      -86.802335,
      38.968979
     ],
     [
      -86.805426,
      38.968483
     ],
     [
      -86.808738,
      38.968158
     ],
     [
      -86.810146,
      38.968209
     ],
     [
      -86.81107,
      38.968406
     ],
     [
      -86.812126,
      38.968945
     ],
     [
      -86.815415,
      38.971109
     ],
     [
      -86.819243,
      38.973187
     ],
     [
      -86.820112,
      38.973384
     ],
     [
      -86.82173,
      38.973059
     ],
     [
      -86.826922,
      38.970707
     ],
     [
      -86.828462,
      38.97039
     ],
     [
      -86.831608,
      38.970519
     ],
     [
      -86.837023,
      38.971106
     ],
     [
      -86.838273,
      38.97148
     ],
     [
      -86.838962,
      38.971916
     ],
     [
      -86.843,
      38.976044
     ],
     [
      -86.84327,
      38.976074
     ],
     [
      -86.843512,
      38.976516
     ],
     [
      -86.843396,
      38.97776
     ],
     [
      -86.843736,
      38.979924
     ],
     [
      -86.844842,
      38.981506
     ],
     [
      -86.853413,
      38.986463
     ],
     [
      -86.854984,
      38.987098
     ],
     [
      -86.878696,
      38.993324
     ],
     [
      -86.882989,
      38.994719
     ],
     [
      -86.899251,
      39.003198
     ],
     [
      -86.900405,
      39.003472
     ],
     [
      -86.902167,
      39.003248
     ],
     [
      -86.922611,
      38.996051
     ],
     [
      -86.92479,
      38.996101
     ],
     [
      -86.926406,
      38.99647
     ],
     [
      -86.927561,
      38.996928
     ],
     [
      -86.93238,
      39.000409
     ],
     [
      -86.933326,
      39.001521
     ],
     [
      -86.932327,
      39.008163
     ],
     [
      -86.932462,
      39.008835
     ],
     [
      -86.932813,
      39.009422
     ],
     [
      -86.936877,
      39.012318
     ],
     [
      -86.937971,
      39.014332
     ],
     [
      -86.938686,
      39.016304
     ],
     [
      -86.940705,
      39.018741
     ],
     [
      -86.950601,
      39.022877
     ],
     [
      -86.953128,
      39.023337
     ],
     [
      -86.965008,
      39.023414
     ],
     [
      -86.966302,
      39.023548
     ],
     [
      -86.973278,
      39.026927
     ],
     [
      -86.975262,
      39.027655
     ],
     [
      -86.976608,
      39.027753
     ],
     [
      -86.981233,
      39.02739
     ],
     [
      -86.983431,
      39.027508
     ],
     [
      -86.989658,
      39.02871
     ],
     [
      -86.999164,
      39.029198
     ],
     [
      -87.004246,
      39.030306
     ],
     [
      -87.005565,
      39.028239
     ],
     [
      -87.043795,
      39.031097
     ]
    ]
   }
  },
  {
   "type": "Feature",
   "properties": {
    "company": "Chicago, Indianapolis and Louisville Railway (Monon)",
    "line": "Monon: Bedford – Switz City",
    "id": "monon-bedford-switz-city",
    "color": "#D92B5F",
    "mode": "intercity_rail",
    "avg_speed_kmh": 30,
    "speed_source": "estimated; not computed from a real timetable (Rule 3)",
    "geometry_source": "OpenStreetMap via Overpass (mail.ru mirror, cached degree tiles), gaps filled from OpenHistoricalMap (CC0). Dijkstra over every railway way (rail, abandoned, disused, razed; tram/subway excluded), ways tagged old_railway_operator=Monon (or named for the CSX Monon / Hoosier Subdivisions) costed 1x, untagged 1.25x, hand-picked OpenHistoricalMap Monon ways 1.5x, any other named operator 12x; straight-line bridges only between dangling ends, priced 40x. Waypoints geocoded with Nominatim and snapped by a dynamic program over candidate nodes; each leg confined to a corridor around its own chord. Simplified with Douglas-Peucker at 12 m.",
    "geometry_quality": "Traced: 39.4 mi Bedford - Switz City against 40.5 mi (Fowler line 5). About 19 mi on OSM Monon-tagged grade and 19.5 mi from OpenHistoricalMap (Bedford - Avoca, Avoca - Owensburg, Bloomfield - Elliston), with 2.0 km of straight-line bridges, the longest 1.3 km; 1.4 mi near Bedford runs on Indiana Rail Road track chosen by shortest path. The line was 3 ft gauge until standard-gauged from 1887; the gauge does not change the route drawn. The trace follows the surviving or most recently mapped alignment; curve easings and local relocations made after the earliest drawn year are not reconstructed, so short stretches may draw a LATER alignment than the era shown.",
    "segments": [
     {
      "start": 1886,
      "end": 1895,
      "headway_min": 720,
      "note": "The Bedford and Bloomfield under the Louisville, New Albany and Chicago, standard-gauged from Bedford outward from 1887. OPEN END: 1895 is the last CONFIRMED year (Fowler's 1895 letter at Fairchild's), not a known end. Passenger service ended at some unknown year before the ICC allowed Avoca - Switz City to be abandoned on 16 September 1935. Do not extend without evidence. Headway is an estimate and is NOT sourced.",
      "sources": [
       "Segment-level: span from the research report's drawable field (Fowler line 5). Headway is NOT sourced.",
       "https://www.branchline.uk/jfpdf/indianarrs.pdf (John Fowler, Indiana passenger stations: SL281, the Monon's lines 1-7, with the timetable-year letters each station appears under)",
       "https://monon.org/bygone_site/bygone/bandb.php",
       "https://abandonedonline.net/location/monon-railroad/"
      ]
     }
    ]
   },
   "geometry": {
    "type": "LineString",
    "coordinates": [
     [
      -86.480909,
      38.867096
     ],
     [
      -86.480484,
      38.867474
     ],
     [
      -86.480301,
      38.868042
     ],
     [
      -86.479593,
      38.87285
     ],
     [
      -86.479674,
      38.873544
     ],
     [
      -86.480504,
      38.874963
     ],
     [
      -86.484777,
      38.880071
     ],
     [
      -86.48589,
      38.880859
     ],
     [
      -86.4867,
      38.881187
     ],
     [
      -86.489475,
      38.881836
     ],
     [
      -86.493443,
      38.882451
     ],
     [
      -86.501644,
      38.881647
     ],
     [
      -86.504317,
      38.881
     ],
     [
      -86.506363,
      38.880827
     ],
     [
      -86.50936,
      38.880985
     ],
     [
      -86.511709,
      38.88037
     ],
     [
      -86.513551,
      38.879645
     ],
     [
      -86.515252,
      38.879377
     ],
     [
      -86.517237,
      38.87933
     ],
     [
      -86.517945,
      38.879676
     ],
     [
      -86.523514,
      38.88554
     ],
     [
      -86.524425,
      38.886722
     ],
     [
      -86.525123,
      38.888708
     ],
     [
      -86.527835,
      38.890762
     ],
     [
      -86.528659,
      38.892596
     ],
     [
      -86.529482,
      38.895659
     ],
     [
      -86.530009,
      38.896763
     ],
     [
      -86.530581,
      38.897636
     ],
     [
      -86.532022,
      38.898758
     ],
     [
      -86.532732,
      38.900325
     ],
     [
      -86.533693,
      38.901554
     ],
     [
      -86.53486,
      38.902569
     ],
     [
      -86.541061,
      38.906005
     ],
     [
      -86.543944,
      38.907466
     ],
     [
      -86.547719,
      38.90905
     ],
     [
      -86.54907,
      38.909958
     ],
     [
      -86.550397,
      38.911258
     ],
     [
      -86.551838,
      38.913786
     ],
     [
      -86.555408,
      38.91765
     ],
     [
      -86.559162,
      38.919533
     ],
     [
      -86.564454,
      38.921854
     ],
     [
      -86.56815,
      38.924746
     ],
     [
      -86.5713,
      38.926232
     ],
     [
      -86.573863,
      38.927931
     ],
     [
      -86.589172,
      38.947877
     ],
     [
      -86.589886,
      38.948579
     ],
     [
      -86.591755,
      38.949526
     ],
     [
      -86.599883,
      38.952074
     ],
     [
      -86.602046,
      38.952221
     ],
     [
      -86.602844,
      38.952074
     ],
     [
      -86.607002,
      38.950147
     ],
     [
      -86.609039,
      38.948857
     ],
     [
      -86.6187,
      38.939448
     ],
     [
      -86.62185,
      38.936769
     ],
     [
      -86.629893,
      38.932538
     ],
     [
      -86.641129,
      38.922965
     ],
     [
      -86.644405,
      38.920988
     ],
     [
      -86.646988,
      38.91968
     ],
     [
      -86.647513,
      38.918945
     ],
     [
      -86.648584,
      38.914011
     ],
     [
      -86.649088,
      38.913079
     ],
     [
      -86.651524,
      38.911608
     ],
     [
      -86.654968,
      38.910187
     ],
     [
      -86.657153,
      38.909664
     ],
     [
      -86.658455,
      38.909566
     ],
     [
      -86.659274,
      38.90968
     ],
     [
      -86.660114,
      38.910285
     ],
     [
      -86.661206,
      38.912001
     ],
     [
      -86.662298,
      38.912507
     ],
     [
      -86.665469,
      38.913161
     ],
     [
      -86.666351,
      38.913144
     ],
     [
      -86.669144,
      38.912229
     ],
     [
      -86.67053,
      38.911952
     ],
     [
      -86.67618,
      38.911821
     ],
     [
      -86.681808,
      38.91187
     ],
     [
      -86.68269,
      38.912033
     ],
     [
      -86.685168,
      38.913455
     ],
     [
      -86.691909,
      38.915759
     ],
     [
      -86.69529,
      38.91656
     ],
     [
      -86.700667,
      38.917034
     ],
     [
      -86.708689,
      38.919893
     ],
     [
      -86.71123,
      38.920448
     ],
     [
      -86.715262,
      38.920187
     ],
     [
      -86.718602,
      38.919664
     ],
     [
      -86.722424,
      38.920743
     ],
     [
      -86.723306,
      38.920775
     ],
     [
      -86.728393,
      38.919945
     ],
     [
      -86.733436,
      38.920279
     ],
     [
      -86.734852,
      38.920596
     ],
     [
      -86.738178,
      38.922165
     ],
     [
      -86.740946,
      38.923818
     ],
     [
      -86.743757,
      38.926138
     ],
     [
      -86.748907,
      38.928993
     ],
     [
      -86.750473,
      38.930178
     ],
     [
      -86.75101,
      38.931096
     ],
     [
      -86.751375,
      38.932615
     ],
     [
      -86.751718,
      38.936287
     ],
     [
      -86.75234,
      38.937405
     ],
     [
      -86.752855,
      38.937856
     ],
     [
      -86.75616,
      38.939358
     ],
     [
      -86.765429,
      38.944131
     ],
     [
      -86.786285,
      38.965429
     ],
     [
      -86.789112,
      38.967593
     ],
     [
      -86.790014,
      38.968013
     ],
     [
      -86.792357,
      38.968825
     ],
     [
      -86.794645,
      38.969355
     ],
     [
      -86.79777,
      38.969792
     ],
     [
      -86.799574,
      38.969749
     ],
     [
      -86.80107,
      38.969492
     ],
     [
      -86.802335,
      38.968979
     ],
     [
      -86.805426,
      38.968483
     ],
     [
      -86.808738,
      38.968158
     ],
     [
      -86.810146,
      38.968209
     ],
     [
      -86.81107,
      38.968406
     ],
     [
      -86.812126,
      38.968945
     ],
     [
      -86.815415,
      38.971109
     ],
     [
      -86.819243,
      38.973187
     ],
     [
      -86.820112,
      38.973384
     ],
     [
      -86.82173,
      38.973059
     ],
     [
      -86.826922,
      38.970707
     ],
     [
      -86.828462,
      38.97039
     ],
     [
      -86.831608,
      38.970519
     ],
     [
      -86.837023,
      38.971106
     ],
     [
      -86.838273,
      38.97148
     ],
     [
      -86.838962,
      38.971916
     ],
     [
      -86.843,
      38.976044
     ],
     [
      -86.84327,
      38.976074
     ],
     [
      -86.843512,
      38.976516
     ],
     [
      -86.843396,
      38.97776
     ],
     [
      -86.843736,
      38.979924
     ],
     [
      -86.844842,
      38.981506
     ],
     [
      -86.853413,
      38.986463
     ],
     [
      -86.854984,
      38.987098
     ],
     [
      -86.878696,
      38.993324
     ],
     [
      -86.882989,
      38.994719
     ],
     [
      -86.899251,
      39.003198
     ],
     [
      -86.900405,
      39.003472
     ],
     [
      -86.902167,
      39.003248
     ],
     [
      -86.922611,
      38.996051
     ],
     [
      -86.92479,
      38.996101
     ],
     [
      -86.926406,
      38.99647
     ],
     [
      -86.927561,
      38.996928
     ],
     [
      -86.93238,
      39.000409
     ],
     [
      -86.933326,
      39.001521
     ],
     [
      -86.932327,
      39.008163
     ],
     [
      -86.932462,
      39.008835
     ],
     [
      -86.932813,
      39.009422
     ],
     [
      -86.936877,
      39.012318
     ],
     [
      -86.937971,
      39.014332
     ],
     [
      -86.938686,
      39.016304
     ],
     [
      -86.940705,
      39.018741
     ],
     [
      -86.950601,
      39.022877
     ],
     [
      -86.953128,
      39.023337
     ],
     [
      -86.965008,
      39.023414
     ],
     [
      -86.966302,
      39.023548
     ],
     [
      -86.973278,
      39.026927
     ],
     [
      -86.975262,
      39.027655
     ],
     [
      -86.976608,
      39.027753
     ],
     [
      -86.981233,
      39.02739
     ],
     [
      -86.983431,
      39.027508
     ],
     [
      -86.989658,
      39.02871
     ],
     [
      -86.999164,
      39.029198
     ],
     [
      -87.004246,
      39.030306
     ],
     [
      -87.005565,
      39.028239
     ],
     [
      -87.043795,
      39.031097
     ]
    ]
   }
  },
  {
   "type": "Feature",
   "properties": {
    "company": "Chicago and Wabash Valley Railroad",
    "line": "Chicago and Wabash Valley: McCoysburg – Zadoc",
    "id": "cwv-mccoysburg-zadoc",
    "color": "#BFBD30",
    "mode": "intercity_rail",
    "avg_speed_kmh": 30,
    "speed_source": "estimated; not computed from a real timetable (Rule 3)",
    "geometry_source": "OpenStreetMap via Overpass (mail.ru mirror, cached degree tiles), gaps filled from OpenHistoricalMap (CC0). Dijkstra over every railway way (rail, abandoned, disused, razed; tram/subway excluded), ways tagged old_railway_operator=Monon (or named for the CSX Monon / Hoosier Subdivisions) costed 1x, untagged 1.25x, hand-picked OpenHistoricalMap Monon ways 1.5x, any other named operator 12x; straight-line bridges only between dangling ends, priced 40x. Waypoints geocoded with Nominatim and snapped by a dynamic program over candidate nodes; each leg confined to a corridor around its own chord. Simplified with Douglas-Peucker at 12 m.",
    "geometry_quality": "Traced: 17.7 mi McCoysburg - Zadoc. The whole branch to Kersey traces 21.0 mi against the documented 22.0 (Fowler line 2), on lifted grade OSM names Chicago and Wabash Valley, with no straight-line bridges. APPROXIMATED: Zadoc (MP 18.5) has no place node in OSM, so the line is cut at 18.5/22 of the traced length rather than at a located station.",
    "segments": [
     {
      "start": 1905,
      "end": 1914,
      "headway_min": 1440,
      "note": "Benjamin J. Gifford's private farm railroad north from the Monon at McCoysburg through Lewiston, Newland and Laura into the Kankakee marshes, carrying onions and livestock. Fowler shows passenger stations to Kersey in the 1905 Official Guide; only McCoysburg - Zadoc is drawn because the outer end is confirmed for one year only. The Monon took charge on 15 March 1914 after Gifford's death; the later years are a separate Monon feature. Headway is an estimate and is NOT sourced.",
      "sources": [
       "Segment-level: start from Fowler's 1905 Official Guide letter a (branchline.uk, line 2); 1914 handover from Wikipedia (The Onion Belt). Headway is NOT sourced.",
       "https://www.branchline.uk/jfpdf/indianarrs.pdf (John Fowler, Indiana passenger stations: SL281, the Monon's lines 1-7, with the timetable-year letters each station appears under)",
       "https://en.wikipedia.org/wiki/The_Onion_Belt - the Chicago and Wabash Valley was Benjamin J. Gifford's private railroad; the Monon took charge of it on 15 March 1914 after Gifford's death and abandoned it in 1935"
      ]
     }
    ]
   },
   "geometry": {
    "type": "LineString",
    "coordinates": [
     [
      -87.026496,
      40.920502
     ],
     [
      -87.026086,
      40.921412
     ],
     [
      -87.024087,
      40.924355
     ],
     [
      -87.023344,
      40.925963
     ],
     [
      -87.022348,
      40.929248
     ],
     [
      -87.021685,
      40.934693
     ],
     [
      -87.021721,
      40.954466
     ],
     [
      -87.022133,
      40.98184
     ],
     [
      -87.022007,
      40.992017
     ],
     [
      -87.022314,
      40.992894
     ],
     [
      -87.025519,
      40.996154
     ],
     [
      -87.026442,
      40.99735
     ],
     [
      -87.027138,
      40.999243
     ],
     [
      -87.026973,
      41.031855
     ],
     [
      -87.027863,
      41.03512
     ],
     [
      -87.051381,
      41.070035
     ],
     [
      -87.052587,
      41.071483
     ],
     [
      -87.062699,
      41.079965
     ],
     [
      -87.084781,
      41.099758
     ],
     [
      -87.086139,
      41.101201
     ],
     [
      -87.096101,
      41.118993
     ],
     [
      -87.102056,
      41.14263
     ],
     [
      -87.108883,
      41.156084
     ],
     [
      -87.110497,
      41.158336
     ]
    ]
   }
  },
  {
   "type": "Feature",
   "properties": {
    "company": "Chicago, Indianapolis and Louisville Railway (Monon)",
    "line": "Monon: McCoysburg – Zadoc",
    "id": "monon-mccoysburg-zadoc",
    "color": "#D92B5F",
    "mode": "intercity_rail",
    "avg_speed_kmh": 30,
    "speed_source": "estimated; not computed from a real timetable (Rule 3)",
    "geometry_source": "OpenStreetMap via Overpass (mail.ru mirror, cached degree tiles), gaps filled from OpenHistoricalMap (CC0). Dijkstra over every railway way (rail, abandoned, disused, razed; tram/subway excluded), ways tagged old_railway_operator=Monon (or named for the CSX Monon / Hoosier Subdivisions) costed 1x, untagged 1.25x, hand-picked OpenHistoricalMap Monon ways 1.5x, any other named operator 12x; straight-line bridges only between dangling ends, priced 40x. Waypoints geocoded with Nominatim and snapped by a dynamic program over candidate nodes; each leg confined to a corridor around its own chord. Simplified with Douglas-Peucker at 12 m.",
    "geometry_quality": "Traced: 17.7 mi McCoysburg - Zadoc. The whole branch to Kersey traces 21.0 mi against the documented 22.0 (Fowler line 2), on lifted grade OSM names Chicago and Wabash Valley, with no straight-line bridges. APPROXIMATED: Zadoc (MP 18.5) has no place node in OSM, so the line is cut at 18.5/22 of the traced length rather than at a located station.",
    "segments": [
     {
      "start": 1914,
      "end": 1929,
      "headway_min": 1440,
      "note": "The Chicago and Wabash Valley branch under the Monon from 15 March 1914. OPEN END: 1929 is the last CONFIRMED year (Fowler's 1929 working-timetable letter b, as far as Zadoc), not a known end; whether that train was a mixed train is not known. The Monon abandoned the line in 1935. Do not extend without evidence. Headway is an estimate and is NOT sourced.",
      "sources": [
       "Segment-level: start from Wikipedia (The Onion Belt); end from Fowler line 2. Headway is NOT sourced.",
       "https://en.wikipedia.org/wiki/The_Onion_Belt - the Chicago and Wabash Valley was Benjamin J. Gifford's private railroad; the Monon took charge of it on 15 March 1914 after Gifford's death and abandoned it in 1935",
       "https://www.branchline.uk/jfpdf/indianarrs.pdf (John Fowler, Indiana passenger stations: SL281, the Monon's lines 1-7, with the timetable-year letters each station appears under)"
      ]
     }
    ]
   },
   "geometry": {
    "type": "LineString",
    "coordinates": [
     [
      -87.026496,
      40.920502
     ],
     [
      -87.026086,
      40.921412
     ],
     [
      -87.024087,
      40.924355
     ],
     [
      -87.023344,
      40.925963
     ],
     [
      -87.022348,
      40.929248
     ],
     [
      -87.021685,
      40.934693
     ],
     [
      -87.021721,
      40.954466
     ],
     [
      -87.022133,
      40.98184
     ],
     [
      -87.022007,
      40.992017
     ],
     [
      -87.022314,
      40.992894
     ],
     [
      -87.025519,
      40.996154
     ],
     [
      -87.026442,
      40.99735
     ],
     [
      -87.027138,
      40.999243
     ],
     [
      -87.026973,
      41.031855
     ],
     [
      -87.027863,
      41.03512
     ],
     [
      -87.051381,
      41.070035
     ],
     [
      -87.052587,
      41.071483
     ],
     [
      -87.062699,
      41.079965
     ],
     [
      -87.084781,
      41.099758
     ],
     [
      -87.086139,
      41.101201
     ],
     [
      -87.096101,
      41.118993
     ],
     [
      -87.102056,
      41.14263
     ],
     [
      -87.108883,
      41.156084
     ],
     [
      -87.110497,
      41.158336
     ]
    ]
   }
  }
 ]
}
