{"type": "FeatureCollection", "metadata": {"note": "The New London Northern -- eastern Connecticut's north-south main line, from New London up the Thames past Norwich to Willimantic, then across Massachusetts through Palmer and Amherst to Millers Falls and Brattleboro, Vermont. It began as the New London, Willimantic and Palmer Railroad, open in stages through 1849 and 1850; the New London Northern took its property on 30 March 1861 and pushed north, buying the Amherst, Belchertown and Palmer in 1864, reaching Millers Falls on 8 October 1866 and buying the last 21 miles to Brattleboro from the Vermont and Massachusetts on 1 May 1880 -- 125.18 miles in final form. The Central Vermont leased it from 25 June 1873 and worked it for the rest of its passenger life, which ended in 1966. Carried as five features so that both the change of operator and the growth of the line are visible: the drawn extent stops at Palmer until 1866, at Millers Falls until 1880, and reaches Brattleboro only after that. It meets the Norwich and Worcester (norwich_worcester_railroad.geojson) at Norwich, the two lines together making Norwich a junction between Worcester and the Sound.", "sources": ["https://en.wikipedia.org/wiki/New_London_Northern_Railroad and https://nashuacitystation.org/history/new-london-northern-railroad-company/ (New London, Willimantic and Palmer opened Norwich-Willimantic September 1849, Norwich-New London the next month, Willimantic-Palmer by March 1850; New London Northern incorporated 1859 and 1860 in Connecticut and Massachusetts, acquired the NLW&P property 30 March 1861; acquired the Amherst, Belchertown and Palmer 1 March 1864; completed 14.5 miles Amherst to Millers Falls 8 October 1866; acquired the 21 miles Millers Falls to Brattleboro from the Vermont and Massachusetts 1 May 1880; final form 125.18 miles New London to Brattleboro; leased to and operated by the Central Vermont Railroad from 25 June 1873)", "https://en.wikipedia.org/wiki/Montrealer_(train) and https://www.american-rails.com/vermont.html (the Montrealer ran northbound and the Washingtonian southbound from 1924; Central Vermont passenger service terminated in 1966, the trains discontinued that September; Amtrak revived the Montrealer 1972-1995 and the Vermonter followed)"], "not_yet_sourced": "All headways are estimated. The 1849 Norwich - Willimantic and Norwich - New London months are not drawn as their own era; the first feature starts in 1850 when the full New London - Palmer extent was open. Whether local passenger service on the Connecticut end outlasted or fell short of the 1966 through-train discontinuance was not established, so 1966 is used for the whole line.", "pulled": "20260824"}, "features": [{"type": "Feature", "properties": {"company": "New London, Willimantic and Palmer Railroad", "line": "New London, Willimantic and Palmer: New London \u2013 Palmer", "id": "nlwp-new-london-palmer", "color": "#2E6E5E", "mode": "intercity_rail", "avg_speed_kmh": 45, "speed_source": "estimated: rural New England main line; unsourced", "geometry_quality": "Geometry from Wikimedia Commons Data:New London Northern Railroad.map (CC BY 4.0, OpenStreetMap-derived) for New London to Palmer, chained at exact shared endpoints (Palmer, Amherst and Millers Falls all join to within 3 m). 941 points, 104.5 km (64.9 miles), largest chord 2.7 km. The full New London - Brattleboro line traces 121.1 miles against a documented 125.18; the shortfall is source simplification, not a missing segment.", "segments": [{"start": 1850, "end": 1861, "headway_min": 480, "note": "Opened in stages: Norwich to Willimantic in September 1849, Norwich to New London the next month, and Willimantic to Palmer, Massachusetts by March 1850. The feature starts at 1850 because that is when the drawn New London - Palmer extent was complete; the 1849 Norwich - Willimantic months are not drawn separately. Frequency estimated, unsourced."}]}, "geometry": {"type": "LineString", "coordinates": [[-72.0938, 41.35631], [-72.09529, 41.35742], [-72.09551, 41.35768], [-72.0956, 41.35782], [-72.09566, 41.35796], [-72.09571, 41.3581], [-72.09573, 41.35828], [-72.09573, 41.35852], [-72.0957, 41.35867], [-72.09565, 41.3588], [-72.09558, 41.35892], [-72.09537, 41.35916], [-72.09481, 41.35961], [-72.09444, 41.36005], [-72.09409, 41.36055], [-72.09397, 41.36079], [-72.09382, 41.3612], [-72.09372, 41.36179], [-72.09372, 41.36219], [-72.09374, 41.36249], [-72.09378, 41.36278], [-72.0941, 41.36447], [-72.0942, 41.36485], [-72.09431, 41.3653], [-72.0944, 41.36562], [-72.09458, 41.36606], [-72.09597, 41.36867], [-72.09627, 41.36926], [-72.09645, 41.36964], [-72.09807, 41.37272], [-72.09825, 41.37308], [-72.09846, 41.37355], [-72.09862, 41.37408], [-72.09867, 41.3744], [-72.09871, 41.37504], [-72.09816, 41.38095], [-72.09819, 41.38184], [-72.0983, 41.38243], [-72.09861, 41.38331], [-72.10136, 41.39094], [-72.10203, 41.39288], [-72.10249, 41.39412], [-72.10263, 41.39479], [-72.10268, 41.39515], [-72.10266, 41.39577], [-72.10259, 41.3964], [-72.10238, 41.39708], [-72.10226, 41.39741], [-72.10208, 41.39774], [-72.10171, 41.39827], [-72.10097, 41.39913], [-72.0992, 41.40124], [-72.09889, 41.4018], [-72.09872, 41.40233], [-72.0985, 41.40361], [-72.0984, 41.40457], [-72.09842, 41.40613], [-72.09846, 41.40688], [-72.09855, 41.40748], [-72.09893, 41.40904], [-72.09902, 41.4101], [-72.09873, 41.41223], [-72.09859, 41.41299], [-72.09791, 41.41768], [-72.09785, 41.41823], [-72.09763, 41.41977], [-72.09766, 41.42018], [-72.09782, 41.42084], [-72.09862, 41.4226], [-72.09955, 41.42445], [-72.09987, 41.42487], [-72.10016, 41.42515], [-72.10049, 41.42543], [-72.10209, 41.42686], [-72.10225, 41.42703], [-72.10249, 41.42736], [-72.10265, 41.42769], [-72.10275, 41.42796], [-72.1028, 41.42834], [-72.10278, 41.42873], [-72.10268, 41.42911], [-72.1025, 41.42947], [-72.10204, 41.43008], [-72.10077, 41.43137], [-72.09952, 41.43272], [-72.09881, 41.4335], [-72.09817, 41.43425], [-72.09793, 41.43456], [-72.09782, 41.4349], [-72.09774, 41.43535], [-72.09776, 41.43587], [-72.09786, 41.43684], [-72.09786, 41.43726], [-72.09782, 41.43757], [-72.09764, 41.43802], [-72.0974, 41.43833], [-72.09604, 41.43973], [-72.09528, 41.44047], [-72.09465, 41.44095], [-72.0941, 41.44129], [-72.09013, 41.44344], [-72.0897, 41.44371], [-72.08931, 41.44406], [-72.08902, 41.44442], [-72.08873, 41.44484], [-72.08855, 41.44519], [-72.08841, 41.4456], [-72.08793, 41.44841], [-72.08785, 41.44904], [-72.08783, 41.44958], [-72.0879, 41.4502], [-72.088, 41.45086], [-72.088, 41.45117], [-72.08796, 41.45147], [-72.08786, 41.4517], [-72.08769, 41.45204], [-72.08612, 41.45452], [-72.0857, 41.45502], [-72.08539, 41.45529], [-72.08496, 41.45559], [-72.08377, 41.45632], [-72.08192, 41.4574], [-72.08141, 41.45768], [-72.08092, 41.4579], [-72.08041, 41.45807], [-72.07967, 41.45824], [-72.077, 41.45877], [-72.07622, 41.45896], [-72.07577, 41.45914], [-72.07545, 41.45932], [-72.0751, 41.45954], [-72.07469, 41.4599], [-72.0742, 41.46036], [-72.07373, 41.46083], [-72.07331, 41.4614], [-72.07304, 41.46191], [-72.0727, 41.46263], [-72.0721, 41.46397], [-72.072, 41.46427], [-72.07196, 41.46471], [-72.07196, 41.46499], [-72.07208, 41.4655], [-72.07228, 41.46625], [-72.07242, 41.4666], [-72.07267, 41.46694], [-72.07299, 41.46727], [-72.07334, 41.46755], [-72.07359, 41.46783], [-72.07388, 41.46837], [-72.07395, 41.46887], [-72.07398, 41.46929], [-72.07373, 41.4705], [-72.07377, 41.47083], [-72.07393, 41.47122], [-72.07415, 41.47152], [-72.07472, 41.472], [-72.07635, 41.47324], [-72.07653, 41.47342], [-72.07669, 41.47361], [-72.07687, 41.47389], [-72.07702, 41.47424], [-72.07708, 41.47452], [-72.07709, 41.47485], [-72.07706, 41.47508], [-72.07702, 41.47527], [-72.07697, 41.47541], [-72.0768, 41.47581], [-72.07627, 41.47685], [-72.07611, 41.47723], [-72.076, 41.47756], [-72.0756, 41.47907], [-72.07555, 41.47932], [-72.07553, 41.4798], [-72.07555, 41.4801], [-72.07563, 41.48053], [-72.07576, 41.48139], [-72.07585, 41.48173], [-72.07596, 41.48199], [-72.07609, 41.48222], [-72.07631, 41.48246], [-72.07661, 41.48272], [-72.0776, 41.48349], [-72.07789, 41.48376], [-72.07812, 41.48402], [-72.07949, 41.48569], [-72.08001, 41.48621], [-72.0825, 41.48815], [-72.08307, 41.48857], [-72.08411, 41.4892], [-72.08441, 41.48941], [-72.08464, 41.48962], [-72.08489, 41.48989], [-72.08508, 41.49016], [-72.0852, 41.49039], [-72.08531, 41.49065], [-72.08537, 41.49089], [-72.08541, 41.49116], [-72.08541, 41.49143], [-72.08535, 41.49173], [-72.08526, 41.49202], [-72.08511, 41.49231], [-72.08495, 41.49258], [-72.08369, 41.49434], [-72.08353, 41.49465], [-72.08338, 41.49497], [-72.08299, 41.49623], [-72.08293, 41.49656], [-72.08293, 41.4969], [-72.08298, 41.49724], [-72.08304, 41.49744], [-72.08312, 41.49761], [-72.08323, 41.4978], [-72.08334, 41.49797], [-72.08349, 41.49813], [-72.08386, 41.49862], [-72.08425, 41.49922], [-72.08438, 41.49948], [-72.08478, 41.50035], [-72.08613, 41.50289], [-72.08628, 41.50323], [-72.08637, 41.50356], [-72.08639, 41.50406], [-72.08633, 41.50437], [-72.08624, 41.50463], [-72.08613, 41.50489], [-72.08576, 41.50566], [-72.08535, 41.5064], [-72.08506, 41.50691], [-72.08455, 41.50765], [-72.0837, 41.5087], [-72.08156, 41.51125], [-72.08108, 41.51185], [-72.08049, 41.51254], [-72.07937, 41.51394], [-72.0791, 41.51437], [-72.07899, 41.51486], [-72.07904, 41.51568], [-72.07915, 41.51693], [-72.07923, 41.51754], [-72.07934, 41.51822], [-72.07992, 41.51996], [-72.0802, 41.52068], [-72.08058, 41.52135], [-72.08185, 41.52305], [-72.0822, 41.52346], [-72.0829, 41.52414], [-72.08307, 41.52428], [-72.08343, 41.52454], [-72.08392, 41.52482], [-72.08444, 41.52507], [-72.08558, 41.52555], [-72.08624, 41.52585], [-72.08658, 41.52602], [-72.08707, 41.5263], [-72.08768, 41.52673], [-72.08808, 41.52709], [-72.08845, 41.52751], [-72.08877, 41.52797], [-72.08901, 41.52846], [-72.08917, 41.52896], [-72.08925, 41.52931], [-72.0893, 41.52965], [-72.08944, 41.53109], [-72.08954, 41.53178], [-72.0897, 41.53247], [-72.09034, 41.53451], [-72.0905, 41.53484], [-72.09062, 41.53506], [-72.09089, 41.53545], [-72.09112, 41.53582], [-72.0922, 41.53737], [-72.09253, 41.53799], [-72.09272, 41.53847], [-72.0929, 41.53918], [-72.09295, 41.53949], [-72.09299, 41.5398], [-72.093, 41.54027], [-72.09296, 41.54199], [-72.093, 41.54254], [-72.09309, 41.54309], [-72.09325, 41.54363], [-72.09346, 41.54409], [-72.0936, 41.54431], [-72.09376, 41.54453], [-72.09412, 41.5449], [-72.09442, 41.54515], [-72.09476, 41.54537], [-72.09513, 41.54556], [-72.09571, 41.5458], [-72.09653, 41.54604], [-72.09869, 41.54657], [-72.09936, 41.54671], [-72.09991, 41.54677], [-72.10047, 41.54677], [-72.10141, 41.54673], [-72.10188, 41.54674], [-72.10244, 41.54682], [-72.10296, 41.54696], [-72.10346, 41.54716], [-72.10597, 41.54836], [-72.10654, 41.54861], [-72.10715, 41.54883], [-72.10839, 41.54919], [-72.10909, 41.54942], [-72.10977, 41.5497], [-72.11041, 41.55002], [-72.11101, 41.55038], [-72.11397, 41.55233], [-72.11435, 41.55261], [-72.11486, 41.55309], [-72.11501, 41.55325], [-72.11529, 41.55363], [-72.11541, 41.55382], [-72.11559, 41.55415], [-72.11574, 41.55456], [-72.11588, 41.55523], [-72.11598, 41.55558], [-72.11609, 41.55587], [-72.1162, 41.55609], [-72.11634, 41.55631], [-72.11659, 41.55661], [-72.11689, 41.55689], [-72.11716, 41.5571], [-72.11751, 41.55734], [-72.12442, 41.56174], [-72.12552, 41.56239], [-72.13282, 41.5665], [-72.13307, 41.56665], [-72.1333, 41.56682], [-72.1336, 41.56711], [-72.13384, 41.56743], [-72.13401, 41.56778], [-72.13409, 41.56815], [-72.1341, 41.56864], [-72.13407, 41.56901], [-72.13314, 41.57628], [-72.1331, 41.57689], [-72.13314, 41.57735], [-72.13324, 41.5778], [-72.13341, 41.57825], [-72.13365, 41.57868], [-72.13397, 41.57911], [-72.13435, 41.57951], [-72.13478, 41.57987], [-72.13526, 41.58019], [-72.13594, 41.58056], [-72.14053, 41.58282], [-72.14132, 41.58327], [-72.14208, 41.58375], [-72.14255, 41.5841], [-72.14301, 41.58446], [-72.14366, 41.58504], [-72.14425, 41.58564], [-72.14481, 41.58625], [-72.14517, 41.58667], [-72.14542, 41.58699], [-72.14569, 41.58744], [-72.14587, 41.5878], [-72.14599, 41.58813], [-72.14616, 41.58877], [-72.14687, 41.59224], [-72.14694, 41.59246], [-72.14707, 41.59278], [-72.14717, 41.59299], [-72.14736, 41.5933], [-72.14764, 41.59368], [-72.1479, 41.59396], [-72.14818, 41.59422], [-72.14848, 41.59447], [-72.14903, 41.59482], [-72.15128, 41.59609], [-72.15167, 41.59633], [-72.15191, 41.59651], [-72.15226, 41.5968], [-72.15256, 41.59713], [-72.15275, 41.59737], [-72.15399, 41.59928], [-72.15423, 41.59969], [-72.15444, 41.6001], [-72.15462, 41.60053], [-72.15482, 41.6011], [-72.15507, 41.60215], [-72.15517, 41.60252], [-72.15531, 41.60288], [-72.15557, 41.60342], [-72.16306, 41.61637], [-72.16386, 41.61765], [-72.16414, 41.61803], [-72.16461, 41.6186], [-72.16485, 41.61888], [-72.16538, 41.61942], [-72.16623, 41.6202], [-72.16775, 41.62142], [-72.16816, 41.62181], [-72.16842, 41.62209], [-72.16865, 41.62238], [-72.16886, 41.62268], [-72.16905, 41.62299], [-72.16922, 41.62331], [-72.16937, 41.62363], [-72.16949, 41.62396], [-72.16959, 41.62429], [-72.16966, 41.62463], [-72.16971, 41.62496], [-72.16975, 41.62547], [-72.16974, 41.62581], [-72.16935, 41.63336], [-72.16929, 41.63402], [-72.16917, 41.635], [-72.16899, 41.63598], [-72.16869, 41.63727], [-72.16841, 41.63824], [-72.16797, 41.6395], [-72.16745, 41.64075], [-72.16716, 41.64137], [-72.16686, 41.64199], [-72.16619, 41.6432], [-72.16536, 41.64451], [-72.15836, 41.65526], [-72.15805, 41.6558], [-72.15791, 41.65607], [-72.15779, 41.65635], [-72.15765, 41.65677], [-72.15757, 41.65706], [-72.15751, 41.65734], [-72.15746, 41.65779], [-72.15745, 41.65838], [-72.15749, 41.65881], [-72.15762, 41.65969], [-72.1585, 41.66502], [-72.15858, 41.66535], [-72.15867, 41.66568], [-72.15888, 41.66616], [-72.15916, 41.66663], [-72.15939, 41.66693], [-72.15964, 41.66721], [-72.16546, 41.67298], [-72.1658, 41.67335], [-72.16611, 41.67375], [-72.16637, 41.67416], [-72.16658, 41.67459], [-72.16769, 41.67756], [-72.16821, 41.67906], [-72.16839, 41.67951], [-72.1687, 41.68017], [-72.16904, 41.68082], [-72.16942, 41.68146], [-72.17042, 41.68292], [-72.17089, 41.68354], [-72.17142, 41.68414], [-72.17218, 41.68489], [-72.17853, 41.69064], [-72.17932, 41.69145], [-72.1798, 41.69202], [-72.18025, 41.6926], [-72.18164, 41.6945], [-72.18302, 41.69641], [-72.18323, 41.69673], [-72.18336, 41.69698], [-72.18346, 41.69724], [-72.18352, 41.6975], [-72.18359, 41.69797], [-72.18368, 41.69839], [-72.18373, 41.69859], [-72.18389, 41.699], [-72.1841, 41.69939], [-72.18433, 41.69977], [-72.1846, 41.70014], [-72.18506, 41.70068], [-72.18609, 41.70172], [-72.1883, 41.7039], [-72.18908, 41.70463], [-72.18961, 41.7051], [-72.19018, 41.70555], [-72.19185, 41.70677], [-72.19417, 41.70843], [-72.19475, 41.70881], [-72.19539, 41.70913], [-72.19584, 41.70932], [-72.19631, 41.70948], [-72.19679, 41.70961], [-72.19729, 41.70972], [-72.19914, 41.71006], [-72.19992, 41.71015], [-72.20044, 41.71018], [-72.20123, 41.71017], [-72.20201, 41.71008], [-72.20279, 41.70994], [-72.20603, 41.70923], [-72.20673, 41.7091], [-72.20739, 41.70904], [-72.20778, 41.70905], [-72.20817, 41.70909], [-72.20861, 41.70915], [-72.20909, 41.70926], [-72.20948, 41.70937], [-72.20996, 41.70955], [-72.21043, 41.70976], [-72.21154, 41.71039], [-72.21217, 41.71071], [-72.21336, 41.71121], [-72.21418, 41.71152], [-72.21688, 41.71214], [-72.21786, 41.71239], [-72.2189, 41.7126], [-72.21942, 41.71267], [-72.22027, 41.71273], [-72.2207, 41.71275], [-72.22114, 41.71273], [-72.22168, 41.71267], [-72.22396, 41.71231], [-72.22465, 41.71221], [-72.22558, 41.71214], [-72.22628, 41.71213], [-72.22675, 41.71215], [-72.22745, 41.71221], [-72.22836, 41.71236], [-72.22924, 41.71258], [-72.22967, 41.71271], [-72.23009, 41.71287], [-72.2305, 41.71304], [-72.2311, 41.71333], [-72.23484, 41.71527], [-72.23668, 41.71613], [-72.23709, 41.71635], [-72.23754, 41.71664], [-72.23796, 41.71696], [-72.23821, 41.71719], [-72.24654, 41.72533], [-72.24723, 41.72597], [-72.24771, 41.72637], [-72.24818, 41.72671], [-72.24877, 41.72709], [-72.259, 41.73318], [-72.25941, 41.73346], [-72.25974, 41.73372], [-72.2601, 41.73408], [-72.26035, 41.73441], [-72.26054, 41.73475], [-72.26076, 41.73525], [-72.26484, 41.74703], [-72.265, 41.7476], [-72.26511, 41.74818], [-72.26541, 41.75141], [-72.26547, 41.75188], [-72.26558, 41.75246], [-72.26575, 41.753], [-72.26599, 41.7536], [-72.26984, 41.76198], [-72.27002, 41.76247], [-72.27016, 41.76297], [-72.27033, 41.76383], [-72.27134, 41.76986], [-72.27144, 41.77029], [-72.27154, 41.77068], [-72.27178, 41.77134], [-72.27197, 41.77174], [-72.27216, 41.77209], [-72.27831, 41.78224], [-72.27948, 41.78427], [-72.28019, 41.78536], [-72.28312, 41.79017], [-72.28354, 41.79082], [-72.28396, 41.79137], [-72.28435, 41.7918], [-72.28484, 41.79225], [-72.28535, 41.79267], [-72.28589, 41.79307], [-72.29026, 41.79616], [-72.29072, 41.79645], [-72.29121, 41.79668], [-72.29176, 41.79687], [-72.29236, 41.79699], [-72.29661, 41.79751], [-72.29773, 41.7977], [-72.29891, 41.79795], [-72.29984, 41.79818], [-72.30542, 41.79975], [-72.30607, 41.79998], [-72.3067, 41.80029], [-72.30714, 41.80056], [-72.30755, 41.80087], [-72.30789, 41.80121], [-72.30824, 41.80163], [-72.31023, 41.80434], [-72.31046, 41.80469], [-72.31071, 41.8051], [-72.31091, 41.80548], [-72.31109, 41.80591], [-72.31124, 41.80635], [-72.31135, 41.80677], [-72.31145, 41.80728], [-72.31289, 41.81536], [-72.31297, 41.81589], [-72.313, 41.81625], [-72.31298, 41.81691], [-72.31291, 41.81749], [-72.31209, 41.8212], [-72.31201, 41.82163], [-72.31195, 41.82209], [-72.31193, 41.82259], [-72.31194, 41.82308], [-72.3121, 41.82442], [-72.31215, 41.82515], [-72.31216, 41.82562], [-72.31212, 41.82607], [-72.31205, 41.82647], [-72.31191, 41.82692], [-72.31176, 41.82727], [-72.31156, 41.82763], [-72.31134, 41.82797], [-72.31107, 41.82832], [-72.30895, 41.83101], [-72.30869, 41.83135], [-72.30848, 41.83169], [-72.30832, 41.83202], [-72.30819, 41.83235], [-72.30808, 41.83272], [-72.30802, 41.83303], [-72.30799, 41.83333], [-72.30797, 41.83362], [-72.30798, 41.83396], [-72.30841, 41.83811], [-72.30844, 41.83888], [-72.30844, 41.83931], [-72.30819, 41.84484], [-72.30819, 41.84645], [-72.30815, 41.84702], [-72.30809, 41.8474], [-72.308, 41.8478], [-72.30787, 41.84821], [-72.30772, 41.84859], [-72.30747, 41.84914], [-72.30619, 41.85166], [-72.30593, 41.85226], [-72.30567, 41.85295], [-72.30543, 41.85378], [-72.30523, 41.85466], [-72.3051, 41.85553], [-72.30505, 41.85635], [-72.30504, 41.85678], [-72.30508, 41.85735], [-72.30515, 41.85779], [-72.30527, 41.85825], [-72.30898, 41.87068], [-72.30906, 41.87114], [-72.3091, 41.87158], [-72.30907, 41.87213], [-72.30901, 41.87249], [-72.30886, 41.87301], [-72.30864, 41.87353], [-72.30645, 41.87749], [-72.30615, 41.87799], [-72.3058, 41.8785], [-72.30387, 41.88115], [-72.30347, 41.88166], [-72.30308, 41.88212], [-72.29184, 41.89479], [-72.29133, 41.89542], [-72.29092, 41.89603], [-72.29051, 41.89674], [-72.29032, 41.89714], [-72.29017, 41.8975], [-72.29002, 41.89791], [-72.28988, 41.89835], [-72.28978, 41.89877], [-72.28969, 41.89922], [-72.28961, 41.89992], [-72.28959, 41.90064], [-72.28966, 41.90357], [-72.28971, 41.90406], [-72.2898, 41.90454], [-72.28993, 41.90502], [-72.2901, 41.9055], [-72.29031, 41.90597], [-72.29059, 41.9065], [-72.29087, 41.90694], [-72.29118, 41.90735], [-72.29147, 41.90768], [-72.29178, 41.908], [-72.2921, 41.9083], [-72.29248, 41.90862], [-72.29559, 41.91098], [-72.29604, 41.91134], [-72.29632, 41.91161], [-72.29654, 41.91185], [-72.29668, 41.91204], [-72.29682, 41.91226], [-72.29692, 41.91247], [-72.29701, 41.91273], [-72.29707, 41.91296], [-72.29711, 41.91326], [-72.29726, 41.91652], [-72.2973, 41.91701], [-72.29737, 41.91737], [-72.29749, 41.91781], [-72.29768, 41.91829], [-72.29795, 41.91877], [-72.29828, 41.91925], [-72.29866, 41.91967], [-72.29894, 41.91993], [-72.29926, 41.92019], [-72.29969, 41.92049], [-72.30448, 41.92336], [-72.30515, 41.9238], [-72.30554, 41.92411], [-72.30597, 41.92452], [-72.30625, 41.92484], [-72.30652, 41.92521], [-72.30683, 41.92574], [-72.30696, 41.92605], [-72.30706, 41.92632], [-72.30718, 41.92677], [-72.30751, 41.92839], [-72.30767, 41.92901], [-72.30793, 41.92983], [-72.30847, 41.93128], [-72.30862, 41.93176], [-72.30869, 41.9321], [-72.30875, 41.93252], [-72.30877, 41.93282], [-72.30876, 41.93318], [-72.30874, 41.93354], [-72.30869, 41.93391], [-72.30862, 41.93426], [-72.3085, 41.93465], [-72.30836, 41.93503], [-72.30824, 41.93532], [-72.30731, 41.93728], [-72.30702, 41.93793], [-72.30673, 41.93871], [-72.30629, 41.93999], [-72.30604, 41.94061], [-72.30569, 41.94135], [-72.30471, 41.94322], [-72.30446, 41.94379], [-72.3043, 41.94428], [-72.30311, 41.94875], [-72.30303, 41.94903], [-72.30289, 41.94941], [-72.30273, 41.94975], [-72.30245, 41.95028], [-72.30193, 41.95118], [-72.3018, 41.9515], [-72.30176, 41.95175], [-72.30177, 41.95197], [-72.30183, 41.95222], [-72.30193, 41.95242], [-72.30203, 41.95259], [-72.30218, 41.95276], [-72.3024, 41.95294], [-72.30264, 41.95309], [-72.30281, 41.95317], [-72.30315, 41.95329], [-72.30345, 41.95335], [-72.30372, 41.95338], [-72.3041, 41.95338], [-72.30446, 41.95333], [-72.30733, 41.9528], [-72.30876, 41.95248], [-72.30922, 41.95242], [-72.30975, 41.95242], [-72.31001, 41.95246], [-72.31025, 41.9525], [-72.31069, 41.95264], [-72.31093, 41.95275], [-72.31112, 41.95285], [-72.31134, 41.953], [-72.31158, 41.95319], [-72.315, 41.95606], [-72.31549, 41.95649], [-72.32276, 41.96353], [-72.32319, 41.964], [-72.32343, 41.96432], [-72.32363, 41.96464], [-72.32377, 41.96491], [-72.32394, 41.9653], [-72.32407, 41.96571], [-72.32414, 41.96607], [-72.32419, 41.96661], [-72.32417, 41.96713], [-72.32325, 41.9756], [-72.32322, 41.97609], [-72.32322, 41.97711], [-72.32316, 41.97779], [-72.32305, 41.97843], [-72.32195, 41.98391], [-72.3218, 41.99363], [-72.3218, 42.01823], [-72.32181, 42.01887], [-72.32185, 42.01944], [-72.32203, 42.02085], [-72.32207, 42.02131], [-72.3221, 42.02185], [-72.32211, 42.02241], [-72.32186, 42.03227], [-72.32184, 42.03285], [-72.32178, 42.03334], [-72.32172, 42.03367], [-72.32103, 42.03616], [-72.32093, 42.0366], [-72.32087, 42.03705], [-72.32087, 42.03728], [-72.32088, 42.0378], [-72.32164, 42.04486], [-72.32165, 42.04541], [-72.32161, 42.04593], [-72.32153, 42.04637], [-72.32142, 42.04682], [-72.32133, 42.04711], [-72.32117, 42.04754], [-72.32079, 42.04829], [-72.3199, 42.04971], [-72.31975, 42.05001], [-72.31957, 42.05047], [-72.31942, 42.05108], [-72.31938, 42.05155], [-72.31938, 42.05181], [-72.31944, 42.05237], [-72.31957, 42.05294], [-72.3198, 42.05377], [-72.31986, 42.05407], [-72.31994, 42.05472], [-72.31995, 42.05529], [-72.31988, 42.05601], [-72.31982, 42.05633], [-72.31969, 42.05681], [-72.31904, 42.05862], [-72.31842, 42.06009], [-72.31773, 42.06138], [-72.31754, 42.06171], [-72.31731, 42.06204], [-72.31706, 42.06237], [-72.31653, 42.06296], [-72.3154, 42.06402], [-72.31513, 42.06429], [-72.31478, 42.06468], [-72.31379, 42.06596], [-72.31345, 42.06648], [-72.31322, 42.06695], [-72.31311, 42.06725], [-72.31289, 42.06794], [-72.31266, 42.06859], [-72.31143, 42.07111], [-72.31121, 42.07159], [-72.31102, 42.07206], [-72.31087, 42.07254], [-72.31077, 42.07301], [-72.31072, 42.07335], [-72.31069, 42.07391], [-72.31071, 42.07458], [-72.31083, 42.07535], [-72.31101, 42.07597], [-72.31121, 42.07648], [-72.31137, 42.07682], [-72.31221, 42.0784], [-72.31323, 42.08028], [-72.31349, 42.08069], [-72.31433, 42.08175], [-72.31468, 42.08228], [-72.31493, 42.08277], [-72.31509, 42.08318], [-72.3152, 42.08355], [-72.31528, 42.08389], [-72.31534, 42.08442], [-72.31534, 42.08483], [-72.3153, 42.08519], [-72.31512, 42.08613], [-72.31511, 42.08685], [-72.31518, 42.08733], [-72.31542, 42.08822], [-72.31548, 42.08867], [-72.31547, 42.08894], [-72.31543, 42.08921], [-72.31539, 42.08937], [-72.31528, 42.08966], [-72.31519, 42.08986], [-72.31481, 42.09051], [-72.31466, 42.09083], [-72.31432, 42.09188], [-72.31423, 42.09222], [-72.31415, 42.09257], [-72.31412, 42.093], [-72.31412, 42.09342], [-72.31417, 42.09379], [-72.31427, 42.0942], [-72.31445, 42.09482], [-72.31469, 42.09537], [-72.31498, 42.09591], [-72.31753, 42.0996], [-72.31767, 42.09985], [-72.31779, 42.10017], [-72.31787, 42.10051], [-72.3179, 42.10091], [-72.31791, 42.10114], [-72.31785, 42.10147], [-72.31775, 42.1018], [-72.3176, 42.10217], [-72.31685, 42.10349], [-72.31662, 42.10395], [-72.31641, 42.10442], [-72.31627, 42.10478], [-72.31589, 42.10585], [-72.31379, 42.11193], [-72.31353, 42.11255], [-72.31326, 42.11302], [-72.31298, 42.11345], [-72.31269, 42.11386], [-72.31231, 42.11429], [-72.31066, 42.1161], [-72.31027, 42.11659], [-72.31009, 42.11684], [-72.30978, 42.11731], [-72.30966, 42.11754], [-72.30907, 42.1187], [-72.30765, 42.12161], [-72.30748, 42.12204], [-72.3074, 42.1223], [-72.30734, 42.12263], [-72.30733, 42.12296], [-72.30735, 42.12318], [-72.3074, 42.12347], [-72.30758, 42.12403], [-72.30829, 42.12566], [-72.30878, 42.12667], [-72.30997, 42.12882], [-72.31166, 42.1318], [-72.31375, 42.13555], [-72.3179, 42.14291], [-72.31856, 42.14399], [-72.31879, 42.14432], [-72.31905, 42.14463], [-72.32148, 42.14731], [-72.32348, 42.14948], [-72.32456, 42.15069], [-72.32554, 42.15185], [-72.32674, 42.15314], [-72.32708, 42.15349], [-72.32898, 42.15534], [-72.32978, 42.15607], [-72.33008, 42.15631]]}}, {"type": "Feature", "properties": {"company": "New London Northern Railroad", "line": "New London Northern: New London \u2013 Palmer", "id": "nln-new-london-palmer", "color": "#4B6C9E", "mode": "intercity_rail", "avg_speed_kmh": 45, "speed_source": "estimated: rural New England main line; unsourced", "geometry_quality": "Geometry from Wikimedia Commons Data:New London Northern Railroad.map (CC BY 4.0, OpenStreetMap-derived) for New London to Palmer, chained at exact shared endpoints (Palmer, Amherst and Millers Falls all join to within 3 m). 941 points, 104.5 km (64.9 miles), largest chord 2.7 km. The full New London - Brattleboro line traces 121.1 miles against a documented 125.18; the shortfall is source simplification, not a missing segment.", "segments": [{"start": 1861, "end": 1866, "headway_min": 480, "note": "The New London Northern was incorporated in 1859 and 1860 under the laws of Connecticut and Massachusetts and acquired the New London, Willimantic and Palmer's property on 30 March 1861. Frequency estimated, unsourced."}]}, "geometry": {"type": "LineString", "coordinates": [[-72.0938, 41.35631], [-72.09529, 41.35742], [-72.09551, 41.35768], [-72.0956, 41.35782], [-72.09566, 41.35796], [-72.09571, 41.3581], [-72.09573, 41.35828], [-72.09573, 41.35852], [-72.0957, 41.35867], [-72.09565, 41.3588], [-72.09558, 41.35892], [-72.09537, 41.35916], [-72.09481, 41.35961], [-72.09444, 41.36005], [-72.09409, 41.36055], [-72.09397, 41.36079], [-72.09382, 41.3612], [-72.09372, 41.36179], [-72.09372, 41.36219], [-72.09374, 41.36249], [-72.09378, 41.36278], [-72.0941, 41.36447], [-72.0942, 41.36485], [-72.09431, 41.3653], [-72.0944, 41.36562], [-72.09458, 41.36606], [-72.09597, 41.36867], [-72.09627, 41.36926], [-72.09645, 41.36964], [-72.09807, 41.37272], [-72.09825, 41.37308], [-72.09846, 41.37355], [-72.09862, 41.37408], [-72.09867, 41.3744], [-72.09871, 41.37504], [-72.09816, 41.38095], [-72.09819, 41.38184], [-72.0983, 41.38243], [-72.09861, 41.38331], [-72.10136, 41.39094], [-72.10203, 41.39288], [-72.10249, 41.39412], [-72.10263, 41.39479], [-72.10268, 41.39515], [-72.10266, 41.39577], [-72.10259, 41.3964], [-72.10238, 41.39708], [-72.10226, 41.39741], [-72.10208, 41.39774], [-72.10171, 41.39827], [-72.10097, 41.39913], [-72.0992, 41.40124], [-72.09889, 41.4018], [-72.09872, 41.40233], [-72.0985, 41.40361], [-72.0984, 41.40457], [-72.09842, 41.40613], [-72.09846, 41.40688], [-72.09855, 41.40748], [-72.09893, 41.40904], [-72.09902, 41.4101], [-72.09873, 41.41223], [-72.09859, 41.41299], [-72.09791, 41.41768], [-72.09785, 41.41823], [-72.09763, 41.41977], [-72.09766, 41.42018], [-72.09782, 41.42084], [-72.09862, 41.4226], [-72.09955, 41.42445], [-72.09987, 41.42487], [-72.10016, 41.42515], [-72.10049, 41.42543], [-72.10209, 41.42686], [-72.10225, 41.42703], [-72.10249, 41.42736], [-72.10265, 41.42769], [-72.10275, 41.42796], [-72.1028, 41.42834], [-72.10278, 41.42873], [-72.10268, 41.42911], [-72.1025, 41.42947], [-72.10204, 41.43008], [-72.10077, 41.43137], [-72.09952, 41.43272], [-72.09881, 41.4335], [-72.09817, 41.43425], [-72.09793, 41.43456], [-72.09782, 41.4349], [-72.09774, 41.43535], [-72.09776, 41.43587], [-72.09786, 41.43684], [-72.09786, 41.43726], [-72.09782, 41.43757], [-72.09764, 41.43802], [-72.0974, 41.43833], [-72.09604, 41.43973], [-72.09528, 41.44047], [-72.09465, 41.44095], [-72.0941, 41.44129], [-72.09013, 41.44344], [-72.0897, 41.44371], [-72.08931, 41.44406], [-72.08902, 41.44442], [-72.08873, 41.44484], [-72.08855, 41.44519], [-72.08841, 41.4456], [-72.08793, 41.44841], [-72.08785, 41.44904], [-72.08783, 41.44958], [-72.0879, 41.4502], [-72.088, 41.45086], [-72.088, 41.45117], [-72.08796, 41.45147], [-72.08786, 41.4517], [-72.08769, 41.45204], [-72.08612, 41.45452], [-72.0857, 41.45502], [-72.08539, 41.45529], [-72.08496, 41.45559], [-72.08377, 41.45632], [-72.08192, 41.4574], [-72.08141, 41.45768], [-72.08092, 41.4579], [-72.08041, 41.45807], [-72.07967, 41.45824], [-72.077, 41.45877], [-72.07622, 41.45896], [-72.07577, 41.45914], [-72.07545, 41.45932], [-72.0751, 41.45954], [-72.07469, 41.4599], [-72.0742, 41.46036], [-72.07373, 41.46083], [-72.07331, 41.4614], [-72.07304, 41.46191], [-72.0727, 41.46263], [-72.0721, 41.46397], [-72.072, 41.46427], [-72.07196, 41.46471], [-72.07196, 41.46499], [-72.07208, 41.4655], [-72.07228, 41.46625], [-72.07242, 41.4666], [-72.07267, 41.46694], [-72.07299, 41.46727], [-72.07334, 41.46755], [-72.07359, 41.46783], [-72.07388, 41.46837], [-72.07395, 41.46887], [-72.07398, 41.46929], [-72.07373, 41.4705], [-72.07377, 41.47083], [-72.07393, 41.47122], [-72.07415, 41.47152], [-72.07472, 41.472], [-72.07635, 41.47324], [-72.07653, 41.47342], [-72.07669, 41.47361], [-72.07687, 41.47389], [-72.07702, 41.47424], [-72.07708, 41.47452], [-72.07709, 41.47485], [-72.07706, 41.47508], [-72.07702, 41.47527], [-72.07697, 41.47541], [-72.0768, 41.47581], [-72.07627, 41.47685], [-72.07611, 41.47723], [-72.076, 41.47756], [-72.0756, 41.47907], [-72.07555, 41.47932], [-72.07553, 41.4798], [-72.07555, 41.4801], [-72.07563, 41.48053], [-72.07576, 41.48139], [-72.07585, 41.48173], [-72.07596, 41.48199], [-72.07609, 41.48222], [-72.07631, 41.48246], [-72.07661, 41.48272], [-72.0776, 41.48349], [-72.07789, 41.48376], [-72.07812, 41.48402], [-72.07949, 41.48569], [-72.08001, 41.48621], [-72.0825, 41.48815], [-72.08307, 41.48857], [-72.08411, 41.4892], [-72.08441, 41.48941], [-72.08464, 41.48962], [-72.08489, 41.48989], [-72.08508, 41.49016], [-72.0852, 41.49039], [-72.08531, 41.49065], [-72.08537, 41.49089], [-72.08541, 41.49116], [-72.08541, 41.49143], [-72.08535, 41.49173], [-72.08526, 41.49202], [-72.08511, 41.49231], [-72.08495, 41.49258], [-72.08369, 41.49434], [-72.08353, 41.49465], [-72.08338, 41.49497], [-72.08299, 41.49623], [-72.08293, 41.49656], [-72.08293, 41.4969], [-72.08298, 41.49724], [-72.08304, 41.49744], [-72.08312, 41.49761], [-72.08323, 41.4978], [-72.08334, 41.49797], [-72.08349, 41.49813], [-72.08386, 41.49862], [-72.08425, 41.49922], [-72.08438, 41.49948], [-72.08478, 41.50035], [-72.08613, 41.50289], [-72.08628, 41.50323], [-72.08637, 41.50356], [-72.08639, 41.50406], [-72.08633, 41.50437], [-72.08624, 41.50463], [-72.08613, 41.50489], [-72.08576, 41.50566], [-72.08535, 41.5064], [-72.08506, 41.50691], [-72.08455, 41.50765], [-72.0837, 41.5087], [-72.08156, 41.51125], [-72.08108, 41.51185], [-72.08049, 41.51254], [-72.07937, 41.51394], [-72.0791, 41.51437], [-72.07899, 41.51486], [-72.07904, 41.51568], [-72.07915, 41.51693], [-72.07923, 41.51754], [-72.07934, 41.51822], [-72.07992, 41.51996], [-72.0802, 41.52068], [-72.08058, 41.52135], [-72.08185, 41.52305], [-72.0822, 41.52346], [-72.0829, 41.52414], [-72.08307, 41.52428], [-72.08343, 41.52454], [-72.08392, 41.52482], [-72.08444, 41.52507], [-72.08558, 41.52555], [-72.08624, 41.52585], [-72.08658, 41.52602], [-72.08707, 41.5263], [-72.08768, 41.52673], [-72.08808, 41.52709], [-72.08845, 41.52751], [-72.08877, 41.52797], [-72.08901, 41.52846], [-72.08917, 41.52896], [-72.08925, 41.52931], [-72.0893, 41.52965], [-72.08944, 41.53109], [-72.08954, 41.53178], [-72.0897, 41.53247], [-72.09034, 41.53451], [-72.0905, 41.53484], [-72.09062, 41.53506], [-72.09089, 41.53545], [-72.09112, 41.53582], [-72.0922, 41.53737], [-72.09253, 41.53799], [-72.09272, 41.53847], [-72.0929, 41.53918], [-72.09295, 41.53949], [-72.09299, 41.5398], [-72.093, 41.54027], [-72.09296, 41.54199], [-72.093, 41.54254], [-72.09309, 41.54309], [-72.09325, 41.54363], [-72.09346, 41.54409], [-72.0936, 41.54431], [-72.09376, 41.54453], [-72.09412, 41.5449], [-72.09442, 41.54515], [-72.09476, 41.54537], [-72.09513, 41.54556], [-72.09571, 41.5458], [-72.09653, 41.54604], [-72.09869, 41.54657], [-72.09936, 41.54671], [-72.09991, 41.54677], [-72.10047, 41.54677], [-72.10141, 41.54673], [-72.10188, 41.54674], [-72.10244, 41.54682], [-72.10296, 41.54696], [-72.10346, 41.54716], [-72.10597, 41.54836], [-72.10654, 41.54861], [-72.10715, 41.54883], [-72.10839, 41.54919], [-72.10909, 41.54942], [-72.10977, 41.5497], [-72.11041, 41.55002], [-72.11101, 41.55038], [-72.11397, 41.55233], [-72.11435, 41.55261], [-72.11486, 41.55309], [-72.11501, 41.55325], [-72.11529, 41.55363], [-72.11541, 41.55382], [-72.11559, 41.55415], [-72.11574, 41.55456], [-72.11588, 41.55523], [-72.11598, 41.55558], [-72.11609, 41.55587], [-72.1162, 41.55609], [-72.11634, 41.55631], [-72.11659, 41.55661], [-72.11689, 41.55689], [-72.11716, 41.5571], [-72.11751, 41.55734], [-72.12442, 41.56174], [-72.12552, 41.56239], [-72.13282, 41.5665], [-72.13307, 41.56665], [-72.1333, 41.56682], [-72.1336, 41.56711], [-72.13384, 41.56743], [-72.13401, 41.56778], [-72.13409, 41.56815], [-72.1341, 41.56864], [-72.13407, 41.56901], [-72.13314, 41.57628], [-72.1331, 41.57689], [-72.13314, 41.57735], [-72.13324, 41.5778], [-72.13341, 41.57825], [-72.13365, 41.57868], [-72.13397, 41.57911], [-72.13435, 41.57951], [-72.13478, 41.57987], [-72.13526, 41.58019], [-72.13594, 41.58056], [-72.14053, 41.58282], [-72.14132, 41.58327], [-72.14208, 41.58375], [-72.14255, 41.5841], [-72.14301, 41.58446], [-72.14366, 41.58504], [-72.14425, 41.58564], [-72.14481, 41.58625], [-72.14517, 41.58667], [-72.14542, 41.58699], [-72.14569, 41.58744], [-72.14587, 41.5878], [-72.14599, 41.58813], [-72.14616, 41.58877], [-72.14687, 41.59224], [-72.14694, 41.59246], [-72.14707, 41.59278], [-72.14717, 41.59299], [-72.14736, 41.5933], [-72.14764, 41.59368], [-72.1479, 41.59396], [-72.14818, 41.59422], [-72.14848, 41.59447], [-72.14903, 41.59482], [-72.15128, 41.59609], [-72.15167, 41.59633], [-72.15191, 41.59651], [-72.15226, 41.5968], [-72.15256, 41.59713], [-72.15275, 41.59737], [-72.15399, 41.59928], [-72.15423, 41.59969], [-72.15444, 41.6001], [-72.15462, 41.60053], [-72.15482, 41.6011], [-72.15507, 41.60215], [-72.15517, 41.60252], [-72.15531, 41.60288], [-72.15557, 41.60342], [-72.16306, 41.61637], [-72.16386, 41.61765], [-72.16414, 41.61803], [-72.16461, 41.6186], [-72.16485, 41.61888], [-72.16538, 41.61942], [-72.16623, 41.6202], [-72.16775, 41.62142], [-72.16816, 41.62181], [-72.16842, 41.62209], [-72.16865, 41.62238], [-72.16886, 41.62268], [-72.16905, 41.62299], [-72.16922, 41.62331], [-72.16937, 41.62363], [-72.16949, 41.62396], [-72.16959, 41.62429], [-72.16966, 41.62463], [-72.16971, 41.62496], [-72.16975, 41.62547], [-72.16974, 41.62581], [-72.16935, 41.63336], [-72.16929, 41.63402], [-72.16917, 41.635], [-72.16899, 41.63598], [-72.16869, 41.63727], [-72.16841, 41.63824], [-72.16797, 41.6395], [-72.16745, 41.64075], [-72.16716, 41.64137], [-72.16686, 41.64199], [-72.16619, 41.6432], [-72.16536, 41.64451], [-72.15836, 41.65526], [-72.15805, 41.6558], [-72.15791, 41.65607], [-72.15779, 41.65635], [-72.15765, 41.65677], [-72.15757, 41.65706], [-72.15751, 41.65734], [-72.15746, 41.65779], [-72.15745, 41.65838], [-72.15749, 41.65881], [-72.15762, 41.65969], [-72.1585, 41.66502], [-72.15858, 41.66535], [-72.15867, 41.66568], [-72.15888, 41.66616], [-72.15916, 41.66663], [-72.15939, 41.66693], [-72.15964, 41.66721], [-72.16546, 41.67298], [-72.1658, 41.67335], [-72.16611, 41.67375], [-72.16637, 41.67416], [-72.16658, 41.67459], [-72.16769, 41.67756], [-72.16821, 41.67906], [-72.16839, 41.67951], [-72.1687, 41.68017], [-72.16904, 41.68082], [-72.16942, 41.68146], [-72.17042, 41.68292], [-72.17089, 41.68354], [-72.17142, 41.68414], [-72.17218, 41.68489], [-72.17853, 41.69064], [-72.17932, 41.69145], [-72.1798, 41.69202], [-72.18025, 41.6926], [-72.18164, 41.6945], [-72.18302, 41.69641], [-72.18323, 41.69673], [-72.18336, 41.69698], [-72.18346, 41.69724], [-72.18352, 41.6975], [-72.18359, 41.69797], [-72.18368, 41.69839], [-72.18373, 41.69859], [-72.18389, 41.699], [-72.1841, 41.69939], [-72.18433, 41.69977], [-72.1846, 41.70014], [-72.18506, 41.70068], [-72.18609, 41.70172], [-72.1883, 41.7039], [-72.18908, 41.70463], [-72.18961, 41.7051], [-72.19018, 41.70555], [-72.19185, 41.70677], [-72.19417, 41.70843], [-72.19475, 41.70881], [-72.19539, 41.70913], [-72.19584, 41.70932], [-72.19631, 41.70948], [-72.19679, 41.70961], [-72.19729, 41.70972], [-72.19914, 41.71006], [-72.19992, 41.71015], [-72.20044, 41.71018], [-72.20123, 41.71017], [-72.20201, 41.71008], [-72.20279, 41.70994], [-72.20603, 41.70923], [-72.20673, 41.7091], [-72.20739, 41.70904], [-72.20778, 41.70905], [-72.20817, 41.70909], [-72.20861, 41.70915], [-72.20909, 41.70926], [-72.20948, 41.70937], [-72.20996, 41.70955], [-72.21043, 41.70976], [-72.21154, 41.71039], [-72.21217, 41.71071], [-72.21336, 41.71121], [-72.21418, 41.71152], [-72.21688, 41.71214], [-72.21786, 41.71239], [-72.2189, 41.7126], [-72.21942, 41.71267], [-72.22027, 41.71273], [-72.2207, 41.71275], [-72.22114, 41.71273], [-72.22168, 41.71267], [-72.22396, 41.71231], [-72.22465, 41.71221], [-72.22558, 41.71214], [-72.22628, 41.71213], [-72.22675, 41.71215], [-72.22745, 41.71221], [-72.22836, 41.71236], [-72.22924, 41.71258], [-72.22967, 41.71271], [-72.23009, 41.71287], [-72.2305, 41.71304], [-72.2311, 41.71333], [-72.23484, 41.71527], [-72.23668, 41.71613], [-72.23709, 41.71635], [-72.23754, 41.71664], [-72.23796, 41.71696], [-72.23821, 41.71719], [-72.24654, 41.72533], [-72.24723, 41.72597], [-72.24771, 41.72637], [-72.24818, 41.72671], [-72.24877, 41.72709], [-72.259, 41.73318], [-72.25941, 41.73346], [-72.25974, 41.73372], [-72.2601, 41.73408], [-72.26035, 41.73441], [-72.26054, 41.73475], [-72.26076, 41.73525], [-72.26484, 41.74703], [-72.265, 41.7476], [-72.26511, 41.74818], [-72.26541, 41.75141], [-72.26547, 41.75188], [-72.26558, 41.75246], [-72.26575, 41.753], [-72.26599, 41.7536], [-72.26984, 41.76198], [-72.27002, 41.76247], [-72.27016, 41.76297], [-72.27033, 41.76383], [-72.27134, 41.76986], [-72.27144, 41.77029], [-72.27154, 41.77068], [-72.27178, 41.77134], [-72.27197, 41.77174], [-72.27216, 41.77209], [-72.27831, 41.78224], [-72.27948, 41.78427], [-72.28019, 41.78536], [-72.28312, 41.79017], [-72.28354, 41.79082], [-72.28396, 41.79137], [-72.28435, 41.7918], [-72.28484, 41.79225], [-72.28535, 41.79267], [-72.28589, 41.79307], [-72.29026, 41.79616], [-72.29072, 41.79645], [-72.29121, 41.79668], [-72.29176, 41.79687], [-72.29236, 41.79699], [-72.29661, 41.79751], [-72.29773, 41.7977], [-72.29891, 41.79795], [-72.29984, 41.79818], [-72.30542, 41.79975], [-72.30607, 41.79998], [-72.3067, 41.80029], [-72.30714, 41.80056], [-72.30755, 41.80087], [-72.30789, 41.80121], [-72.30824, 41.80163], [-72.31023, 41.80434], [-72.31046, 41.80469], [-72.31071, 41.8051], [-72.31091, 41.80548], [-72.31109, 41.80591], [-72.31124, 41.80635], [-72.31135, 41.80677], [-72.31145, 41.80728], [-72.31289, 41.81536], [-72.31297, 41.81589], [-72.313, 41.81625], [-72.31298, 41.81691], [-72.31291, 41.81749], [-72.31209, 41.8212], [-72.31201, 41.82163], [-72.31195, 41.82209], [-72.31193, 41.82259], [-72.31194, 41.82308], [-72.3121, 41.82442], [-72.31215, 41.82515], [-72.31216, 41.82562], [-72.31212, 41.82607], [-72.31205, 41.82647], [-72.31191, 41.82692], [-72.31176, 41.82727], [-72.31156, 41.82763], [-72.31134, 41.82797], [-72.31107, 41.82832], [-72.30895, 41.83101], [-72.30869, 41.83135], [-72.30848, 41.83169], [-72.30832, 41.83202], [-72.30819, 41.83235], [-72.30808, 41.83272], [-72.30802, 41.83303], [-72.30799, 41.83333], [-72.30797, 41.83362], [-72.30798, 41.83396], [-72.30841, 41.83811], [-72.30844, 41.83888], [-72.30844, 41.83931], [-72.30819, 41.84484], [-72.30819, 41.84645], [-72.30815, 41.84702], [-72.30809, 41.8474], [-72.308, 41.8478], [-72.30787, 41.84821], [-72.30772, 41.84859], [-72.30747, 41.84914], [-72.30619, 41.85166], [-72.30593, 41.85226], [-72.30567, 41.85295], [-72.30543, 41.85378], [-72.30523, 41.85466], [-72.3051, 41.85553], [-72.30505, 41.85635], [-72.30504, 41.85678], [-72.30508, 41.85735], [-72.30515, 41.85779], [-72.30527, 41.85825], [-72.30898, 41.87068], [-72.30906, 41.87114], [-72.3091, 41.87158], [-72.30907, 41.87213], [-72.30901, 41.87249], [-72.30886, 41.87301], [-72.30864, 41.87353], [-72.30645, 41.87749], [-72.30615, 41.87799], [-72.3058, 41.8785], [-72.30387, 41.88115], [-72.30347, 41.88166], [-72.30308, 41.88212], [-72.29184, 41.89479], [-72.29133, 41.89542], [-72.29092, 41.89603], [-72.29051, 41.89674], [-72.29032, 41.89714], [-72.29017, 41.8975], [-72.29002, 41.89791], [-72.28988, 41.89835], [-72.28978, 41.89877], [-72.28969, 41.89922], [-72.28961, 41.89992], [-72.28959, 41.90064], [-72.28966, 41.90357], [-72.28971, 41.90406], [-72.2898, 41.90454], [-72.28993, 41.90502], [-72.2901, 41.9055], [-72.29031, 41.90597], [-72.29059, 41.9065], [-72.29087, 41.90694], [-72.29118, 41.90735], [-72.29147, 41.90768], [-72.29178, 41.908], [-72.2921, 41.9083], [-72.29248, 41.90862], [-72.29559, 41.91098], [-72.29604, 41.91134], [-72.29632, 41.91161], [-72.29654, 41.91185], [-72.29668, 41.91204], [-72.29682, 41.91226], [-72.29692, 41.91247], [-72.29701, 41.91273], [-72.29707, 41.91296], [-72.29711, 41.91326], [-72.29726, 41.91652], [-72.2973, 41.91701], [-72.29737, 41.91737], [-72.29749, 41.91781], [-72.29768, 41.91829], [-72.29795, 41.91877], [-72.29828, 41.91925], [-72.29866, 41.91967], [-72.29894, 41.91993], [-72.29926, 41.92019], [-72.29969, 41.92049], [-72.30448, 41.92336], [-72.30515, 41.9238], [-72.30554, 41.92411], [-72.30597, 41.92452], [-72.30625, 41.92484], [-72.30652, 41.92521], [-72.30683, 41.92574], [-72.30696, 41.92605], [-72.30706, 41.92632], [-72.30718, 41.92677], [-72.30751, 41.92839], [-72.30767, 41.92901], [-72.30793, 41.92983], [-72.30847, 41.93128], [-72.30862, 41.93176], [-72.30869, 41.9321], [-72.30875, 41.93252], [-72.30877, 41.93282], [-72.30876, 41.93318], [-72.30874, 41.93354], [-72.30869, 41.93391], [-72.30862, 41.93426], [-72.3085, 41.93465], [-72.30836, 41.93503], [-72.30824, 41.93532], [-72.30731, 41.93728], [-72.30702, 41.93793], [-72.30673, 41.93871], [-72.30629, 41.93999], [-72.30604, 41.94061], [-72.30569, 41.94135], [-72.30471, 41.94322], [-72.30446, 41.94379], [-72.3043, 41.94428], [-72.30311, 41.94875], [-72.30303, 41.94903], [-72.30289, 41.94941], [-72.30273, 41.94975], [-72.30245, 41.95028], [-72.30193, 41.95118], [-72.3018, 41.9515], [-72.30176, 41.95175], [-72.30177, 41.95197], [-72.30183, 41.95222], [-72.30193, 41.95242], [-72.30203, 41.95259], [-72.30218, 41.95276], [-72.3024, 41.95294], [-72.30264, 41.95309], [-72.30281, 41.95317], [-72.30315, 41.95329], [-72.30345, 41.95335], [-72.30372, 41.95338], [-72.3041, 41.95338], [-72.30446, 41.95333], [-72.30733, 41.9528], [-72.30876, 41.95248], [-72.30922, 41.95242], [-72.30975, 41.95242], [-72.31001, 41.95246], [-72.31025, 41.9525], [-72.31069, 41.95264], [-72.31093, 41.95275], [-72.31112, 41.95285], [-72.31134, 41.953], [-72.31158, 41.95319], [-72.315, 41.95606], [-72.31549, 41.95649], [-72.32276, 41.96353], [-72.32319, 41.964], [-72.32343, 41.96432], [-72.32363, 41.96464], [-72.32377, 41.96491], [-72.32394, 41.9653], [-72.32407, 41.96571], [-72.32414, 41.96607], [-72.32419, 41.96661], [-72.32417, 41.96713], [-72.32325, 41.9756], [-72.32322, 41.97609], [-72.32322, 41.97711], [-72.32316, 41.97779], [-72.32305, 41.97843], [-72.32195, 41.98391], [-72.3218, 41.99363], [-72.3218, 42.01823], [-72.32181, 42.01887], [-72.32185, 42.01944], [-72.32203, 42.02085], [-72.32207, 42.02131], [-72.3221, 42.02185], [-72.32211, 42.02241], [-72.32186, 42.03227], [-72.32184, 42.03285], [-72.32178, 42.03334], [-72.32172, 42.03367], [-72.32103, 42.03616], [-72.32093, 42.0366], [-72.32087, 42.03705], [-72.32087, 42.03728], [-72.32088, 42.0378], [-72.32164, 42.04486], [-72.32165, 42.04541], [-72.32161, 42.04593], [-72.32153, 42.04637], [-72.32142, 42.04682], [-72.32133, 42.04711], [-72.32117, 42.04754], [-72.32079, 42.04829], [-72.3199, 42.04971], [-72.31975, 42.05001], [-72.31957, 42.05047], [-72.31942, 42.05108], [-72.31938, 42.05155], [-72.31938, 42.05181], [-72.31944, 42.05237], [-72.31957, 42.05294], [-72.3198, 42.05377], [-72.31986, 42.05407], [-72.31994, 42.05472], [-72.31995, 42.05529], [-72.31988, 42.05601], [-72.31982, 42.05633], [-72.31969, 42.05681], [-72.31904, 42.05862], [-72.31842, 42.06009], [-72.31773, 42.06138], [-72.31754, 42.06171], [-72.31731, 42.06204], [-72.31706, 42.06237], [-72.31653, 42.06296], [-72.3154, 42.06402], [-72.31513, 42.06429], [-72.31478, 42.06468], [-72.31379, 42.06596], [-72.31345, 42.06648], [-72.31322, 42.06695], [-72.31311, 42.06725], [-72.31289, 42.06794], [-72.31266, 42.06859], [-72.31143, 42.07111], [-72.31121, 42.07159], [-72.31102, 42.07206], [-72.31087, 42.07254], [-72.31077, 42.07301], [-72.31072, 42.07335], [-72.31069, 42.07391], [-72.31071, 42.07458], [-72.31083, 42.07535], [-72.31101, 42.07597], [-72.31121, 42.07648], [-72.31137, 42.07682], [-72.31221, 42.0784], [-72.31323, 42.08028], [-72.31349, 42.08069], [-72.31433, 42.08175], [-72.31468, 42.08228], [-72.31493, 42.08277], [-72.31509, 42.08318], [-72.3152, 42.08355], [-72.31528, 42.08389], [-72.31534, 42.08442], [-72.31534, 42.08483], [-72.3153, 42.08519], [-72.31512, 42.08613], [-72.31511, 42.08685], [-72.31518, 42.08733], [-72.31542, 42.08822], [-72.31548, 42.08867], [-72.31547, 42.08894], [-72.31543, 42.08921], [-72.31539, 42.08937], [-72.31528, 42.08966], [-72.31519, 42.08986], [-72.31481, 42.09051], [-72.31466, 42.09083], [-72.31432, 42.09188], [-72.31423, 42.09222], [-72.31415, 42.09257], [-72.31412, 42.093], [-72.31412, 42.09342], [-72.31417, 42.09379], [-72.31427, 42.0942], [-72.31445, 42.09482], [-72.31469, 42.09537], [-72.31498, 42.09591], [-72.31753, 42.0996], [-72.31767, 42.09985], [-72.31779, 42.10017], [-72.31787, 42.10051], [-72.3179, 42.10091], [-72.31791, 42.10114], [-72.31785, 42.10147], [-72.31775, 42.1018], [-72.3176, 42.10217], [-72.31685, 42.10349], [-72.31662, 42.10395], [-72.31641, 42.10442], [-72.31627, 42.10478], [-72.31589, 42.10585], [-72.31379, 42.11193], [-72.31353, 42.11255], [-72.31326, 42.11302], [-72.31298, 42.11345], [-72.31269, 42.11386], [-72.31231, 42.11429], [-72.31066, 42.1161], [-72.31027, 42.11659], [-72.31009, 42.11684], [-72.30978, 42.11731], [-72.30966, 42.11754], [-72.30907, 42.1187], [-72.30765, 42.12161], [-72.30748, 42.12204], [-72.3074, 42.1223], [-72.30734, 42.12263], [-72.30733, 42.12296], [-72.30735, 42.12318], [-72.3074, 42.12347], [-72.30758, 42.12403], [-72.30829, 42.12566], [-72.30878, 42.12667], [-72.30997, 42.12882], [-72.31166, 42.1318], [-72.31375, 42.13555], [-72.3179, 42.14291], [-72.31856, 42.14399], [-72.31879, 42.14432], [-72.31905, 42.14463], [-72.32148, 42.14731], [-72.32348, 42.14948], [-72.32456, 42.15069], [-72.32554, 42.15185], [-72.32674, 42.15314], [-72.32708, 42.15349], [-72.32898, 42.15534], [-72.32978, 42.15607], [-72.33008, 42.15631]]}}, {"type": "Feature", "properties": {"company": "New London Northern Railroad", "line": "New London Northern: New London \u2013 Millers Falls", "id": "nln-new-london-millers-falls", "color": "#4B6C9E", "mode": "intercity_rail", "avg_speed_kmh": 45, "speed_source": "estimated: rural New England main line; unsourced", "geometry_quality": "Geometry from Wikimedia Commons Data:New London Northern Railroad.map (CC BY 4.0, OpenStreetMap-derived) for New London to Millers Falls, chained at exact shared endpoints (Palmer, Amherst and Millers Falls all join to within 3 m). 1394 points, 160.6 km (99.8 miles), largest chord 2.7 km. The full New London - Brattleboro line traces 121.1 miles against a documented 125.18; the shortfall is source simplification, not a missing segment.", "segments": [{"start": 1866, "end": 1873, "headway_min": 480, "note": "The company bought the Amherst, Belchertown and Palmer Railroad on 1 March 1864 and completed a further 14.5 miles from Amherst to Millers Falls on 8 October 1866, carrying the line north to a connection on the Connecticut River. Frequency estimated, unsourced."}]}, "geometry": {"type": "LineString", "coordinates": [[-72.0938, 41.35631], [-72.09529, 41.35742], [-72.09551, 41.35768], [-72.0956, 41.35782], [-72.09566, 41.35796], [-72.09571, 41.3581], [-72.09573, 41.35828], [-72.09573, 41.35852], [-72.0957, 41.35867], [-72.09565, 41.3588], [-72.09558, 41.35892], [-72.09537, 41.35916], [-72.09481, 41.35961], [-72.09444, 41.36005], [-72.09409, 41.36055], [-72.09397, 41.36079], [-72.09382, 41.3612], [-72.09372, 41.36179], [-72.09372, 41.36219], [-72.09374, 41.36249], [-72.09378, 41.36278], [-72.0941, 41.36447], [-72.0942, 41.36485], [-72.09431, 41.3653], [-72.0944, 41.36562], [-72.09458, 41.36606], [-72.09597, 41.36867], [-72.09627, 41.36926], [-72.09645, 41.36964], [-72.09807, 41.37272], [-72.09825, 41.37308], [-72.09846, 41.37355], [-72.09862, 41.37408], [-72.09867, 41.3744], [-72.09871, 41.37504], [-72.09816, 41.38095], [-72.09819, 41.38184], [-72.0983, 41.38243], [-72.09861, 41.38331], [-72.10136, 41.39094], [-72.10203, 41.39288], [-72.10249, 41.39412], [-72.10263, 41.39479], [-72.10268, 41.39515], [-72.10266, 41.39577], [-72.10259, 41.3964], [-72.10238, 41.39708], [-72.10226, 41.39741], [-72.10208, 41.39774], [-72.10171, 41.39827], [-72.10097, 41.39913], [-72.0992, 41.40124], [-72.09889, 41.4018], [-72.09872, 41.40233], [-72.0985, 41.40361], [-72.0984, 41.40457], [-72.09842, 41.40613], [-72.09846, 41.40688], [-72.09855, 41.40748], [-72.09893, 41.40904], [-72.09902, 41.4101], [-72.09873, 41.41223], [-72.09859, 41.41299], [-72.09791, 41.41768], [-72.09785, 41.41823], [-72.09763, 41.41977], [-72.09766, 41.42018], [-72.09782, 41.42084], [-72.09862, 41.4226], [-72.09955, 41.42445], [-72.09987, 41.42487], [-72.10016, 41.42515], [-72.10049, 41.42543], [-72.10209, 41.42686], [-72.10225, 41.42703], [-72.10249, 41.42736], [-72.10265, 41.42769], [-72.10275, 41.42796], [-72.1028, 41.42834], [-72.10278, 41.42873], [-72.10268, 41.42911], [-72.1025, 41.42947], [-72.10204, 41.43008], [-72.10077, 41.43137], [-72.09952, 41.43272], [-72.09881, 41.4335], [-72.09817, 41.43425], [-72.09793, 41.43456], [-72.09782, 41.4349], [-72.09774, 41.43535], [-72.09776, 41.43587], [-72.09786, 41.43684], [-72.09786, 41.43726], [-72.09782, 41.43757], [-72.09764, 41.43802], [-72.0974, 41.43833], [-72.09604, 41.43973], [-72.09528, 41.44047], [-72.09465, 41.44095], [-72.0941, 41.44129], [-72.09013, 41.44344], [-72.0897, 41.44371], [-72.08931, 41.44406], [-72.08902, 41.44442], [-72.08873, 41.44484], [-72.08855, 41.44519], [-72.08841, 41.4456], [-72.08793, 41.44841], [-72.08785, 41.44904], [-72.08783, 41.44958], [-72.0879, 41.4502], [-72.088, 41.45086], [-72.088, 41.45117], [-72.08796, 41.45147], [-72.08786, 41.4517], [-72.08769, 41.45204], [-72.08612, 41.45452], [-72.0857, 41.45502], [-72.08539, 41.45529], [-72.08496, 41.45559], [-72.08377, 41.45632], [-72.08192, 41.4574], [-72.08141, 41.45768], [-72.08092, 41.4579], [-72.08041, 41.45807], [-72.07967, 41.45824], [-72.077, 41.45877], [-72.07622, 41.45896], [-72.07577, 41.45914], [-72.07545, 41.45932], [-72.0751, 41.45954], [-72.07469, 41.4599], [-72.0742, 41.46036], [-72.07373, 41.46083], [-72.07331, 41.4614], [-72.07304, 41.46191], [-72.0727, 41.46263], [-72.0721, 41.46397], [-72.072, 41.46427], [-72.07196, 41.46471], [-72.07196, 41.46499], [-72.07208, 41.4655], [-72.07228, 41.46625], [-72.07242, 41.4666], [-72.07267, 41.46694], [-72.07299, 41.46727], [-72.07334, 41.46755], [-72.07359, 41.46783], [-72.07388, 41.46837], [-72.07395, 41.46887], [-72.07398, 41.46929], [-72.07373, 41.4705], [-72.07377, 41.47083], [-72.07393, 41.47122], [-72.07415, 41.47152], [-72.07472, 41.472], [-72.07635, 41.47324], [-72.07653, 41.47342], [-72.07669, 41.47361], [-72.07687, 41.47389], [-72.07702, 41.47424], [-72.07708, 41.47452], [-72.07709, 41.47485], [-72.07706, 41.47508], [-72.07702, 41.47527], [-72.07697, 41.47541], [-72.0768, 41.47581], [-72.07627, 41.47685], [-72.07611, 41.47723], [-72.076, 41.47756], [-72.0756, 41.47907], [-72.07555, 41.47932], [-72.07553, 41.4798], [-72.07555, 41.4801], [-72.07563, 41.48053], [-72.07576, 41.48139], [-72.07585, 41.48173], [-72.07596, 41.48199], [-72.07609, 41.48222], [-72.07631, 41.48246], [-72.07661, 41.48272], [-72.0776, 41.48349], [-72.07789, 41.48376], [-72.07812, 41.48402], [-72.07949, 41.48569], [-72.08001, 41.48621], [-72.0825, 41.48815], [-72.08307, 41.48857], [-72.08411, 41.4892], [-72.08441, 41.48941], [-72.08464, 41.48962], [-72.08489, 41.48989], [-72.08508, 41.49016], [-72.0852, 41.49039], [-72.08531, 41.49065], [-72.08537, 41.49089], [-72.08541, 41.49116], [-72.08541, 41.49143], [-72.08535, 41.49173], [-72.08526, 41.49202], [-72.08511, 41.49231], [-72.08495, 41.49258], [-72.08369, 41.49434], [-72.08353, 41.49465], [-72.08338, 41.49497], [-72.08299, 41.49623], [-72.08293, 41.49656], [-72.08293, 41.4969], [-72.08298, 41.49724], [-72.08304, 41.49744], [-72.08312, 41.49761], [-72.08323, 41.4978], [-72.08334, 41.49797], [-72.08349, 41.49813], [-72.08386, 41.49862], [-72.08425, 41.49922], [-72.08438, 41.49948], [-72.08478, 41.50035], [-72.08613, 41.50289], [-72.08628, 41.50323], [-72.08637, 41.50356], [-72.08639, 41.50406], [-72.08633, 41.50437], [-72.08624, 41.50463], [-72.08613, 41.50489], [-72.08576, 41.50566], [-72.08535, 41.5064], [-72.08506, 41.50691], [-72.08455, 41.50765], [-72.0837, 41.5087], [-72.08156, 41.51125], [-72.08108, 41.51185], [-72.08049, 41.51254], [-72.07937, 41.51394], [-72.0791, 41.51437], [-72.07899, 41.51486], [-72.07904, 41.51568], [-72.07915, 41.51693], [-72.07923, 41.51754], [-72.07934, 41.51822], [-72.07992, 41.51996], [-72.0802, 41.52068], [-72.08058, 41.52135], [-72.08185, 41.52305], [-72.0822, 41.52346], [-72.0829, 41.52414], [-72.08307, 41.52428], [-72.08343, 41.52454], [-72.08392, 41.52482], [-72.08444, 41.52507], [-72.08558, 41.52555], [-72.08624, 41.52585], [-72.08658, 41.52602], [-72.08707, 41.5263], [-72.08768, 41.52673], [-72.08808, 41.52709], [-72.08845, 41.52751], [-72.08877, 41.52797], [-72.08901, 41.52846], [-72.08917, 41.52896], [-72.08925, 41.52931], [-72.0893, 41.52965], [-72.08944, 41.53109], [-72.08954, 41.53178], [-72.0897, 41.53247], [-72.09034, 41.53451], [-72.0905, 41.53484], [-72.09062, 41.53506], [-72.09089, 41.53545], [-72.09112, 41.53582], [-72.0922, 41.53737], [-72.09253, 41.53799], [-72.09272, 41.53847], [-72.0929, 41.53918], [-72.09295, 41.53949], [-72.09299, 41.5398], [-72.093, 41.54027], [-72.09296, 41.54199], [-72.093, 41.54254], [-72.09309, 41.54309], [-72.09325, 41.54363], [-72.09346, 41.54409], [-72.0936, 41.54431], [-72.09376, 41.54453], [-72.09412, 41.5449], [-72.09442, 41.54515], [-72.09476, 41.54537], [-72.09513, 41.54556], [-72.09571, 41.5458], [-72.09653, 41.54604], [-72.09869, 41.54657], [-72.09936, 41.54671], [-72.09991, 41.54677], [-72.10047, 41.54677], [-72.10141, 41.54673], [-72.10188, 41.54674], [-72.10244, 41.54682], [-72.10296, 41.54696], [-72.10346, 41.54716], [-72.10597, 41.54836], [-72.10654, 41.54861], [-72.10715, 41.54883], [-72.10839, 41.54919], [-72.10909, 41.54942], [-72.10977, 41.5497], [-72.11041, 41.55002], [-72.11101, 41.55038], [-72.11397, 41.55233], [-72.11435, 41.55261], [-72.11486, 41.55309], [-72.11501, 41.55325], [-72.11529, 41.55363], [-72.11541, 41.55382], [-72.11559, 41.55415], [-72.11574, 41.55456], [-72.11588, 41.55523], [-72.11598, 41.55558], [-72.11609, 41.55587], [-72.1162, 41.55609], [-72.11634, 41.55631], [-72.11659, 41.55661], [-72.11689, 41.55689], [-72.11716, 41.5571], [-72.11751, 41.55734], [-72.12442, 41.56174], [-72.12552, 41.56239], [-72.13282, 41.5665], [-72.13307, 41.56665], [-72.1333, 41.56682], [-72.1336, 41.56711], [-72.13384, 41.56743], [-72.13401, 41.56778], [-72.13409, 41.56815], [-72.1341, 41.56864], [-72.13407, 41.56901], [-72.13314, 41.57628], [-72.1331, 41.57689], [-72.13314, 41.57735], [-72.13324, 41.5778], [-72.13341, 41.57825], [-72.13365, 41.57868], [-72.13397, 41.57911], [-72.13435, 41.57951], [-72.13478, 41.57987], [-72.13526, 41.58019], [-72.13594, 41.58056], [-72.14053, 41.58282], [-72.14132, 41.58327], [-72.14208, 41.58375], [-72.14255, 41.5841], [-72.14301, 41.58446], [-72.14366, 41.58504], [-72.14425, 41.58564], [-72.14481, 41.58625], [-72.14517, 41.58667], [-72.14542, 41.58699], [-72.14569, 41.58744], [-72.14587, 41.5878], [-72.14599, 41.58813], [-72.14616, 41.58877], [-72.14687, 41.59224], [-72.14694, 41.59246], [-72.14707, 41.59278], [-72.14717, 41.59299], [-72.14736, 41.5933], [-72.14764, 41.59368], [-72.1479, 41.59396], [-72.14818, 41.59422], [-72.14848, 41.59447], [-72.14903, 41.59482], [-72.15128, 41.59609], [-72.15167, 41.59633], [-72.15191, 41.59651], [-72.15226, 41.5968], [-72.15256, 41.59713], [-72.15275, 41.59737], [-72.15399, 41.59928], [-72.15423, 41.59969], [-72.15444, 41.6001], [-72.15462, 41.60053], [-72.15482, 41.6011], [-72.15507, 41.60215], [-72.15517, 41.60252], [-72.15531, 41.60288], [-72.15557, 41.60342], [-72.16306, 41.61637], [-72.16386, 41.61765], [-72.16414, 41.61803], [-72.16461, 41.6186], [-72.16485, 41.61888], [-72.16538, 41.61942], [-72.16623, 41.6202], [-72.16775, 41.62142], [-72.16816, 41.62181], [-72.16842, 41.62209], [-72.16865, 41.62238], [-72.16886, 41.62268], [-72.16905, 41.62299], [-72.16922, 41.62331], [-72.16937, 41.62363], [-72.16949, 41.62396], [-72.16959, 41.62429], [-72.16966, 41.62463], [-72.16971, 41.62496], [-72.16975, 41.62547], [-72.16974, 41.62581], [-72.16935, 41.63336], [-72.16929, 41.63402], [-72.16917, 41.635], [-72.16899, 41.63598], [-72.16869, 41.63727], [-72.16841, 41.63824], [-72.16797, 41.6395], [-72.16745, 41.64075], [-72.16716, 41.64137], [-72.16686, 41.64199], [-72.16619, 41.6432], [-72.16536, 41.64451], [-72.15836, 41.65526], [-72.15805, 41.6558], [-72.15791, 41.65607], [-72.15779, 41.65635], [-72.15765, 41.65677], [-72.15757, 41.65706], [-72.15751, 41.65734], [-72.15746, 41.65779], [-72.15745, 41.65838], [-72.15749, 41.65881], [-72.15762, 41.65969], [-72.1585, 41.66502], [-72.15858, 41.66535], [-72.15867, 41.66568], [-72.15888, 41.66616], [-72.15916, 41.66663], [-72.15939, 41.66693], [-72.15964, 41.66721], [-72.16546, 41.67298], [-72.1658, 41.67335], [-72.16611, 41.67375], [-72.16637, 41.67416], [-72.16658, 41.67459], [-72.16769, 41.67756], [-72.16821, 41.67906], [-72.16839, 41.67951], [-72.1687, 41.68017], [-72.16904, 41.68082], [-72.16942, 41.68146], [-72.17042, 41.68292], [-72.17089, 41.68354], [-72.17142, 41.68414], [-72.17218, 41.68489], [-72.17853, 41.69064], [-72.17932, 41.69145], [-72.1798, 41.69202], [-72.18025, 41.6926], [-72.18164, 41.6945], [-72.18302, 41.69641], [-72.18323, 41.69673], [-72.18336, 41.69698], [-72.18346, 41.69724], [-72.18352, 41.6975], [-72.18359, 41.69797], [-72.18368, 41.69839], [-72.18373, 41.69859], [-72.18389, 41.699], [-72.1841, 41.69939], [-72.18433, 41.69977], [-72.1846, 41.70014], [-72.18506, 41.70068], [-72.18609, 41.70172], [-72.1883, 41.7039], [-72.18908, 41.70463], [-72.18961, 41.7051], [-72.19018, 41.70555], [-72.19185, 41.70677], [-72.19417, 41.70843], [-72.19475, 41.70881], [-72.19539, 41.70913], [-72.19584, 41.70932], [-72.19631, 41.70948], [-72.19679, 41.70961], [-72.19729, 41.70972], [-72.19914, 41.71006], [-72.19992, 41.71015], [-72.20044, 41.71018], [-72.20123, 41.71017], [-72.20201, 41.71008], [-72.20279, 41.70994], [-72.20603, 41.70923], [-72.20673, 41.7091], [-72.20739, 41.70904], [-72.20778, 41.70905], [-72.20817, 41.70909], [-72.20861, 41.70915], [-72.20909, 41.70926], [-72.20948, 41.70937], [-72.20996, 41.70955], [-72.21043, 41.70976], [-72.21154, 41.71039], [-72.21217, 41.71071], [-72.21336, 41.71121], [-72.21418, 41.71152], [-72.21688, 41.71214], [-72.21786, 41.71239], [-72.2189, 41.7126], [-72.21942, 41.71267], [-72.22027, 41.71273], [-72.2207, 41.71275], [-72.22114, 41.71273], [-72.22168, 41.71267], [-72.22396, 41.71231], [-72.22465, 41.71221], [-72.22558, 41.71214], [-72.22628, 41.71213], [-72.22675, 41.71215], [-72.22745, 41.71221], [-72.22836, 41.71236], [-72.22924, 41.71258], [-72.22967, 41.71271], [-72.23009, 41.71287], [-72.2305, 41.71304], [-72.2311, 41.71333], [-72.23484, 41.71527], [-72.23668, 41.71613], [-72.23709, 41.71635], [-72.23754, 41.71664], [-72.23796, 41.71696], [-72.23821, 41.71719], [-72.24654, 41.72533], [-72.24723, 41.72597], [-72.24771, 41.72637], [-72.24818, 41.72671], [-72.24877, 41.72709], [-72.259, 41.73318], [-72.25941, 41.73346], [-72.25974, 41.73372], [-72.2601, 41.73408], [-72.26035, 41.73441], [-72.26054, 41.73475], [-72.26076, 41.73525], [-72.26484, 41.74703], [-72.265, 41.7476], [-72.26511, 41.74818], [-72.26541, 41.75141], [-72.26547, 41.75188], [-72.26558, 41.75246], [-72.26575, 41.753], [-72.26599, 41.7536], [-72.26984, 41.76198], [-72.27002, 41.76247], [-72.27016, 41.76297], [-72.27033, 41.76383], [-72.27134, 41.76986], [-72.27144, 41.77029], [-72.27154, 41.77068], [-72.27178, 41.77134], [-72.27197, 41.77174], [-72.27216, 41.77209], [-72.27831, 41.78224], [-72.27948, 41.78427], [-72.28019, 41.78536], [-72.28312, 41.79017], [-72.28354, 41.79082], [-72.28396, 41.79137], [-72.28435, 41.7918], [-72.28484, 41.79225], [-72.28535, 41.79267], [-72.28589, 41.79307], [-72.29026, 41.79616], [-72.29072, 41.79645], [-72.29121, 41.79668], [-72.29176, 41.79687], [-72.29236, 41.79699], [-72.29661, 41.79751], [-72.29773, 41.7977], [-72.29891, 41.79795], [-72.29984, 41.79818], [-72.30542, 41.79975], [-72.30607, 41.79998], [-72.3067, 41.80029], [-72.30714, 41.80056], [-72.30755, 41.80087], [-72.30789, 41.80121], [-72.30824, 41.80163], [-72.31023, 41.80434], [-72.31046, 41.80469], [-72.31071, 41.8051], [-72.31091, 41.80548], [-72.31109, 41.80591], [-72.31124, 41.80635], [-72.31135, 41.80677], [-72.31145, 41.80728], [-72.31289, 41.81536], [-72.31297, 41.81589], [-72.313, 41.81625], [-72.31298, 41.81691], [-72.31291, 41.81749], [-72.31209, 41.8212], [-72.31201, 41.82163], [-72.31195, 41.82209], [-72.31193, 41.82259], [-72.31194, 41.82308], [-72.3121, 41.82442], [-72.31215, 41.82515], [-72.31216, 41.82562], [-72.31212, 41.82607], [-72.31205, 41.82647], [-72.31191, 41.82692], [-72.31176, 41.82727], [-72.31156, 41.82763], [-72.31134, 41.82797], [-72.31107, 41.82832], [-72.30895, 41.83101], [-72.30869, 41.83135], [-72.30848, 41.83169], [-72.30832, 41.83202], [-72.30819, 41.83235], [-72.30808, 41.83272], [-72.30802, 41.83303], [-72.30799, 41.83333], [-72.30797, 41.83362], [-72.30798, 41.83396], [-72.30841, 41.83811], [-72.30844, 41.83888], [-72.30844, 41.83931], [-72.30819, 41.84484], [-72.30819, 41.84645], [-72.30815, 41.84702], [-72.30809, 41.8474], [-72.308, 41.8478], [-72.30787, 41.84821], [-72.30772, 41.84859], [-72.30747, 41.84914], [-72.30619, 41.85166], [-72.30593, 41.85226], [-72.30567, 41.85295], [-72.30543, 41.85378], [-72.30523, 41.85466], [-72.3051, 41.85553], [-72.30505, 41.85635], [-72.30504, 41.85678], [-72.30508, 41.85735], [-72.30515, 41.85779], [-72.30527, 41.85825], [-72.30898, 41.87068], [-72.30906, 41.87114], [-72.3091, 41.87158], [-72.30907, 41.87213], [-72.30901, 41.87249], [-72.30886, 41.87301], [-72.30864, 41.87353], [-72.30645, 41.87749], [-72.30615, 41.87799], [-72.3058, 41.8785], [-72.30387, 41.88115], [-72.30347, 41.88166], [-72.30308, 41.88212], [-72.29184, 41.89479], [-72.29133, 41.89542], [-72.29092, 41.89603], [-72.29051, 41.89674], [-72.29032, 41.89714], [-72.29017, 41.8975], [-72.29002, 41.89791], [-72.28988, 41.89835], [-72.28978, 41.89877], [-72.28969, 41.89922], [-72.28961, 41.89992], [-72.28959, 41.90064], [-72.28966, 41.90357], [-72.28971, 41.90406], [-72.2898, 41.90454], [-72.28993, 41.90502], [-72.2901, 41.9055], [-72.29031, 41.90597], [-72.29059, 41.9065], [-72.29087, 41.90694], [-72.29118, 41.90735], [-72.29147, 41.90768], [-72.29178, 41.908], [-72.2921, 41.9083], [-72.29248, 41.90862], [-72.29559, 41.91098], [-72.29604, 41.91134], [-72.29632, 41.91161], [-72.29654, 41.91185], [-72.29668, 41.91204], [-72.29682, 41.91226], [-72.29692, 41.91247], [-72.29701, 41.91273], [-72.29707, 41.91296], [-72.29711, 41.91326], [-72.29726, 41.91652], [-72.2973, 41.91701], [-72.29737, 41.91737], [-72.29749, 41.91781], [-72.29768, 41.91829], [-72.29795, 41.91877], [-72.29828, 41.91925], [-72.29866, 41.91967], [-72.29894, 41.91993], [-72.29926, 41.92019], [-72.29969, 41.92049], [-72.30448, 41.92336], [-72.30515, 41.9238], [-72.30554, 41.92411], [-72.30597, 41.92452], [-72.30625, 41.92484], [-72.30652, 41.92521], [-72.30683, 41.92574], [-72.30696, 41.92605], [-72.30706, 41.92632], [-72.30718, 41.92677], [-72.30751, 41.92839], [-72.30767, 41.92901], [-72.30793, 41.92983], [-72.30847, 41.93128], [-72.30862, 41.93176], [-72.30869, 41.9321], [-72.30875, 41.93252], [-72.30877, 41.93282], [-72.30876, 41.93318], [-72.30874, 41.93354], [-72.30869, 41.93391], [-72.30862, 41.93426], [-72.3085, 41.93465], [-72.30836, 41.93503], [-72.30824, 41.93532], [-72.30731, 41.93728], [-72.30702, 41.93793], [-72.30673, 41.93871], [-72.30629, 41.93999], [-72.30604, 41.94061], [-72.30569, 41.94135], [-72.30471, 41.94322], [-72.30446, 41.94379], [-72.3043, 41.94428], [-72.30311, 41.94875], [-72.30303, 41.94903], [-72.30289, 41.94941], [-72.30273, 41.94975], [-72.30245, 41.95028], [-72.30193, 41.95118], [-72.3018, 41.9515], [-72.30176, 41.95175], [-72.30177, 41.95197], [-72.30183, 41.95222], [-72.30193, 41.95242], [-72.30203, 41.95259], [-72.30218, 41.95276], [-72.3024, 41.95294], [-72.30264, 41.95309], [-72.30281, 41.95317], [-72.30315, 41.95329], [-72.30345, 41.95335], [-72.30372, 41.95338], [-72.3041, 41.95338], [-72.30446, 41.95333], [-72.30733, 41.9528], [-72.30876, 41.95248], [-72.30922, 41.95242], [-72.30975, 41.95242], [-72.31001, 41.95246], [-72.31025, 41.9525], [-72.31069, 41.95264], [-72.31093, 41.95275], [-72.31112, 41.95285], [-72.31134, 41.953], [-72.31158, 41.95319], [-72.315, 41.95606], [-72.31549, 41.95649], [-72.32276, 41.96353], [-72.32319, 41.964], [-72.32343, 41.96432], [-72.32363, 41.96464], [-72.32377, 41.96491], [-72.32394, 41.9653], [-72.32407, 41.96571], [-72.32414, 41.96607], [-72.32419, 41.96661], [-72.32417, 41.96713], [-72.32325, 41.9756], [-72.32322, 41.97609], [-72.32322, 41.97711], [-72.32316, 41.97779], [-72.32305, 41.97843], [-72.32195, 41.98391], [-72.3218, 41.99363], [-72.3218, 42.01823], [-72.32181, 42.01887], [-72.32185, 42.01944], [-72.32203, 42.02085], [-72.32207, 42.02131], [-72.3221, 42.02185], [-72.32211, 42.02241], [-72.32186, 42.03227], [-72.32184, 42.03285], [-72.32178, 42.03334], [-72.32172, 42.03367], [-72.32103, 42.03616], [-72.32093, 42.0366], [-72.32087, 42.03705], [-72.32087, 42.03728], [-72.32088, 42.0378], [-72.32164, 42.04486], [-72.32165, 42.04541], [-72.32161, 42.04593], [-72.32153, 42.04637], [-72.32142, 42.04682], [-72.32133, 42.04711], [-72.32117, 42.04754], [-72.32079, 42.04829], [-72.3199, 42.04971], [-72.31975, 42.05001], [-72.31957, 42.05047], [-72.31942, 42.05108], [-72.31938, 42.05155], [-72.31938, 42.05181], [-72.31944, 42.05237], [-72.31957, 42.05294], [-72.3198, 42.05377], [-72.31986, 42.05407], [-72.31994, 42.05472], [-72.31995, 42.05529], [-72.31988, 42.05601], [-72.31982, 42.05633], [-72.31969, 42.05681], [-72.31904, 42.05862], [-72.31842, 42.06009], [-72.31773, 42.06138], [-72.31754, 42.06171], [-72.31731, 42.06204], [-72.31706, 42.06237], [-72.31653, 42.06296], [-72.3154, 42.06402], [-72.31513, 42.06429], [-72.31478, 42.06468], [-72.31379, 42.06596], [-72.31345, 42.06648], [-72.31322, 42.06695], [-72.31311, 42.06725], [-72.31289, 42.06794], [-72.31266, 42.06859], [-72.31143, 42.07111], [-72.31121, 42.07159], [-72.31102, 42.07206], [-72.31087, 42.07254], [-72.31077, 42.07301], [-72.31072, 42.07335], [-72.31069, 42.07391], [-72.31071, 42.07458], [-72.31083, 42.07535], [-72.31101, 42.07597], [-72.31121, 42.07648], [-72.31137, 42.07682], [-72.31221, 42.0784], [-72.31323, 42.08028], [-72.31349, 42.08069], [-72.31433, 42.08175], [-72.31468, 42.08228], [-72.31493, 42.08277], [-72.31509, 42.08318], [-72.3152, 42.08355], [-72.31528, 42.08389], [-72.31534, 42.08442], [-72.31534, 42.08483], [-72.3153, 42.08519], [-72.31512, 42.08613], [-72.31511, 42.08685], [-72.31518, 42.08733], [-72.31542, 42.08822], [-72.31548, 42.08867], [-72.31547, 42.08894], [-72.31543, 42.08921], [-72.31539, 42.08937], [-72.31528, 42.08966], [-72.31519, 42.08986], [-72.31481, 42.09051], [-72.31466, 42.09083], [-72.31432, 42.09188], [-72.31423, 42.09222], [-72.31415, 42.09257], [-72.31412, 42.093], [-72.31412, 42.09342], [-72.31417, 42.09379], [-72.31427, 42.0942], [-72.31445, 42.09482], [-72.31469, 42.09537], [-72.31498, 42.09591], [-72.31753, 42.0996], [-72.31767, 42.09985], [-72.31779, 42.10017], [-72.31787, 42.10051], [-72.3179, 42.10091], [-72.31791, 42.10114], [-72.31785, 42.10147], [-72.31775, 42.1018], [-72.3176, 42.10217], [-72.31685, 42.10349], [-72.31662, 42.10395], [-72.31641, 42.10442], [-72.31627, 42.10478], [-72.31589, 42.10585], [-72.31379, 42.11193], [-72.31353, 42.11255], [-72.31326, 42.11302], [-72.31298, 42.11345], [-72.31269, 42.11386], [-72.31231, 42.11429], [-72.31066, 42.1161], [-72.31027, 42.11659], [-72.31009, 42.11684], [-72.30978, 42.11731], [-72.30966, 42.11754], [-72.30907, 42.1187], [-72.30765, 42.12161], [-72.30748, 42.12204], [-72.3074, 42.1223], [-72.30734, 42.12263], [-72.30733, 42.12296], [-72.30735, 42.12318], [-72.3074, 42.12347], [-72.30758, 42.12403], [-72.30829, 42.12566], [-72.30878, 42.12667], [-72.30997, 42.12882], [-72.31166, 42.1318], [-72.31375, 42.13555], [-72.3179, 42.14291], [-72.31856, 42.14399], [-72.31879, 42.14432], [-72.31905, 42.14463], [-72.32148, 42.14731], [-72.32348, 42.14948], [-72.32456, 42.15069], [-72.32554, 42.15185], [-72.32674, 42.15314], [-72.32708, 42.15349], [-72.32898, 42.15534], [-72.32978, 42.15607], [-72.33008, 42.15631], [-72.3327, 42.15845], [-72.33327, 42.15882], [-72.33376, 42.15905], [-72.33424, 42.15924], [-72.33483, 42.15943], [-72.34428, 42.16222], [-72.34464, 42.16235], [-72.34512, 42.16257], [-72.34552, 42.16279], [-72.34577, 42.16296], [-72.34601, 42.16314], [-72.34633, 42.16342], [-72.34663, 42.16373], [-72.34688, 42.16406], [-72.34709, 42.16442], [-72.34721, 42.16468], [-72.34731, 42.16494], [-72.34741, 42.16534], [-72.34744, 42.16561], [-72.34745, 42.16588], [-72.34743, 42.16615], [-72.3474, 42.16642], [-72.34647, 42.17003], [-72.34641, 42.17034], [-72.34639, 42.1706], [-72.34639, 42.17074], [-72.34643, 42.17103], [-72.34648, 42.1712], [-72.34654, 42.17137], [-72.34665, 42.17157], [-72.34725, 42.17249], [-72.3474, 42.17268], [-72.34757, 42.17284], [-72.34777, 42.17303], [-72.3483, 42.1734], [-72.3486, 42.17356], [-72.3489, 42.17371], [-72.34922, 42.17384], [-72.35112, 42.17451], [-72.35938, 42.17729], [-72.36248, 42.17836], [-72.36292, 42.17855], [-72.36333, 42.17876], [-72.36371, 42.17901], [-72.36406, 42.17928], [-72.36436, 42.17958], [-72.36463, 42.1799], [-72.36574, 42.18154], [-72.36584, 42.18174], [-72.36588, 42.18189], [-72.36591, 42.18205], [-72.36591, 42.18221], [-72.36589, 42.18237], [-72.36584, 42.18253], [-72.36578, 42.18268], [-72.36569, 42.18283], [-72.3655, 42.18305], [-72.36175, 42.18666], [-72.36143, 42.18702], [-72.36125, 42.18727], [-72.3611, 42.18752], [-72.36096, 42.18779], [-72.36086, 42.18806], [-72.36077, 42.18833], [-72.36072, 42.18861], [-72.36069, 42.18889], [-72.36069, 42.18917], [-72.36074, 42.18959], [-72.3608, 42.18984], [-72.36085, 42.18997], [-72.36229, 42.19325], [-72.36457, 42.19841], [-72.36491, 42.19931], [-72.36505, 42.19976], [-72.36517, 42.20022], [-72.36527, 42.20068], [-72.36542, 42.20164], [-72.36669, 42.21145], [-72.36737, 42.2169], [-72.3675, 42.21745], [-72.36758, 42.21772], [-72.36767, 42.21799], [-72.36787, 42.21847], [-72.36811, 42.21895], [-72.36839, 42.21941], [-72.36947, 42.22092], [-72.37059, 42.22261], [-72.37267, 42.22553], [-72.37684, 42.23149], [-72.37715, 42.23199], [-72.37744, 42.23251], [-72.37771, 42.23303], [-72.37795, 42.23356], [-72.37818, 42.2341], [-72.37853, 42.23516], [-72.38205, 42.24797], [-72.38228, 42.24853], [-72.38253, 42.24905], [-72.38283, 42.24955], [-72.38317, 42.25004], [-72.38372, 42.25068], [-72.38411, 42.25107], [-72.38476, 42.25161], [-72.38548, 42.25211], [-72.38708, 42.25305], [-72.39004, 42.25472], [-72.39745, 42.25893], [-72.39854, 42.25956], [-72.39912, 42.25995], [-72.39938, 42.26016], [-72.39964, 42.26037], [-72.40011, 42.26079], [-72.40054, 42.26124], [-72.40074, 42.26147], [-72.40093, 42.26171], [-72.40128, 42.26219], [-72.40658, 42.27084], [-72.40691, 42.27142], [-72.4073, 42.27221], [-72.40756, 42.27282], [-72.40811, 42.27423], [-72.4083, 42.27465], [-72.40855, 42.27511], [-72.40884, 42.27556], [-72.40934, 42.27621], [-72.40994, 42.27683], [-72.41039, 42.27723], [-72.41088, 42.2776], [-72.41139, 42.27796], [-72.41184, 42.27822], [-72.41237, 42.27851], [-72.41312, 42.27888], [-72.41471, 42.2796], [-72.41507, 42.27979], [-72.41559, 42.28012], [-72.41591, 42.28035], [-72.41621, 42.2806], [-72.41679, 42.28116], [-72.42147, 42.28609], [-72.42233, 42.28697], [-72.42284, 42.28758], [-72.42329, 42.2882], [-72.42358, 42.2888], [-72.42371, 42.2891], [-72.42392, 42.28972], [-72.42466, 42.29238], [-72.42471, 42.2929], [-72.42472, 42.29316], [-72.42471, 42.29369], [-72.42461, 42.29459], [-72.42448, 42.29514], [-72.42436, 42.2955], [-72.42411, 42.29603], [-72.42391, 42.29638], [-72.42355, 42.29687], [-72.42285, 42.2979], [-72.42272, 42.29813], [-72.42261, 42.29836], [-72.42253, 42.2986], [-72.42244, 42.29896], [-72.42242, 42.2992], [-72.42242, 42.29957], [-72.42247, 42.29994], [-72.4227, 42.30071], [-72.42293, 42.30138], [-72.42332, 42.30263], [-72.4234, 42.30296], [-72.42344, 42.30329], [-72.42346, 42.3038], [-72.42342, 42.30431], [-72.42329, 42.30692], [-72.42331, 42.30762], [-72.42343, 42.30844], [-72.42365, 42.30906], [-72.42445, 42.31105], [-72.4259, 42.31451], [-72.42669, 42.31655], [-72.42816, 42.31989], [-72.42828, 42.32014], [-72.42843, 42.32038], [-72.42869, 42.32073], [-72.42889, 42.32095], [-72.42922, 42.32125], [-72.42959, 42.32153], [-72.42985, 42.3217], [-72.43012, 42.32185], [-72.43056, 42.32206], [-72.43087, 42.32218], [-72.43126, 42.32231], [-72.432, 42.32248], [-72.43275, 42.32261], [-72.43321, 42.32271], [-72.4373, 42.32338], [-72.43814, 42.32353], [-72.43883, 42.32368], [-72.43945, 42.32388], [-72.43976, 42.32402], [-72.44021, 42.32425], [-72.44035, 42.32434], [-72.44094, 42.32475], [-72.44269, 42.32624], [-72.44342, 42.3268], [-72.444, 42.32712], [-72.44463, 42.3274], [-72.44532, 42.32765], [-72.44605, 42.32784], [-72.44655, 42.32793], [-72.4473, 42.32801], [-72.44805, 42.32804], [-72.44861, 42.32802], [-72.44935, 42.32795], [-72.45558, 42.32719], [-72.45632, 42.32713], [-72.45685, 42.32714], [-72.45756, 42.3272], [-72.45824, 42.32734], [-72.45873, 42.32749], [-72.45954, 42.32783], [-72.4635, 42.32977], [-72.46993, 42.33288], [-72.48252, 42.33899], [-72.48333, 42.33941], [-72.48403, 42.33984], [-72.48471, 42.34038], [-72.48515, 42.3408], [-72.48557, 42.34128], [-72.48669, 42.34269], [-72.49026, 42.34727], [-72.49726, 42.3562], [-72.49762, 42.35665], [-72.498, 42.35709], [-72.49842, 42.35752], [-72.50434, 42.36336], [-72.50603, 42.365], [-72.50652, 42.3654], [-72.51077, 42.36858], [-72.51109, 42.36885], [-72.51134, 42.36909], [-72.51172, 42.36949], [-72.51207, 42.36997], [-72.51235, 42.37046], [-72.51252, 42.37082], [-72.51262, 42.37113], [-72.51272, 42.37152], [-72.51277, 42.37186], [-72.51278, 42.37203], [-72.51278, 42.37256], [-72.51271, 42.37303], [-72.51252, 42.37368], [-72.51236, 42.37406], [-72.51214, 42.37444], [-72.51172, 42.37499], [-72.51149, 42.37524], [-72.51132, 42.37539], [-72.51064, 42.37594], [-72.51019, 42.37624], [-72.50951, 42.37663], [-72.50784, 42.37743], [-72.50749, 42.37764], [-72.5069, 42.37804], [-72.50629, 42.37859], [-72.50587, 42.37905], [-72.5056, 42.37938], [-72.5054, 42.37967], [-72.50515, 42.3801], [-72.50503, 42.38034], [-72.50492, 42.38059], [-72.50462, 42.38136], [-72.504, 42.38304], [-72.50376, 42.38377], [-72.50362, 42.38433], [-72.50354, 42.3849], [-72.50352, 42.38524], [-72.50354, 42.38586], [-72.50361, 42.38647], [-72.50387, 42.38776], [-72.50409, 42.38929], [-72.50442, 42.39076], [-72.50468, 42.39311], [-72.50477, 42.39379], [-72.50495, 42.39684], [-72.50472, 42.39774], [-72.50458, 42.39812], [-72.50286, 42.40172], [-72.50268, 42.40214], [-72.50245, 42.40298], [-72.50236, 42.40341], [-72.50233, 42.40375], [-72.50232, 42.40459], [-72.50237, 42.40503], [-72.50261, 42.40599], [-72.50276, 42.40642], [-72.503, 42.40695], [-72.50329, 42.4075], [-72.50344, 42.40775], [-72.50372, 42.40811], [-72.50422, 42.40865], [-72.50607, 42.41059], [-72.50702, 42.41172], [-72.50748, 42.41238], [-72.50783, 42.413], [-72.5096, 42.41671], [-72.51153, 42.42071], [-72.5153, 42.42835], [-72.51605, 42.42978], [-72.51632, 42.43041], [-72.51649, 42.43117], [-72.51659, 42.43205], [-72.5169, 42.43535], [-72.51707, 42.4375], [-72.51721, 42.43833], [-72.51724, 42.43888], [-72.51724, 42.43976], [-72.51728, 42.44085], [-72.51734, 42.44145], [-72.51748, 42.44196], [-72.51767, 42.4423], [-72.51777, 42.44242], [-72.5183, 42.44294], [-72.51929, 42.44404], [-72.51977, 42.44465], [-72.52106, 42.44663], [-72.52173, 42.44778], [-72.52183, 42.44798], [-72.52213, 42.44884], [-72.52254, 42.45034], [-72.52302, 42.45198], [-72.52326, 42.45291], [-72.52336, 42.45343], [-72.5234, 42.45378], [-72.52341, 42.45423], [-72.5234, 42.45476], [-72.52337, 42.45503], [-72.52331, 42.45541], [-72.52317, 42.45596], [-72.52303, 42.45639], [-72.52267, 42.45715], [-72.5225, 42.45757], [-72.52178, 42.45906], [-72.52139, 42.45993], [-72.51836, 42.46627], [-72.51804, 42.46717], [-72.51777, 42.46812], [-72.51772, 42.46911], [-72.51782, 42.47041], [-72.51831, 42.4782], [-72.51858, 42.47945], [-72.51918, 42.48145], [-72.52027, 42.48459], [-72.52054, 42.48547], [-72.52119, 42.4884], [-72.5213, 42.48964], [-72.52168, 42.49061], [-72.52272, 42.4929], [-72.52299, 42.49374], [-72.5231, 42.49466], [-72.52299, 42.49543], [-72.52266, 42.49615], [-72.52239, 42.49704], [-72.52228, 42.49817], [-72.52239, 42.49918], [-72.52272, 42.50031], [-72.52406, 42.50353], [-72.52425, 42.5039], [-72.52464, 42.50459], [-72.52518, 42.50544], [-72.52655, 42.50709], [-72.52705, 42.5079], [-72.52727, 42.50859], [-72.52721, 42.50948], [-72.52694, 42.51052], [-72.52655, 42.51157], [-72.52628, 42.5127], [-72.52633, 42.51404], [-72.52617, 42.51509], [-72.52579, 42.51602], [-72.52535, 42.51698], [-72.52518, 42.51775], [-72.52514, 42.51811], [-72.52513, 42.51868], [-72.52515, 42.51996], [-72.52512, 42.52022], [-72.52507, 42.52048], [-72.52494, 42.52087], [-72.5246, 42.52156], [-72.52431, 42.52201], [-72.52408, 42.5223], [-72.52382, 42.52258], [-72.5215, 42.52542], [-72.52126, 42.52575], [-72.52106, 42.5261], [-72.52097, 42.52627], [-72.5209, 42.52645], [-72.52078, 42.52682], [-72.51875, 42.53471], [-72.51846, 42.53553], [-72.51813, 42.5363], [-72.51791, 42.53666], [-72.51765, 42.53701], [-72.51737, 42.53736], [-72.51648, 42.53829], [-72.51606, 42.5388], [-72.5157, 42.53933], [-72.5154, 42.53988], [-72.51429, 42.54253], [-72.51209, 42.54861], [-72.51099, 42.55174], [-72.5106, 42.55275], [-72.51027, 42.55353], [-72.51015, 42.55379], [-72.50987, 42.55428], [-72.50971, 42.55453], [-72.50936, 42.555], [-72.50897, 42.55545], [-72.50854, 42.55589], [-72.5067, 42.55751], [-72.50523, 42.55886], [-72.50478, 42.55937], [-72.50458, 42.55963], [-72.5042, 42.56016], [-72.50388, 42.56071], [-72.50361, 42.56128], [-72.50349, 42.56156], [-72.50324, 42.56242], [-72.50321, 42.56265], [-72.50321, 42.563], [-72.50324, 42.56323], [-72.50344, 42.56435], [-72.50347, 42.56465], [-72.50346, 42.56509], [-72.5034, 42.56544], [-72.50329, 42.56577], [-72.50315, 42.56609], [-72.50288, 42.56659], [-72.50132, 42.56906], [-72.49969, 42.57168], [-72.49928, 42.57222], [-72.49879, 42.57271], [-72.49851, 42.57294], [-72.49821, 42.57316], [-72.49783, 42.57342], [-72.49686, 42.57403], [-72.49625, 42.57448], [-72.49593, 42.57474], [-72.49523, 42.57539], [-72.49351, 42.57707], [-72.49314, 42.57749], [-72.49298, 42.57775], [-72.49287, 42.57798], [-72.49281, 42.5782], [-72.49277, 42.57843], [-72.49279, 42.57884], [-72.49299, 42.57988]]}}, {"type": "Feature", "properties": {"company": "Central Vermont Railway", "line": "Central Vermont: New London \u2013 Millers Falls", "id": "cv-new-london-millers-falls", "color": "#8C5E3C", "mode": "intercity_rail", "avg_speed_kmh": 45, "speed_source": "estimated: rural New England main line; unsourced", "geometry_quality": "Geometry from Wikimedia Commons Data:New London Northern Railroad.map (CC BY 4.0, OpenStreetMap-derived) for New London to Millers Falls, chained at exact shared endpoints (Palmer, Amherst and Millers Falls all join to within 3 m). 1394 points, 160.6 km (99.8 miles), largest chord 2.7 km. The full New London - Brattleboro line traces 121.1 miles against a documented 125.18; the shortfall is source simplification, not a missing segment.", "segments": [{"start": 1873, "end": 1880, "headway_min": 480, "note": "Leased to and operated by the Central Vermont Railroad from 25 June 1873, giving the Central Vermont its own outlet to Long Island Sound. Frequency estimated, unsourced."}]}, "geometry": {"type": "LineString", "coordinates": [[-72.0938, 41.35631], [-72.09529, 41.35742], [-72.09551, 41.35768], [-72.0956, 41.35782], [-72.09566, 41.35796], [-72.09571, 41.3581], [-72.09573, 41.35828], [-72.09573, 41.35852], [-72.0957, 41.35867], [-72.09565, 41.3588], [-72.09558, 41.35892], [-72.09537, 41.35916], [-72.09481, 41.35961], [-72.09444, 41.36005], [-72.09409, 41.36055], [-72.09397, 41.36079], [-72.09382, 41.3612], [-72.09372, 41.36179], [-72.09372, 41.36219], [-72.09374, 41.36249], [-72.09378, 41.36278], [-72.0941, 41.36447], [-72.0942, 41.36485], [-72.09431, 41.3653], [-72.0944, 41.36562], [-72.09458, 41.36606], [-72.09597, 41.36867], [-72.09627, 41.36926], [-72.09645, 41.36964], [-72.09807, 41.37272], [-72.09825, 41.37308], [-72.09846, 41.37355], [-72.09862, 41.37408], [-72.09867, 41.3744], [-72.09871, 41.37504], [-72.09816, 41.38095], [-72.09819, 41.38184], [-72.0983, 41.38243], [-72.09861, 41.38331], [-72.10136, 41.39094], [-72.10203, 41.39288], [-72.10249, 41.39412], [-72.10263, 41.39479], [-72.10268, 41.39515], [-72.10266, 41.39577], [-72.10259, 41.3964], [-72.10238, 41.39708], [-72.10226, 41.39741], [-72.10208, 41.39774], [-72.10171, 41.39827], [-72.10097, 41.39913], [-72.0992, 41.40124], [-72.09889, 41.4018], [-72.09872, 41.40233], [-72.0985, 41.40361], [-72.0984, 41.40457], [-72.09842, 41.40613], [-72.09846, 41.40688], [-72.09855, 41.40748], [-72.09893, 41.40904], [-72.09902, 41.4101], [-72.09873, 41.41223], [-72.09859, 41.41299], [-72.09791, 41.41768], [-72.09785, 41.41823], [-72.09763, 41.41977], [-72.09766, 41.42018], [-72.09782, 41.42084], [-72.09862, 41.4226], [-72.09955, 41.42445], [-72.09987, 41.42487], [-72.10016, 41.42515], [-72.10049, 41.42543], [-72.10209, 41.42686], [-72.10225, 41.42703], [-72.10249, 41.42736], [-72.10265, 41.42769], [-72.10275, 41.42796], [-72.1028, 41.42834], [-72.10278, 41.42873], [-72.10268, 41.42911], [-72.1025, 41.42947], [-72.10204, 41.43008], [-72.10077, 41.43137], [-72.09952, 41.43272], [-72.09881, 41.4335], [-72.09817, 41.43425], [-72.09793, 41.43456], [-72.09782, 41.4349], [-72.09774, 41.43535], [-72.09776, 41.43587], [-72.09786, 41.43684], [-72.09786, 41.43726], [-72.09782, 41.43757], [-72.09764, 41.43802], [-72.0974, 41.43833], [-72.09604, 41.43973], [-72.09528, 41.44047], [-72.09465, 41.44095], [-72.0941, 41.44129], [-72.09013, 41.44344], [-72.0897, 41.44371], [-72.08931, 41.44406], [-72.08902, 41.44442], [-72.08873, 41.44484], [-72.08855, 41.44519], [-72.08841, 41.4456], [-72.08793, 41.44841], [-72.08785, 41.44904], [-72.08783, 41.44958], [-72.0879, 41.4502], [-72.088, 41.45086], [-72.088, 41.45117], [-72.08796, 41.45147], [-72.08786, 41.4517], [-72.08769, 41.45204], [-72.08612, 41.45452], [-72.0857, 41.45502], [-72.08539, 41.45529], [-72.08496, 41.45559], [-72.08377, 41.45632], [-72.08192, 41.4574], [-72.08141, 41.45768], [-72.08092, 41.4579], [-72.08041, 41.45807], [-72.07967, 41.45824], [-72.077, 41.45877], [-72.07622, 41.45896], [-72.07577, 41.45914], [-72.07545, 41.45932], [-72.0751, 41.45954], [-72.07469, 41.4599], [-72.0742, 41.46036], [-72.07373, 41.46083], [-72.07331, 41.4614], [-72.07304, 41.46191], [-72.0727, 41.46263], [-72.0721, 41.46397], [-72.072, 41.46427], [-72.07196, 41.46471], [-72.07196, 41.46499], [-72.07208, 41.4655], [-72.07228, 41.46625], [-72.07242, 41.4666], [-72.07267, 41.46694], [-72.07299, 41.46727], [-72.07334, 41.46755], [-72.07359, 41.46783], [-72.07388, 41.46837], [-72.07395, 41.46887], [-72.07398, 41.46929], [-72.07373, 41.4705], [-72.07377, 41.47083], [-72.07393, 41.47122], [-72.07415, 41.47152], [-72.07472, 41.472], [-72.07635, 41.47324], [-72.07653, 41.47342], [-72.07669, 41.47361], [-72.07687, 41.47389], [-72.07702, 41.47424], [-72.07708, 41.47452], [-72.07709, 41.47485], [-72.07706, 41.47508], [-72.07702, 41.47527], [-72.07697, 41.47541], [-72.0768, 41.47581], [-72.07627, 41.47685], [-72.07611, 41.47723], [-72.076, 41.47756], [-72.0756, 41.47907], [-72.07555, 41.47932], [-72.07553, 41.4798], [-72.07555, 41.4801], [-72.07563, 41.48053], [-72.07576, 41.48139], [-72.07585, 41.48173], [-72.07596, 41.48199], [-72.07609, 41.48222], [-72.07631, 41.48246], [-72.07661, 41.48272], [-72.0776, 41.48349], [-72.07789, 41.48376], [-72.07812, 41.48402], [-72.07949, 41.48569], [-72.08001, 41.48621], [-72.0825, 41.48815], [-72.08307, 41.48857], [-72.08411, 41.4892], [-72.08441, 41.48941], [-72.08464, 41.48962], [-72.08489, 41.48989], [-72.08508, 41.49016], [-72.0852, 41.49039], [-72.08531, 41.49065], [-72.08537, 41.49089], [-72.08541, 41.49116], [-72.08541, 41.49143], [-72.08535, 41.49173], [-72.08526, 41.49202], [-72.08511, 41.49231], [-72.08495, 41.49258], [-72.08369, 41.49434], [-72.08353, 41.49465], [-72.08338, 41.49497], [-72.08299, 41.49623], [-72.08293, 41.49656], [-72.08293, 41.4969], [-72.08298, 41.49724], [-72.08304, 41.49744], [-72.08312, 41.49761], [-72.08323, 41.4978], [-72.08334, 41.49797], [-72.08349, 41.49813], [-72.08386, 41.49862], [-72.08425, 41.49922], [-72.08438, 41.49948], [-72.08478, 41.50035], [-72.08613, 41.50289], [-72.08628, 41.50323], [-72.08637, 41.50356], [-72.08639, 41.50406], [-72.08633, 41.50437], [-72.08624, 41.50463], [-72.08613, 41.50489], [-72.08576, 41.50566], [-72.08535, 41.5064], [-72.08506, 41.50691], [-72.08455, 41.50765], [-72.0837, 41.5087], [-72.08156, 41.51125], [-72.08108, 41.51185], [-72.08049, 41.51254], [-72.07937, 41.51394], [-72.0791, 41.51437], [-72.07899, 41.51486], [-72.07904, 41.51568], [-72.07915, 41.51693], [-72.07923, 41.51754], [-72.07934, 41.51822], [-72.07992, 41.51996], [-72.0802, 41.52068], [-72.08058, 41.52135], [-72.08185, 41.52305], [-72.0822, 41.52346], [-72.0829, 41.52414], [-72.08307, 41.52428], [-72.08343, 41.52454], [-72.08392, 41.52482], [-72.08444, 41.52507], [-72.08558, 41.52555], [-72.08624, 41.52585], [-72.08658, 41.52602], [-72.08707, 41.5263], [-72.08768, 41.52673], [-72.08808, 41.52709], [-72.08845, 41.52751], [-72.08877, 41.52797], [-72.08901, 41.52846], [-72.08917, 41.52896], [-72.08925, 41.52931], [-72.0893, 41.52965], [-72.08944, 41.53109], [-72.08954, 41.53178], [-72.0897, 41.53247], [-72.09034, 41.53451], [-72.0905, 41.53484], [-72.09062, 41.53506], [-72.09089, 41.53545], [-72.09112, 41.53582], [-72.0922, 41.53737], [-72.09253, 41.53799], [-72.09272, 41.53847], [-72.0929, 41.53918], [-72.09295, 41.53949], [-72.09299, 41.5398], [-72.093, 41.54027], [-72.09296, 41.54199], [-72.093, 41.54254], [-72.09309, 41.54309], [-72.09325, 41.54363], [-72.09346, 41.54409], [-72.0936, 41.54431], [-72.09376, 41.54453], [-72.09412, 41.5449], [-72.09442, 41.54515], [-72.09476, 41.54537], [-72.09513, 41.54556], [-72.09571, 41.5458], [-72.09653, 41.54604], [-72.09869, 41.54657], [-72.09936, 41.54671], [-72.09991, 41.54677], [-72.10047, 41.54677], [-72.10141, 41.54673], [-72.10188, 41.54674], [-72.10244, 41.54682], [-72.10296, 41.54696], [-72.10346, 41.54716], [-72.10597, 41.54836], [-72.10654, 41.54861], [-72.10715, 41.54883], [-72.10839, 41.54919], [-72.10909, 41.54942], [-72.10977, 41.5497], [-72.11041, 41.55002], [-72.11101, 41.55038], [-72.11397, 41.55233], [-72.11435, 41.55261], [-72.11486, 41.55309], [-72.11501, 41.55325], [-72.11529, 41.55363], [-72.11541, 41.55382], [-72.11559, 41.55415], [-72.11574, 41.55456], [-72.11588, 41.55523], [-72.11598, 41.55558], [-72.11609, 41.55587], [-72.1162, 41.55609], [-72.11634, 41.55631], [-72.11659, 41.55661], [-72.11689, 41.55689], [-72.11716, 41.5571], [-72.11751, 41.55734], [-72.12442, 41.56174], [-72.12552, 41.56239], [-72.13282, 41.5665], [-72.13307, 41.56665], [-72.1333, 41.56682], [-72.1336, 41.56711], [-72.13384, 41.56743], [-72.13401, 41.56778], [-72.13409, 41.56815], [-72.1341, 41.56864], [-72.13407, 41.56901], [-72.13314, 41.57628], [-72.1331, 41.57689], [-72.13314, 41.57735], [-72.13324, 41.5778], [-72.13341, 41.57825], [-72.13365, 41.57868], [-72.13397, 41.57911], [-72.13435, 41.57951], [-72.13478, 41.57987], [-72.13526, 41.58019], [-72.13594, 41.58056], [-72.14053, 41.58282], [-72.14132, 41.58327], [-72.14208, 41.58375], [-72.14255, 41.5841], [-72.14301, 41.58446], [-72.14366, 41.58504], [-72.14425, 41.58564], [-72.14481, 41.58625], [-72.14517, 41.58667], [-72.14542, 41.58699], [-72.14569, 41.58744], [-72.14587, 41.5878], [-72.14599, 41.58813], [-72.14616, 41.58877], [-72.14687, 41.59224], [-72.14694, 41.59246], [-72.14707, 41.59278], [-72.14717, 41.59299], [-72.14736, 41.5933], [-72.14764, 41.59368], [-72.1479, 41.59396], [-72.14818, 41.59422], [-72.14848, 41.59447], [-72.14903, 41.59482], [-72.15128, 41.59609], [-72.15167, 41.59633], [-72.15191, 41.59651], [-72.15226, 41.5968], [-72.15256, 41.59713], [-72.15275, 41.59737], [-72.15399, 41.59928], [-72.15423, 41.59969], [-72.15444, 41.6001], [-72.15462, 41.60053], [-72.15482, 41.6011], [-72.15507, 41.60215], [-72.15517, 41.60252], [-72.15531, 41.60288], [-72.15557, 41.60342], [-72.16306, 41.61637], [-72.16386, 41.61765], [-72.16414, 41.61803], [-72.16461, 41.6186], [-72.16485, 41.61888], [-72.16538, 41.61942], [-72.16623, 41.6202], [-72.16775, 41.62142], [-72.16816, 41.62181], [-72.16842, 41.62209], [-72.16865, 41.62238], [-72.16886, 41.62268], [-72.16905, 41.62299], [-72.16922, 41.62331], [-72.16937, 41.62363], [-72.16949, 41.62396], [-72.16959, 41.62429], [-72.16966, 41.62463], [-72.16971, 41.62496], [-72.16975, 41.62547], [-72.16974, 41.62581], [-72.16935, 41.63336], [-72.16929, 41.63402], [-72.16917, 41.635], [-72.16899, 41.63598], [-72.16869, 41.63727], [-72.16841, 41.63824], [-72.16797, 41.6395], [-72.16745, 41.64075], [-72.16716, 41.64137], [-72.16686, 41.64199], [-72.16619, 41.6432], [-72.16536, 41.64451], [-72.15836, 41.65526], [-72.15805, 41.6558], [-72.15791, 41.65607], [-72.15779, 41.65635], [-72.15765, 41.65677], [-72.15757, 41.65706], [-72.15751, 41.65734], [-72.15746, 41.65779], [-72.15745, 41.65838], [-72.15749, 41.65881], [-72.15762, 41.65969], [-72.1585, 41.66502], [-72.15858, 41.66535], [-72.15867, 41.66568], [-72.15888, 41.66616], [-72.15916, 41.66663], [-72.15939, 41.66693], [-72.15964, 41.66721], [-72.16546, 41.67298], [-72.1658, 41.67335], [-72.16611, 41.67375], [-72.16637, 41.67416], [-72.16658, 41.67459], [-72.16769, 41.67756], [-72.16821, 41.67906], [-72.16839, 41.67951], [-72.1687, 41.68017], [-72.16904, 41.68082], [-72.16942, 41.68146], [-72.17042, 41.68292], [-72.17089, 41.68354], [-72.17142, 41.68414], [-72.17218, 41.68489], [-72.17853, 41.69064], [-72.17932, 41.69145], [-72.1798, 41.69202], [-72.18025, 41.6926], [-72.18164, 41.6945], [-72.18302, 41.69641], [-72.18323, 41.69673], [-72.18336, 41.69698], [-72.18346, 41.69724], [-72.18352, 41.6975], [-72.18359, 41.69797], [-72.18368, 41.69839], [-72.18373, 41.69859], [-72.18389, 41.699], [-72.1841, 41.69939], [-72.18433, 41.69977], [-72.1846, 41.70014], [-72.18506, 41.70068], [-72.18609, 41.70172], [-72.1883, 41.7039], [-72.18908, 41.70463], [-72.18961, 41.7051], [-72.19018, 41.70555], [-72.19185, 41.70677], [-72.19417, 41.70843], [-72.19475, 41.70881], [-72.19539, 41.70913], [-72.19584, 41.70932], [-72.19631, 41.70948], [-72.19679, 41.70961], [-72.19729, 41.70972], [-72.19914, 41.71006], [-72.19992, 41.71015], [-72.20044, 41.71018], [-72.20123, 41.71017], [-72.20201, 41.71008], [-72.20279, 41.70994], [-72.20603, 41.70923], [-72.20673, 41.7091], [-72.20739, 41.70904], [-72.20778, 41.70905], [-72.20817, 41.70909], [-72.20861, 41.70915], [-72.20909, 41.70926], [-72.20948, 41.70937], [-72.20996, 41.70955], [-72.21043, 41.70976], [-72.21154, 41.71039], [-72.21217, 41.71071], [-72.21336, 41.71121], [-72.21418, 41.71152], [-72.21688, 41.71214], [-72.21786, 41.71239], [-72.2189, 41.7126], [-72.21942, 41.71267], [-72.22027, 41.71273], [-72.2207, 41.71275], [-72.22114, 41.71273], [-72.22168, 41.71267], [-72.22396, 41.71231], [-72.22465, 41.71221], [-72.22558, 41.71214], [-72.22628, 41.71213], [-72.22675, 41.71215], [-72.22745, 41.71221], [-72.22836, 41.71236], [-72.22924, 41.71258], [-72.22967, 41.71271], [-72.23009, 41.71287], [-72.2305, 41.71304], [-72.2311, 41.71333], [-72.23484, 41.71527], [-72.23668, 41.71613], [-72.23709, 41.71635], [-72.23754, 41.71664], [-72.23796, 41.71696], [-72.23821, 41.71719], [-72.24654, 41.72533], [-72.24723, 41.72597], [-72.24771, 41.72637], [-72.24818, 41.72671], [-72.24877, 41.72709], [-72.259, 41.73318], [-72.25941, 41.73346], [-72.25974, 41.73372], [-72.2601, 41.73408], [-72.26035, 41.73441], [-72.26054, 41.73475], [-72.26076, 41.73525], [-72.26484, 41.74703], [-72.265, 41.7476], [-72.26511, 41.74818], [-72.26541, 41.75141], [-72.26547, 41.75188], [-72.26558, 41.75246], [-72.26575, 41.753], [-72.26599, 41.7536], [-72.26984, 41.76198], [-72.27002, 41.76247], [-72.27016, 41.76297], [-72.27033, 41.76383], [-72.27134, 41.76986], [-72.27144, 41.77029], [-72.27154, 41.77068], [-72.27178, 41.77134], [-72.27197, 41.77174], [-72.27216, 41.77209], [-72.27831, 41.78224], [-72.27948, 41.78427], [-72.28019, 41.78536], [-72.28312, 41.79017], [-72.28354, 41.79082], [-72.28396, 41.79137], [-72.28435, 41.7918], [-72.28484, 41.79225], [-72.28535, 41.79267], [-72.28589, 41.79307], [-72.29026, 41.79616], [-72.29072, 41.79645], [-72.29121, 41.79668], [-72.29176, 41.79687], [-72.29236, 41.79699], [-72.29661, 41.79751], [-72.29773, 41.7977], [-72.29891, 41.79795], [-72.29984, 41.79818], [-72.30542, 41.79975], [-72.30607, 41.79998], [-72.3067, 41.80029], [-72.30714, 41.80056], [-72.30755, 41.80087], [-72.30789, 41.80121], [-72.30824, 41.80163], [-72.31023, 41.80434], [-72.31046, 41.80469], [-72.31071, 41.8051], [-72.31091, 41.80548], [-72.31109, 41.80591], [-72.31124, 41.80635], [-72.31135, 41.80677], [-72.31145, 41.80728], [-72.31289, 41.81536], [-72.31297, 41.81589], [-72.313, 41.81625], [-72.31298, 41.81691], [-72.31291, 41.81749], [-72.31209, 41.8212], [-72.31201, 41.82163], [-72.31195, 41.82209], [-72.31193, 41.82259], [-72.31194, 41.82308], [-72.3121, 41.82442], [-72.31215, 41.82515], [-72.31216, 41.82562], [-72.31212, 41.82607], [-72.31205, 41.82647], [-72.31191, 41.82692], [-72.31176, 41.82727], [-72.31156, 41.82763], [-72.31134, 41.82797], [-72.31107, 41.82832], [-72.30895, 41.83101], [-72.30869, 41.83135], [-72.30848, 41.83169], [-72.30832, 41.83202], [-72.30819, 41.83235], [-72.30808, 41.83272], [-72.30802, 41.83303], [-72.30799, 41.83333], [-72.30797, 41.83362], [-72.30798, 41.83396], [-72.30841, 41.83811], [-72.30844, 41.83888], [-72.30844, 41.83931], [-72.30819, 41.84484], [-72.30819, 41.84645], [-72.30815, 41.84702], [-72.30809, 41.8474], [-72.308, 41.8478], [-72.30787, 41.84821], [-72.30772, 41.84859], [-72.30747, 41.84914], [-72.30619, 41.85166], [-72.30593, 41.85226], [-72.30567, 41.85295], [-72.30543, 41.85378], [-72.30523, 41.85466], [-72.3051, 41.85553], [-72.30505, 41.85635], [-72.30504, 41.85678], [-72.30508, 41.85735], [-72.30515, 41.85779], [-72.30527, 41.85825], [-72.30898, 41.87068], [-72.30906, 41.87114], [-72.3091, 41.87158], [-72.30907, 41.87213], [-72.30901, 41.87249], [-72.30886, 41.87301], [-72.30864, 41.87353], [-72.30645, 41.87749], [-72.30615, 41.87799], [-72.3058, 41.8785], [-72.30387, 41.88115], [-72.30347, 41.88166], [-72.30308, 41.88212], [-72.29184, 41.89479], [-72.29133, 41.89542], [-72.29092, 41.89603], [-72.29051, 41.89674], [-72.29032, 41.89714], [-72.29017, 41.8975], [-72.29002, 41.89791], [-72.28988, 41.89835], [-72.28978, 41.89877], [-72.28969, 41.89922], [-72.28961, 41.89992], [-72.28959, 41.90064], [-72.28966, 41.90357], [-72.28971, 41.90406], [-72.2898, 41.90454], [-72.28993, 41.90502], [-72.2901, 41.9055], [-72.29031, 41.90597], [-72.29059, 41.9065], [-72.29087, 41.90694], [-72.29118, 41.90735], [-72.29147, 41.90768], [-72.29178, 41.908], [-72.2921, 41.9083], [-72.29248, 41.90862], [-72.29559, 41.91098], [-72.29604, 41.91134], [-72.29632, 41.91161], [-72.29654, 41.91185], [-72.29668, 41.91204], [-72.29682, 41.91226], [-72.29692, 41.91247], [-72.29701, 41.91273], [-72.29707, 41.91296], [-72.29711, 41.91326], [-72.29726, 41.91652], [-72.2973, 41.91701], [-72.29737, 41.91737], [-72.29749, 41.91781], [-72.29768, 41.91829], [-72.29795, 41.91877], [-72.29828, 41.91925], [-72.29866, 41.91967], [-72.29894, 41.91993], [-72.29926, 41.92019], [-72.29969, 41.92049], [-72.30448, 41.92336], [-72.30515, 41.9238], [-72.30554, 41.92411], [-72.30597, 41.92452], [-72.30625, 41.92484], [-72.30652, 41.92521], [-72.30683, 41.92574], [-72.30696, 41.92605], [-72.30706, 41.92632], [-72.30718, 41.92677], [-72.30751, 41.92839], [-72.30767, 41.92901], [-72.30793, 41.92983], [-72.30847, 41.93128], [-72.30862, 41.93176], [-72.30869, 41.9321], [-72.30875, 41.93252], [-72.30877, 41.93282], [-72.30876, 41.93318], [-72.30874, 41.93354], [-72.30869, 41.93391], [-72.30862, 41.93426], [-72.3085, 41.93465], [-72.30836, 41.93503], [-72.30824, 41.93532], [-72.30731, 41.93728], [-72.30702, 41.93793], [-72.30673, 41.93871], [-72.30629, 41.93999], [-72.30604, 41.94061], [-72.30569, 41.94135], [-72.30471, 41.94322], [-72.30446, 41.94379], [-72.3043, 41.94428], [-72.30311, 41.94875], [-72.30303, 41.94903], [-72.30289, 41.94941], [-72.30273, 41.94975], [-72.30245, 41.95028], [-72.30193, 41.95118], [-72.3018, 41.9515], [-72.30176, 41.95175], [-72.30177, 41.95197], [-72.30183, 41.95222], [-72.30193, 41.95242], [-72.30203, 41.95259], [-72.30218, 41.95276], [-72.3024, 41.95294], [-72.30264, 41.95309], [-72.30281, 41.95317], [-72.30315, 41.95329], [-72.30345, 41.95335], [-72.30372, 41.95338], [-72.3041, 41.95338], [-72.30446, 41.95333], [-72.30733, 41.9528], [-72.30876, 41.95248], [-72.30922, 41.95242], [-72.30975, 41.95242], [-72.31001, 41.95246], [-72.31025, 41.9525], [-72.31069, 41.95264], [-72.31093, 41.95275], [-72.31112, 41.95285], [-72.31134, 41.953], [-72.31158, 41.95319], [-72.315, 41.95606], [-72.31549, 41.95649], [-72.32276, 41.96353], [-72.32319, 41.964], [-72.32343, 41.96432], [-72.32363, 41.96464], [-72.32377, 41.96491], [-72.32394, 41.9653], [-72.32407, 41.96571], [-72.32414, 41.96607], [-72.32419, 41.96661], [-72.32417, 41.96713], [-72.32325, 41.9756], [-72.32322, 41.97609], [-72.32322, 41.97711], [-72.32316, 41.97779], [-72.32305, 41.97843], [-72.32195, 41.98391], [-72.3218, 41.99363], [-72.3218, 42.01823], [-72.32181, 42.01887], [-72.32185, 42.01944], [-72.32203, 42.02085], [-72.32207, 42.02131], [-72.3221, 42.02185], [-72.32211, 42.02241], [-72.32186, 42.03227], [-72.32184, 42.03285], [-72.32178, 42.03334], [-72.32172, 42.03367], [-72.32103, 42.03616], [-72.32093, 42.0366], [-72.32087, 42.03705], [-72.32087, 42.03728], [-72.32088, 42.0378], [-72.32164, 42.04486], [-72.32165, 42.04541], [-72.32161, 42.04593], [-72.32153, 42.04637], [-72.32142, 42.04682], [-72.32133, 42.04711], [-72.32117, 42.04754], [-72.32079, 42.04829], [-72.3199, 42.04971], [-72.31975, 42.05001], [-72.31957, 42.05047], [-72.31942, 42.05108], [-72.31938, 42.05155], [-72.31938, 42.05181], [-72.31944, 42.05237], [-72.31957, 42.05294], [-72.3198, 42.05377], [-72.31986, 42.05407], [-72.31994, 42.05472], [-72.31995, 42.05529], [-72.31988, 42.05601], [-72.31982, 42.05633], [-72.31969, 42.05681], [-72.31904, 42.05862], [-72.31842, 42.06009], [-72.31773, 42.06138], [-72.31754, 42.06171], [-72.31731, 42.06204], [-72.31706, 42.06237], [-72.31653, 42.06296], [-72.3154, 42.06402], [-72.31513, 42.06429], [-72.31478, 42.06468], [-72.31379, 42.06596], [-72.31345, 42.06648], [-72.31322, 42.06695], [-72.31311, 42.06725], [-72.31289, 42.06794], [-72.31266, 42.06859], [-72.31143, 42.07111], [-72.31121, 42.07159], [-72.31102, 42.07206], [-72.31087, 42.07254], [-72.31077, 42.07301], [-72.31072, 42.07335], [-72.31069, 42.07391], [-72.31071, 42.07458], [-72.31083, 42.07535], [-72.31101, 42.07597], [-72.31121, 42.07648], [-72.31137, 42.07682], [-72.31221, 42.0784], [-72.31323, 42.08028], [-72.31349, 42.08069], [-72.31433, 42.08175], [-72.31468, 42.08228], [-72.31493, 42.08277], [-72.31509, 42.08318], [-72.3152, 42.08355], [-72.31528, 42.08389], [-72.31534, 42.08442], [-72.31534, 42.08483], [-72.3153, 42.08519], [-72.31512, 42.08613], [-72.31511, 42.08685], [-72.31518, 42.08733], [-72.31542, 42.08822], [-72.31548, 42.08867], [-72.31547, 42.08894], [-72.31543, 42.08921], [-72.31539, 42.08937], [-72.31528, 42.08966], [-72.31519, 42.08986], [-72.31481, 42.09051], [-72.31466, 42.09083], [-72.31432, 42.09188], [-72.31423, 42.09222], [-72.31415, 42.09257], [-72.31412, 42.093], [-72.31412, 42.09342], [-72.31417, 42.09379], [-72.31427, 42.0942], [-72.31445, 42.09482], [-72.31469, 42.09537], [-72.31498, 42.09591], [-72.31753, 42.0996], [-72.31767, 42.09985], [-72.31779, 42.10017], [-72.31787, 42.10051], [-72.3179, 42.10091], [-72.31791, 42.10114], [-72.31785, 42.10147], [-72.31775, 42.1018], [-72.3176, 42.10217], [-72.31685, 42.10349], [-72.31662, 42.10395], [-72.31641, 42.10442], [-72.31627, 42.10478], [-72.31589, 42.10585], [-72.31379, 42.11193], [-72.31353, 42.11255], [-72.31326, 42.11302], [-72.31298, 42.11345], [-72.31269, 42.11386], [-72.31231, 42.11429], [-72.31066, 42.1161], [-72.31027, 42.11659], [-72.31009, 42.11684], [-72.30978, 42.11731], [-72.30966, 42.11754], [-72.30907, 42.1187], [-72.30765, 42.12161], [-72.30748, 42.12204], [-72.3074, 42.1223], [-72.30734, 42.12263], [-72.30733, 42.12296], [-72.30735, 42.12318], [-72.3074, 42.12347], [-72.30758, 42.12403], [-72.30829, 42.12566], [-72.30878, 42.12667], [-72.30997, 42.12882], [-72.31166, 42.1318], [-72.31375, 42.13555], [-72.3179, 42.14291], [-72.31856, 42.14399], [-72.31879, 42.14432], [-72.31905, 42.14463], [-72.32148, 42.14731], [-72.32348, 42.14948], [-72.32456, 42.15069], [-72.32554, 42.15185], [-72.32674, 42.15314], [-72.32708, 42.15349], [-72.32898, 42.15534], [-72.32978, 42.15607], [-72.33008, 42.15631], [-72.3327, 42.15845], [-72.33327, 42.15882], [-72.33376, 42.15905], [-72.33424, 42.15924], [-72.33483, 42.15943], [-72.34428, 42.16222], [-72.34464, 42.16235], [-72.34512, 42.16257], [-72.34552, 42.16279], [-72.34577, 42.16296], [-72.34601, 42.16314], [-72.34633, 42.16342], [-72.34663, 42.16373], [-72.34688, 42.16406], [-72.34709, 42.16442], [-72.34721, 42.16468], [-72.34731, 42.16494], [-72.34741, 42.16534], [-72.34744, 42.16561], [-72.34745, 42.16588], [-72.34743, 42.16615], [-72.3474, 42.16642], [-72.34647, 42.17003], [-72.34641, 42.17034], [-72.34639, 42.1706], [-72.34639, 42.17074], [-72.34643, 42.17103], [-72.34648, 42.1712], [-72.34654, 42.17137], [-72.34665, 42.17157], [-72.34725, 42.17249], [-72.3474, 42.17268], [-72.34757, 42.17284], [-72.34777, 42.17303], [-72.3483, 42.1734], [-72.3486, 42.17356], [-72.3489, 42.17371], [-72.34922, 42.17384], [-72.35112, 42.17451], [-72.35938, 42.17729], [-72.36248, 42.17836], [-72.36292, 42.17855], [-72.36333, 42.17876], [-72.36371, 42.17901], [-72.36406, 42.17928], [-72.36436, 42.17958], [-72.36463, 42.1799], [-72.36574, 42.18154], [-72.36584, 42.18174], [-72.36588, 42.18189], [-72.36591, 42.18205], [-72.36591, 42.18221], [-72.36589, 42.18237], [-72.36584, 42.18253], [-72.36578, 42.18268], [-72.36569, 42.18283], [-72.3655, 42.18305], [-72.36175, 42.18666], [-72.36143, 42.18702], [-72.36125, 42.18727], [-72.3611, 42.18752], [-72.36096, 42.18779], [-72.36086, 42.18806], [-72.36077, 42.18833], [-72.36072, 42.18861], [-72.36069, 42.18889], [-72.36069, 42.18917], [-72.36074, 42.18959], [-72.3608, 42.18984], [-72.36085, 42.18997], [-72.36229, 42.19325], [-72.36457, 42.19841], [-72.36491, 42.19931], [-72.36505, 42.19976], [-72.36517, 42.20022], [-72.36527, 42.20068], [-72.36542, 42.20164], [-72.36669, 42.21145], [-72.36737, 42.2169], [-72.3675, 42.21745], [-72.36758, 42.21772], [-72.36767, 42.21799], [-72.36787, 42.21847], [-72.36811, 42.21895], [-72.36839, 42.21941], [-72.36947, 42.22092], [-72.37059, 42.22261], [-72.37267, 42.22553], [-72.37684, 42.23149], [-72.37715, 42.23199], [-72.37744, 42.23251], [-72.37771, 42.23303], [-72.37795, 42.23356], [-72.37818, 42.2341], [-72.37853, 42.23516], [-72.38205, 42.24797], [-72.38228, 42.24853], [-72.38253, 42.24905], [-72.38283, 42.24955], [-72.38317, 42.25004], [-72.38372, 42.25068], [-72.38411, 42.25107], [-72.38476, 42.25161], [-72.38548, 42.25211], [-72.38708, 42.25305], [-72.39004, 42.25472], [-72.39745, 42.25893], [-72.39854, 42.25956], [-72.39912, 42.25995], [-72.39938, 42.26016], [-72.39964, 42.26037], [-72.40011, 42.26079], [-72.40054, 42.26124], [-72.40074, 42.26147], [-72.40093, 42.26171], [-72.40128, 42.26219], [-72.40658, 42.27084], [-72.40691, 42.27142], [-72.4073, 42.27221], [-72.40756, 42.27282], [-72.40811, 42.27423], [-72.4083, 42.27465], [-72.40855, 42.27511], [-72.40884, 42.27556], [-72.40934, 42.27621], [-72.40994, 42.27683], [-72.41039, 42.27723], [-72.41088, 42.2776], [-72.41139, 42.27796], [-72.41184, 42.27822], [-72.41237, 42.27851], [-72.41312, 42.27888], [-72.41471, 42.2796], [-72.41507, 42.27979], [-72.41559, 42.28012], [-72.41591, 42.28035], [-72.41621, 42.2806], [-72.41679, 42.28116], [-72.42147, 42.28609], [-72.42233, 42.28697], [-72.42284, 42.28758], [-72.42329, 42.2882], [-72.42358, 42.2888], [-72.42371, 42.2891], [-72.42392, 42.28972], [-72.42466, 42.29238], [-72.42471, 42.2929], [-72.42472, 42.29316], [-72.42471, 42.29369], [-72.42461, 42.29459], [-72.42448, 42.29514], [-72.42436, 42.2955], [-72.42411, 42.29603], [-72.42391, 42.29638], [-72.42355, 42.29687], [-72.42285, 42.2979], [-72.42272, 42.29813], [-72.42261, 42.29836], [-72.42253, 42.2986], [-72.42244, 42.29896], [-72.42242, 42.2992], [-72.42242, 42.29957], [-72.42247, 42.29994], [-72.4227, 42.30071], [-72.42293, 42.30138], [-72.42332, 42.30263], [-72.4234, 42.30296], [-72.42344, 42.30329], [-72.42346, 42.3038], [-72.42342, 42.30431], [-72.42329, 42.30692], [-72.42331, 42.30762], [-72.42343, 42.30844], [-72.42365, 42.30906], [-72.42445, 42.31105], [-72.4259, 42.31451], [-72.42669, 42.31655], [-72.42816, 42.31989], [-72.42828, 42.32014], [-72.42843, 42.32038], [-72.42869, 42.32073], [-72.42889, 42.32095], [-72.42922, 42.32125], [-72.42959, 42.32153], [-72.42985, 42.3217], [-72.43012, 42.32185], [-72.43056, 42.32206], [-72.43087, 42.32218], [-72.43126, 42.32231], [-72.432, 42.32248], [-72.43275, 42.32261], [-72.43321, 42.32271], [-72.4373, 42.32338], [-72.43814, 42.32353], [-72.43883, 42.32368], [-72.43945, 42.32388], [-72.43976, 42.32402], [-72.44021, 42.32425], [-72.44035, 42.32434], [-72.44094, 42.32475], [-72.44269, 42.32624], [-72.44342, 42.3268], [-72.444, 42.32712], [-72.44463, 42.3274], [-72.44532, 42.32765], [-72.44605, 42.32784], [-72.44655, 42.32793], [-72.4473, 42.32801], [-72.44805, 42.32804], [-72.44861, 42.32802], [-72.44935, 42.32795], [-72.45558, 42.32719], [-72.45632, 42.32713], [-72.45685, 42.32714], [-72.45756, 42.3272], [-72.45824, 42.32734], [-72.45873, 42.32749], [-72.45954, 42.32783], [-72.4635, 42.32977], [-72.46993, 42.33288], [-72.48252, 42.33899], [-72.48333, 42.33941], [-72.48403, 42.33984], [-72.48471, 42.34038], [-72.48515, 42.3408], [-72.48557, 42.34128], [-72.48669, 42.34269], [-72.49026, 42.34727], [-72.49726, 42.3562], [-72.49762, 42.35665], [-72.498, 42.35709], [-72.49842, 42.35752], [-72.50434, 42.36336], [-72.50603, 42.365], [-72.50652, 42.3654], [-72.51077, 42.36858], [-72.51109, 42.36885], [-72.51134, 42.36909], [-72.51172, 42.36949], [-72.51207, 42.36997], [-72.51235, 42.37046], [-72.51252, 42.37082], [-72.51262, 42.37113], [-72.51272, 42.37152], [-72.51277, 42.37186], [-72.51278, 42.37203], [-72.51278, 42.37256], [-72.51271, 42.37303], [-72.51252, 42.37368], [-72.51236, 42.37406], [-72.51214, 42.37444], [-72.51172, 42.37499], [-72.51149, 42.37524], [-72.51132, 42.37539], [-72.51064, 42.37594], [-72.51019, 42.37624], [-72.50951, 42.37663], [-72.50784, 42.37743], [-72.50749, 42.37764], [-72.5069, 42.37804], [-72.50629, 42.37859], [-72.50587, 42.37905], [-72.5056, 42.37938], [-72.5054, 42.37967], [-72.50515, 42.3801], [-72.50503, 42.38034], [-72.50492, 42.38059], [-72.50462, 42.38136], [-72.504, 42.38304], [-72.50376, 42.38377], [-72.50362, 42.38433], [-72.50354, 42.3849], [-72.50352, 42.38524], [-72.50354, 42.38586], [-72.50361, 42.38647], [-72.50387, 42.38776], [-72.50409, 42.38929], [-72.50442, 42.39076], [-72.50468, 42.39311], [-72.50477, 42.39379], [-72.50495, 42.39684], [-72.50472, 42.39774], [-72.50458, 42.39812], [-72.50286, 42.40172], [-72.50268, 42.40214], [-72.50245, 42.40298], [-72.50236, 42.40341], [-72.50233, 42.40375], [-72.50232, 42.40459], [-72.50237, 42.40503], [-72.50261, 42.40599], [-72.50276, 42.40642], [-72.503, 42.40695], [-72.50329, 42.4075], [-72.50344, 42.40775], [-72.50372, 42.40811], [-72.50422, 42.40865], [-72.50607, 42.41059], [-72.50702, 42.41172], [-72.50748, 42.41238], [-72.50783, 42.413], [-72.5096, 42.41671], [-72.51153, 42.42071], [-72.5153, 42.42835], [-72.51605, 42.42978], [-72.51632, 42.43041], [-72.51649, 42.43117], [-72.51659, 42.43205], [-72.5169, 42.43535], [-72.51707, 42.4375], [-72.51721, 42.43833], [-72.51724, 42.43888], [-72.51724, 42.43976], [-72.51728, 42.44085], [-72.51734, 42.44145], [-72.51748, 42.44196], [-72.51767, 42.4423], [-72.51777, 42.44242], [-72.5183, 42.44294], [-72.51929, 42.44404], [-72.51977, 42.44465], [-72.52106, 42.44663], [-72.52173, 42.44778], [-72.52183, 42.44798], [-72.52213, 42.44884], [-72.52254, 42.45034], [-72.52302, 42.45198], [-72.52326, 42.45291], [-72.52336, 42.45343], [-72.5234, 42.45378], [-72.52341, 42.45423], [-72.5234, 42.45476], [-72.52337, 42.45503], [-72.52331, 42.45541], [-72.52317, 42.45596], [-72.52303, 42.45639], [-72.52267, 42.45715], [-72.5225, 42.45757], [-72.52178, 42.45906], [-72.52139, 42.45993], [-72.51836, 42.46627], [-72.51804, 42.46717], [-72.51777, 42.46812], [-72.51772, 42.46911], [-72.51782, 42.47041], [-72.51831, 42.4782], [-72.51858, 42.47945], [-72.51918, 42.48145], [-72.52027, 42.48459], [-72.52054, 42.48547], [-72.52119, 42.4884], [-72.5213, 42.48964], [-72.52168, 42.49061], [-72.52272, 42.4929], [-72.52299, 42.49374], [-72.5231, 42.49466], [-72.52299, 42.49543], [-72.52266, 42.49615], [-72.52239, 42.49704], [-72.52228, 42.49817], [-72.52239, 42.49918], [-72.52272, 42.50031], [-72.52406, 42.50353], [-72.52425, 42.5039], [-72.52464, 42.50459], [-72.52518, 42.50544], [-72.52655, 42.50709], [-72.52705, 42.5079], [-72.52727, 42.50859], [-72.52721, 42.50948], [-72.52694, 42.51052], [-72.52655, 42.51157], [-72.52628, 42.5127], [-72.52633, 42.51404], [-72.52617, 42.51509], [-72.52579, 42.51602], [-72.52535, 42.51698], [-72.52518, 42.51775], [-72.52514, 42.51811], [-72.52513, 42.51868], [-72.52515, 42.51996], [-72.52512, 42.52022], [-72.52507, 42.52048], [-72.52494, 42.52087], [-72.5246, 42.52156], [-72.52431, 42.52201], [-72.52408, 42.5223], [-72.52382, 42.52258], [-72.5215, 42.52542], [-72.52126, 42.52575], [-72.52106, 42.5261], [-72.52097, 42.52627], [-72.5209, 42.52645], [-72.52078, 42.52682], [-72.51875, 42.53471], [-72.51846, 42.53553], [-72.51813, 42.5363], [-72.51791, 42.53666], [-72.51765, 42.53701], [-72.51737, 42.53736], [-72.51648, 42.53829], [-72.51606, 42.5388], [-72.5157, 42.53933], [-72.5154, 42.53988], [-72.51429, 42.54253], [-72.51209, 42.54861], [-72.51099, 42.55174], [-72.5106, 42.55275], [-72.51027, 42.55353], [-72.51015, 42.55379], [-72.50987, 42.55428], [-72.50971, 42.55453], [-72.50936, 42.555], [-72.50897, 42.55545], [-72.50854, 42.55589], [-72.5067, 42.55751], [-72.50523, 42.55886], [-72.50478, 42.55937], [-72.50458, 42.55963], [-72.5042, 42.56016], [-72.50388, 42.56071], [-72.50361, 42.56128], [-72.50349, 42.56156], [-72.50324, 42.56242], [-72.50321, 42.56265], [-72.50321, 42.563], [-72.50324, 42.56323], [-72.50344, 42.56435], [-72.50347, 42.56465], [-72.50346, 42.56509], [-72.5034, 42.56544], [-72.50329, 42.56577], [-72.50315, 42.56609], [-72.50288, 42.56659], [-72.50132, 42.56906], [-72.49969, 42.57168], [-72.49928, 42.57222], [-72.49879, 42.57271], [-72.49851, 42.57294], [-72.49821, 42.57316], [-72.49783, 42.57342], [-72.49686, 42.57403], [-72.49625, 42.57448], [-72.49593, 42.57474], [-72.49523, 42.57539], [-72.49351, 42.57707], [-72.49314, 42.57749], [-72.49298, 42.57775], [-72.49287, 42.57798], [-72.49281, 42.5782], [-72.49277, 42.57843], [-72.49279, 42.57884], [-72.49299, 42.57988]]}}, {"type": "Feature", "properties": {"company": "Central Vermont Railway", "line": "Central Vermont: New London \u2013 Brattleboro", "id": "cv-new-london-brattleboro", "color": "#8C5E3C", "mode": "intercity_rail", "avg_speed_kmh": 45, "speed_source": "estimated: rural New England main line; unsourced", "geometry_quality": "Geometry from Wikimedia Commons Data:New London Northern Railroad.map (CC BY 4.0, OpenStreetMap-derived) for New London to Millers Falls, chained at exact shared endpoints (Palmer, Amherst and Millers Falls all join to within 3 m). 1854 points, 194.9 km (121.1 miles), largest chord 2.7 km. The full New London - Brattleboro line traces 121.1 miles against a documented 125.18; the shortfall is source simplification, not a missing segment. Millers Falls - Brattleboro is traced separately from OpenStreetMap (Overpass, maps.mail.ru mirror, 2026-08-24) along the New England Central's Palmer Subdivision, the surviving ex-Central Vermont line: 34.33 km (21.3 miles) against the documented 21 miles bought from the Vermont and Massachusetts in 1880.", "segments": [{"start": 1880, "end": 1924, "headway_min": 480, "note": "On 1 May 1880 the company bought the 21 miles between Millers Falls and Brattleboro from the Vermont and Massachusetts Railroad, completing the 125.18-mile New London - Brattleboro line in its final form. Frequency estimated, unsourced."}, {"start": 1924, "end": 1966, "headway_min": 360, "note": "The through Washington - Montreal sleeper era: the Montrealer northbound and the Washingtonian southbound ran from 1924, over this line north from New London. Central Vermont passenger service ended in 1966, the Montrealer and Washingtonian being discontinued that September. Amtrak revived the Montrealer in 1972 and the Vermonter succeeded it in 1995, but the modern train reaches Vermont by a different southern route and since 2014 runs via Northampton -- see montrealer.geojson and amtrak.geojson, both of which carry the modern alignment, not this one. Frequency estimated, unsourced."}]}, "geometry": {"type": "LineString", "coordinates": [[-72.0938, 41.35631], [-72.09529, 41.35742], [-72.09551, 41.35768], [-72.0956, 41.35782], [-72.09566, 41.35796], [-72.09571, 41.3581], [-72.09573, 41.35828], [-72.09573, 41.35852], [-72.0957, 41.35867], [-72.09565, 41.3588], [-72.09558, 41.35892], [-72.09537, 41.35916], [-72.09481, 41.35961], [-72.09444, 41.36005], [-72.09409, 41.36055], [-72.09397, 41.36079], [-72.09382, 41.3612], [-72.09372, 41.36179], [-72.09372, 41.36219], [-72.09374, 41.36249], [-72.09378, 41.36278], [-72.0941, 41.36447], [-72.0942, 41.36485], [-72.09431, 41.3653], [-72.0944, 41.36562], [-72.09458, 41.36606], [-72.09597, 41.36867], [-72.09627, 41.36926], [-72.09645, 41.36964], [-72.09807, 41.37272], [-72.09825, 41.37308], [-72.09846, 41.37355], [-72.09862, 41.37408], [-72.09867, 41.3744], [-72.09871, 41.37504], [-72.09816, 41.38095], [-72.09819, 41.38184], [-72.0983, 41.38243], [-72.09861, 41.38331], [-72.10136, 41.39094], [-72.10203, 41.39288], [-72.10249, 41.39412], [-72.10263, 41.39479], [-72.10268, 41.39515], [-72.10266, 41.39577], [-72.10259, 41.3964], [-72.10238, 41.39708], [-72.10226, 41.39741], [-72.10208, 41.39774], [-72.10171, 41.39827], [-72.10097, 41.39913], [-72.0992, 41.40124], [-72.09889, 41.4018], [-72.09872, 41.40233], [-72.0985, 41.40361], [-72.0984, 41.40457], [-72.09842, 41.40613], [-72.09846, 41.40688], [-72.09855, 41.40748], [-72.09893, 41.40904], [-72.09902, 41.4101], [-72.09873, 41.41223], [-72.09859, 41.41299], [-72.09791, 41.41768], [-72.09785, 41.41823], [-72.09763, 41.41977], [-72.09766, 41.42018], [-72.09782, 41.42084], [-72.09862, 41.4226], [-72.09955, 41.42445], [-72.09987, 41.42487], [-72.10016, 41.42515], [-72.10049, 41.42543], [-72.10209, 41.42686], [-72.10225, 41.42703], [-72.10249, 41.42736], [-72.10265, 41.42769], [-72.10275, 41.42796], [-72.1028, 41.42834], [-72.10278, 41.42873], [-72.10268, 41.42911], [-72.1025, 41.42947], [-72.10204, 41.43008], [-72.10077, 41.43137], [-72.09952, 41.43272], [-72.09881, 41.4335], [-72.09817, 41.43425], [-72.09793, 41.43456], [-72.09782, 41.4349], [-72.09774, 41.43535], [-72.09776, 41.43587], [-72.09786, 41.43684], [-72.09786, 41.43726], [-72.09782, 41.43757], [-72.09764, 41.43802], [-72.0974, 41.43833], [-72.09604, 41.43973], [-72.09528, 41.44047], [-72.09465, 41.44095], [-72.0941, 41.44129], [-72.09013, 41.44344], [-72.0897, 41.44371], [-72.08931, 41.44406], [-72.08902, 41.44442], [-72.08873, 41.44484], [-72.08855, 41.44519], [-72.08841, 41.4456], [-72.08793, 41.44841], [-72.08785, 41.44904], [-72.08783, 41.44958], [-72.0879, 41.4502], [-72.088, 41.45086], [-72.088, 41.45117], [-72.08796, 41.45147], [-72.08786, 41.4517], [-72.08769, 41.45204], [-72.08612, 41.45452], [-72.0857, 41.45502], [-72.08539, 41.45529], [-72.08496, 41.45559], [-72.08377, 41.45632], [-72.08192, 41.4574], [-72.08141, 41.45768], [-72.08092, 41.4579], [-72.08041, 41.45807], [-72.07967, 41.45824], [-72.077, 41.45877], [-72.07622, 41.45896], [-72.07577, 41.45914], [-72.07545, 41.45932], [-72.0751, 41.45954], [-72.07469, 41.4599], [-72.0742, 41.46036], [-72.07373, 41.46083], [-72.07331, 41.4614], [-72.07304, 41.46191], [-72.0727, 41.46263], [-72.0721, 41.46397], [-72.072, 41.46427], [-72.07196, 41.46471], [-72.07196, 41.46499], [-72.07208, 41.4655], [-72.07228, 41.46625], [-72.07242, 41.4666], [-72.07267, 41.46694], [-72.07299, 41.46727], [-72.07334, 41.46755], [-72.07359, 41.46783], [-72.07388, 41.46837], [-72.07395, 41.46887], [-72.07398, 41.46929], [-72.07373, 41.4705], [-72.07377, 41.47083], [-72.07393, 41.47122], [-72.07415, 41.47152], [-72.07472, 41.472], [-72.07635, 41.47324], [-72.07653, 41.47342], [-72.07669, 41.47361], [-72.07687, 41.47389], [-72.07702, 41.47424], [-72.07708, 41.47452], [-72.07709, 41.47485], [-72.07706, 41.47508], [-72.07702, 41.47527], [-72.07697, 41.47541], [-72.0768, 41.47581], [-72.07627, 41.47685], [-72.07611, 41.47723], [-72.076, 41.47756], [-72.0756, 41.47907], [-72.07555, 41.47932], [-72.07553, 41.4798], [-72.07555, 41.4801], [-72.07563, 41.48053], [-72.07576, 41.48139], [-72.07585, 41.48173], [-72.07596, 41.48199], [-72.07609, 41.48222], [-72.07631, 41.48246], [-72.07661, 41.48272], [-72.0776, 41.48349], [-72.07789, 41.48376], [-72.07812, 41.48402], [-72.07949, 41.48569], [-72.08001, 41.48621], [-72.0825, 41.48815], [-72.08307, 41.48857], [-72.08411, 41.4892], [-72.08441, 41.48941], [-72.08464, 41.48962], [-72.08489, 41.48989], [-72.08508, 41.49016], [-72.0852, 41.49039], [-72.08531, 41.49065], [-72.08537, 41.49089], [-72.08541, 41.49116], [-72.08541, 41.49143], [-72.08535, 41.49173], [-72.08526, 41.49202], [-72.08511, 41.49231], [-72.08495, 41.49258], [-72.08369, 41.49434], [-72.08353, 41.49465], [-72.08338, 41.49497], [-72.08299, 41.49623], [-72.08293, 41.49656], [-72.08293, 41.4969], [-72.08298, 41.49724], [-72.08304, 41.49744], [-72.08312, 41.49761], [-72.08323, 41.4978], [-72.08334, 41.49797], [-72.08349, 41.49813], [-72.08386, 41.49862], [-72.08425, 41.49922], [-72.08438, 41.49948], [-72.08478, 41.50035], [-72.08613, 41.50289], [-72.08628, 41.50323], [-72.08637, 41.50356], [-72.08639, 41.50406], [-72.08633, 41.50437], [-72.08624, 41.50463], [-72.08613, 41.50489], [-72.08576, 41.50566], [-72.08535, 41.5064], [-72.08506, 41.50691], [-72.08455, 41.50765], [-72.0837, 41.5087], [-72.08156, 41.51125], [-72.08108, 41.51185], [-72.08049, 41.51254], [-72.07937, 41.51394], [-72.0791, 41.51437], [-72.07899, 41.51486], [-72.07904, 41.51568], [-72.07915, 41.51693], [-72.07923, 41.51754], [-72.07934, 41.51822], [-72.07992, 41.51996], [-72.0802, 41.52068], [-72.08058, 41.52135], [-72.08185, 41.52305], [-72.0822, 41.52346], [-72.0829, 41.52414], [-72.08307, 41.52428], [-72.08343, 41.52454], [-72.08392, 41.52482], [-72.08444, 41.52507], [-72.08558, 41.52555], [-72.08624, 41.52585], [-72.08658, 41.52602], [-72.08707, 41.5263], [-72.08768, 41.52673], [-72.08808, 41.52709], [-72.08845, 41.52751], [-72.08877, 41.52797], [-72.08901, 41.52846], [-72.08917, 41.52896], [-72.08925, 41.52931], [-72.0893, 41.52965], [-72.08944, 41.53109], [-72.08954, 41.53178], [-72.0897, 41.53247], [-72.09034, 41.53451], [-72.0905, 41.53484], [-72.09062, 41.53506], [-72.09089, 41.53545], [-72.09112, 41.53582], [-72.0922, 41.53737], [-72.09253, 41.53799], [-72.09272, 41.53847], [-72.0929, 41.53918], [-72.09295, 41.53949], [-72.09299, 41.5398], [-72.093, 41.54027], [-72.09296, 41.54199], [-72.093, 41.54254], [-72.09309, 41.54309], [-72.09325, 41.54363], [-72.09346, 41.54409], [-72.0936, 41.54431], [-72.09376, 41.54453], [-72.09412, 41.5449], [-72.09442, 41.54515], [-72.09476, 41.54537], [-72.09513, 41.54556], [-72.09571, 41.5458], [-72.09653, 41.54604], [-72.09869, 41.54657], [-72.09936, 41.54671], [-72.09991, 41.54677], [-72.10047, 41.54677], [-72.10141, 41.54673], [-72.10188, 41.54674], [-72.10244, 41.54682], [-72.10296, 41.54696], [-72.10346, 41.54716], [-72.10597, 41.54836], [-72.10654, 41.54861], [-72.10715, 41.54883], [-72.10839, 41.54919], [-72.10909, 41.54942], [-72.10977, 41.5497], [-72.11041, 41.55002], [-72.11101, 41.55038], [-72.11397, 41.55233], [-72.11435, 41.55261], [-72.11486, 41.55309], [-72.11501, 41.55325], [-72.11529, 41.55363], [-72.11541, 41.55382], [-72.11559, 41.55415], [-72.11574, 41.55456], [-72.11588, 41.55523], [-72.11598, 41.55558], [-72.11609, 41.55587], [-72.1162, 41.55609], [-72.11634, 41.55631], [-72.11659, 41.55661], [-72.11689, 41.55689], [-72.11716, 41.5571], [-72.11751, 41.55734], [-72.12442, 41.56174], [-72.12552, 41.56239], [-72.13282, 41.5665], [-72.13307, 41.56665], [-72.1333, 41.56682], [-72.1336, 41.56711], [-72.13384, 41.56743], [-72.13401, 41.56778], [-72.13409, 41.56815], [-72.1341, 41.56864], [-72.13407, 41.56901], [-72.13314, 41.57628], [-72.1331, 41.57689], [-72.13314, 41.57735], [-72.13324, 41.5778], [-72.13341, 41.57825], [-72.13365, 41.57868], [-72.13397, 41.57911], [-72.13435, 41.57951], [-72.13478, 41.57987], [-72.13526, 41.58019], [-72.13594, 41.58056], [-72.14053, 41.58282], [-72.14132, 41.58327], [-72.14208, 41.58375], [-72.14255, 41.5841], [-72.14301, 41.58446], [-72.14366, 41.58504], [-72.14425, 41.58564], [-72.14481, 41.58625], [-72.14517, 41.58667], [-72.14542, 41.58699], [-72.14569, 41.58744], [-72.14587, 41.5878], [-72.14599, 41.58813], [-72.14616, 41.58877], [-72.14687, 41.59224], [-72.14694, 41.59246], [-72.14707, 41.59278], [-72.14717, 41.59299], [-72.14736, 41.5933], [-72.14764, 41.59368], [-72.1479, 41.59396], [-72.14818, 41.59422], [-72.14848, 41.59447], [-72.14903, 41.59482], [-72.15128, 41.59609], [-72.15167, 41.59633], [-72.15191, 41.59651], [-72.15226, 41.5968], [-72.15256, 41.59713], [-72.15275, 41.59737], [-72.15399, 41.59928], [-72.15423, 41.59969], [-72.15444, 41.6001], [-72.15462, 41.60053], [-72.15482, 41.6011], [-72.15507, 41.60215], [-72.15517, 41.60252], [-72.15531, 41.60288], [-72.15557, 41.60342], [-72.16306, 41.61637], [-72.16386, 41.61765], [-72.16414, 41.61803], [-72.16461, 41.6186], [-72.16485, 41.61888], [-72.16538, 41.61942], [-72.16623, 41.6202], [-72.16775, 41.62142], [-72.16816, 41.62181], [-72.16842, 41.62209], [-72.16865, 41.62238], [-72.16886, 41.62268], [-72.16905, 41.62299], [-72.16922, 41.62331], [-72.16937, 41.62363], [-72.16949, 41.62396], [-72.16959, 41.62429], [-72.16966, 41.62463], [-72.16971, 41.62496], [-72.16975, 41.62547], [-72.16974, 41.62581], [-72.16935, 41.63336], [-72.16929, 41.63402], [-72.16917, 41.635], [-72.16899, 41.63598], [-72.16869, 41.63727], [-72.16841, 41.63824], [-72.16797, 41.6395], [-72.16745, 41.64075], [-72.16716, 41.64137], [-72.16686, 41.64199], [-72.16619, 41.6432], [-72.16536, 41.64451], [-72.15836, 41.65526], [-72.15805, 41.6558], [-72.15791, 41.65607], [-72.15779, 41.65635], [-72.15765, 41.65677], [-72.15757, 41.65706], [-72.15751, 41.65734], [-72.15746, 41.65779], [-72.15745, 41.65838], [-72.15749, 41.65881], [-72.15762, 41.65969], [-72.1585, 41.66502], [-72.15858, 41.66535], [-72.15867, 41.66568], [-72.15888, 41.66616], [-72.15916, 41.66663], [-72.15939, 41.66693], [-72.15964, 41.66721], [-72.16546, 41.67298], [-72.1658, 41.67335], [-72.16611, 41.67375], [-72.16637, 41.67416], [-72.16658, 41.67459], [-72.16769, 41.67756], [-72.16821, 41.67906], [-72.16839, 41.67951], [-72.1687, 41.68017], [-72.16904, 41.68082], [-72.16942, 41.68146], [-72.17042, 41.68292], [-72.17089, 41.68354], [-72.17142, 41.68414], [-72.17218, 41.68489], [-72.17853, 41.69064], [-72.17932, 41.69145], [-72.1798, 41.69202], [-72.18025, 41.6926], [-72.18164, 41.6945], [-72.18302, 41.69641], [-72.18323, 41.69673], [-72.18336, 41.69698], [-72.18346, 41.69724], [-72.18352, 41.6975], [-72.18359, 41.69797], [-72.18368, 41.69839], [-72.18373, 41.69859], [-72.18389, 41.699], [-72.1841, 41.69939], [-72.18433, 41.69977], [-72.1846, 41.70014], [-72.18506, 41.70068], [-72.18609, 41.70172], [-72.1883, 41.7039], [-72.18908, 41.70463], [-72.18961, 41.7051], [-72.19018, 41.70555], [-72.19185, 41.70677], [-72.19417, 41.70843], [-72.19475, 41.70881], [-72.19539, 41.70913], [-72.19584, 41.70932], [-72.19631, 41.70948], [-72.19679, 41.70961], [-72.19729, 41.70972], [-72.19914, 41.71006], [-72.19992, 41.71015], [-72.20044, 41.71018], [-72.20123, 41.71017], [-72.20201, 41.71008], [-72.20279, 41.70994], [-72.20603, 41.70923], [-72.20673, 41.7091], [-72.20739, 41.70904], [-72.20778, 41.70905], [-72.20817, 41.70909], [-72.20861, 41.70915], [-72.20909, 41.70926], [-72.20948, 41.70937], [-72.20996, 41.70955], [-72.21043, 41.70976], [-72.21154, 41.71039], [-72.21217, 41.71071], [-72.21336, 41.71121], [-72.21418, 41.71152], [-72.21688, 41.71214], [-72.21786, 41.71239], [-72.2189, 41.7126], [-72.21942, 41.71267], [-72.22027, 41.71273], [-72.2207, 41.71275], [-72.22114, 41.71273], [-72.22168, 41.71267], [-72.22396, 41.71231], [-72.22465, 41.71221], [-72.22558, 41.71214], [-72.22628, 41.71213], [-72.22675, 41.71215], [-72.22745, 41.71221], [-72.22836, 41.71236], [-72.22924, 41.71258], [-72.22967, 41.71271], [-72.23009, 41.71287], [-72.2305, 41.71304], [-72.2311, 41.71333], [-72.23484, 41.71527], [-72.23668, 41.71613], [-72.23709, 41.71635], [-72.23754, 41.71664], [-72.23796, 41.71696], [-72.23821, 41.71719], [-72.24654, 41.72533], [-72.24723, 41.72597], [-72.24771, 41.72637], [-72.24818, 41.72671], [-72.24877, 41.72709], [-72.259, 41.73318], [-72.25941, 41.73346], [-72.25974, 41.73372], [-72.2601, 41.73408], [-72.26035, 41.73441], [-72.26054, 41.73475], [-72.26076, 41.73525], [-72.26484, 41.74703], [-72.265, 41.7476], [-72.26511, 41.74818], [-72.26541, 41.75141], [-72.26547, 41.75188], [-72.26558, 41.75246], [-72.26575, 41.753], [-72.26599, 41.7536], [-72.26984, 41.76198], [-72.27002, 41.76247], [-72.27016, 41.76297], [-72.27033, 41.76383], [-72.27134, 41.76986], [-72.27144, 41.77029], [-72.27154, 41.77068], [-72.27178, 41.77134], [-72.27197, 41.77174], [-72.27216, 41.77209], [-72.27831, 41.78224], [-72.27948, 41.78427], [-72.28019, 41.78536], [-72.28312, 41.79017], [-72.28354, 41.79082], [-72.28396, 41.79137], [-72.28435, 41.7918], [-72.28484, 41.79225], [-72.28535, 41.79267], [-72.28589, 41.79307], [-72.29026, 41.79616], [-72.29072, 41.79645], [-72.29121, 41.79668], [-72.29176, 41.79687], [-72.29236, 41.79699], [-72.29661, 41.79751], [-72.29773, 41.7977], [-72.29891, 41.79795], [-72.29984, 41.79818], [-72.30542, 41.79975], [-72.30607, 41.79998], [-72.3067, 41.80029], [-72.30714, 41.80056], [-72.30755, 41.80087], [-72.30789, 41.80121], [-72.30824, 41.80163], [-72.31023, 41.80434], [-72.31046, 41.80469], [-72.31071, 41.8051], [-72.31091, 41.80548], [-72.31109, 41.80591], [-72.31124, 41.80635], [-72.31135, 41.80677], [-72.31145, 41.80728], [-72.31289, 41.81536], [-72.31297, 41.81589], [-72.313, 41.81625], [-72.31298, 41.81691], [-72.31291, 41.81749], [-72.31209, 41.8212], [-72.31201, 41.82163], [-72.31195, 41.82209], [-72.31193, 41.82259], [-72.31194, 41.82308], [-72.3121, 41.82442], [-72.31215, 41.82515], [-72.31216, 41.82562], [-72.31212, 41.82607], [-72.31205, 41.82647], [-72.31191, 41.82692], [-72.31176, 41.82727], [-72.31156, 41.82763], [-72.31134, 41.82797], [-72.31107, 41.82832], [-72.30895, 41.83101], [-72.30869, 41.83135], [-72.30848, 41.83169], [-72.30832, 41.83202], [-72.30819, 41.83235], [-72.30808, 41.83272], [-72.30802, 41.83303], [-72.30799, 41.83333], [-72.30797, 41.83362], [-72.30798, 41.83396], [-72.30841, 41.83811], [-72.30844, 41.83888], [-72.30844, 41.83931], [-72.30819, 41.84484], [-72.30819, 41.84645], [-72.30815, 41.84702], [-72.30809, 41.8474], [-72.308, 41.8478], [-72.30787, 41.84821], [-72.30772, 41.84859], [-72.30747, 41.84914], [-72.30619, 41.85166], [-72.30593, 41.85226], [-72.30567, 41.85295], [-72.30543, 41.85378], [-72.30523, 41.85466], [-72.3051, 41.85553], [-72.30505, 41.85635], [-72.30504, 41.85678], [-72.30508, 41.85735], [-72.30515, 41.85779], [-72.30527, 41.85825], [-72.30898, 41.87068], [-72.30906, 41.87114], [-72.3091, 41.87158], [-72.30907, 41.87213], [-72.30901, 41.87249], [-72.30886, 41.87301], [-72.30864, 41.87353], [-72.30645, 41.87749], [-72.30615, 41.87799], [-72.3058, 41.8785], [-72.30387, 41.88115], [-72.30347, 41.88166], [-72.30308, 41.88212], [-72.29184, 41.89479], [-72.29133, 41.89542], [-72.29092, 41.89603], [-72.29051, 41.89674], [-72.29032, 41.89714], [-72.29017, 41.8975], [-72.29002, 41.89791], [-72.28988, 41.89835], [-72.28978, 41.89877], [-72.28969, 41.89922], [-72.28961, 41.89992], [-72.28959, 41.90064], [-72.28966, 41.90357], [-72.28971, 41.90406], [-72.2898, 41.90454], [-72.28993, 41.90502], [-72.2901, 41.9055], [-72.29031, 41.90597], [-72.29059, 41.9065], [-72.29087, 41.90694], [-72.29118, 41.90735], [-72.29147, 41.90768], [-72.29178, 41.908], [-72.2921, 41.9083], [-72.29248, 41.90862], [-72.29559, 41.91098], [-72.29604, 41.91134], [-72.29632, 41.91161], [-72.29654, 41.91185], [-72.29668, 41.91204], [-72.29682, 41.91226], [-72.29692, 41.91247], [-72.29701, 41.91273], [-72.29707, 41.91296], [-72.29711, 41.91326], [-72.29726, 41.91652], [-72.2973, 41.91701], [-72.29737, 41.91737], [-72.29749, 41.91781], [-72.29768, 41.91829], [-72.29795, 41.91877], [-72.29828, 41.91925], [-72.29866, 41.91967], [-72.29894, 41.91993], [-72.29926, 41.92019], [-72.29969, 41.92049], [-72.30448, 41.92336], [-72.30515, 41.9238], [-72.30554, 41.92411], [-72.30597, 41.92452], [-72.30625, 41.92484], [-72.30652, 41.92521], [-72.30683, 41.92574], [-72.30696, 41.92605], [-72.30706, 41.92632], [-72.30718, 41.92677], [-72.30751, 41.92839], [-72.30767, 41.92901], [-72.30793, 41.92983], [-72.30847, 41.93128], [-72.30862, 41.93176], [-72.30869, 41.9321], [-72.30875, 41.93252], [-72.30877, 41.93282], [-72.30876, 41.93318], [-72.30874, 41.93354], [-72.30869, 41.93391], [-72.30862, 41.93426], [-72.3085, 41.93465], [-72.30836, 41.93503], [-72.30824, 41.93532], [-72.30731, 41.93728], [-72.30702, 41.93793], [-72.30673, 41.93871], [-72.30629, 41.93999], [-72.30604, 41.94061], [-72.30569, 41.94135], [-72.30471, 41.94322], [-72.30446, 41.94379], [-72.3043, 41.94428], [-72.30311, 41.94875], [-72.30303, 41.94903], [-72.30289, 41.94941], [-72.30273, 41.94975], [-72.30245, 41.95028], [-72.30193, 41.95118], [-72.3018, 41.9515], [-72.30176, 41.95175], [-72.30177, 41.95197], [-72.30183, 41.95222], [-72.30193, 41.95242], [-72.30203, 41.95259], [-72.30218, 41.95276], [-72.3024, 41.95294], [-72.30264, 41.95309], [-72.30281, 41.95317], [-72.30315, 41.95329], [-72.30345, 41.95335], [-72.30372, 41.95338], [-72.3041, 41.95338], [-72.30446, 41.95333], [-72.30733, 41.9528], [-72.30876, 41.95248], [-72.30922, 41.95242], [-72.30975, 41.95242], [-72.31001, 41.95246], [-72.31025, 41.9525], [-72.31069, 41.95264], [-72.31093, 41.95275], [-72.31112, 41.95285], [-72.31134, 41.953], [-72.31158, 41.95319], [-72.315, 41.95606], [-72.31549, 41.95649], [-72.32276, 41.96353], [-72.32319, 41.964], [-72.32343, 41.96432], [-72.32363, 41.96464], [-72.32377, 41.96491], [-72.32394, 41.9653], [-72.32407, 41.96571], [-72.32414, 41.96607], [-72.32419, 41.96661], [-72.32417, 41.96713], [-72.32325, 41.9756], [-72.32322, 41.97609], [-72.32322, 41.97711], [-72.32316, 41.97779], [-72.32305, 41.97843], [-72.32195, 41.98391], [-72.3218, 41.99363], [-72.3218, 42.01823], [-72.32181, 42.01887], [-72.32185, 42.01944], [-72.32203, 42.02085], [-72.32207, 42.02131], [-72.3221, 42.02185], [-72.32211, 42.02241], [-72.32186, 42.03227], [-72.32184, 42.03285], [-72.32178, 42.03334], [-72.32172, 42.03367], [-72.32103, 42.03616], [-72.32093, 42.0366], [-72.32087, 42.03705], [-72.32087, 42.03728], [-72.32088, 42.0378], [-72.32164, 42.04486], [-72.32165, 42.04541], [-72.32161, 42.04593], [-72.32153, 42.04637], [-72.32142, 42.04682], [-72.32133, 42.04711], [-72.32117, 42.04754], [-72.32079, 42.04829], [-72.3199, 42.04971], [-72.31975, 42.05001], [-72.31957, 42.05047], [-72.31942, 42.05108], [-72.31938, 42.05155], [-72.31938, 42.05181], [-72.31944, 42.05237], [-72.31957, 42.05294], [-72.3198, 42.05377], [-72.31986, 42.05407], [-72.31994, 42.05472], [-72.31995, 42.05529], [-72.31988, 42.05601], [-72.31982, 42.05633], [-72.31969, 42.05681], [-72.31904, 42.05862], [-72.31842, 42.06009], [-72.31773, 42.06138], [-72.31754, 42.06171], [-72.31731, 42.06204], [-72.31706, 42.06237], [-72.31653, 42.06296], [-72.3154, 42.06402], [-72.31513, 42.06429], [-72.31478, 42.06468], [-72.31379, 42.06596], [-72.31345, 42.06648], [-72.31322, 42.06695], [-72.31311, 42.06725], [-72.31289, 42.06794], [-72.31266, 42.06859], [-72.31143, 42.07111], [-72.31121, 42.07159], [-72.31102, 42.07206], [-72.31087, 42.07254], [-72.31077, 42.07301], [-72.31072, 42.07335], [-72.31069, 42.07391], [-72.31071, 42.07458], [-72.31083, 42.07535], [-72.31101, 42.07597], [-72.31121, 42.07648], [-72.31137, 42.07682], [-72.31221, 42.0784], [-72.31323, 42.08028], [-72.31349, 42.08069], [-72.31433, 42.08175], [-72.31468, 42.08228], [-72.31493, 42.08277], [-72.31509, 42.08318], [-72.3152, 42.08355], [-72.31528, 42.08389], [-72.31534, 42.08442], [-72.31534, 42.08483], [-72.3153, 42.08519], [-72.31512, 42.08613], [-72.31511, 42.08685], [-72.31518, 42.08733], [-72.31542, 42.08822], [-72.31548, 42.08867], [-72.31547, 42.08894], [-72.31543, 42.08921], [-72.31539, 42.08937], [-72.31528, 42.08966], [-72.31519, 42.08986], [-72.31481, 42.09051], [-72.31466, 42.09083], [-72.31432, 42.09188], [-72.31423, 42.09222], [-72.31415, 42.09257], [-72.31412, 42.093], [-72.31412, 42.09342], [-72.31417, 42.09379], [-72.31427, 42.0942], [-72.31445, 42.09482], [-72.31469, 42.09537], [-72.31498, 42.09591], [-72.31753, 42.0996], [-72.31767, 42.09985], [-72.31779, 42.10017], [-72.31787, 42.10051], [-72.3179, 42.10091], [-72.31791, 42.10114], [-72.31785, 42.10147], [-72.31775, 42.1018], [-72.3176, 42.10217], [-72.31685, 42.10349], [-72.31662, 42.10395], [-72.31641, 42.10442], [-72.31627, 42.10478], [-72.31589, 42.10585], [-72.31379, 42.11193], [-72.31353, 42.11255], [-72.31326, 42.11302], [-72.31298, 42.11345], [-72.31269, 42.11386], [-72.31231, 42.11429], [-72.31066, 42.1161], [-72.31027, 42.11659], [-72.31009, 42.11684], [-72.30978, 42.11731], [-72.30966, 42.11754], [-72.30907, 42.1187], [-72.30765, 42.12161], [-72.30748, 42.12204], [-72.3074, 42.1223], [-72.30734, 42.12263], [-72.30733, 42.12296], [-72.30735, 42.12318], [-72.3074, 42.12347], [-72.30758, 42.12403], [-72.30829, 42.12566], [-72.30878, 42.12667], [-72.30997, 42.12882], [-72.31166, 42.1318], [-72.31375, 42.13555], [-72.3179, 42.14291], [-72.31856, 42.14399], [-72.31879, 42.14432], [-72.31905, 42.14463], [-72.32148, 42.14731], [-72.32348, 42.14948], [-72.32456, 42.15069], [-72.32554, 42.15185], [-72.32674, 42.15314], [-72.32708, 42.15349], [-72.32898, 42.15534], [-72.32978, 42.15607], [-72.33008, 42.15631], [-72.3327, 42.15845], [-72.33327, 42.15882], [-72.33376, 42.15905], [-72.33424, 42.15924], [-72.33483, 42.15943], [-72.34428, 42.16222], [-72.34464, 42.16235], [-72.34512, 42.16257], [-72.34552, 42.16279], [-72.34577, 42.16296], [-72.34601, 42.16314], [-72.34633, 42.16342], [-72.34663, 42.16373], [-72.34688, 42.16406], [-72.34709, 42.16442], [-72.34721, 42.16468], [-72.34731, 42.16494], [-72.34741, 42.16534], [-72.34744, 42.16561], [-72.34745, 42.16588], [-72.34743, 42.16615], [-72.3474, 42.16642], [-72.34647, 42.17003], [-72.34641, 42.17034], [-72.34639, 42.1706], [-72.34639, 42.17074], [-72.34643, 42.17103], [-72.34648, 42.1712], [-72.34654, 42.17137], [-72.34665, 42.17157], [-72.34725, 42.17249], [-72.3474, 42.17268], [-72.34757, 42.17284], [-72.34777, 42.17303], [-72.3483, 42.1734], [-72.3486, 42.17356], [-72.3489, 42.17371], [-72.34922, 42.17384], [-72.35112, 42.17451], [-72.35938, 42.17729], [-72.36248, 42.17836], [-72.36292, 42.17855], [-72.36333, 42.17876], [-72.36371, 42.17901], [-72.36406, 42.17928], [-72.36436, 42.17958], [-72.36463, 42.1799], [-72.36574, 42.18154], [-72.36584, 42.18174], [-72.36588, 42.18189], [-72.36591, 42.18205], [-72.36591, 42.18221], [-72.36589, 42.18237], [-72.36584, 42.18253], [-72.36578, 42.18268], [-72.36569, 42.18283], [-72.3655, 42.18305], [-72.36175, 42.18666], [-72.36143, 42.18702], [-72.36125, 42.18727], [-72.3611, 42.18752], [-72.36096, 42.18779], [-72.36086, 42.18806], [-72.36077, 42.18833], [-72.36072, 42.18861], [-72.36069, 42.18889], [-72.36069, 42.18917], [-72.36074, 42.18959], [-72.3608, 42.18984], [-72.36085, 42.18997], [-72.36229, 42.19325], [-72.36457, 42.19841], [-72.36491, 42.19931], [-72.36505, 42.19976], [-72.36517, 42.20022], [-72.36527, 42.20068], [-72.36542, 42.20164], [-72.36669, 42.21145], [-72.36737, 42.2169], [-72.3675, 42.21745], [-72.36758, 42.21772], [-72.36767, 42.21799], [-72.36787, 42.21847], [-72.36811, 42.21895], [-72.36839, 42.21941], [-72.36947, 42.22092], [-72.37059, 42.22261], [-72.37267, 42.22553], [-72.37684, 42.23149], [-72.37715, 42.23199], [-72.37744, 42.23251], [-72.37771, 42.23303], [-72.37795, 42.23356], [-72.37818, 42.2341], [-72.37853, 42.23516], [-72.38205, 42.24797], [-72.38228, 42.24853], [-72.38253, 42.24905], [-72.38283, 42.24955], [-72.38317, 42.25004], [-72.38372, 42.25068], [-72.38411, 42.25107], [-72.38476, 42.25161], [-72.38548, 42.25211], [-72.38708, 42.25305], [-72.39004, 42.25472], [-72.39745, 42.25893], [-72.39854, 42.25956], [-72.39912, 42.25995], [-72.39938, 42.26016], [-72.39964, 42.26037], [-72.40011, 42.26079], [-72.40054, 42.26124], [-72.40074, 42.26147], [-72.40093, 42.26171], [-72.40128, 42.26219], [-72.40658, 42.27084], [-72.40691, 42.27142], [-72.4073, 42.27221], [-72.40756, 42.27282], [-72.40811, 42.27423], [-72.4083, 42.27465], [-72.40855, 42.27511], [-72.40884, 42.27556], [-72.40934, 42.27621], [-72.40994, 42.27683], [-72.41039, 42.27723], [-72.41088, 42.2776], [-72.41139, 42.27796], [-72.41184, 42.27822], [-72.41237, 42.27851], [-72.41312, 42.27888], [-72.41471, 42.2796], [-72.41507, 42.27979], [-72.41559, 42.28012], [-72.41591, 42.28035], [-72.41621, 42.2806], [-72.41679, 42.28116], [-72.42147, 42.28609], [-72.42233, 42.28697], [-72.42284, 42.28758], [-72.42329, 42.2882], [-72.42358, 42.2888], [-72.42371, 42.2891], [-72.42392, 42.28972], [-72.42466, 42.29238], [-72.42471, 42.2929], [-72.42472, 42.29316], [-72.42471, 42.29369], [-72.42461, 42.29459], [-72.42448, 42.29514], [-72.42436, 42.2955], [-72.42411, 42.29603], [-72.42391, 42.29638], [-72.42355, 42.29687], [-72.42285, 42.2979], [-72.42272, 42.29813], [-72.42261, 42.29836], [-72.42253, 42.2986], [-72.42244, 42.29896], [-72.42242, 42.2992], [-72.42242, 42.29957], [-72.42247, 42.29994], [-72.4227, 42.30071], [-72.42293, 42.30138], [-72.42332, 42.30263], [-72.4234, 42.30296], [-72.42344, 42.30329], [-72.42346, 42.3038], [-72.42342, 42.30431], [-72.42329, 42.30692], [-72.42331, 42.30762], [-72.42343, 42.30844], [-72.42365, 42.30906], [-72.42445, 42.31105], [-72.4259, 42.31451], [-72.42669, 42.31655], [-72.42816, 42.31989], [-72.42828, 42.32014], [-72.42843, 42.32038], [-72.42869, 42.32073], [-72.42889, 42.32095], [-72.42922, 42.32125], [-72.42959, 42.32153], [-72.42985, 42.3217], [-72.43012, 42.32185], [-72.43056, 42.32206], [-72.43087, 42.32218], [-72.43126, 42.32231], [-72.432, 42.32248], [-72.43275, 42.32261], [-72.43321, 42.32271], [-72.4373, 42.32338], [-72.43814, 42.32353], [-72.43883, 42.32368], [-72.43945, 42.32388], [-72.43976, 42.32402], [-72.44021, 42.32425], [-72.44035, 42.32434], [-72.44094, 42.32475], [-72.44269, 42.32624], [-72.44342, 42.3268], [-72.444, 42.32712], [-72.44463, 42.3274], [-72.44532, 42.32765], [-72.44605, 42.32784], [-72.44655, 42.32793], [-72.4473, 42.32801], [-72.44805, 42.32804], [-72.44861, 42.32802], [-72.44935, 42.32795], [-72.45558, 42.32719], [-72.45632, 42.32713], [-72.45685, 42.32714], [-72.45756, 42.3272], [-72.45824, 42.32734], [-72.45873, 42.32749], [-72.45954, 42.32783], [-72.4635, 42.32977], [-72.46993, 42.33288], [-72.48252, 42.33899], [-72.48333, 42.33941], [-72.48403, 42.33984], [-72.48471, 42.34038], [-72.48515, 42.3408], [-72.48557, 42.34128], [-72.48669, 42.34269], [-72.49026, 42.34727], [-72.49726, 42.3562], [-72.49762, 42.35665], [-72.498, 42.35709], [-72.49842, 42.35752], [-72.50434, 42.36336], [-72.50603, 42.365], [-72.50652, 42.3654], [-72.51077, 42.36858], [-72.51109, 42.36885], [-72.51134, 42.36909], [-72.51172, 42.36949], [-72.51207, 42.36997], [-72.51235, 42.37046], [-72.51252, 42.37082], [-72.51262, 42.37113], [-72.51272, 42.37152], [-72.51277, 42.37186], [-72.51278, 42.37203], [-72.51278, 42.37256], [-72.51271, 42.37303], [-72.51252, 42.37368], [-72.51236, 42.37406], [-72.51214, 42.37444], [-72.51172, 42.37499], [-72.51149, 42.37524], [-72.51132, 42.37539], [-72.51064, 42.37594], [-72.51019, 42.37624], [-72.50951, 42.37663], [-72.50784, 42.37743], [-72.50749, 42.37764], [-72.5069, 42.37804], [-72.50629, 42.37859], [-72.50587, 42.37905], [-72.5056, 42.37938], [-72.5054, 42.37967], [-72.50515, 42.3801], [-72.50503, 42.38034], [-72.50492, 42.38059], [-72.50462, 42.38136], [-72.504, 42.38304], [-72.50376, 42.38377], [-72.50362, 42.38433], [-72.50354, 42.3849], [-72.50352, 42.38524], [-72.50354, 42.38586], [-72.50361, 42.38647], [-72.50387, 42.38776], [-72.50409, 42.38929], [-72.50442, 42.39076], [-72.50468, 42.39311], [-72.50477, 42.39379], [-72.50495, 42.39684], [-72.50472, 42.39774], [-72.50458, 42.39812], [-72.50286, 42.40172], [-72.50268, 42.40214], [-72.50245, 42.40298], [-72.50236, 42.40341], [-72.50233, 42.40375], [-72.50232, 42.40459], [-72.50237, 42.40503], [-72.50261, 42.40599], [-72.50276, 42.40642], [-72.503, 42.40695], [-72.50329, 42.4075], [-72.50344, 42.40775], [-72.50372, 42.40811], [-72.50422, 42.40865], [-72.50607, 42.41059], [-72.50702, 42.41172], [-72.50748, 42.41238], [-72.50783, 42.413], [-72.5096, 42.41671], [-72.51153, 42.42071], [-72.5153, 42.42835], [-72.51605, 42.42978], [-72.51632, 42.43041], [-72.51649, 42.43117], [-72.51659, 42.43205], [-72.5169, 42.43535], [-72.51707, 42.4375], [-72.51721, 42.43833], [-72.51724, 42.43888], [-72.51724, 42.43976], [-72.51728, 42.44085], [-72.51734, 42.44145], [-72.51748, 42.44196], [-72.51767, 42.4423], [-72.51777, 42.44242], [-72.5183, 42.44294], [-72.51929, 42.44404], [-72.51977, 42.44465], [-72.52106, 42.44663], [-72.52173, 42.44778], [-72.52183, 42.44798], [-72.52213, 42.44884], [-72.52254, 42.45034], [-72.52302, 42.45198], [-72.52326, 42.45291], [-72.52336, 42.45343], [-72.5234, 42.45378], [-72.52341, 42.45423], [-72.5234, 42.45476], [-72.52337, 42.45503], [-72.52331, 42.45541], [-72.52317, 42.45596], [-72.52303, 42.45639], [-72.52267, 42.45715], [-72.5225, 42.45757], [-72.52178, 42.45906], [-72.52139, 42.45993], [-72.51836, 42.46627], [-72.51804, 42.46717], [-72.51777, 42.46812], [-72.51772, 42.46911], [-72.51782, 42.47041], [-72.51831, 42.4782], [-72.51858, 42.47945], [-72.51918, 42.48145], [-72.52027, 42.48459], [-72.52054, 42.48547], [-72.52119, 42.4884], [-72.5213, 42.48964], [-72.52168, 42.49061], [-72.52272, 42.4929], [-72.52299, 42.49374], [-72.5231, 42.49466], [-72.52299, 42.49543], [-72.52266, 42.49615], [-72.52239, 42.49704], [-72.52228, 42.49817], [-72.52239, 42.49918], [-72.52272, 42.50031], [-72.52406, 42.50353], [-72.52425, 42.5039], [-72.52464, 42.50459], [-72.52518, 42.50544], [-72.52655, 42.50709], [-72.52705, 42.5079], [-72.52727, 42.50859], [-72.52721, 42.50948], [-72.52694, 42.51052], [-72.52655, 42.51157], [-72.52628, 42.5127], [-72.52633, 42.51404], [-72.52617, 42.51509], [-72.52579, 42.51602], [-72.52535, 42.51698], [-72.52518, 42.51775], [-72.52514, 42.51811], [-72.52513, 42.51868], [-72.52515, 42.51996], [-72.52512, 42.52022], [-72.52507, 42.52048], [-72.52494, 42.52087], [-72.5246, 42.52156], [-72.52431, 42.52201], [-72.52408, 42.5223], [-72.52382, 42.52258], [-72.5215, 42.52542], [-72.52126, 42.52575], [-72.52106, 42.5261], [-72.52097, 42.52627], [-72.5209, 42.52645], [-72.52078, 42.52682], [-72.51875, 42.53471], [-72.51846, 42.53553], [-72.51813, 42.5363], [-72.51791, 42.53666], [-72.51765, 42.53701], [-72.51737, 42.53736], [-72.51648, 42.53829], [-72.51606, 42.5388], [-72.5157, 42.53933], [-72.5154, 42.53988], [-72.51429, 42.54253], [-72.51209, 42.54861], [-72.51099, 42.55174], [-72.5106, 42.55275], [-72.51027, 42.55353], [-72.51015, 42.55379], [-72.50987, 42.55428], [-72.50971, 42.55453], [-72.50936, 42.555], [-72.50897, 42.55545], [-72.50854, 42.55589], [-72.5067, 42.55751], [-72.50523, 42.55886], [-72.50478, 42.55937], [-72.50458, 42.55963], [-72.5042, 42.56016], [-72.50388, 42.56071], [-72.50361, 42.56128], [-72.50349, 42.56156], [-72.50324, 42.56242], [-72.50321, 42.56265], [-72.50321, 42.563], [-72.50324, 42.56323], [-72.50344, 42.56435], [-72.50347, 42.56465], [-72.50346, 42.56509], [-72.5034, 42.56544], [-72.50329, 42.56577], [-72.50315, 42.56609], [-72.50288, 42.56659], [-72.50132, 42.56906], [-72.49969, 42.57168], [-72.49928, 42.57222], [-72.49879, 42.57271], [-72.49851, 42.57294], [-72.49821, 42.57316], [-72.49783, 42.57342], [-72.49686, 42.57403], [-72.49625, 42.57448], [-72.49593, 42.57474], [-72.49523, 42.57539], [-72.49351, 42.57707], [-72.49314, 42.57749], [-72.49298, 42.57775], [-72.49287, 42.57798], [-72.49281, 42.5782], [-72.49277, 42.57843], [-72.49279, 42.57884], [-72.49299, 42.57988], [-72.49329, 42.58149], [-72.49336, 42.58194], [-72.49338, 42.58207], [-72.49339, 42.58215], [-72.49341, 42.58228], [-72.49341, 42.58239], [-72.49343, 42.58267], [-72.49343, 42.58274], [-72.49343, 42.58293], [-72.49342, 42.58313], [-72.49341, 42.58333], [-72.49339, 42.58353], [-72.49337, 42.58372], [-72.49332, 42.58405], [-72.49326, 42.5843], [-72.49317, 42.58469], [-72.49307, 42.58507], [-72.49298, 42.58538], [-72.49287, 42.5857], [-72.49274, 42.58604], [-72.49265, 42.58624], [-72.49257, 42.58641], [-72.4925, 42.58655], [-72.49242, 42.58671], [-72.49231, 42.58689], [-72.49217, 42.58713], [-72.492, 42.58737], [-72.49187, 42.58755], [-72.4917, 42.58777], [-72.49153, 42.58798], [-72.49139, 42.58813], [-72.49125, 42.58829], [-72.49069, 42.58882], [-72.49028, 42.58916], [-72.49008, 42.58931], [-72.48986, 42.58946], [-72.4896, 42.58964], [-72.48932, 42.58981], [-72.48899, 42.59], [-72.48882, 42.59009], [-72.48865, 42.59018], [-72.48834, 42.59033], [-72.48803, 42.59048], [-72.48759, 42.59066], [-72.48561, 42.59149], [-72.48418, 42.59208], [-72.48356, 42.59233], [-72.48323, 42.59247], [-72.48289, 42.59262], [-72.4827, 42.59271], [-72.48246, 42.59283], [-72.48231, 42.59291], [-72.48217, 42.59298], [-72.48196, 42.5931], [-72.48175, 42.59322], [-72.48157, 42.59333], [-72.48137, 42.59346], [-72.48108, 42.59366], [-72.48088, 42.59381], [-72.48046, 42.59414], [-72.47988, 42.59466], [-72.47962, 42.59489], [-72.47941, 42.5951], [-72.47861, 42.59601], [-72.47821, 42.59654], [-72.47803, 42.59681], [-72.47786, 42.59709], [-72.4777, 42.59736], [-72.47755, 42.59763], [-72.47741, 42.5979], [-72.47728, 42.59818], [-72.47717, 42.59844], [-72.47707, 42.59871], [-72.47698, 42.59898], [-72.4769, 42.59925], [-72.47684, 42.5995], [-72.47679, 42.59975], [-72.47676, 42.59991], [-72.47672, 42.60011], [-72.47669, 42.6003], [-72.47665, 42.60057], [-72.47662, 42.60084], [-72.47659, 42.60111], [-72.47657, 42.60139], [-72.47655, 42.60207], [-72.47655, 42.60273], [-72.47658, 42.60416], [-72.47667, 42.60921], [-72.47667, 42.60939], [-72.47672, 42.61002], [-72.47672, 42.61189], [-72.47672, 42.61196], [-72.47674, 42.61259], [-72.47677, 42.61372], [-72.47678, 42.61537], [-72.4768, 42.61625], [-72.47691, 42.61728], [-72.47692, 42.61737], [-72.4771, 42.61896], [-72.4771, 42.61959], [-72.47705, 42.62001], [-72.47694, 42.62063], [-72.47677, 42.62119], [-72.47644, 42.62199], [-72.47596, 42.62308], [-72.47553, 42.62415], [-72.47528, 42.62494], [-72.47513, 42.62554], [-72.475, 42.62627], [-72.47497, 42.62645], [-72.47496, 42.62656], [-72.47484, 42.62746], [-72.47446, 42.63051], [-72.47399, 42.63448], [-72.47389, 42.63514], [-72.47369, 42.63683], [-72.47359, 42.6377], [-72.47347, 42.63853], [-72.47341, 42.63891], [-72.47334, 42.63925], [-72.47324, 42.63964], [-72.47315, 42.63997], [-72.47295, 42.64056], [-72.47278, 42.64104], [-72.47256, 42.64155], [-72.47234, 42.64201], [-72.47203, 42.6426], [-72.47168, 42.6432], [-72.4713, 42.64378], [-72.47105, 42.64414], [-72.47072, 42.64458], [-72.47041, 42.64495], [-72.47012, 42.64529], [-72.46908, 42.64638], [-72.4681, 42.64742], [-72.46726, 42.6483], [-72.46611, 42.64952], [-72.46549, 42.65019], [-72.46478, 42.65103], [-72.46457, 42.65134], [-72.46414, 42.65196], [-72.46398, 42.65222], [-72.46377, 42.65256], [-72.4635, 42.65307], [-72.46311, 42.65392], [-72.4628, 42.65473], [-72.46257, 42.65537], [-72.46235, 42.65626], [-72.46212, 42.65786], [-72.46194, 42.65904], [-72.46172, 42.66041], [-72.46163, 42.66245], [-72.46167, 42.66355], [-72.46179, 42.6663], [-72.46176, 42.66753], [-72.46143, 42.67103], [-72.46148, 42.67249], [-72.46151, 42.6728], [-72.46163, 42.67357], [-72.46242, 42.67769], [-72.46251, 42.67892], [-72.46256, 42.67999], [-72.46256, 42.68168], [-72.46251, 42.68386], [-72.46246, 42.68713], [-72.46243, 42.68895], [-72.4624, 42.68967], [-72.46233, 42.6904], [-72.4622, 42.69112], [-72.46202, 42.69183], [-72.46179, 42.69254], [-72.46151, 42.69324], [-72.46145, 42.69338], [-72.46119, 42.69393], [-72.46099, 42.69432], [-72.45966, 42.69702], [-72.45954, 42.69727], [-72.45896, 42.69843], [-72.45771, 42.70095], [-72.45756, 42.70126], [-72.45745, 42.70151], [-72.45733, 42.70182], [-72.45728, 42.70198], [-72.45724, 42.70214], [-72.4572, 42.7023], [-72.45718, 42.70246], [-72.45717, 42.70263], [-72.45717, 42.70279], [-72.45717, 42.70297], [-72.45719, 42.70316], [-72.45721, 42.70334], [-72.45725, 42.70352], [-72.4573, 42.7037], [-72.45737, 42.70388], [-72.45744, 42.70406], [-72.45753, 42.70423], [-72.45763, 42.7044], [-72.45775, 42.70457], [-72.45789, 42.70476], [-72.45806, 42.70496], [-72.45838, 42.70532], [-72.45988, 42.70704], [-72.46016, 42.70737], [-72.46036, 42.70762], [-72.46055, 42.70788], [-72.46075, 42.70821], [-72.46084, 42.70838], [-72.46097, 42.70865], [-72.46108, 42.70894], [-72.46116, 42.70921], [-72.4612, 42.70939], [-72.46124, 42.70956], [-72.46127, 42.70986], [-72.46137, 42.71149], [-72.46137, 42.71226], [-72.46128, 42.7131], [-72.46124, 42.71355], [-72.46119, 42.71397], [-72.46103, 42.71458], [-72.46077, 42.7153], [-72.46038, 42.71627], [-72.46014, 42.71701], [-72.45995, 42.71809], [-72.45995, 42.71894], [-72.46002, 42.71964], [-72.46019, 42.72073], [-72.46038, 42.72187], [-72.4606, 42.72297], [-72.46083, 42.72384], [-72.46106, 42.72455], [-72.46107, 42.72456], [-72.46143, 42.72549], [-72.46151, 42.72569], [-72.4616, 42.7259], [-72.46192, 42.72649], [-72.46215, 42.7269], [-72.46278, 42.72784], [-72.46485, 42.73084], [-72.46669, 42.73355], [-72.46669, 42.73356], [-72.47068, 42.73934], [-72.47147, 42.74034], [-72.4728, 42.74183], [-72.47295, 42.74201], [-72.47364, 42.74275], [-72.47431, 42.7435], [-72.47592, 42.74526], [-72.47688, 42.7463], [-72.47789, 42.74743], [-72.47876, 42.74836], [-72.47956, 42.74927], [-72.48033, 42.7501], [-72.48215, 42.75201], [-72.48247, 42.7523], [-72.48264, 42.75244], [-72.4827, 42.75249], [-72.48294, 42.75269], [-72.48347, 42.7531], [-72.484, 42.7535], [-72.48465, 42.75395], [-72.48501, 42.75419], [-72.48539, 42.75442], [-72.48605, 42.75479], [-72.48674, 42.75515], [-72.48763, 42.75558], [-72.48812, 42.7558], [-72.48859, 42.75599], [-72.48933, 42.75627], [-72.49007, 42.75653], [-72.49178, 42.75708], [-72.49484, 42.75806], [-72.49641, 42.75856], [-72.49802, 42.75909], [-72.49856, 42.75925], [-72.49943, 42.75953], [-72.50082, 42.75998], [-72.50293, 42.76066], [-72.50338, 42.7608], [-72.50373, 42.76091], [-72.50412, 42.76102], [-72.50454, 42.76111], [-72.50499, 42.76122], [-72.50534, 42.76129], [-72.50551, 42.76132], [-72.50558, 42.76133], [-72.50569, 42.76135], [-72.50601, 42.76139], [-72.50642, 42.76143], [-72.50692, 42.76147], [-72.50748, 42.76149], [-72.50806, 42.76149], [-72.50875, 42.76146], [-72.50922, 42.76142], [-72.5097, 42.76137], [-72.51068, 42.76126], [-72.5109, 42.76124], [-72.51127, 42.76122], [-72.51152, 42.76122], [-72.51192, 42.76122], [-72.51234, 42.76127], [-72.51261, 42.76131], [-72.51287, 42.76136], [-72.51305, 42.76141], [-72.51336, 42.7615], [-72.51366, 42.76159], [-72.51398, 42.76172], [-72.5143, 42.76185], [-72.5144, 42.76189], [-72.5146, 42.76198], [-72.51494, 42.76212], [-72.51523, 42.76226], [-72.51555, 42.76245], [-72.5159, 42.76266], [-72.51632, 42.76298], [-72.5167, 42.76333], [-72.51704, 42.7637], [-72.51734, 42.76409], [-72.51749, 42.76433], [-72.51762, 42.76457], [-72.51785, 42.76506], [-72.51825, 42.76596], [-72.51876, 42.76717], [-72.519, 42.76781], [-72.51921, 42.76832], [-72.51962, 42.76928], [-72.51981, 42.76973], [-72.51997, 42.77016], [-72.51999, 42.77022], [-72.52024, 42.77096], [-72.52065, 42.77226], [-72.52097, 42.77332], [-72.52101, 42.77345], [-72.52143, 42.77477], [-72.52164, 42.77541], [-72.52165, 42.77547], [-72.52193, 42.77635], [-72.52254, 42.77837], [-72.52262, 42.7786], [-72.52329, 42.78073], [-72.52343, 42.78114], [-72.52358, 42.78154], [-72.52383, 42.78216], [-72.52384, 42.78218], [-72.52398, 42.78253], [-72.52424, 42.78312], [-72.5244, 42.78349], [-72.52464, 42.78397], [-72.52485, 42.78439], [-72.52507, 42.78481], [-72.5257, 42.7859], [-72.52636, 42.78694], [-72.52693, 42.78775], [-72.52753, 42.78854], [-72.52788, 42.78895], [-72.52824, 42.78935], [-72.52861, 42.78974], [-72.529, 42.79011], [-72.52931, 42.7904], [-72.52999, 42.79102], [-72.53038, 42.79138], [-72.53076, 42.79174], [-72.53104, 42.79203], [-72.53131, 42.79232], [-72.53149, 42.79251], [-72.53165, 42.79271], [-72.53182, 42.7929], [-72.53197, 42.7931], [-72.53228, 42.79349], [-72.53257, 42.7939], [-72.53285, 42.79431], [-72.5331, 42.79471], [-72.53335, 42.79516], [-72.53383, 42.79606], [-72.53404, 42.79655], [-72.53418, 42.79695], [-72.53431, 42.7973], [-72.53457, 42.79792], [-72.53476, 42.79837], [-72.53503, 42.79891], [-72.53527, 42.79935], [-72.53552, 42.79973], [-72.53571, 42.80006], [-72.53593, 42.80038], [-72.53617, 42.80071], [-72.53648, 42.80107], [-72.53678, 42.80141], [-72.53702, 42.80166], [-72.53742, 42.80208], [-72.53779, 42.80246], [-72.53809, 42.80279], [-72.53834, 42.80309], [-72.53843, 42.80319], [-72.53861, 42.80343], [-72.53888, 42.8038], [-72.53907, 42.80409], [-72.53932, 42.80449], [-72.5395, 42.80474], [-72.53976, 42.80507], [-72.54004, 42.8054], [-72.54024, 42.80562], [-72.54049, 42.80587], [-72.54071, 42.80608], [-72.54094, 42.8063], [-72.54118, 42.80653], [-72.54161, 42.80694], [-72.54169, 42.80701], [-72.54196, 42.80729], [-72.54221, 42.80758], [-72.54235, 42.80776], [-72.54255, 42.80804], [-72.5428, 42.80844], [-72.54296, 42.80872], [-72.54313, 42.80911], [-72.54346, 42.81005], [-72.54465, 42.81625], [-72.54509, 42.81838], [-72.54538, 42.81983], [-72.54542, 42.82001], [-72.54547, 42.82025], [-72.54581, 42.82202], [-72.54602, 42.82294], [-72.54626, 42.82388], [-72.54659, 42.82524], [-72.54817, 42.83154], [-72.54836, 42.83255], [-72.54852, 42.83355], [-72.54863, 42.83421], [-72.54888, 42.83581], [-72.54888, 42.83586], [-72.54898, 42.83676], [-72.54901, 42.83735], [-72.54904, 42.83765], [-72.54914, 42.83824], [-72.54925, 42.83892], [-72.54945, 42.84012], [-72.54963, 42.84124], [-72.54968, 42.8415], [-72.54977, 42.84189], [-72.54985, 42.84212], [-72.55008, 42.8427], [-72.55035, 42.84321], [-72.55055, 42.8435], [-72.55079, 42.84378], [-72.55113, 42.84414], [-72.55177, 42.84475], [-72.55245, 42.84539], [-72.55303, 42.84596], [-72.55361, 42.84664], [-72.55396, 42.84713], [-72.5545, 42.84792], [-72.55473, 42.84828], [-72.55488, 42.84851], [-72.55524, 42.8491], [-72.55576, 42.84993], [-72.55617, 42.85061], [-72.55631, 42.85082], [-72.55652, 42.85116], [-72.55657, 42.85123], [-72.5566, 42.85128], [-72.55669, 42.85141]]}}]}