{"type": "FeatureCollection", "metadata": {"note": "Roanoke, Virginia as a passenger rail hub, and the Norfolk & Western lines that made it one. Roanoke was the village of Big Lick until the Norfolk & Western - reorganized out of the Atlantic, Mississippi & Ohio in 1881 - put its headquarters and shops there and the Shenandoah Valley Railroad came down the valley to meet it in 1882. Four routes are drawn: the 408-mile main line Norfolk-Petersburg-Lynchburg-Roanoke-Bristol (with its three predecessors drawn separately from the years they opened - South Side 1854, Virginia & Tennessee to Big Lick 1852 and on to Bristol 1856, Norfolk & Petersburg 1858 - then the AM&O 1870-1881 and N&W 1881-1971); the Shenandoah Valley line north to Hagerstown (1882-1963); the Punkin Vine south to Winston-Salem (1892-1961); and the Blacksburg Branch, the 'Huckleberry' (1904-1958). In 1898, the year this layer was built to answer, Roanoke had all of the first three; Blacksburg had no railroad at all - the Huckleberry did not reach it until September 1904, and until then Blacksburg's station was the N&W at Cambria, four miles away. Each feature is split at its ownership changes so colour tracks who ran the trains (Rule 4). Geometry is real OpenStreetMap trace; headways throughout are estimates, not timetable readings.", "sources": ["https://www.nwhs.org/nw_timeline.php", "https://en.wikipedia.org/wiki/Norfolk_and_Western_Railway", "https://en.wikipedia.org/wiki/Roanoke_station_(Virginia)", "https://en.wikipedia.org/wiki/Virginia_and_Tennessee_Railroad", "https://en.wikipedia.org/wiki/Shenandoah_Valley_Railroad_(1867%E2%80%9390)", "https://en.wikipedia.org/wiki/Southside_Railroad_(Virginia)", "https://en.wikipedia.org/wiki/Norfolk_and_Petersburg_Railroad", "https://nwhistory.info/divisions/Radford/NWRad4.php", "https://www.huckleberrytrail.org/history.html", "https://scholar.lib.vt.edu/ejournals/VTMAG/v14n3/page12-13.html", "https://en.wikipedia.org/wiki/Birmingham_Special", "https://en.wikipedia.org/wiki/Pocahontas_(train)", "https://railfan.com/shenandoah-valley-railroad/", "https://roanoke.com/news/local/woym-huckleberry-rail-line-was-slow-but-fruitful-for-montgomery-county-travelers/article_d14ed1ab-2b9b-5747-8bec-0f09718f0b78.html"], "not_yet_sourced": ["every headway in this layer is an editorial estimate; no Official Guide or N&W public timetable was consulted for any era", "the end of Shenandoah Division passenger service: 10 June 1962 (Railfan & Railroad) vs a through sleeper to 27 October 1962 and a local into February 1963 (Wikipedia). Drawn to 1963", "the 1930 and 1922 era splits inside several features are editorial, chosen to separate the named-train peak from the decline, not documented transition dates", "Amtrak's Mountaineer (1975-1977) and Hilltopper (1977-1979) ran over this main line through Roanoke and are NOT drawn here - they continued far west of Bristol/Bluefield and belong in an Amtrak layer", "the Virginian Railway, which reached Roanoke in 1909 and carried passengers until 1956, is not drawn in this layer"], "geometry_note": "All four routes are traced on today's Norfolk Southern alignment. That is the same corridor throughout, but N&W eased and relocated stretches of the main line after 1900, so the 1850s-1880s features are drawn on a later line than their own trains used - most visibly on the Christiansburg mountain crossing and the New River approach to Radford. Traced against documented mileage: main line 401.3 mi drawn / 408 documented; Shenandoah 237.5 / 238; Punkin Vine 120.4 / ~122; Blacksburg Branch 8.3 / 8.75."}, "features": [{"type": "Feature", "properties": {"company": "Norfolk and Petersburg Railroad", "line": "Norfolk and Petersburg: Norfolk \u2013 Petersburg", "id": "np-norfolk-petersburg", "color": "#8f4426", "mode": "intercity_rail", "avg_speed_kmh": 55, "speed_source": "estimated: steam-era schedules over this profile are not sourced here; the figure is an editorial average including stops, not a documented timing.", "geometry_quality": "real-traced from OpenStreetMap (NS Norfolk District, still the N&P alignment, including Mahone's 52-mile tangent across the Dismal Swamp). 76.6 mi traced against 80-85 mi documented; the shortfall is terminal trackage at both ends - 0.8 mi short of the Norfolk terminal station site, and stopping at the junction 2.3 mi short of Petersburg Union Station. No straight-line approximation. Straight-line repair 2026-08-29: 1 ruled segment totalling 53 mi replaced with OpenStreetMap-traced rail geometry (see geometry_repairs for the OSM lines each one followed).", "segments": [{"start": 1858, "end": 1870, "headway_min": 720, "note": "Opened for through service 1 September 1858, William Mahone's line from Norfolk to Petersburg, carrying passengers as well as the Norfolk-bound traffic of the connecting South Side and Virginia & Tennessee. Service was disrupted and the line heavily damaged during the Civil War; that interruption is not modelled here. Independent operation ended 12 November 1870 when the N&P was consolidated into the Atlantic, Mississippi & Ohio. Frequency estimated - no 1850s-60s timetable was consulted.", "sources": ["Segment-level: the 1 September 1858 opening and the 12 November 1870 AM&O consolidation are from the N&WHS corporate timeline and the Wikipedia articles; the headway is an estimate and is not sourced.", "https://www.nwhs.org/nw_timeline.php", "https://en.wikipedia.org/wiki/Norfolk_and_Petersburg_Railroad", "https://en.wikipedia.org/wiki/Norfolk_and_Western_Railway"]}], "geometry_repairs": [{"date": "2026-08-29", "from": [-76.61176, 36.72216], "to": [-77.35151, 37.20325], "chord_mi": 52.69, "traced_mi": 52.68, "snap_m": [0, 0], "bridged_mi": 0.0, "osm_lines": ["Norfolk District (52.68 mi)"], "method": "Overpass rail graph, 8.0 km corridor, Dijkstra, simplified to 3.0 m"}]}, "geometry": {"type": "LineString", "coordinates": [[-76.29029, 36.83431], [-76.28761, 36.83316], [-76.2858, 36.82747], [-76.28088, 36.8237], [-76.27864, 36.82359], [-76.27465, 36.82482], [-76.27164, 36.82251], [-76.2669, 36.80015], [-76.26721, 36.79331], [-76.27013, 36.78683], [-76.27537, 36.78139], [-76.28303, 36.77729], [-76.6078, 36.72234], [-76.611759, 36.7221577], [-76.613389, 36.722395], [-76.614236, 36.722599], [-76.615196, 36.72292], [-76.616604, 36.72351], [-76.618059, 36.72435], [-76.714445, 36.787728], [-76.8109276, 36.8510708], [-76.8965851, 36.9072048], [-76.9937277, 36.9706936], [-77.0546222, 37.0104403], [-77.176163, 37.0895819], [-77.248217, 37.1364025], [-77.3400825, 37.1959826], [-77.342968, 37.1980023], [-77.3500491, 37.202568], [-77.3515107, 37.2032483], [-77.35651, 37.20486]]}}, {"type": "Feature", "properties": {"company": "South Side Railroad", "line": "South Side: Petersburg \u2013 Lynchburg", "id": "ssrr-petersburg-lynchburg", "color": "#767c2e", "mode": "intercity_rail", "avg_speed_kmh": 55, "speed_source": "estimated: steam-era schedules over this profile are not sourced here; the figure is an editorial average including stops, not a documented timing.", "geometry_quality": "real-traced from OpenStreetMap (NS Norfolk and Blue Ridge Districts through Blackstone, Crewe, Burkeville and Pamplin). 124.1 mi traced against 123 mi documented Petersburg-Lynchburg. No straight-line approximation. Today's alignment; the City Point (Hopewell) end of the South Side is not drawn.", "segments": [{"start": 1854, "end": 1870, "headway_min": 720, "note": "The South Side Railroad was completed in 1854 from City Point through Petersburg to Lynchburg, where it interchanged with the Virginia & Tennessee. Only the Petersburg-Lynchburg portion, the piece that became the N&W main line, is drawn. Consolidated into the Atlantic, Mississippi & Ohio on 12 November 1870. Frequency estimated.", "sources": ["Segment-level: the 1854 completion and the 1870 AM&O consolidation are from the N&WHS corporate timeline and Wikipedia; the headway is an estimate and is not sourced.", "https://www.nwhs.org/nw_timeline.php", "https://en.wikipedia.org/wiki/Southside_Railroad_(Virginia)", "https://en.wikipedia.org/wiki/Norfolk_and_Western_Railway"]}]}, "geometry": {"type": "LineString", "coordinates": [[-77.35651, 37.20486], [-77.36092, 37.20547], [-77.36563, 37.20463], [-77.41204, 37.18555], [-77.4201, 37.18422], [-77.42403, 37.18456], [-77.48487, 37.19644], [-77.54712, 37.19592], [-77.56649, 37.19953], [-77.57526, 37.20402], [-77.59012, 37.20548], [-77.59352, 37.20441], [-77.64369, 37.17518], [-77.67243, 37.16962], [-77.68144, 37.16523], [-77.71068, 37.16084], [-77.75069, 37.14309], [-77.7553, 37.14302], [-77.78424, 37.14703], [-77.8154, 37.14208], [-77.85698, 37.14353], [-77.8609, 37.14228], [-77.88141, 37.12869], [-77.88411, 37.12759], [-77.88791, 37.12769], [-77.89875, 37.1321], [-77.90999, 37.13255], [-77.91356, 37.13209], [-77.91624, 37.13088], [-77.92731, 37.12322], [-77.93065, 37.12231], [-77.93644, 37.122], [-77.93994, 37.12071], [-77.95055, 37.11083], [-77.96502, 37.10191], [-77.96862, 37.10057], [-77.98745, 37.09645], [-77.99136, 37.09477], [-77.994, 37.09271], [-77.99615, 37.08981], [-77.99908, 37.08038], [-78.0013, 37.07854], [-78.00452, 37.07774], [-78.01754, 37.08007], [-78.02187, 37.08263], [-78.02349, 37.08526], [-78.02715, 37.09783], [-78.0403, 37.10854], [-78.04163, 37.11081], [-78.04306, 37.11677], [-78.0445, 37.11859], [-78.04748, 37.11995], [-78.06005, 37.12185], [-78.06654, 37.12679], [-78.07855, 37.13168], [-78.08152, 37.13459], [-78.09083, 37.1491], [-78.09599, 37.15188], [-78.10472, 37.15291], [-78.10951, 37.155], [-78.11893, 37.16236], [-78.12277, 37.16974], [-78.12489, 37.172], [-78.13718, 37.18334], [-78.14413, 37.18726], [-78.14885, 37.18838], [-78.22147, 37.18759], [-78.22612, 37.18657], [-78.23117, 37.18415], [-78.25851, 37.16317], [-78.30673, 37.1393], [-78.31745, 37.12963], [-78.32215, 37.11909], [-78.32443, 37.11584], [-78.33198, 37.10885], [-78.33482, 37.10707], [-78.33783, 37.10603], [-78.34151, 37.10565], [-78.35924, 37.10766], [-78.36445, 37.10738], [-78.36994, 37.10536], [-78.38208, 37.09593], [-78.38823, 37.09311], [-78.41848, 37.08459], [-78.44218, 37.08375], [-78.44975, 37.08595], [-78.4597, 37.09275], [-78.46383, 37.09476], [-78.48076, 37.09789], [-78.49372, 37.10349], [-78.49849, 37.10783], [-78.50961, 37.12626], [-78.51212, 37.12896], [-78.51765, 37.13155], [-78.53314, 37.13336], [-78.53703, 37.13466], [-78.54012, 37.1367], [-78.54796, 37.14574], [-78.55132, 37.14777], [-78.55543, 37.14884], [-78.56282, 37.14897], [-78.56667, 37.14782], [-78.57542, 37.14338], [-78.57907, 37.14263], [-78.58266, 37.14274], [-78.58629, 37.14362], [-78.62115, 37.15996], [-78.63213, 37.16918], [-78.63578, 37.17321], [-78.64915, 37.1889], [-78.65233, 37.19631], [-78.65547, 37.20012], [-78.66076, 37.20303], [-78.67507, 37.2061], [-78.67938, 37.20787], [-78.68386, 37.21129], [-78.68783, 37.2163], [-78.68893, 37.21933], [-78.68882, 37.22267], [-78.68233, 37.23713], [-78.68023, 37.25906], [-78.68142, 37.26338], [-78.68869, 37.27479], [-78.69268, 37.27705], [-78.73828, 37.29095], [-78.77007, 37.31087], [-78.77203, 37.31317], [-78.77556, 37.32064], [-78.77929, 37.32363], [-78.78225, 37.32456], [-78.78552, 37.32477], [-78.79221, 37.32288], [-78.79503, 37.32298], [-78.79728, 37.32385], [-78.80114, 37.32847], [-78.81305, 37.34755], [-78.8163, 37.34942], [-78.82688, 37.35307], [-78.83452, 37.35489], [-78.84283, 37.3616], [-78.84708, 37.36207], [-78.87425, 37.35851], [-78.89743, 37.35827], [-78.90519, 37.35523], [-78.90934, 37.34782], [-78.91256, 37.34624], [-78.9254, 37.34567], [-78.94357, 37.35018], [-78.94696, 37.3501], [-78.95999, 37.34555], [-78.98425, 37.32907], [-78.99385, 37.32521], [-79.00619, 37.32265], [-79.01278, 37.31985], [-79.01518, 37.31965], [-79.01814, 37.32096], [-79.02359, 37.32724], [-79.03047, 37.32996], [-79.03223, 37.33134], [-79.03289, 37.33363], [-79.03143, 37.34029], [-79.03507, 37.34525], [-79.04346, 37.34662], [-79.04886, 37.34831], [-79.05399, 37.3476], [-79.05598, 37.34784], [-79.07131, 37.35548], [-79.07466, 37.35651], [-79.07859, 37.35664], [-79.08544, 37.35499], [-79.08764, 37.35505], [-79.10287, 37.36096], [-79.11552, 37.37126], [-79.11567, 37.3736], [-79.11304, 37.37905], [-79.11369, 37.38098], [-79.11617, 37.38426], [-79.11915, 37.38517], [-79.1255, 37.38453], [-79.13124, 37.38586], [-79.14375, 37.39197], [-79.14777, 37.39249]]}}, {"type": "Feature", "properties": {"company": "Virginia and Tennessee Railroad", "line": "Virginia and Tennessee: Lynchburg \u2013 Big Lick", "id": "vt-lynchburg-big-lick", "color": "#2f4b7c", "mode": "intercity_rail", "avg_speed_kmh": 55, "speed_source": "estimated: steam-era schedules over this profile are not sourced here; the figure is an editorial average including stops, not a documented timing.", "geometry_quality": "real-traced from OpenStreetMap (NS Blue Ridge District, Lynchburg-Roanoke). 50.6 mi traced against about 52 mi documented. No straight-line approximation. ERA WARNING: today's alignment, later eased and partly relocated by N&W.", "segments": [{"start": 1852, "end": 1870, "headway_min": 720, "note": "The first V&T train reached Big Lick - the village that became Roanoke - on 1 November 1852, four years before the railroad was finished to Bristol. This 52-mile piece is drawn from that date because it opened first. Consolidated into the Atlantic, Mississippi & Ohio on 12 November 1870. Frequency estimated.", "sources": ["Segment-level: the 1 November 1852 arrival at Big Lick is from the Encyclopedia Virginia / historical marker record and the Wikipedia V&T article; the headway is an estimate and is not sourced.", "https://en.wikipedia.org/wiki/Virginia_and_Tennessee_Railroad", "https://www.nwhs.org/nw_timeline.php"]}]}, "geometry": {"type": "LineString", "coordinates": [[-79.14777, 37.39249], [-79.15743, 37.39278], [-79.15956, 37.39222], [-79.17046, 37.38598], [-79.17558, 37.37607], [-79.17817, 37.37332], [-79.18243, 37.37139], [-79.19269, 37.3692], [-79.1962, 37.36916], [-79.21007, 37.37135], [-79.23106, 37.3679], [-79.24025, 37.367], [-79.24321, 37.36618], [-79.25815, 37.35939], [-79.26156, 37.35865], [-79.27252, 37.36097], [-79.29064, 37.36156], [-79.30694, 37.36639], [-79.32257, 37.36675], [-79.34173, 37.36483], [-79.3494, 37.36237], [-79.35918, 37.36228], [-79.36808, 37.35918], [-79.37569, 37.36014], [-79.38159, 37.35936], [-79.38852, 37.3575], [-79.39635, 37.3589], [-79.40057, 37.35891], [-79.40981, 37.3566], [-79.42107, 37.35618], [-79.44071, 37.34717], [-79.4581, 37.34592], [-79.4646, 37.34846], [-79.46738, 37.34882], [-79.47423, 37.34661], [-79.48898, 37.34496], [-79.49102, 37.34423], [-79.50482, 37.33555], [-79.50815, 37.33446], [-79.51152, 37.33413], [-79.52682, 37.33667], [-79.53813, 37.34013], [-79.56287, 37.34436], [-79.57561, 37.34903], [-79.5846, 37.35047], [-79.59333, 37.353], [-79.6027, 37.35466], [-79.60871, 37.35478], [-79.63688, 37.35131], [-79.64636, 37.35268], [-79.6565, 37.35638], [-79.67093, 37.35856], [-79.67977, 37.36117], [-79.68861, 37.36524], [-79.70301, 37.37601], [-79.71708, 37.38364], [-79.72131, 37.38698], [-79.73774, 37.39044], [-79.7425, 37.3947], [-79.74487, 37.39487], [-79.75093, 37.39322], [-79.75789, 37.39287], [-79.7695, 37.39456], [-79.78026, 37.39387], [-79.78658, 37.39112], [-79.79494, 37.38512], [-79.79736, 37.38136], [-79.80243, 37.3766], [-79.80441, 37.37325], [-79.80676, 37.37087], [-79.80841, 37.36515], [-79.81722, 37.35469], [-79.82497, 37.35196], [-79.833, 37.34826], [-79.83985, 37.342], [-79.84491, 37.33896], [-79.85234, 37.33575], [-79.85763, 37.33525], [-79.85997, 37.33404], [-79.86361, 37.32942], [-79.8693, 37.31779], [-79.87211, 37.31415], [-79.87386, 37.30394], [-79.87485, 37.30167], [-79.89581, 37.28379], [-79.90248, 37.27955], [-79.91661, 37.27981], [-79.92677, 37.2771], [-79.93353, 37.27418], [-79.93725, 37.27326], [-79.94102, 37.27323]]}}, {"type": "Feature", "properties": {"company": "Virginia and Tennessee Railroad", "line": "Virginia and Tennessee: Big Lick \u2013 Bristol", "id": "vt-big-lick-bristol", "color": "#2f4b7c", "mode": "intercity_rail", "avg_speed_kmh": 55, "speed_source": "estimated: steam-era schedules over this profile are not sourced here; the figure is an editorial average including stops, not a documented timing.", "geometry_quality": "real-traced from OpenStreetMap (NS Whitethorne/Christiansburg Districts to Radford, then Pulaski District to Bristol). 150.0 mi traced against about 152 mi documented (204 mi Lynchburg-Bristol less 52 mi Lynchburg-Roanoke). No straight-line approximation. ERA WARNING: today's alignment - the Christiansburg mountain crossing and the New River approach to Radford were both rebuilt by N&W long after the V&T era.", "segments": [{"start": 1856, "end": 1870, "headway_min": 720, "note": "The Virginia & Tennessee was completed to Bristol on 1 October 1856, 204 miles from Lynchburg, giving Virginia a through line to the Tennessee gateway. Consolidated into the Atlantic, Mississippi & Ohio on 12 November 1870. Frequency estimated.", "sources": ["Segment-level: the 1 October 1856 completion and 204-mile length are from the N&WHS timeline and the Wikipedia V&T article; the headway is an estimate and is not sourced.", "https://en.wikipedia.org/wiki/Virginia_and_Tennessee_Railroad", "https://www.nwhs.org/nw_timeline.php"]}]}, "geometry": {"type": "LineString", "coordinates": [[-79.94102, 37.27323], [-79.95174, 37.27394], [-79.96218, 37.27688], [-79.9668, 37.2771], [-79.97452, 37.27888], [-79.99173, 37.27457], [-80.00119, 37.26967], [-80.00336, 37.26982], [-80.00914, 37.27224], [-80.01883, 37.27211], [-80.02426, 37.27069], [-80.03124, 37.27128], [-80.03673, 37.27264], [-80.06557, 37.28578], [-80.07766, 37.28795], [-80.0816, 37.28785], [-80.13628, 37.27179], [-80.13901, 37.27052], [-80.14048, 37.26886], [-80.14103, 37.26657], [-80.13853, 37.25573], [-80.14092, 37.25037], [-80.14207, 37.2445], [-80.14392, 37.24291], [-80.14608, 37.24244], [-80.15922, 37.24334], [-80.16624, 37.24566], [-80.16914, 37.24556], [-80.17201, 37.24364], [-80.17294, 37.23644], [-80.17528, 37.23416], [-80.18565, 37.23196], [-80.19178, 37.23272], [-80.19536, 37.23238], [-80.20757, 37.22755], [-80.21559, 37.22165], [-80.21746, 37.22148], [-80.22434, 37.22267], [-80.2273, 37.22209], [-80.23004, 37.2207], [-80.23339, 37.21704], [-80.23889, 37.20728], [-80.23975, 37.20165], [-80.24423, 37.19227], [-80.24437, 37.18983], [-80.24548, 37.18765], [-80.24437, 37.18393], [-80.24562, 37.18156], [-80.2457, 37.17851], [-80.24934, 37.17232], [-80.25522, 37.16914], [-80.25799, 37.16943], [-80.26051, 37.17175], [-80.264, 37.17348], [-80.27191, 37.1735], [-80.27931, 37.17208], [-80.28393, 37.1701], [-80.28665, 37.16756], [-80.30513, 37.16185], [-80.30903, 37.15997], [-80.31531, 37.15853], [-80.32462, 37.15744], [-80.32946, 37.15437], [-80.33434, 37.1538], [-80.33896, 37.15167], [-80.34083, 37.15171], [-80.3443, 37.15326], [-80.36619, 37.15136], [-80.37226, 37.15017], [-80.37484, 37.1481], [-80.38026, 37.14557], [-80.38224, 37.14328], [-80.38652, 37.14156], [-80.38968, 37.14153], [-80.394, 37.14045], [-80.39943, 37.14134], [-80.40737, 37.14172], [-80.4138, 37.1399], [-80.41791, 37.14001], [-80.42319, 37.13928], [-80.43054, 37.1411], [-80.43775, 37.1445], [-80.4429, 37.14551], [-80.44587, 37.14777], [-80.45105, 37.14782], [-80.45237, 37.14893], [-80.45274, 37.15133], [-80.45374, 37.15241], [-80.46087, 37.15462], [-80.46607, 37.15519], [-80.47467, 37.16078], [-80.47885, 37.16114], [-80.48324, 37.16344], [-80.49487, 37.16293], [-80.49693, 37.16199], [-80.49794, 37.1589], [-80.49923, 37.15779], [-80.51168, 37.15546], [-80.52388, 37.14972], [-80.52489, 37.14818], [-80.52677, 37.13583], [-80.52834, 37.13349], [-80.52986, 37.13259], [-80.533, 37.1329], [-80.54016, 37.13573], [-80.55071, 37.14128], [-80.55668, 37.14158], [-80.56152, 37.141], [-80.56551, 37.13982], [-80.57105, 37.13784], [-80.57993, 37.13349], [-80.59214, 37.13629], [-80.60126, 37.13422], [-80.60617, 37.1356], [-80.60784, 37.13507], [-80.60968, 37.1331], [-80.61115, 37.13247], [-80.61753, 37.13371], [-80.62742, 37.13224], [-80.64578, 37.1277], [-80.64917, 37.12589], [-80.65221, 37.12273], [-80.66745, 37.1164], [-80.67129, 37.11342], [-80.68261, 37.10695], [-80.68833, 37.1025], [-80.7016, 37.09812], [-80.70285, 37.09678], [-80.70267, 37.09383], [-80.70547, 37.08848], [-80.72316, 37.07329], [-80.72829, 37.06268], [-80.73011, 37.06154], [-80.74613, 37.05568], [-80.75001, 37.04875], [-80.75298, 37.04638], [-80.75681, 37.04565], [-80.79134, 37.04627], [-80.79445, 37.04443], [-80.79757, 37.04367], [-80.80199, 37.04143], [-80.80835, 37.03577], [-80.81062, 37.03576], [-80.81291, 37.03748], [-80.81504, 37.03772], [-80.81897, 37.0353], [-80.82719, 37.03391], [-80.83052, 37.03152], [-80.83549, 37.02989], [-80.83742, 37.03056], [-80.83975, 37.03355], [-80.84239, 37.03405], [-80.84592, 37.03181], [-80.85058, 37.03093], [-80.85358, 37.02938], [-80.85779, 37.02905], [-80.86036, 37.02667], [-80.86376, 37.02575], [-80.86591, 37.02406], [-80.86849, 37.02305], [-80.87008, 37.02065], [-80.8745, 37.01749], [-80.87528, 37.01459], [-80.87353, 37.01074], [-80.87355, 37.00663], [-80.87492, 37.0042], [-80.87997, 36.99981], [-80.88333, 36.99865], [-80.89403, 37.00057], [-80.89859, 36.99978], [-80.90603, 37.0003], [-80.91027, 37.00121], [-80.91221, 37.00086], [-80.91827, 36.99597], [-80.92379, 36.98697], [-80.93044, 36.97884], [-80.93622, 36.97323], [-80.94048, 36.97305], [-80.94662, 36.97094], [-80.96663, 36.97017], [-80.97442, 36.96854], [-80.9819, 36.96612], [-80.98383, 36.96624], [-80.98709, 36.96764], [-80.99151, 36.9677], [-80.99477, 36.96601], [-81.00347, 36.95624], [-81.01683, 36.95306], [-81.02709, 36.94724], [-81.04184, 36.94688], [-81.04937, 36.94428], [-81.05287, 36.94374], [-81.0556, 36.94392], [-81.05897, 36.94585], [-81.06156, 36.9461], [-81.06623, 36.9439], [-81.07459, 36.94207], [-81.08032, 36.94164], [-81.08936, 36.93794], [-81.09525, 36.9373], [-81.1023, 36.93468], [-81.10783, 36.93355], [-81.11164, 36.9335], [-81.11629, 36.93192], [-81.1213, 36.9318], [-81.13467, 36.92786], [-81.13616, 36.92697], [-81.14406, 36.91876], [-81.15036, 36.9144], [-81.15613, 36.91311], [-81.1642, 36.90974], [-81.16885, 36.90662], [-81.17107, 36.9027], [-81.17315, 36.90094], [-81.17681, 36.89958], [-81.17956, 36.8977], [-81.18502, 36.89684], [-81.18722, 36.89582], [-81.18844, 36.89447], [-81.18899, 36.89037], [-81.19272, 36.88507], [-81.19673, 36.88186], [-81.20177, 36.88017], [-81.23256, 36.87751], [-81.2352, 36.8777], [-81.23729, 36.87858], [-81.25476, 36.89058], [-81.26531, 36.89398], [-81.2823, 36.89366], [-81.28748, 36.89284], [-81.30329, 36.89347], [-81.31133, 36.89147], [-81.32552, 36.89109], [-81.33391, 36.88859], [-81.35027, 36.88888], [-81.35434, 36.88761], [-81.35911, 36.88722], [-81.37115, 36.88215], [-81.37332, 36.88258], [-81.37599, 36.88451], [-81.37791, 36.88462], [-81.37981, 36.88368], [-81.38421, 36.87871], [-81.39085, 36.87631], [-81.3994, 36.87468], [-81.42253, 36.868], [-81.45289, 36.86195], [-81.47667, 36.85442], [-81.48045, 36.85374], [-81.48592, 36.85031], [-81.49858, 36.83957], [-81.50379, 36.83661], [-81.50688, 36.8365], [-81.51069, 36.83923], [-81.51233, 36.83976], [-81.51946, 36.83771], [-81.52425, 36.83504], [-81.52971, 36.82797], [-81.53529, 36.82506], [-81.54119, 36.82407], [-81.55349, 36.82033], [-81.55913, 36.81926], [-81.56567, 36.8142], [-81.57082, 36.8123], [-81.58706, 36.81475], [-81.59048, 36.81716], [-81.59551, 36.81903], [-81.60246, 36.82023], [-81.61282, 36.81552], [-81.61572, 36.81313], [-81.62531, 36.81028], [-81.63877, 36.81159], [-81.65137, 36.81008], [-81.65998, 36.80982], [-81.68354, 36.79647], [-81.68989, 36.7917], [-81.6917, 36.79103], [-81.6972, 36.79074], [-81.70146, 36.79308], [-81.70885, 36.79558], [-81.7157, 36.79434], [-81.72462, 36.7956], [-81.72956, 36.79344], [-81.73967, 36.79139], [-81.74449, 36.79373], [-81.74719, 36.79752], [-81.75052, 36.79817], [-81.77812, 36.78866], [-81.78293, 36.78756], [-81.78999, 36.78238], [-81.79684, 36.77922], [-81.81592, 36.77495], [-81.83207, 36.77492], [-81.84175, 36.76994], [-81.84816, 36.76577], [-81.88511, 36.75448], [-81.89543, 36.7478], [-81.90245, 36.74537], [-81.90935, 36.73819], [-81.92011, 36.73501], [-81.92539, 36.73017], [-81.9398, 36.72162], [-81.95429, 36.71683], [-81.97, 36.71008], [-81.98656, 36.70635], [-81.99584, 36.70559], [-82.00307, 36.70626], [-82.00998, 36.70856], [-82.02279, 36.70761], [-82.04917, 36.69561], [-82.07145, 36.68294], [-82.09241, 36.67296], [-82.11061, 36.66224], [-82.11932, 36.65901], [-82.12678, 36.65361], [-82.12879, 36.65052], [-82.12721, 36.64133], [-82.12842, 36.63785], [-82.13247, 36.63521], [-82.13587, 36.63096], [-82.14526, 36.62454], [-82.14923, 36.62327], [-82.15533, 36.62357], [-82.15744, 36.62311], [-82.16685, 36.61556], [-82.16867, 36.61166], [-82.1714, 36.60954], [-82.17245, 36.60528], [-82.18006, 36.59489]]}}, {"type": "Feature", "properties": {"company": "Atlantic, Mississippi and Ohio Railroad", "line": "Atlantic, Mississippi and Ohio: Norfolk \u2013 Bristol", "id": "amo-norfolk-bristol", "color": "#5e3a6e", "mode": "intercity_rail", "avg_speed_kmh": 55, "speed_source": "estimated: steam-era schedules over this profile are not sourced here; the figure is an editorial average including stops, not a documented timing.", "geometry_quality": "real-traced from OpenStreetMap: the Norfolk Southern districts that are the original N&W main line (Norfolk District, Blue Ridge District, Whitethorne/Christiansburg Districts, Pulaski District), assembled by corridor-constrained shortest path through Petersburg, Lynchburg, Roanoke and Bristol. 401.3 mi traced against 408 mi documented Norfolk-Bristol. No straight-line approximation over 1 mi. Two gaps account for the shortfall: the trace stops 0.8 mi short of the N&W's Norfolk terminal station site (that trackage is lifted), and at Petersburg it follows the through alignment, passing about 2.3 mi south of Petersburg Union Station rather than running into it (the station stub survives in OSM only as an out-and-back spur and was trimmed). ERA WARNING: this is today's alignment. N&W rebuilt and eased much of the main line after 1900 - the Elliston-Christiansburg mountain crossing and the Merrimac grade in particular - so the 1850s-1880s features drawn on it follow a later line than the one their trains actually used. Straight-line repair 2026-08-29: 1 ruled segment totalling 53 mi replaced with OpenStreetMap-traced rail geometry (see geometry_repairs for the OSM lines each one followed).", "segments": [{"start": 1870, "end": 1881, "headway_min": 480, "note": "Formed 12 November 1870 by consolidating the Norfolk & Petersburg, South Side and Virginia & Tennessee into one 408-mile railroad from Norfolk to Bristol, under William Mahone, with headquarters at Lynchburg. Sold under foreclosure on 9 February 1881 to E. W. Clark & Co. and renamed the Norfolk & Western. Frequency estimated.", "sources": ["Segment-level: the 12 November 1870 consolidation, the 408-mile Norfolk-Bristol figure and the 9 February 1881 foreclosure sale are from the N&WHS corporate timeline and Wikipedia; the headway is an estimate and is not sourced.", "https://www.nwhs.org/nw_timeline.php", "https://en.wikipedia.org/wiki/Norfolk_and_Western_Railway"]}], "geometry_repairs": [{"date": "2026-08-29", "from": [-76.61176, 36.72216], "to": [-77.35087, 37.20298], "chord_mi": 52.56, "traced_mi": 52.64, "snap_m": [0, 0], "bridged_mi": 0.0, "osm_lines": ["Norfolk District (52.64 mi)"], "method": "Overpass rail graph, 8.0 km corridor, Dijkstra, simplified to 3.0 m"}]}, "geometry": {"type": "LineString", "coordinates": [[-76.29029, 36.83431], [-76.28761, 36.83316], [-76.2858, 36.82747], [-76.28088, 36.8237], [-76.27864, 36.82359], [-76.27465, 36.82482], [-76.27164, 36.82251], [-76.2669, 36.80015], [-76.26721, 36.79331], [-76.27013, 36.78683], [-76.27537, 36.78139], [-76.28303, 36.77729], [-76.6078, 36.72234], [-76.611759, 36.7221577], [-76.613389, 36.722395], [-76.614236, 36.722599], [-76.615196, 36.72292], [-76.616604, 36.72351], [-76.618059, 36.72435], [-76.714445, 36.787728], [-76.8109276, 36.8510708], [-76.8965851, 36.9072048], [-76.9937277, 36.9706936], [-77.0546222, 37.0104403], [-77.1623118, 37.0805736], [-77.248217, 37.1364025], [-77.3400825, 37.1959826], [-77.342968, 37.1980023], [-77.3500491, 37.202568], [-77.3508658, 37.2029771], [-77.35802, 37.20524], [-77.36176, 37.20542], [-77.36563, 37.20463], [-77.41204, 37.18555], [-77.4201, 37.18422], [-77.42403, 37.18456], [-77.48487, 37.19644], [-77.54712, 37.19592], [-77.56649, 37.19953], [-77.57526, 37.20402], [-77.59012, 37.20548], [-77.59352, 37.20441], [-77.64369, 37.17518], [-77.67243, 37.16962], [-77.68144, 37.16523], [-77.71068, 37.16084], [-77.75069, 37.14309], [-77.7553, 37.14302], [-77.78424, 37.14703], [-77.8154, 37.14208], [-77.85698, 37.14353], [-77.8609, 37.14228], [-77.88141, 37.12869], [-77.88411, 37.12759], [-77.88791, 37.12769], [-77.89875, 37.1321], [-77.90999, 37.13255], [-77.91356, 37.13209], [-77.91624, 37.13088], [-77.92731, 37.12322], [-77.93065, 37.12231], [-77.93644, 37.122], [-77.93994, 37.12071], [-77.95055, 37.11083], [-77.96502, 37.10191], [-77.96862, 37.10057], [-77.98745, 37.09645], [-77.99136, 37.09477], [-77.994, 37.09271], [-77.99615, 37.08981], [-77.99908, 37.08038], [-78.0013, 37.07854], [-78.00452, 37.07774], [-78.01754, 37.08007], [-78.02187, 37.08263], [-78.02349, 37.08526], [-78.02715, 37.09783], [-78.0403, 37.10854], [-78.04163, 37.11081], [-78.04306, 37.11677], [-78.0445, 37.11859], [-78.04748, 37.11995], [-78.06005, 37.12185], [-78.06654, 37.12679], [-78.07855, 37.13168], [-78.08152, 37.13459], [-78.09083, 37.1491], [-78.09599, 37.15188], [-78.10472, 37.15291], [-78.10951, 37.155], [-78.11893, 37.16236], [-78.12277, 37.16974], [-78.12489, 37.172], [-78.13718, 37.18334], [-78.14413, 37.18726], [-78.14885, 37.18838], [-78.22147, 37.18759], [-78.22612, 37.18657], [-78.23117, 37.18415], [-78.25851, 37.16317], [-78.30673, 37.1393], [-78.31745, 37.12963], [-78.32215, 37.11909], [-78.32443, 37.11584], [-78.33198, 37.10885], [-78.33482, 37.10707], [-78.33783, 37.10603], [-78.34151, 37.10565], [-78.35924, 37.10766], [-78.36445, 37.10738], [-78.36994, 37.10536], [-78.38208, 37.09593], [-78.38823, 37.09311], [-78.41848, 37.08459], [-78.4413, 37.08367], [-78.44601, 37.08451], [-78.44975, 37.08595], [-78.4597, 37.09275], [-78.46383, 37.09476], [-78.48076, 37.09789], [-78.49372, 37.10349], [-78.49849, 37.10783], [-78.50961, 37.12626], [-78.51212, 37.12896], [-78.51765, 37.13155], [-78.53314, 37.13336], [-78.53703, 37.13466], [-78.54012, 37.1367], [-78.54796, 37.14574], [-78.55132, 37.14777], [-78.55543, 37.14884], [-78.56282, 37.14897], [-78.56667, 37.14782], [-78.57542, 37.14338], [-78.57907, 37.14263], [-78.58266, 37.14274], [-78.58629, 37.14362], [-78.62115, 37.15996], [-78.63213, 37.16918], [-78.63578, 37.17321], [-78.64915, 37.1889], [-78.65233, 37.19631], [-78.65547, 37.20012], [-78.66076, 37.20303], [-78.67507, 37.2061], [-78.67938, 37.20787], [-78.68386, 37.21129], [-78.68783, 37.2163], [-78.68893, 37.21933], [-78.68882, 37.22267], [-78.68233, 37.23713], [-78.68023, 37.25906], [-78.68142, 37.26338], [-78.68869, 37.27479], [-78.69268, 37.27705], [-78.73828, 37.29095], [-78.77007, 37.31087], [-78.77203, 37.31317], [-78.77556, 37.32064], [-78.77929, 37.32363], [-78.78225, 37.32456], [-78.78552, 37.32477], [-78.79221, 37.32288], [-78.79503, 37.32298], [-78.79728, 37.32385], [-78.80114, 37.32847], [-78.81305, 37.34755], [-78.8163, 37.34942], [-78.82688, 37.35307], [-78.83452, 37.35489], [-78.84129, 37.36073], [-78.84377, 37.36191], [-78.84708, 37.36207], [-78.87344, 37.35857], [-78.89743, 37.35827], [-78.90519, 37.35523], [-78.90934, 37.34782], [-78.91256, 37.34624], [-78.9254, 37.34567], [-78.94357, 37.35018], [-78.94696, 37.3501], [-78.95999, 37.34555], [-78.98425, 37.32907], [-78.99385, 37.32521], [-79.00619, 37.32265], [-79.01278, 37.31985], [-79.01518, 37.31965], [-79.01814, 37.32096], [-79.02359, 37.32724], [-79.03047, 37.32996], [-79.03223, 37.33134], [-79.03289, 37.33363], [-79.03143, 37.34029], [-79.03374, 37.3441], [-79.03537, 37.3454], [-79.04346, 37.34662], [-79.04886, 37.34831], [-79.05399, 37.3476], [-79.05598, 37.34784], [-79.07131, 37.35548], [-79.07466, 37.35651], [-79.0794, 37.35654], [-79.08596, 37.35493], [-79.08884, 37.35544], [-79.10396, 37.36149], [-79.11489, 37.37036], [-79.11577, 37.3732], [-79.11306, 37.3793], [-79.11512, 37.38327], [-79.11657, 37.3845], [-79.11915, 37.38517], [-79.1255, 37.38453], [-79.13199, 37.38606], [-79.14506, 37.39231], [-79.15743, 37.39278], [-79.15956, 37.39222], [-79.17006, 37.38635], [-79.17586, 37.37564], [-79.17861, 37.37302], [-79.18243, 37.37139], [-79.19269, 37.3692], [-79.1962, 37.36916], [-79.21007, 37.37135], [-79.23106, 37.3679], [-79.24025, 37.367], [-79.24321, 37.36618], [-79.25815, 37.35939], [-79.26156, 37.35865], [-79.27252, 37.36097], [-79.29064, 37.36156], [-79.30694, 37.36639], [-79.32257, 37.36675], [-79.34173, 37.36483], [-79.3494, 37.36237], [-79.35918, 37.36228], [-79.36808, 37.35918], [-79.37569, 37.36014], [-79.38159, 37.35936], [-79.38852, 37.3575], [-79.39635, 37.3589], [-79.40057, 37.35891], [-79.40981, 37.3566], [-79.42107, 37.35618], [-79.44071, 37.34717], [-79.4581, 37.34592], [-79.4646, 37.34846], [-79.46738, 37.34882], [-79.47423, 37.34661], [-79.48898, 37.34496], [-79.49102, 37.34423], [-79.50482, 37.33555], [-79.50815, 37.33446], [-79.51205, 37.33414], [-79.52682, 37.33667], [-79.53769, 37.34004], [-79.56287, 37.34436], [-79.57561, 37.34903], [-79.5846, 37.35047], [-79.59333, 37.353], [-79.6027, 37.35466], [-79.60871, 37.35478], [-79.63688, 37.35131], [-79.64636, 37.35268], [-79.6565, 37.35638], [-79.67093, 37.35856], [-79.67977, 37.36117], [-79.68861, 37.36524], [-79.70301, 37.37601], [-79.71708, 37.38364], [-79.72131, 37.38698], [-79.73774, 37.39044], [-79.7425, 37.3947], [-79.74487, 37.39487], [-79.75093, 37.39322], [-79.75832, 37.39287], [-79.7711, 37.39456], [-79.78204, 37.39342], [-79.78756, 37.39052], [-79.79446, 37.38558], [-79.79736, 37.38136], [-79.80243, 37.3766], [-79.80441, 37.37325], [-79.80676, 37.37087], [-79.80841, 37.36515], [-79.81744, 37.35453], [-79.82497, 37.35196], [-79.833, 37.34826], [-79.83985, 37.342], [-79.84491, 37.33896], [-79.85234, 37.33575], [-79.85763, 37.33525], [-79.85975, 37.33424], [-79.86361, 37.32942], [-79.8693, 37.31779], [-79.87211, 37.31415], [-79.87386, 37.30394], [-79.87512, 37.30131], [-79.88655, 37.29119], [-79.90162, 37.27981], [-79.90426, 37.27934], [-79.91686, 37.27977], [-79.92677, 37.2771], [-79.93267, 37.27445], [-79.93748, 37.27323], [-79.95141, 37.27389], [-79.96218, 37.27688], [-79.9668, 37.2771], [-79.97495, 37.27886], [-79.99173, 37.27457], [-80.00014, 37.26993], [-80.00196, 37.2696], [-80.00914, 37.27224], [-80.01883, 37.27211], [-80.02426, 37.27069], [-80.0336, 37.27165], [-80.06557, 37.28578], [-80.07766, 37.28795], [-80.0816, 37.28785], [-80.13628, 37.27179], [-80.13901, 37.27052], [-80.14048, 37.26886], [-80.14103, 37.26657], [-80.13853, 37.25573], [-80.14092, 37.25037], [-80.14207, 37.2445], [-80.14392, 37.24291], [-80.14608, 37.24244], [-80.15922, 37.24334], [-80.16624, 37.24566], [-80.16914, 37.24556], [-80.17201, 37.24364], [-80.17294, 37.23644], [-80.17528, 37.23416], [-80.18565, 37.23196], [-80.19178, 37.23272], [-80.19536, 37.23238], [-80.20757, 37.22755], [-80.21559, 37.22165], [-80.21746, 37.22148], [-80.22434, 37.22267], [-80.2273, 37.22209], [-80.23004, 37.2207], [-80.23339, 37.21704], [-80.23889, 37.20728], [-80.23975, 37.20165], [-80.24423, 37.19227], [-80.24437, 37.18983], [-80.24548, 37.18765], [-80.24437, 37.18393], [-80.24562, 37.18156], [-80.2457, 37.17851], [-80.24934, 37.17232], [-80.25522, 37.16914], [-80.25799, 37.16943], [-80.26051, 37.17175], [-80.264, 37.17348], [-80.27191, 37.1735], [-80.27931, 37.17208], [-80.28393, 37.1701], [-80.28665, 37.16756], [-80.30513, 37.16185], [-80.30903, 37.15997], [-80.31531, 37.15853], [-80.32462, 37.15744], [-80.32946, 37.15437], [-80.33434, 37.1538], [-80.33896, 37.15167], [-80.34083, 37.15171], [-80.3443, 37.15326], [-80.36619, 37.15136], [-80.37226, 37.15017], [-80.37484, 37.1481], [-80.38026, 37.14557], [-80.38224, 37.14328], [-80.38652, 37.14156], [-80.38968, 37.14153], [-80.394, 37.14045], [-80.39943, 37.14134], [-80.40737, 37.14172], [-80.4138, 37.1399], [-80.41791, 37.14001], [-80.42319, 37.13928], [-80.43054, 37.1411], [-80.43775, 37.1445], [-80.4429, 37.14551], [-80.44587, 37.14777], [-80.45105, 37.14782], [-80.45237, 37.14893], [-80.45274, 37.15133], [-80.45374, 37.15241], [-80.46087, 37.15462], [-80.46607, 37.15519], [-80.47467, 37.16078], [-80.47885, 37.16114], [-80.48324, 37.16344], [-80.49487, 37.16293], [-80.49693, 37.16199], [-80.49794, 37.1589], [-80.49923, 37.15779], [-80.51168, 37.15546], [-80.52388, 37.14972], [-80.52489, 37.14818], [-80.52677, 37.13583], [-80.52834, 37.13349], [-80.52986, 37.13259], [-80.533, 37.1329], [-80.54016, 37.13573], [-80.55071, 37.14128], [-80.55668, 37.14158], [-80.56152, 37.141], [-80.56551, 37.13982], [-80.57105, 37.13784], [-80.57993, 37.13349], [-80.59214, 37.13629], [-80.60126, 37.13422], [-80.60617, 37.1356], [-80.60784, 37.13507], [-80.60968, 37.1331], [-80.61115, 37.13247], [-80.61753, 37.13371], [-80.62742, 37.13224], [-80.64578, 37.1277], [-80.64917, 37.12589], [-80.65221, 37.12273], [-80.66745, 37.1164], [-80.67129, 37.11342], [-80.68261, 37.10695], [-80.68833, 37.1025], [-80.7016, 37.09812], [-80.70285, 37.09678], [-80.70267, 37.09383], [-80.70547, 37.08848], [-80.72316, 37.07329], [-80.72829, 37.06268], [-80.73011, 37.06154], [-80.74613, 37.05568], [-80.75001, 37.04875], [-80.75298, 37.04638], [-80.75681, 37.04565], [-80.79134, 37.04627], [-80.79445, 37.04443], [-80.79757, 37.04367], [-80.80199, 37.04143], [-80.80835, 37.03577], [-80.81062, 37.03576], [-80.81291, 37.03748], [-80.81504, 37.03772], [-80.81897, 37.0353], [-80.82719, 37.03391], [-80.83052, 37.03152], [-80.83549, 37.02989], [-80.83742, 37.03056], [-80.83975, 37.03355], [-80.84239, 37.03405], [-80.84592, 37.03181], [-80.85058, 37.03093], [-80.85358, 37.02938], [-80.85779, 37.02905], [-80.86036, 37.02667], [-80.86376, 37.02575], [-80.86591, 37.02406], [-80.86849, 37.02305], [-80.87008, 37.02065], [-80.8745, 37.01749], [-80.87528, 37.01459], [-80.87353, 37.01074], [-80.87355, 37.00663], [-80.87492, 37.0042], [-80.87997, 36.99981], [-80.88333, 36.99865], [-80.89403, 37.00057], [-80.89859, 36.99978], [-80.90603, 37.0003], [-80.91027, 37.00121], [-80.91221, 37.00086], [-80.91827, 36.99597], [-80.92379, 36.98697], [-80.93044, 36.97884], [-80.93622, 36.97323], [-80.94048, 36.97305], [-80.94662, 36.97094], [-80.96663, 36.97017], [-80.97442, 36.96854], [-80.9819, 36.96612], [-80.98383, 36.96624], [-80.98709, 36.96764], [-80.99151, 36.9677], [-80.99477, 36.96601], [-81.00347, 36.95624], [-81.01683, 36.95306], [-81.02709, 36.94724], [-81.04184, 36.94688], [-81.04937, 36.94428], [-81.05287, 36.94374], [-81.0556, 36.94392], [-81.05897, 36.94585], [-81.06156, 36.9461], [-81.06623, 36.9439], [-81.07459, 36.94207], [-81.08032, 36.94164], [-81.08936, 36.93794], [-81.09525, 36.9373], [-81.1023, 36.93468], [-81.10783, 36.93355], [-81.11164, 36.9335], [-81.11629, 36.93192], [-81.1213, 36.9318], [-81.13467, 36.92786], [-81.13616, 36.92697], [-81.14406, 36.91876], [-81.15036, 36.9144], [-81.15613, 36.91311], [-81.1642, 36.90974], [-81.16885, 36.90662], [-81.17107, 36.9027], [-81.17315, 36.90094], [-81.17681, 36.89958], [-81.17956, 36.8977], [-81.18502, 36.89684], [-81.18722, 36.89582], [-81.18844, 36.89447], [-81.18899, 36.89037], [-81.19272, 36.88507], [-81.19673, 36.88186], [-81.20177, 36.88017], [-81.23256, 36.87751], [-81.2352, 36.8777], [-81.23729, 36.87858], [-81.25476, 36.89058], [-81.26531, 36.89398], [-81.2823, 36.89366], [-81.28748, 36.89284], [-81.30329, 36.89347], [-81.31133, 36.89147], [-81.32552, 36.89109], [-81.33391, 36.88859], [-81.35027, 36.88888], [-81.35434, 36.88761], [-81.35911, 36.88722], [-81.37115, 36.88215], [-81.37332, 36.88258], [-81.37599, 36.88451], [-81.37791, 36.88462], [-81.37981, 36.88368], [-81.38421, 36.87871], [-81.39085, 36.87631], [-81.3994, 36.87468], [-81.42253, 36.868], [-81.45289, 36.86195], [-81.47667, 36.85442], [-81.48045, 36.85374], [-81.48592, 36.85031], [-81.49858, 36.83957], [-81.50379, 36.83661], [-81.50688, 36.8365], [-81.51069, 36.83923], [-81.51233, 36.83976], [-81.51946, 36.83771], [-81.52425, 36.83504], [-81.52971, 36.82797], [-81.53529, 36.82506], [-81.54119, 36.82407], [-81.55349, 36.82033], [-81.55913, 36.81926], [-81.56567, 36.8142], [-81.57082, 36.8123], [-81.58706, 36.81475], [-81.59048, 36.81716], [-81.59551, 36.81903], [-81.60246, 36.82023], [-81.61282, 36.81552], [-81.61572, 36.81313], [-81.62531, 36.81028], [-81.63877, 36.81159], [-81.65137, 36.81008], [-81.65998, 36.80982], [-81.68354, 36.79647], [-81.68989, 36.7917], [-81.6917, 36.79103], [-81.6972, 36.79074], [-81.70146, 36.79308], [-81.70885, 36.79558], [-81.7157, 36.79434], [-81.72462, 36.7956], [-81.72956, 36.79344], [-81.73967, 36.79139], [-81.74449, 36.79373], [-81.74719, 36.79752], [-81.75052, 36.79817], [-81.77812, 36.78866], [-81.78293, 36.78756], [-81.78999, 36.78238], [-81.79684, 36.77922], [-81.81592, 36.77495], [-81.83207, 36.77492], [-81.84175, 36.76994], [-81.84816, 36.76577], [-81.88511, 36.75448], [-81.89543, 36.7478], [-81.90245, 36.74537], [-81.90935, 36.73819], [-81.92011, 36.73501], [-81.92539, 36.73017], [-81.9398, 36.72162], [-81.95429, 36.71683], [-81.97, 36.71008], [-81.98656, 36.70635], [-81.99584, 36.70559], [-82.00307, 36.70626], [-82.00998, 36.70856], [-82.02279, 36.70761], [-82.04917, 36.69561], [-82.07145, 36.68294], [-82.09241, 36.67296], [-82.11061, 36.66224], [-82.11932, 36.65901], [-82.12678, 36.65361], [-82.12879, 36.65052], [-82.12721, 36.64133], [-82.12842, 36.63785], [-82.13247, 36.63521], [-82.13587, 36.63096], [-82.14526, 36.62454], [-82.14923, 36.62327], [-82.15533, 36.62357], [-82.15744, 36.62311], [-82.16685, 36.61556], [-82.16867, 36.61166], [-82.1714, 36.60954], [-82.17245, 36.60528], [-82.18006, 36.59489]]}}, {"type": "Feature", "properties": {"company": "Norfolk and Western Railway", "line": "Norfolk and Western: Norfolk \u2013 Bristol", "id": "nw-main-norfolk-bristol", "color": "#023047", "mode": "intercity_rail", "avg_speed_kmh": 65, "speed_source": "estimated: steam-era schedules over this profile are not sourced here; the figure is an editorial average including stops, not a documented timing.", "geometry_quality": "real-traced from OpenStreetMap: the Norfolk Southern districts that are the original N&W main line (Norfolk District, Blue Ridge District, Whitethorne/Christiansburg Districts, Pulaski District), assembled by corridor-constrained shortest path through Petersburg, Lynchburg, Roanoke and Bristol. 401.3 mi traced against 408 mi documented Norfolk-Bristol. No straight-line approximation over 1 mi. Two gaps account for the shortfall: the trace stops 0.8 mi short of the N&W's Norfolk terminal station site (that trackage is lifted), and at Petersburg it follows the through alignment, passing about 2.3 mi south of Petersburg Union Station rather than running into it (the station stub survives in OSM only as an out-and-back spur and was trimmed). ERA WARNING: this is today's alignment. N&W rebuilt and eased much of the main line after 1900 - the Elliston-Christiansburg mountain crossing and the Merrimac grade in particular - so the 1850s-1880s features drawn on it follow a later line than the one their trains actually used. Straight-line repair 2026-08-29: 1 ruled segment totalling 53 mi replaced with OpenStreetMap-traced rail geometry (see geometry_repairs for the OSM lines each one followed).", "segments": [{"start": 1881, "end": 1896, "headway_min": 360, "note": "The Atlantic, Mississippi & Ohio became the Norfolk & Western Railroad on 9 February 1881. The new company moved its shops and headquarters to the junction village of Big Lick, renamed Roanoke in 1882, and the town went from a few hundred people to a railroad city. Union Station, between the N&W and Shenandoah Valley tracks in front of the Hotel Roanoke, opened in 1882. Frequency estimated.", "sources": ["Segment-level: the 1881 renaming and the move to Roanoke are from the N&WHS timeline and Wikipedia; the 1882 Union Station is from the Roanoke station article. The headway is an estimate and is not sourced.", "https://www.nwhs.org/nw_timeline.php", "https://en.wikipedia.org/wiki/Norfolk_and_Western_Railway", "https://en.wikipedia.org/wiki/Roanoke_station_(Virginia)"]}, {"start": 1896, "end": 1930, "headway_min": 300, "note": "Reorganized as the Norfolk & Western Railway in 1896. This is the era the map's 1898 view shows: Roanoke as the system's headquarters and main terminal, with the main line east to Norfolk and west to Bristol, the Shenandoah Valley line north to Hagerstown and the Winston-Salem line south all meeting there. The present Roanoke depot opened on the site of the 1882 station on 29 June 1905. Frequency estimated - no Official Guide page was consulted for this era.", "sources": ["NOT SOURCED AT SEGMENT LEVEL: the 1896 reorganization and the 1905 depot are sourced, but the 1898 service level behind this headway is not - nobody has checked a timetable for it.", "https://www.nwhs.org/nw_timeline.php", "https://en.wikipedia.org/wiki/Roanoke_station_(Virginia)"]}, {"start": 1930, "end": 1958, "headway_min": 300, "note": "The named-train era: the Pocahontas (Norfolk-Cincinnati), the Cavalier and, from 1946, the streamlined Powhatan Arrow, all of them calling at Roanoke; and, west of Lynchburg, the Southern Railway's Birmingham Special, Tennessean and Pelican, which N&W hauled over its own rails between Lynchburg and Bristol. Frequency estimated.", "sources": ["NOT SOURCED AT SEGMENT LEVEL: the trains named here are documented, but the 1930-1958 split and the headway are editorial and unsourced.", "https://en.wikipedia.org/wiki/Roanoke_station_(Virginia)", "https://en.wikipedia.org/wiki/Pocahontas_(train)", "https://en.wikipedia.org/wiki/Birmingham_Special"]}, {"start": 1958, "end": 1971, "headway_min": 720, "note": "Postwar decline. The Tennessean ended in 1968, the Powhatan Arrow on 23 May 1969, the Birmingham Special lost its name in February 1970 and was cut back to Bristol that August. N&W declined to join Amtrak, so all of it ended together: the last Pocahontas ran on 30 April 1971, the eve of Amtrak's first day, and with it passenger service over the whole Norfolk-Bristol main line. Frequency estimated.", "sources": ["Segment-level: the 1968 Tennessean, 23 May 1969 Powhatan Arrow, February/August 1970 Birmingham Special and 30 April 1971 final Pocahontas are from the Roanoke station, Pocahontas and Birmingham Special articles; the headway is an estimate and is not sourced.", "https://en.wikipedia.org/wiki/Roanoke_station_(Virginia)", "https://en.wikipedia.org/wiki/Pocahontas_(train)", "https://en.wikipedia.org/wiki/Birmingham_Special"]}], "geometry_repairs": [{"date": "2026-08-29", "from": [-76.61176, 36.72216], "to": [-77.35087, 37.20298], "chord_mi": 52.56, "traced_mi": 52.64, "snap_m": [0, 0], "bridged_mi": 0.0, "osm_lines": ["Norfolk District (52.64 mi)"], "method": "Overpass rail graph, 8.0 km corridor, Dijkstra, simplified to 3.0 m"}]}, "geometry": {"type": "LineString", "coordinates": [[-76.29029, 36.83431], [-76.28761, 36.83316], [-76.2858, 36.82747], [-76.28088, 36.8237], [-76.27864, 36.82359], [-76.27465, 36.82482], [-76.27164, 36.82251], [-76.2669, 36.80015], [-76.26721, 36.79331], [-76.27013, 36.78683], [-76.27537, 36.78139], [-76.28303, 36.77729], [-76.6078, 36.72234], [-76.611759, 36.7221577], [-76.613389, 36.722395], [-76.614236, 36.722599], [-76.615196, 36.72292], [-76.616604, 36.72351], [-76.618059, 36.72435], [-76.714445, 36.787728], [-76.8109276, 36.8510708], [-76.8965851, 36.9072048], [-76.9937277, 36.9706936], [-77.0546222, 37.0104403], [-77.1623118, 37.0805736], [-77.248217, 37.1364025], [-77.3400825, 37.1959826], [-77.342968, 37.1980023], [-77.3500491, 37.202568], [-77.3508658, 37.2029771], [-77.35802, 37.20524], [-77.36176, 37.20542], [-77.36563, 37.20463], [-77.41204, 37.18555], [-77.4201, 37.18422], [-77.42403, 37.18456], [-77.48487, 37.19644], [-77.54712, 37.19592], [-77.56649, 37.19953], [-77.57526, 37.20402], [-77.59012, 37.20548], [-77.59352, 37.20441], [-77.64369, 37.17518], [-77.67243, 37.16962], [-77.68144, 37.16523], [-77.71068, 37.16084], [-77.75069, 37.14309], [-77.7553, 37.14302], [-77.78424, 37.14703], [-77.8154, 37.14208], [-77.85698, 37.14353], [-77.8609, 37.14228], [-77.88141, 37.12869], [-77.88411, 37.12759], [-77.88791, 37.12769], [-77.89875, 37.1321], [-77.90999, 37.13255], [-77.91356, 37.13209], [-77.91624, 37.13088], [-77.92731, 37.12322], [-77.93065, 37.12231], [-77.93644, 37.122], [-77.93994, 37.12071], [-77.95055, 37.11083], [-77.96502, 37.10191], [-77.96862, 37.10057], [-77.98745, 37.09645], [-77.99136, 37.09477], [-77.994, 37.09271], [-77.99615, 37.08981], [-77.99908, 37.08038], [-78.0013, 37.07854], [-78.00452, 37.07774], [-78.01754, 37.08007], [-78.02187, 37.08263], [-78.02349, 37.08526], [-78.02715, 37.09783], [-78.0403, 37.10854], [-78.04163, 37.11081], [-78.04306, 37.11677], [-78.0445, 37.11859], [-78.04748, 37.11995], [-78.06005, 37.12185], [-78.06654, 37.12679], [-78.07855, 37.13168], [-78.08152, 37.13459], [-78.09083, 37.1491], [-78.09599, 37.15188], [-78.10472, 37.15291], [-78.10951, 37.155], [-78.11893, 37.16236], [-78.12277, 37.16974], [-78.12489, 37.172], [-78.13718, 37.18334], [-78.14413, 37.18726], [-78.14885, 37.18838], [-78.22147, 37.18759], [-78.22612, 37.18657], [-78.23117, 37.18415], [-78.25851, 37.16317], [-78.30673, 37.1393], [-78.31745, 37.12963], [-78.32215, 37.11909], [-78.32443, 37.11584], [-78.33198, 37.10885], [-78.33482, 37.10707], [-78.33783, 37.10603], [-78.34151, 37.10565], [-78.35924, 37.10766], [-78.36445, 37.10738], [-78.36994, 37.10536], [-78.38208, 37.09593], [-78.38823, 37.09311], [-78.41848, 37.08459], [-78.4413, 37.08367], [-78.44601, 37.08451], [-78.44975, 37.08595], [-78.4597, 37.09275], [-78.46383, 37.09476], [-78.48076, 37.09789], [-78.49372, 37.10349], [-78.49849, 37.10783], [-78.50961, 37.12626], [-78.51212, 37.12896], [-78.51765, 37.13155], [-78.53314, 37.13336], [-78.53703, 37.13466], [-78.54012, 37.1367], [-78.54796, 37.14574], [-78.55132, 37.14777], [-78.55543, 37.14884], [-78.56282, 37.14897], [-78.56667, 37.14782], [-78.57542, 37.14338], [-78.57907, 37.14263], [-78.58266, 37.14274], [-78.58629, 37.14362], [-78.62115, 37.15996], [-78.63213, 37.16918], [-78.63578, 37.17321], [-78.64915, 37.1889], [-78.65233, 37.19631], [-78.65547, 37.20012], [-78.66076, 37.20303], [-78.67507, 37.2061], [-78.67938, 37.20787], [-78.68386, 37.21129], [-78.68783, 37.2163], [-78.68893, 37.21933], [-78.68882, 37.22267], [-78.68233, 37.23713], [-78.68023, 37.25906], [-78.68142, 37.26338], [-78.68869, 37.27479], [-78.69268, 37.27705], [-78.73828, 37.29095], [-78.77007, 37.31087], [-78.77203, 37.31317], [-78.77556, 37.32064], [-78.77929, 37.32363], [-78.78225, 37.32456], [-78.78552, 37.32477], [-78.79221, 37.32288], [-78.79503, 37.32298], [-78.79728, 37.32385], [-78.80114, 37.32847], [-78.81305, 37.34755], [-78.8163, 37.34942], [-78.82688, 37.35307], [-78.83452, 37.35489], [-78.84129, 37.36073], [-78.84377, 37.36191], [-78.84708, 37.36207], [-78.87344, 37.35857], [-78.89743, 37.35827], [-78.90519, 37.35523], [-78.90934, 37.34782], [-78.91256, 37.34624], [-78.9254, 37.34567], [-78.94357, 37.35018], [-78.94696, 37.3501], [-78.95999, 37.34555], [-78.98425, 37.32907], [-78.99385, 37.32521], [-79.00619, 37.32265], [-79.01278, 37.31985], [-79.01518, 37.31965], [-79.01814, 37.32096], [-79.02359, 37.32724], [-79.03047, 37.32996], [-79.03223, 37.33134], [-79.03289, 37.33363], [-79.03143, 37.34029], [-79.03374, 37.3441], [-79.03537, 37.3454], [-79.04346, 37.34662], [-79.04886, 37.34831], [-79.05399, 37.3476], [-79.05598, 37.34784], [-79.07131, 37.35548], [-79.07466, 37.35651], [-79.0794, 37.35654], [-79.08596, 37.35493], [-79.08884, 37.35544], [-79.10396, 37.36149], [-79.11489, 37.37036], [-79.11577, 37.3732], [-79.11306, 37.3793], [-79.11512, 37.38327], [-79.11657, 37.3845], [-79.11915, 37.38517], [-79.1255, 37.38453], [-79.13199, 37.38606], [-79.14506, 37.39231], [-79.15743, 37.39278], [-79.15956, 37.39222], [-79.17006, 37.38635], [-79.17586, 37.37564], [-79.17861, 37.37302], [-79.18243, 37.37139], [-79.19269, 37.3692], [-79.1962, 37.36916], [-79.21007, 37.37135], [-79.23106, 37.3679], [-79.24025, 37.367], [-79.24321, 37.36618], [-79.25815, 37.35939], [-79.26156, 37.35865], [-79.27252, 37.36097], [-79.29064, 37.36156], [-79.30694, 37.36639], [-79.32257, 37.36675], [-79.34173, 37.36483], [-79.3494, 37.36237], [-79.35918, 37.36228], [-79.36808, 37.35918], [-79.37569, 37.36014], [-79.38159, 37.35936], [-79.38852, 37.3575], [-79.39635, 37.3589], [-79.40057, 37.35891], [-79.40981, 37.3566], [-79.42107, 37.35618], [-79.44071, 37.34717], [-79.4581, 37.34592], [-79.4646, 37.34846], [-79.46738, 37.34882], [-79.47423, 37.34661], [-79.48898, 37.34496], [-79.49102, 37.34423], [-79.50482, 37.33555], [-79.50815, 37.33446], [-79.51205, 37.33414], [-79.52682, 37.33667], [-79.53769, 37.34004], [-79.56287, 37.34436], [-79.57561, 37.34903], [-79.5846, 37.35047], [-79.59333, 37.353], [-79.6027, 37.35466], [-79.60871, 37.35478], [-79.63688, 37.35131], [-79.64636, 37.35268], [-79.6565, 37.35638], [-79.67093, 37.35856], [-79.67977, 37.36117], [-79.68861, 37.36524], [-79.70301, 37.37601], [-79.71708, 37.38364], [-79.72131, 37.38698], [-79.73774, 37.39044], [-79.7425, 37.3947], [-79.74487, 37.39487], [-79.75093, 37.39322], [-79.75832, 37.39287], [-79.7711, 37.39456], [-79.78204, 37.39342], [-79.78756, 37.39052], [-79.79446, 37.38558], [-79.79736, 37.38136], [-79.80243, 37.3766], [-79.80441, 37.37325], [-79.80676, 37.37087], [-79.80841, 37.36515], [-79.81744, 37.35453], [-79.82497, 37.35196], [-79.833, 37.34826], [-79.83985, 37.342], [-79.84491, 37.33896], [-79.85234, 37.33575], [-79.85763, 37.33525], [-79.85975, 37.33424], [-79.86361, 37.32942], [-79.8693, 37.31779], [-79.87211, 37.31415], [-79.87386, 37.30394], [-79.87512, 37.30131], [-79.88655, 37.29119], [-79.90162, 37.27981], [-79.90426, 37.27934], [-79.91686, 37.27977], [-79.92677, 37.2771], [-79.93267, 37.27445], [-79.93748, 37.27323], [-79.95141, 37.27389], [-79.96218, 37.27688], [-79.9668, 37.2771], [-79.97495, 37.27886], [-79.99173, 37.27457], [-80.00014, 37.26993], [-80.00196, 37.2696], [-80.00914, 37.27224], [-80.01883, 37.27211], [-80.02426, 37.27069], [-80.0336, 37.27165], [-80.06557, 37.28578], [-80.07766, 37.28795], [-80.0816, 37.28785], [-80.13628, 37.27179], [-80.13901, 37.27052], [-80.14048, 37.26886], [-80.14103, 37.26657], [-80.13853, 37.25573], [-80.14092, 37.25037], [-80.14207, 37.2445], [-80.14392, 37.24291], [-80.14608, 37.24244], [-80.15922, 37.24334], [-80.16624, 37.24566], [-80.16914, 37.24556], [-80.17201, 37.24364], [-80.17294, 37.23644], [-80.17528, 37.23416], [-80.18565, 37.23196], [-80.19178, 37.23272], [-80.19536, 37.23238], [-80.20757, 37.22755], [-80.21559, 37.22165], [-80.21746, 37.22148], [-80.22434, 37.22267], [-80.2273, 37.22209], [-80.23004, 37.2207], [-80.23339, 37.21704], [-80.23889, 37.20728], [-80.23975, 37.20165], [-80.24423, 37.19227], [-80.24437, 37.18983], [-80.24548, 37.18765], [-80.24437, 37.18393], [-80.24562, 37.18156], [-80.2457, 37.17851], [-80.24934, 37.17232], [-80.25522, 37.16914], [-80.25799, 37.16943], [-80.26051, 37.17175], [-80.264, 37.17348], [-80.27191, 37.1735], [-80.27931, 37.17208], [-80.28393, 37.1701], [-80.28665, 37.16756], [-80.30513, 37.16185], [-80.30903, 37.15997], [-80.31531, 37.15853], [-80.32462, 37.15744], [-80.32946, 37.15437], [-80.33434, 37.1538], [-80.33896, 37.15167], [-80.34083, 37.15171], [-80.3443, 37.15326], [-80.36619, 37.15136], [-80.37226, 37.15017], [-80.37484, 37.1481], [-80.38026, 37.14557], [-80.38224, 37.14328], [-80.38652, 37.14156], [-80.38968, 37.14153], [-80.394, 37.14045], [-80.39943, 37.14134], [-80.40737, 37.14172], [-80.4138, 37.1399], [-80.41791, 37.14001], [-80.42319, 37.13928], [-80.43054, 37.1411], [-80.43775, 37.1445], [-80.4429, 37.14551], [-80.44587, 37.14777], [-80.45105, 37.14782], [-80.45237, 37.14893], [-80.45274, 37.15133], [-80.45374, 37.15241], [-80.46087, 37.15462], [-80.46607, 37.15519], [-80.47467, 37.16078], [-80.47885, 37.16114], [-80.48324, 37.16344], [-80.49487, 37.16293], [-80.49693, 37.16199], [-80.49794, 37.1589], [-80.49923, 37.15779], [-80.51168, 37.15546], [-80.52388, 37.14972], [-80.52489, 37.14818], [-80.52677, 37.13583], [-80.52834, 37.13349], [-80.52986, 37.13259], [-80.533, 37.1329], [-80.54016, 37.13573], [-80.55071, 37.14128], [-80.55668, 37.14158], [-80.56152, 37.141], [-80.56551, 37.13982], [-80.57105, 37.13784], [-80.57993, 37.13349], [-80.59214, 37.13629], [-80.60126, 37.13422], [-80.60617, 37.1356], [-80.60784, 37.13507], [-80.60968, 37.1331], [-80.61115, 37.13247], [-80.61753, 37.13371], [-80.62742, 37.13224], [-80.64578, 37.1277], [-80.64917, 37.12589], [-80.65221, 37.12273], [-80.66745, 37.1164], [-80.67129, 37.11342], [-80.68261, 37.10695], [-80.68833, 37.1025], [-80.7016, 37.09812], [-80.70285, 37.09678], [-80.70267, 37.09383], [-80.70547, 37.08848], [-80.72316, 37.07329], [-80.72829, 37.06268], [-80.73011, 37.06154], [-80.74613, 37.05568], [-80.75001, 37.04875], [-80.75298, 37.04638], [-80.75681, 37.04565], [-80.79134, 37.04627], [-80.79445, 37.04443], [-80.79757, 37.04367], [-80.80199, 37.04143], [-80.80835, 37.03577], [-80.81062, 37.03576], [-80.81291, 37.03748], [-80.81504, 37.03772], [-80.81897, 37.0353], [-80.82719, 37.03391], [-80.83052, 37.03152], [-80.83549, 37.02989], [-80.83742, 37.03056], [-80.83975, 37.03355], [-80.84239, 37.03405], [-80.84592, 37.03181], [-80.85058, 37.03093], [-80.85358, 37.02938], [-80.85779, 37.02905], [-80.86036, 37.02667], [-80.86376, 37.02575], [-80.86591, 37.02406], [-80.86849, 37.02305], [-80.87008, 37.02065], [-80.8745, 37.01749], [-80.87528, 37.01459], [-80.87353, 37.01074], [-80.87355, 37.00663], [-80.87492, 37.0042], [-80.87997, 36.99981], [-80.88333, 36.99865], [-80.89403, 37.00057], [-80.89859, 36.99978], [-80.90603, 37.0003], [-80.91027, 37.00121], [-80.91221, 37.00086], [-80.91827, 36.99597], [-80.92379, 36.98697], [-80.93044, 36.97884], [-80.93622, 36.97323], [-80.94048, 36.97305], [-80.94662, 36.97094], [-80.96663, 36.97017], [-80.97442, 36.96854], [-80.9819, 36.96612], [-80.98383, 36.96624], [-80.98709, 36.96764], [-80.99151, 36.9677], [-80.99477, 36.96601], [-81.00347, 36.95624], [-81.01683, 36.95306], [-81.02709, 36.94724], [-81.04184, 36.94688], [-81.04937, 36.94428], [-81.05287, 36.94374], [-81.0556, 36.94392], [-81.05897, 36.94585], [-81.06156, 36.9461], [-81.06623, 36.9439], [-81.07459, 36.94207], [-81.08032, 36.94164], [-81.08936, 36.93794], [-81.09525, 36.9373], [-81.1023, 36.93468], [-81.10783, 36.93355], [-81.11164, 36.9335], [-81.11629, 36.93192], [-81.1213, 36.9318], [-81.13467, 36.92786], [-81.13616, 36.92697], [-81.14406, 36.91876], [-81.15036, 36.9144], [-81.15613, 36.91311], [-81.1642, 36.90974], [-81.16885, 36.90662], [-81.17107, 36.9027], [-81.17315, 36.90094], [-81.17681, 36.89958], [-81.17956, 36.8977], [-81.18502, 36.89684], [-81.18722, 36.89582], [-81.18844, 36.89447], [-81.18899, 36.89037], [-81.19272, 36.88507], [-81.19673, 36.88186], [-81.20177, 36.88017], [-81.23256, 36.87751], [-81.2352, 36.8777], [-81.23729, 36.87858], [-81.25476, 36.89058], [-81.26531, 36.89398], [-81.2823, 36.89366], [-81.28748, 36.89284], [-81.30329, 36.89347], [-81.31133, 36.89147], [-81.32552, 36.89109], [-81.33391, 36.88859], [-81.35027, 36.88888], [-81.35434, 36.88761], [-81.35911, 36.88722], [-81.37115, 36.88215], [-81.37332, 36.88258], [-81.37599, 36.88451], [-81.37791, 36.88462], [-81.37981, 36.88368], [-81.38421, 36.87871], [-81.39085, 36.87631], [-81.3994, 36.87468], [-81.42253, 36.868], [-81.45289, 36.86195], [-81.47667, 36.85442], [-81.48045, 36.85374], [-81.48592, 36.85031], [-81.49858, 36.83957], [-81.50379, 36.83661], [-81.50688, 36.8365], [-81.51069, 36.83923], [-81.51233, 36.83976], [-81.51946, 36.83771], [-81.52425, 36.83504], [-81.52971, 36.82797], [-81.53529, 36.82506], [-81.54119, 36.82407], [-81.55349, 36.82033], [-81.55913, 36.81926], [-81.56567, 36.8142], [-81.57082, 36.8123], [-81.58706, 36.81475], [-81.59048, 36.81716], [-81.59551, 36.81903], [-81.60246, 36.82023], [-81.61282, 36.81552], [-81.61572, 36.81313], [-81.62531, 36.81028], [-81.63877, 36.81159], [-81.65137, 36.81008], [-81.65998, 36.80982], [-81.68354, 36.79647], [-81.68989, 36.7917], [-81.6917, 36.79103], [-81.6972, 36.79074], [-81.70146, 36.79308], [-81.70885, 36.79558], [-81.7157, 36.79434], [-81.72462, 36.7956], [-81.72956, 36.79344], [-81.73967, 36.79139], [-81.74449, 36.79373], [-81.74719, 36.79752], [-81.75052, 36.79817], [-81.77812, 36.78866], [-81.78293, 36.78756], [-81.78999, 36.78238], [-81.79684, 36.77922], [-81.81592, 36.77495], [-81.83207, 36.77492], [-81.84175, 36.76994], [-81.84816, 36.76577], [-81.88511, 36.75448], [-81.89543, 36.7478], [-81.90245, 36.74537], [-81.90935, 36.73819], [-81.92011, 36.73501], [-81.92539, 36.73017], [-81.9398, 36.72162], [-81.95429, 36.71683], [-81.97, 36.71008], [-81.98656, 36.70635], [-81.99584, 36.70559], [-82.00307, 36.70626], [-82.00998, 36.70856], [-82.02279, 36.70761], [-82.04917, 36.69561], [-82.07145, 36.68294], [-82.09241, 36.67296], [-82.11061, 36.66224], [-82.11932, 36.65901], [-82.12678, 36.65361], [-82.12879, 36.65052], [-82.12721, 36.64133], [-82.12842, 36.63785], [-82.13247, 36.63521], [-82.13587, 36.63096], [-82.14526, 36.62454], [-82.14923, 36.62327], [-82.15533, 36.62357], [-82.15744, 36.62311], [-82.16685, 36.61556], [-82.16867, 36.61166], [-82.1714, 36.60954], [-82.17245, 36.60528], [-82.18006, 36.59489]]}}, {"type": "Feature", "properties": {"company": "Shenandoah Valley Railroad", "line": "Shenandoah Valley: Hagerstown \u2013 Roanoke", "id": "svrr-roanoke-hagerstown", "color": "#1f8a70", "mode": "intercity_rail", "avg_speed_kmh": 50, "speed_source": "estimated: steam-era schedules over this profile are not sourced here; the figure is an editorial average including stops, not a documented timing.", "geometry_quality": "real-traced from OpenStreetMap (NS Roanoke and Hagerstown Districts, still the Shenandoah Valley line). 237.5 mi traced against 238 mi documented Hagerstown-Roanoke - the closest fit in this layer. No straight-line approximation. The Hagerstown end stops 0.4 mi short of the station.", "segments": [{"start": 1882, "end": 1890, "headway_min": 720, "note": "Completed 19 June 1882 up the Shenandoah Valley from Hagerstown, Maryland through the West Virginia panhandle and down the Virginia valley through Front Royal, Luray, Waynesboro and Buena Vista to Roanoke, where it met the N&W. Its arrival is what turned Big Lick into a junction and made Roanoke worth building shops at. Sold under foreclosure in September 1890 and absorbed by the Norfolk & Western that December. Frequency estimated.", "sources": ["Segment-level: the 19 June 1882 completion and the December 1890 absorption into N&W are from the Wikipedia Shenandoah Valley Railroad article and the N&WHS timeline; the headway is an estimate and is not sourced.", "https://en.wikipedia.org/wiki/Shenandoah_Valley_Railroad_(1867%E2%80%9390)", "https://www.nwhs.org/nw_timeline.php"]}]}, "geometry": {"type": "LineString", "coordinates": [[-79.94102, 37.27323], [-79.93703, 37.27335], [-79.93028, 37.27587], [-79.92904, 37.27719], [-79.9279, 37.28101], [-79.92714, 37.2895], [-79.92912, 37.30038], [-79.92969, 37.31189], [-79.92815, 37.32001], [-79.92496, 37.3297], [-79.92449, 37.33995], [-79.92116, 37.35064], [-79.91608, 37.35857], [-79.9009, 37.36823], [-79.89812, 37.37077], [-79.89761, 37.37669], [-79.89609, 37.38143], [-79.89663, 37.39549], [-79.8865, 37.40761], [-79.87346, 37.41699], [-79.86605, 37.42113], [-79.85838, 37.42445], [-79.85267, 37.43046], [-79.83906, 37.43904], [-79.83361, 37.43913], [-79.82846, 37.43795], [-79.82036, 37.44139], [-79.81665, 37.44208], [-79.81102, 37.44209], [-79.80612, 37.44451], [-79.79703, 37.44405], [-79.78449, 37.44902], [-79.77827, 37.45389], [-79.77601, 37.45452], [-79.77287, 37.45429], [-79.76883, 37.45748], [-79.76354, 37.45836], [-79.76013, 37.46267], [-79.75705, 37.46516], [-79.75711, 37.46925], [-79.75397, 37.47598], [-79.74449, 37.48242], [-79.73618, 37.49189], [-79.72805, 37.49539], [-79.72238, 37.49595], [-79.72061, 37.49674], [-79.718, 37.50159], [-79.71405, 37.50359], [-79.7108, 37.50639], [-79.69412, 37.5172], [-79.68501, 37.52207], [-79.6775, 37.52879], [-79.6721, 37.52935], [-79.66695, 37.52678], [-79.66334, 37.52624], [-79.65775, 37.52796], [-79.65625, 37.53076], [-79.65927, 37.54217], [-79.65836, 37.54406], [-79.65613, 37.54415], [-79.6509, 37.54154], [-79.64776, 37.54096], [-79.64294, 37.53814], [-79.63693, 37.53664], [-79.632, 37.5369], [-79.62926, 37.53803], [-79.62681, 37.53988], [-79.6251, 37.54248], [-79.62303, 37.55274], [-79.62131, 37.55351], [-79.61213, 37.55511], [-79.60819, 37.55892], [-79.60571, 37.56644], [-79.60897, 37.57461], [-79.60871, 37.5775], [-79.6071, 37.57926], [-79.6044, 37.58007], [-79.60074, 37.57991], [-79.58795, 37.57762], [-79.58116, 37.57844], [-79.57679, 37.58156], [-79.57396, 37.58933], [-79.5709, 37.59482], [-79.56819, 37.59781], [-79.56346, 37.60002], [-79.55488, 37.60301], [-79.55135, 37.60524], [-79.54752, 37.60601], [-79.54108, 37.60587], [-79.53241, 37.60127], [-79.52808, 37.60108], [-79.52011, 37.60422], [-79.51694, 37.60624], [-79.51132, 37.6149], [-79.50692, 37.61749], [-79.50607, 37.62087], [-79.50505, 37.62171], [-79.49272, 37.62562], [-79.47113, 37.62878], [-79.46675, 37.63079], [-79.45614, 37.63265], [-79.45256, 37.63473], [-79.44049, 37.64439], [-79.43675, 37.64941], [-79.4358, 37.65301], [-79.43617, 37.6543], [-79.43957, 37.6554], [-79.44444, 37.65796], [-79.44534, 37.65903], [-79.44265, 37.66717], [-79.43342, 37.67407], [-79.4301, 37.67518], [-79.42769, 37.67766], [-79.42205, 37.67925], [-79.41758, 37.68174], [-79.41668, 37.6833], [-79.4166, 37.68635], [-79.4146, 37.69396], [-79.41013, 37.70101], [-79.4042, 37.70261], [-79.40002, 37.70286], [-79.39824, 37.70461], [-79.39726, 37.70779], [-79.39595, 37.70858], [-79.39321, 37.70851], [-79.38697, 37.70579], [-79.38179, 37.70791], [-79.37864, 37.71111], [-79.37662, 37.71617], [-79.37296, 37.72061], [-79.3626, 37.72585], [-79.3583, 37.72985], [-79.35582, 37.7363], [-79.35625, 37.74265], [-79.35805, 37.74384], [-79.36935, 37.7459], [-79.37381, 37.74895], [-79.37311, 37.75127], [-79.3735, 37.75486], [-79.37001, 37.76308], [-79.37063, 37.7683], [-79.36503, 37.77548], [-79.36225, 37.77748], [-79.35457, 37.78022], [-79.34811, 37.78603], [-79.34463, 37.78819], [-79.33614, 37.79133], [-79.33467, 37.79348], [-79.33446, 37.79832], [-79.32908, 37.80229], [-79.326, 37.80351], [-79.31896, 37.80398], [-79.31753, 37.80457], [-79.3158, 37.80689], [-79.31735, 37.81007], [-79.3169, 37.81242], [-79.31163, 37.81434], [-79.30625, 37.81866], [-79.301, 37.82148], [-79.29529, 37.82648], [-79.28172, 37.84095], [-79.278, 37.84688], [-79.26865, 37.85018], [-79.26474, 37.85248], [-79.26062, 37.85598], [-79.25447, 37.86347], [-79.24982, 37.86547], [-79.24381, 37.86945], [-79.24275, 37.87109], [-79.24259, 37.87538], [-79.23803, 37.87912], [-79.23689, 37.88093], [-79.23107, 37.88311], [-79.22795, 37.88263], [-79.224, 37.88334], [-79.21725, 37.89013], [-79.20369, 37.89877], [-79.19376, 37.91046], [-79.18781, 37.91376], [-79.18503, 37.91733], [-79.16497, 37.92615], [-79.1635, 37.92872], [-79.16402, 37.93182], [-79.16573, 37.93313], [-79.17073, 37.93409], [-79.17298, 37.93539], [-79.17644, 37.94009], [-79.17605, 37.94355], [-79.1697, 37.9484], [-79.16385, 37.95545], [-79.16133, 37.95999], [-79.15947, 37.96896], [-79.15176, 37.97864], [-79.14777, 37.98137], [-79.14492, 37.98564], [-79.13118, 37.99828], [-79.12503, 38.00209], [-79.11453, 38.0145], [-79.10983, 38.01712], [-79.09215, 38.0198], [-79.07735, 38.02049], [-79.06885, 38.02344], [-79.06324, 38.02439], [-78.99167, 38.02272], [-78.98025, 38.0194], [-78.97551, 38.01947], [-78.97233, 38.02078], [-78.9669, 38.02463], [-78.95403, 38.02693], [-78.93241, 38.03591], [-78.92817, 38.03785], [-78.91644, 38.04625], [-78.90601, 38.05022], [-78.90283, 38.05264], [-78.89789, 38.05463], [-78.88499, 38.05771], [-78.88276, 38.05934], [-78.86884, 38.08145], [-78.86846, 38.08379], [-78.86994, 38.08729], [-78.86987, 38.08866], [-78.86302, 38.09779], [-78.85552, 38.12271], [-78.84621, 38.13968], [-78.84649, 38.14278], [-78.851, 38.15018], [-78.8505, 38.15767], [-78.85213, 38.16049], [-78.85216, 38.16356], [-78.84354, 38.18529], [-78.8414, 38.1953], [-78.83792, 38.20635], [-78.8344, 38.20904], [-78.83254, 38.2126], [-78.83346, 38.21662], [-78.82757, 38.24857], [-78.81913, 38.26711], [-78.80634, 38.2893], [-78.80495, 38.29048], [-78.76451, 38.31105], [-78.75321, 38.3193], [-78.74887, 38.32], [-78.74533, 38.3176], [-78.74261, 38.317], [-78.73651, 38.31776], [-78.73288, 38.31893], [-78.73007, 38.32166], [-78.72974, 38.32324], [-78.73499, 38.33156], [-78.73489, 38.33467], [-78.73369, 38.33607], [-78.73125, 38.33658], [-78.72393, 38.33435], [-78.72235, 38.33458], [-78.70821, 38.34256], [-78.69124, 38.35108], [-78.65364, 38.38124], [-78.65067, 38.38214], [-78.63618, 38.38324], [-78.62927, 38.38702], [-78.62523, 38.39148], [-78.62358, 38.3965], [-78.62498, 38.40158], [-78.62434, 38.40985], [-78.62104, 38.42968], [-78.6218, 38.43225], [-78.627, 38.44013], [-78.62777, 38.45409], [-78.6268, 38.45806], [-78.61725, 38.46721], [-78.61586, 38.4734], [-78.61671, 38.47514], [-78.62805, 38.48734], [-78.62868, 38.48992], [-78.62543, 38.50512], [-78.61717, 38.51426], [-78.61523, 38.51944], [-78.60918, 38.52422], [-78.60716, 38.52738], [-78.60435, 38.52858], [-78.59914, 38.52823], [-78.5918, 38.52535], [-78.58782, 38.52497], [-78.58423, 38.5256], [-78.57994, 38.52782], [-78.57831, 38.52952], [-78.57768, 38.53151], [-78.57855, 38.54166], [-78.57545, 38.54454], [-78.57232, 38.54975], [-78.5687, 38.55224], [-78.56373, 38.55275], [-78.56018, 38.55504], [-78.5491, 38.55682], [-78.54484, 38.56149], [-78.54293, 38.56246], [-78.53288, 38.56509], [-78.5247, 38.56462], [-78.51558, 38.5667], [-78.51234, 38.56837], [-78.50861, 38.57161], [-78.50152, 38.57479], [-78.49831, 38.57748], [-78.48511, 38.59542], [-78.48406, 38.61491], [-78.48026, 38.63561], [-78.47515, 38.64496], [-78.46903, 38.65045], [-78.4694, 38.65327], [-78.46656, 38.65582], [-78.46502, 38.65981], [-78.45421, 38.66761], [-78.44996, 38.66935], [-78.42327, 38.66981], [-78.42049, 38.67041], [-78.40831, 38.6795], [-78.40215, 38.6833], [-78.40198, 38.68586], [-78.40504, 38.68927], [-78.40839, 38.69665], [-78.4058, 38.7042], [-78.39766, 38.71684], [-78.39763, 38.72044], [-78.39362, 38.72504], [-78.39345, 38.73084], [-78.39565, 38.73663], [-78.39567, 38.7421], [-78.39665, 38.74743], [-78.39072, 38.75392], [-78.38828, 38.75837], [-78.38727, 38.76089], [-78.3872, 38.76542], [-78.38622, 38.7676], [-78.37796, 38.77456], [-78.36669, 38.78714], [-78.36371, 38.79103], [-78.3633, 38.79419], [-78.36104, 38.79617], [-78.35751, 38.79799], [-78.35533, 38.80042], [-78.35104, 38.80281], [-78.34107, 38.81609], [-78.33594, 38.81832], [-78.33181, 38.82178], [-78.32787, 38.82324], [-78.32524, 38.82558], [-78.31771, 38.82939], [-78.31329, 38.83272], [-78.30766, 38.83497], [-78.30155, 38.84022], [-78.29462, 38.84356], [-78.29264, 38.84539], [-78.28263, 38.84707], [-78.27748, 38.85189], [-78.27139, 38.85279], [-78.26851, 38.85508], [-78.2654, 38.85595], [-78.26213, 38.85798], [-78.26118, 38.8649], [-78.25427, 38.86843], [-78.252, 38.87197], [-78.25402, 38.87578], [-78.25701, 38.87787], [-78.26016, 38.88154], [-78.26104, 38.88333], [-78.26081, 38.8847], [-78.25949, 38.88565], [-78.25609, 38.88602], [-78.24655, 38.88496], [-78.24469, 38.88603], [-78.24344, 38.88807], [-78.24422, 38.8924], [-78.24912, 38.89999], [-78.24914, 38.90175], [-78.24799, 38.90326], [-78.24627, 38.90405], [-78.24367, 38.90416], [-78.23384, 38.90085], [-78.2224, 38.89915], [-78.2193, 38.89954], [-78.21517, 38.90206], [-78.21025, 38.9078], [-78.20788, 38.91287], [-78.21231, 38.93457], [-78.21158, 38.93732], [-78.20832, 38.93929], [-78.19471, 38.94078], [-78.18897, 38.9424], [-78.18784, 38.94631], [-78.18979, 38.95054], [-78.18957, 38.95284], [-78.18848, 38.95426], [-78.18517, 38.95634], [-78.18424, 38.96141], [-78.17917, 38.96481], [-78.1749, 38.9695], [-78.16812, 38.9837], [-78.13797, 39.00782], [-78.13051, 39.01908], [-78.11425, 39.04101], [-78.10155, 39.05177], [-78.09187, 39.06328], [-78.08295, 39.07542], [-78.07866, 39.07824], [-78.07094, 39.08183], [-78.06249, 39.08897], [-78.04825, 39.09786], [-78.02207, 39.10623], [-78.01417, 39.10602], [-78.01077, 39.10899], [-78.0033, 39.11329], [-77.99985, 39.11694], [-77.99696, 39.12652], [-77.98565, 39.14019], [-77.97404, 39.14897], [-77.97054, 39.15073], [-77.95631, 39.16072], [-77.95056, 39.1658], [-77.93512, 39.17753], [-77.93156, 39.18591], [-77.92944, 39.19367], [-77.92431, 39.20298], [-77.91786, 39.21139], [-77.91328, 39.22385], [-77.90907, 39.22843], [-77.90824, 39.23024], [-77.90468, 39.24717], [-77.90447, 39.25386], [-77.90302, 39.25775], [-77.90201, 39.25899], [-77.89777, 39.26152], [-77.88797, 39.27057], [-77.88086, 39.2743], [-77.87789, 39.27663], [-77.87048, 39.28907], [-77.84779, 39.33928], [-77.84657, 39.34249], [-77.8449, 39.35482], [-77.84494, 39.3619], [-77.83639, 39.38365], [-77.83781, 39.39326], [-77.83742, 39.39744], [-77.83, 39.41122], [-77.82796, 39.4136], [-77.81922, 39.42078], [-77.81631, 39.42209], [-77.81001, 39.42314], [-77.80379, 39.42869], [-77.79387, 39.43535], [-77.77954, 39.43972], [-77.77665, 39.44454], [-77.76931, 39.45145], [-77.76132, 39.46658], [-77.76068, 39.47859], [-77.7622, 39.48544], [-77.76117, 39.48904], [-77.76044, 39.49873], [-77.76493, 39.50776], [-77.76736, 39.51035], [-77.76714, 39.51819], [-77.76953, 39.52172], [-77.76368, 39.53853], [-77.76396, 39.5402], [-77.76637, 39.54407], [-77.76651, 39.54587], [-77.76187, 39.55387], [-77.75833, 39.56263], [-77.75387, 39.58423], [-77.73669, 39.62396], [-77.73661, 39.6306], [-77.7351, 39.63693], [-77.72843, 39.64206], [-77.72606, 39.6449]]}}, {"type": "Feature", "properties": {"company": "Norfolk and Western Railway", "line": "Norfolk and Western: Shenandoah Division (Hagerstown \u2013 Roanoke)", "id": "nw-shenandoah-division", "color": "#023047", "mode": "intercity_rail", "avg_speed_kmh": 55, "speed_source": "estimated: steam-era schedules over this profile are not sourced here; the figure is an editorial average including stops, not a documented timing.", "geometry_quality": "real-traced from OpenStreetMap (NS Roanoke and Hagerstown Districts). 237.5 mi traced against 238 mi documented. No straight-line approximation. Same geometry as the Shenandoah Valley Railroad feature it succeeds.", "segments": [{"start": 1890, "end": 1930, "headway_min": 540, "note": "N&W absorbed the Shenandoah Valley Railway in December 1890, giving Roanoke a northern outlet through Hagerstown to the Pennsylvania Railroad at Harrisburg and on to New York. Frequency estimated.", "sources": ["NOT SOURCED AT SEGMENT LEVEL: the December 1890 absorption is sourced; the 1930 split and the headway are editorial and unsourced.", "https://en.wikipedia.org/wiki/Shenandoah_Valley_Railroad_(1867%E2%80%9390)", "https://www.nwhs.org/nw_timeline.php"]}, {"start": 1930, "end": 1963, "headway_min": 720, "note": "Two trains a day each way into the mid-century, N&W numbers 1 and 2 running Roanoke-New York via Hagerstown and Harrisburg as a pooled overnight train with the Pennsylvania Railroad. SOURCE CONFLICT on the ending: Railfan & Railroad gives the end of the through service as 10 June 1962, while the Roanoke station article has the through sleeper ending 27 October 1962 and a local surviving into February 1963. Drawn to 1963, the latest of the three.", "sources": ["Segment-level: the pooled N&W/PRR Roanoke-New York service and the conflicting 1962/1963 end dates are from the Railfan & Railroad piece on the Shenandoah Valley Railroad and the Wikipedia Roanoke station article; the headway is an estimate and is not sourced.", "https://en.wikipedia.org/wiki/Shenandoah_Valley_Railroad_(1867%E2%80%9390)", "https://en.wikipedia.org/wiki/Roanoke_station_(Virginia)", "https://railfan.com/shenandoah-valley-railroad/"]}]}, "geometry": {"type": "LineString", "coordinates": [[-79.94102, 37.27323], [-79.93703, 37.27335], [-79.93028, 37.27587], [-79.92904, 37.27719], [-79.9279, 37.28101], [-79.92714, 37.2895], [-79.92912, 37.30038], [-79.92969, 37.31189], [-79.92815, 37.32001], [-79.92496, 37.3297], [-79.92449, 37.33995], [-79.92116, 37.35064], [-79.91608, 37.35857], [-79.9009, 37.36823], [-79.89812, 37.37077], [-79.89761, 37.37669], [-79.89609, 37.38143], [-79.89663, 37.39549], [-79.8865, 37.40761], [-79.87346, 37.41699], [-79.86605, 37.42113], [-79.85838, 37.42445], [-79.85267, 37.43046], [-79.83906, 37.43904], [-79.83361, 37.43913], [-79.82846, 37.43795], [-79.82036, 37.44139], [-79.81665, 37.44208], [-79.81102, 37.44209], [-79.80612, 37.44451], [-79.79703, 37.44405], [-79.78449, 37.44902], [-79.77827, 37.45389], [-79.77601, 37.45452], [-79.77287, 37.45429], [-79.76883, 37.45748], [-79.76354, 37.45836], [-79.76013, 37.46267], [-79.75705, 37.46516], [-79.75711, 37.46925], [-79.75397, 37.47598], [-79.74449, 37.48242], [-79.73618, 37.49189], [-79.72805, 37.49539], [-79.72238, 37.49595], [-79.72061, 37.49674], [-79.718, 37.50159], [-79.71405, 37.50359], [-79.7108, 37.50639], [-79.69412, 37.5172], [-79.68501, 37.52207], [-79.6775, 37.52879], [-79.6721, 37.52935], [-79.66695, 37.52678], [-79.66334, 37.52624], [-79.65775, 37.52796], [-79.65625, 37.53076], [-79.65927, 37.54217], [-79.65836, 37.54406], [-79.65613, 37.54415], [-79.6509, 37.54154], [-79.64776, 37.54096], [-79.64294, 37.53814], [-79.63693, 37.53664], [-79.632, 37.5369], [-79.62926, 37.53803], [-79.62681, 37.53988], [-79.6251, 37.54248], [-79.62303, 37.55274], [-79.62131, 37.55351], [-79.61213, 37.55511], [-79.60819, 37.55892], [-79.60571, 37.56644], [-79.60897, 37.57461], [-79.60871, 37.5775], [-79.6071, 37.57926], [-79.6044, 37.58007], [-79.60074, 37.57991], [-79.58795, 37.57762], [-79.58116, 37.57844], [-79.57679, 37.58156], [-79.57396, 37.58933], [-79.5709, 37.59482], [-79.56819, 37.59781], [-79.56346, 37.60002], [-79.55488, 37.60301], [-79.55135, 37.60524], [-79.54752, 37.60601], [-79.54108, 37.60587], [-79.53241, 37.60127], [-79.52808, 37.60108], [-79.52011, 37.60422], [-79.51694, 37.60624], [-79.51132, 37.6149], [-79.50692, 37.61749], [-79.50607, 37.62087], [-79.50505, 37.62171], [-79.49272, 37.62562], [-79.47113, 37.62878], [-79.46675, 37.63079], [-79.45614, 37.63265], [-79.45256, 37.63473], [-79.44049, 37.64439], [-79.43675, 37.64941], [-79.4358, 37.65301], [-79.43617, 37.6543], [-79.43957, 37.6554], [-79.44444, 37.65796], [-79.44534, 37.65903], [-79.44265, 37.66717], [-79.43342, 37.67407], [-79.4301, 37.67518], [-79.42769, 37.67766], [-79.42205, 37.67925], [-79.41758, 37.68174], [-79.41668, 37.6833], [-79.4166, 37.68635], [-79.4146, 37.69396], [-79.41013, 37.70101], [-79.4042, 37.70261], [-79.40002, 37.70286], [-79.39824, 37.70461], [-79.39726, 37.70779], [-79.39595, 37.70858], [-79.39321, 37.70851], [-79.38697, 37.70579], [-79.38179, 37.70791], [-79.37864, 37.71111], [-79.37662, 37.71617], [-79.37296, 37.72061], [-79.3626, 37.72585], [-79.3583, 37.72985], [-79.35582, 37.7363], [-79.35625, 37.74265], [-79.35805, 37.74384], [-79.36935, 37.7459], [-79.37381, 37.74895], [-79.37311, 37.75127], [-79.3735, 37.75486], [-79.37001, 37.76308], [-79.37063, 37.7683], [-79.36503, 37.77548], [-79.36225, 37.77748], [-79.35457, 37.78022], [-79.34811, 37.78603], [-79.34463, 37.78819], [-79.33614, 37.79133], [-79.33467, 37.79348], [-79.33446, 37.79832], [-79.32908, 37.80229], [-79.326, 37.80351], [-79.31896, 37.80398], [-79.31753, 37.80457], [-79.3158, 37.80689], [-79.31735, 37.81007], [-79.3169, 37.81242], [-79.31163, 37.81434], [-79.30625, 37.81866], [-79.301, 37.82148], [-79.29529, 37.82648], [-79.28172, 37.84095], [-79.278, 37.84688], [-79.26865, 37.85018], [-79.26474, 37.85248], [-79.26062, 37.85598], [-79.25447, 37.86347], [-79.24982, 37.86547], [-79.24381, 37.86945], [-79.24275, 37.87109], [-79.24259, 37.87538], [-79.23803, 37.87912], [-79.23689, 37.88093], [-79.23107, 37.88311], [-79.22795, 37.88263], [-79.224, 37.88334], [-79.21725, 37.89013], [-79.20369, 37.89877], [-79.19376, 37.91046], [-79.18781, 37.91376], [-79.18503, 37.91733], [-79.16497, 37.92615], [-79.1635, 37.92872], [-79.16402, 37.93182], [-79.16573, 37.93313], [-79.17073, 37.93409], [-79.17298, 37.93539], [-79.17644, 37.94009], [-79.17605, 37.94355], [-79.1697, 37.9484], [-79.16385, 37.95545], [-79.16133, 37.95999], [-79.15947, 37.96896], [-79.15176, 37.97864], [-79.14777, 37.98137], [-79.14492, 37.98564], [-79.13118, 37.99828], [-79.12503, 38.00209], [-79.11453, 38.0145], [-79.10983, 38.01712], [-79.09215, 38.0198], [-79.07735, 38.02049], [-79.06885, 38.02344], [-79.06324, 38.02439], [-78.99167, 38.02272], [-78.98025, 38.0194], [-78.97551, 38.01947], [-78.97233, 38.02078], [-78.9669, 38.02463], [-78.95403, 38.02693], [-78.93241, 38.03591], [-78.92817, 38.03785], [-78.91644, 38.04625], [-78.90601, 38.05022], [-78.90283, 38.05264], [-78.89789, 38.05463], [-78.88499, 38.05771], [-78.88276, 38.05934], [-78.86884, 38.08145], [-78.86846, 38.08379], [-78.86994, 38.08729], [-78.86987, 38.08866], [-78.86302, 38.09779], [-78.85552, 38.12271], [-78.84621, 38.13968], [-78.84649, 38.14278], [-78.851, 38.15018], [-78.8505, 38.15767], [-78.85213, 38.16049], [-78.85216, 38.16356], [-78.84354, 38.18529], [-78.8414, 38.1953], [-78.83792, 38.20635], [-78.8344, 38.20904], [-78.83254, 38.2126], [-78.83346, 38.21662], [-78.82757, 38.24857], [-78.81913, 38.26711], [-78.80634, 38.2893], [-78.80495, 38.29048], [-78.76451, 38.31105], [-78.75321, 38.3193], [-78.74887, 38.32], [-78.74533, 38.3176], [-78.74261, 38.317], [-78.73651, 38.31776], [-78.73288, 38.31893], [-78.73007, 38.32166], [-78.72974, 38.32324], [-78.73499, 38.33156], [-78.73489, 38.33467], [-78.73369, 38.33607], [-78.73125, 38.33658], [-78.72393, 38.33435], [-78.72235, 38.33458], [-78.70821, 38.34256], [-78.69124, 38.35108], [-78.65364, 38.38124], [-78.65067, 38.38214], [-78.63618, 38.38324], [-78.62927, 38.38702], [-78.62523, 38.39148], [-78.62358, 38.3965], [-78.62498, 38.40158], [-78.62434, 38.40985], [-78.62104, 38.42968], [-78.6218, 38.43225], [-78.627, 38.44013], [-78.62777, 38.45409], [-78.6268, 38.45806], [-78.61725, 38.46721], [-78.61586, 38.4734], [-78.61671, 38.47514], [-78.62805, 38.48734], [-78.62868, 38.48992], [-78.62543, 38.50512], [-78.61717, 38.51426], [-78.61523, 38.51944], [-78.60918, 38.52422], [-78.60716, 38.52738], [-78.60435, 38.52858], [-78.59914, 38.52823], [-78.5918, 38.52535], [-78.58782, 38.52497], [-78.58423, 38.5256], [-78.57994, 38.52782], [-78.57831, 38.52952], [-78.57768, 38.53151], [-78.57855, 38.54166], [-78.57545, 38.54454], [-78.57232, 38.54975], [-78.5687, 38.55224], [-78.56373, 38.55275], [-78.56018, 38.55504], [-78.5491, 38.55682], [-78.54484, 38.56149], [-78.54293, 38.56246], [-78.53288, 38.56509], [-78.5247, 38.56462], [-78.51558, 38.5667], [-78.51234, 38.56837], [-78.50861, 38.57161], [-78.50152, 38.57479], [-78.49831, 38.57748], [-78.48511, 38.59542], [-78.48406, 38.61491], [-78.48026, 38.63561], [-78.47515, 38.64496], [-78.46903, 38.65045], [-78.4694, 38.65327], [-78.46656, 38.65582], [-78.46502, 38.65981], [-78.45421, 38.66761], [-78.44996, 38.66935], [-78.42327, 38.66981], [-78.42049, 38.67041], [-78.40831, 38.6795], [-78.40215, 38.6833], [-78.40198, 38.68586], [-78.40504, 38.68927], [-78.40839, 38.69665], [-78.4058, 38.7042], [-78.39766, 38.71684], [-78.39763, 38.72044], [-78.39362, 38.72504], [-78.39345, 38.73084], [-78.39565, 38.73663], [-78.39567, 38.7421], [-78.39665, 38.74743], [-78.39072, 38.75392], [-78.38828, 38.75837], [-78.38727, 38.76089], [-78.3872, 38.76542], [-78.38622, 38.7676], [-78.37796, 38.77456], [-78.36669, 38.78714], [-78.36371, 38.79103], [-78.3633, 38.79419], [-78.36104, 38.79617], [-78.35751, 38.79799], [-78.35533, 38.80042], [-78.35104, 38.80281], [-78.34107, 38.81609], [-78.33594, 38.81832], [-78.33181, 38.82178], [-78.32787, 38.82324], [-78.32524, 38.82558], [-78.31771, 38.82939], [-78.31329, 38.83272], [-78.30766, 38.83497], [-78.30155, 38.84022], [-78.29462, 38.84356], [-78.29264, 38.84539], [-78.28263, 38.84707], [-78.27748, 38.85189], [-78.27139, 38.85279], [-78.26851, 38.85508], [-78.2654, 38.85595], [-78.26213, 38.85798], [-78.26118, 38.8649], [-78.25427, 38.86843], [-78.252, 38.87197], [-78.25402, 38.87578], [-78.25701, 38.87787], [-78.26016, 38.88154], [-78.26104, 38.88333], [-78.26081, 38.8847], [-78.25949, 38.88565], [-78.25609, 38.88602], [-78.24655, 38.88496], [-78.24469, 38.88603], [-78.24344, 38.88807], [-78.24422, 38.8924], [-78.24912, 38.89999], [-78.24914, 38.90175], [-78.24799, 38.90326], [-78.24627, 38.90405], [-78.24367, 38.90416], [-78.23384, 38.90085], [-78.2224, 38.89915], [-78.2193, 38.89954], [-78.21517, 38.90206], [-78.21025, 38.9078], [-78.20788, 38.91287], [-78.21231, 38.93457], [-78.21158, 38.93732], [-78.20832, 38.93929], [-78.19471, 38.94078], [-78.18897, 38.9424], [-78.18784, 38.94631], [-78.18979, 38.95054], [-78.18957, 38.95284], [-78.18848, 38.95426], [-78.18517, 38.95634], [-78.18424, 38.96141], [-78.17917, 38.96481], [-78.1749, 38.9695], [-78.16812, 38.9837], [-78.13797, 39.00782], [-78.13051, 39.01908], [-78.11425, 39.04101], [-78.10155, 39.05177], [-78.09187, 39.06328], [-78.08295, 39.07542], [-78.07866, 39.07824], [-78.07094, 39.08183], [-78.06249, 39.08897], [-78.04825, 39.09786], [-78.02207, 39.10623], [-78.01417, 39.10602], [-78.01077, 39.10899], [-78.0033, 39.11329], [-77.99985, 39.11694], [-77.99696, 39.12652], [-77.98565, 39.14019], [-77.97404, 39.14897], [-77.97054, 39.15073], [-77.95631, 39.16072], [-77.95056, 39.1658], [-77.93512, 39.17753], [-77.93156, 39.18591], [-77.92944, 39.19367], [-77.92431, 39.20298], [-77.91786, 39.21139], [-77.91328, 39.22385], [-77.90907, 39.22843], [-77.90824, 39.23024], [-77.90468, 39.24717], [-77.90447, 39.25386], [-77.90302, 39.25775], [-77.90201, 39.25899], [-77.89777, 39.26152], [-77.88797, 39.27057], [-77.88086, 39.2743], [-77.87789, 39.27663], [-77.87048, 39.28907], [-77.84779, 39.33928], [-77.84657, 39.34249], [-77.8449, 39.35482], [-77.84494, 39.3619], [-77.83639, 39.38365], [-77.83781, 39.39326], [-77.83742, 39.39744], [-77.83, 39.41122], [-77.82796, 39.4136], [-77.81922, 39.42078], [-77.81631, 39.42209], [-77.81001, 39.42314], [-77.80379, 39.42869], [-77.79387, 39.43535], [-77.77954, 39.43972], [-77.77665, 39.44454], [-77.76931, 39.45145], [-77.76132, 39.46658], [-77.76068, 39.47859], [-77.7622, 39.48544], [-77.76117, 39.48904], [-77.76044, 39.49873], [-77.76493, 39.50776], [-77.76736, 39.51035], [-77.76714, 39.51819], [-77.76953, 39.52172], [-77.76368, 39.53853], [-77.76396, 39.5402], [-77.76637, 39.54407], [-77.76651, 39.54587], [-77.76187, 39.55387], [-77.75833, 39.56263], [-77.75387, 39.58423], [-77.73669, 39.62396], [-77.73661, 39.6306], [-77.7351, 39.63693], [-77.72843, 39.64206], [-77.72606, 39.6449]]}}, {"type": "Feature", "properties": {"company": "Norfolk and Western Railway", "line": "Norfolk and Western: Roanoke \u2013 Winston-Salem (Punkin Vine)", "id": "nw-punkin-vine-roanoke-winston-salem", "color": "#023047", "mode": "intercity_rail", "avg_speed_kmh": 50, "speed_source": "estimated: steam-era schedules over this profile are not sourced here; the figure is an editorial average including stops, not a documented timing.", "geometry_quality": "real-traced from OpenStreetMap (NS Winston-Salem District through Rocky Mount, Martinsville, Madison and Walnut Cove). 120.4 mi traced against about 122 mi documented. No straight-line approximation; the south end reaches the Winston-Salem Union Station site.", "segments": [{"start": 1892, "end": 1930, "headway_min": 720, "note": "The Roanoke & Southern - the 'Punkin Vine' - was completed from Roanoke to Winston-Salem in 1892 and leased to the N&W as soon as it opened, so it is drawn in N&W colours from the start (Rule 4); N&W bought it outright in 1896. It gave Roanoke a southern outlet and Winston-Salem's tobacco trade a northern one. Frequency estimated.", "sources": ["Segment-level: the 1892 completion and immediate N&W lease, and the 1896 purchase, are from the N&WHS corporate timeline; the headway is an estimate and is not sourced.", "https://www.nwhs.org/nw_timeline.php", "http://www.virginiaplaces.org/rail/roanokesouthern.html"]}, {"start": 1930, "end": 1961, "headway_min": 900, "note": "Reduced to a single daily round trip, trains 11 and 12, in its last decades. The last Punkin Vine passenger train ran on 18 February 1961. Freight continued over the line, which is still an NS district today - that is context, not drawn service. Frequency estimated.", "sources": ["Segment-level: the 18 February 1961 last run of trains 11/12 is from the Wikipedia Roanoke station article; the 1930 split and the headway are estimates and are not sourced.", "https://en.wikipedia.org/wiki/Roanoke_station_(Virginia)"]}]}, "geometry": {"type": "LineString", "coordinates": [[-79.94102, 37.27323], [-79.93796, 37.27305], [-79.93693, 37.27156], [-79.93824, 37.26722], [-79.93828, 37.26397], [-79.94056, 37.25716], [-79.94395, 37.25168], [-79.94599, 37.25107], [-79.95161, 37.25295], [-79.96605, 37.24813], [-79.97169, 37.24366], [-79.97303, 37.23994], [-79.97724, 37.2355], [-79.98013, 37.23017], [-79.98541, 37.22848], [-79.98983, 37.22575], [-79.98994, 37.22404], [-79.98771, 37.21979], [-79.9879, 37.21737], [-79.99539, 37.20974], [-79.99925, 37.19767], [-79.99928, 37.19412], [-79.99819, 37.19245], [-79.99582, 37.19072], [-79.99524, 37.18876], [-79.99224, 37.18681], [-79.99228, 37.18377], [-79.98525, 37.17222], [-79.98369, 37.17185], [-79.98199, 37.17258], [-79.98169, 37.17713], [-79.97988, 37.17917], [-79.97846, 37.17964], [-79.97434, 37.17739], [-79.97264, 37.17475], [-79.9701, 37.17289], [-79.96987, 37.17031], [-79.97329, 37.16479], [-79.97334, 37.1573], [-79.97178, 37.15343], [-79.96988, 37.15202], [-79.96864, 37.14905], [-79.97009, 37.14366], [-79.97244, 37.13874], [-79.97233, 37.13416], [-79.97034, 37.1319], [-79.96682, 37.12993], [-79.96402, 37.12945], [-79.95555, 37.12306], [-79.95458, 37.12123], [-79.95559, 37.11769], [-79.95471, 37.11605], [-79.95262, 37.11521], [-79.94802, 37.11537], [-79.94129, 37.11837], [-79.93793, 37.1172], [-79.9341, 37.11452], [-79.92962, 37.11443], [-79.92657, 37.11121], [-79.92057, 37.1087], [-79.91703, 37.10793], [-79.91083, 37.10451], [-79.90968, 37.10281], [-79.9073, 37.10126], [-79.90519, 37.09831], [-79.90048, 37.09504], [-79.89551, 37.09306], [-79.89608, 37.08792], [-79.89496, 37.08605], [-79.89095, 37.08297], [-79.89077, 37.07781], [-79.88895, 37.07325], [-79.88656, 37.06981], [-79.87962, 37.06456], [-79.8779, 37.06065], [-79.87411, 37.05856], [-79.87263, 37.05658], [-79.87265, 37.05464], [-79.87458, 37.05052], [-79.87008, 37.04259], [-79.87041, 37.04147], [-79.87277, 37.03924], [-79.87051, 37.03489], [-79.87186, 37.02976], [-79.87153, 37.0262], [-79.86684, 37.01705], [-79.87507, 37.00838], [-79.88707, 37.0046], [-79.89145, 37.0016], [-79.89902, 36.99917], [-79.90456, 36.99619], [-79.90802, 36.99067], [-79.91645, 36.98766], [-79.91977, 36.98393], [-79.93443, 36.97582], [-79.93525, 36.9743], [-79.93428, 36.96926], [-79.93732, 36.96705], [-79.93821, 36.96451], [-79.93737, 36.96108], [-79.93985, 36.95876], [-79.9427, 36.9541], [-79.94611, 36.95091], [-79.94743, 36.95069], [-79.95311, 36.95174], [-79.95667, 36.95107], [-79.96579, 36.94546], [-79.96915, 36.94268], [-79.97016, 36.9403], [-79.97157, 36.93918], [-79.97462, 36.93808], [-79.97979, 36.93788], [-79.98795, 36.93379], [-79.9941, 36.93186], [-80.00016, 36.93116], [-80.00354, 36.92808], [-80.01034, 36.92658], [-80.01257, 36.92508], [-80.01336, 36.92285], [-80.01239, 36.91992], [-80.00747, 36.91483], [-80.00522, 36.90913], [-80.00239, 36.90595], [-80.00199, 36.90383], [-80.0024, 36.9002], [-80.00496, 36.89168], [-80.01023, 36.88468], [-80.01012, 36.88252], [-80.00853, 36.87945], [-80.00921, 36.87523], [-80.00861, 36.87349], [-80.00533, 36.86923], [-80.00372, 36.86416], [-80.00164, 36.86143], [-79.99922, 36.85523], [-79.99345, 36.84643], [-79.9904, 36.84543], [-79.98957, 36.84424], [-79.99116, 36.84171], [-79.99056, 36.83908], [-79.99207, 36.83664], [-79.99141, 36.82745], [-79.99305, 36.82665], [-79.9962, 36.82737], [-79.99785, 36.82644], [-79.99765, 36.82492], [-79.99558, 36.82302], [-79.99655, 36.82117], [-80.00164, 36.8219], [-80.00436, 36.82025], [-80.00401, 36.81881], [-80.00067, 36.81728], [-79.99817, 36.81261], [-79.99498, 36.81107], [-79.99275, 36.80516], [-79.99374, 36.80224], [-79.99687, 36.80013], [-79.99669, 36.79735], [-79.99819, 36.79338], [-79.9992, 36.79269], [-80.00269, 36.79227], [-80.0032, 36.78953], [-80.00164, 36.78809], [-79.99231, 36.78818], [-79.98906, 36.78687], [-79.98801, 36.78401], [-79.98839, 36.78176], [-79.98739, 36.77723], [-79.9858, 36.77352], [-79.98617, 36.77203], [-79.98782, 36.77132], [-79.9989, 36.76996], [-79.99982, 36.76883], [-79.99945, 36.76761], [-79.99574, 36.76564], [-79.9945, 36.76261], [-79.99243, 36.76015], [-79.98606, 36.75562], [-79.98302, 36.75388], [-79.97643, 36.75225], [-79.9714, 36.75008], [-79.95555, 36.73786], [-79.95123, 36.73604], [-79.94864, 36.73274], [-79.94853, 36.72993], [-79.94361, 36.72664], [-79.939, 36.72113], [-79.9388, 36.71687], [-79.93071, 36.69848], [-79.91905, 36.69153], [-79.91277, 36.69226], [-79.90566, 36.68955], [-79.90334, 36.68757], [-79.90096, 36.68662], [-79.89821, 36.68214], [-79.89247, 36.6776], [-79.88934, 36.67728], [-79.88789, 36.67807], [-79.88612, 36.68112], [-79.88706, 36.68448], [-79.88608, 36.68581], [-79.8763, 36.68554], [-79.87167, 36.6843], [-79.87004, 36.68202], [-79.85906, 36.67466], [-79.85852, 36.67355], [-79.85889, 36.67237], [-79.86268, 36.6699], [-79.87021, 36.67015], [-79.87406, 36.6684], [-79.87378, 36.66674], [-79.86976, 36.66469], [-79.86981, 36.66169], [-79.86801, 36.65928], [-79.86836, 36.65802], [-79.87065, 36.65621], [-79.87085, 36.65444], [-79.86998, 36.65327], [-79.8652, 36.65086], [-79.86141, 36.64808], [-79.85208, 36.64695], [-79.84808, 36.64531], [-79.84611, 36.6436], [-79.84581, 36.64139], [-79.85032, 36.63326], [-79.85057, 36.63111], [-79.84744, 36.62508], [-79.84811, 36.61986], [-79.84754, 36.61749], [-79.84586, 36.61568], [-79.84012, 36.61255], [-79.83936, 36.61064], [-79.84483, 36.60197], [-79.84788, 36.60003], [-79.8496, 36.59707], [-79.85396, 36.59209], [-79.85864, 36.58866], [-79.8629, 36.58356], [-79.8672, 36.57692], [-79.87263, 36.57131], [-79.87542, 36.56701], [-79.88156, 36.56188], [-79.89349, 36.55518], [-79.89882, 36.54843], [-79.90925, 36.54458], [-79.91492, 36.53864], [-79.91453, 36.53339], [-79.91032, 36.53039], [-79.90953, 36.52821], [-79.91056, 36.52655], [-79.9146, 36.52484], [-79.91601, 36.52294], [-79.91465, 36.51024], [-79.91534, 36.50875], [-79.91781, 36.5068], [-79.91868, 36.50427], [-79.91873, 36.49632], [-79.91792, 36.49219], [-79.91672, 36.49029], [-79.91488, 36.48899], [-79.90978, 36.48721], [-79.90842, 36.48549], [-79.90948, 36.48129], [-79.91005, 36.47363], [-79.90767, 36.466], [-79.90864, 36.46027], [-79.911, 36.454], [-79.90941, 36.4495], [-79.90949, 36.44801], [-79.91179, 36.44597], [-79.9303, 36.44162], [-79.93623, 36.43896], [-79.94165, 36.43733], [-79.94291, 36.43621], [-79.9438, 36.43325], [-79.94686, 36.43131], [-79.94871, 36.4275], [-79.95137, 36.42467], [-79.95323, 36.42459], [-79.95824, 36.42696], [-79.96097, 36.42629], [-79.96288, 36.42486], [-79.96394, 36.42209], [-79.96321, 36.41551], [-79.96509, 36.41075], [-79.9674, 36.40752], [-79.96759, 36.40592], [-79.96638, 36.40372], [-79.96204, 36.40089], [-79.95781, 36.39428], [-79.95692, 36.38593], [-79.9583, 36.38156], [-79.96047, 36.38052], [-79.96633, 36.38138], [-79.97557, 36.37782], [-79.98127, 36.3749], [-79.98219, 36.37206], [-79.98355, 36.37112], [-79.98519, 36.37139], [-79.98829, 36.37402], [-79.99457, 36.37547], [-79.99669, 36.37423], [-79.9988, 36.37137], [-80.00392, 36.36732], [-80.0075, 36.363], [-80.01114, 36.3612], [-80.01311, 36.36083], [-80.01649, 36.36127], [-80.01851, 36.3606], [-80.02339, 36.35522], [-80.02837, 36.34697], [-80.0338, 36.34526], [-80.03518, 36.34401], [-80.03636, 36.34138], [-80.03467, 36.33369], [-80.03558, 36.33084], [-80.04299, 36.32472], [-80.04912, 36.32067], [-80.0583, 36.31757], [-80.07104, 36.31195], [-80.0727, 36.30863], [-80.07866, 36.30651], [-80.08073, 36.30349], [-80.08249, 36.30243], [-80.09342, 36.29968], [-80.09899, 36.29717], [-80.10151, 36.29748], [-80.10527, 36.29981], [-80.11222, 36.30179], [-80.11495, 36.30042], [-80.11782, 36.29635], [-80.12195, 36.29347], [-80.1255, 36.29221], [-80.12796, 36.29051], [-80.13251, 36.28906], [-80.13861, 36.29045], [-80.14463, 36.28679], [-80.14531, 36.28467], [-80.14309, 36.28037], [-80.14406, 36.26973], [-80.14558, 36.2663], [-80.14787, 36.25503], [-80.15292, 36.24657], [-80.15336, 36.24215], [-80.15518, 36.23806], [-80.16637, 36.22901], [-80.16936, 36.22544], [-80.16658, 36.21653], [-80.16919, 36.20674], [-80.16655, 36.20229], [-80.16553, 36.19899], [-80.1627, 36.19511], [-80.16084, 36.18608], [-80.15936, 36.18383], [-80.15578, 36.18254], [-80.15465, 36.18137], [-80.15341, 36.17931], [-80.15339, 36.17587], [-80.15543, 36.17436], [-80.17015, 36.1719], [-80.1735, 36.16935], [-80.17801, 36.16133], [-80.17979, 36.15999], [-80.1878, 36.16008], [-80.19626, 36.15729], [-80.20585, 36.15745], [-80.21062, 36.1553], [-80.2156, 36.15178], [-80.2207, 36.15037], [-80.22318, 36.14883], [-80.22671, 36.14546], [-80.23161, 36.13862], [-80.23373, 36.12591], [-80.23945, 36.10241], [-80.23929, 36.09684]]}}, {"type": "Feature", "properties": {"company": "Virginia Anthracite Coal and Railway", "line": "Virginia Anthracite Coal: Christiansburg \u2013 Blacksburg (Huckleberry)", "id": "vacr-blacksburg-huckleberry", "color": "#d18f2a", "mode": "intercity_rail", "avg_speed_kmh": 25, "speed_source": "estimated: steam-era schedules over this profile are not sourced here; the figure is an editorial average including stops, not a documented timing.", "geometry_quality": "part-traced, part rail-trail: real-traced from OpenStreetMap ways tagged old_railway_operator=N&W - the surviving NS Blacksburg Branch out of Cambria and, north of it, the abandoned grade now carried by the Huckleberry Trail. 8.3 mi traced against 8.75 mi documented Christiansburg-Blacksburg. One straight-line approximation: 0.8 mi across the built-over grade on the south side of Blacksburg, between the end of the mapped grade at Merrimac Road and its resumption near Blacksburg Middle School. The north end stops 0.2 mi short of the Blacksburg depot site at Draper Road; the modern trail's realigned loops around Hethwood are deliberately not followed.", "segments": [{"start": 1904, "end": 1912, "headway_min": 360, "note": "The Virginia Anthracite Coal & Railway built this line in 1902 to bring coal from its Merrimac mines down to the N&W at Cambria, and extended it into Blacksburg in 1904 under a contract with Virginia Agricultural & Mechanical College. The first passenger train ran into Blacksburg on 15 September 1904 with free rides for the town - before that Blacksburg had no railroad, and passengers used the N&W at Cambria. The 1902-1904 coal-only years are deliberately not drawn (Rule 1). The company failed and was sold under foreclosure to the N&W in 1911. Frequency estimated.", "sources": ["Segment-level: the 1902 founding, the 1904 extension, the 15 September 1904 first passenger train and the foreclosure sale are from the N&W Historical Society Radford Division page, the Friends of the Huckleberry Trail history and Virginia Tech Magazine; the headway is an estimate and is not sourced.", "https://nwhistory.info/divisions/Radford/NWRad4.php", "https://www.huckleberrytrail.org/history.html", "https://scholar.lib.vt.edu/ejournals/VTMAG/v14n3/page12-13.html"]}]}, "geometry": {"type": "LineString", "coordinates": [[-80.38828, 37.14158], [-80.39172, 37.14146], [-80.39584, 37.14301], [-80.39685, 37.14462], [-80.39941, 37.1457], [-80.40506, 37.15147], [-80.40767, 37.1517], [-80.41554, 37.15383], [-80.42503, 37.15446], [-80.4258, 37.15531], [-80.42667, 37.15947], [-80.43018, 37.16411], [-80.42993, 37.1668], [-80.43264, 37.17752], [-80.43283, 37.1853], [-80.43157, 37.18672], [-80.42812, 37.18777], [-80.4248, 37.18989], [-80.42361, 37.18991], [-80.42037, 37.18882], [-80.4178, 37.18892], [-80.41606, 37.18994], [-80.41574, 37.19232], [-80.41412, 37.19603], [-80.4162, 37.20091], [-80.41177, 37.21957], [-80.41333, 37.22471], [-80.41323, 37.22559], [-80.4124, 37.22639]]}}, {"type": "Feature", "properties": {"company": "Norfolk and Western Railway", "line": "Norfolk and Western: Blacksburg Branch (Huckleberry)", "id": "nw-blacksburg-branch", "color": "#023047", "mode": "intercity_rail", "avg_speed_kmh": 25, "speed_source": "estimated: steam-era schedules over this profile are not sourced here; the figure is an editorial average including stops, not a documented timing.", "geometry_quality": "part-traced, part rail-trail: real-traced from OpenStreetMap ways tagged old_railway_operator=N&W - the surviving NS Blacksburg Branch out of Cambria and, north of it, the abandoned grade now carried by the Huckleberry Trail. 8.3 mi traced against 8.75 mi documented Christiansburg-Blacksburg. One straight-line approximation: 0.8 mi across the built-over grade on the south side of Blacksburg, between the end of the mapped grade at Merrimac Road and its resumption near Blacksburg Middle School. The north end stops 0.2 mi short of the Blacksburg depot site at Draper Road; the modern trail's realigned loops around Hethwood are deliberately not followed. Same geometry as the Virginia Anthracite feature it succeeds.", "segments": [{"start": 1912, "end": 1922, "headway_min": 360, "note": "N&W took ownership in January 1912 and ran the line as its Blacksburg Branch, 8.75 miles from Christiansburg, beginning at milepost 290.0 from Norfolk. Four runs a day, three of them carrying mail; from 1912 to 1922 the Huckleberry was Blacksburg's main link to the outside world, with three runs a day carrying 50 to 60 passengers each. It was slow enough that the story of picking huckleberries alongside the moving train stuck as its name.", "sources": ["Segment-level: the January 1912 N&W takeover, the 8.75-mile length, milepost 290.0 and the four-runs-a-day / 1912-1922 traffic figures are from the N&W Historical Society Radford Division page, Virginia Tech Magazine and the Friends of the Huckleberry Trail history.", "https://nwhistory.info/divisions/Radford/NWRad4.php", "https://scholar.lib.vt.edu/ejournals/VTMAG/v14n3/page12-13.html", "https://www.huckleberrytrail.org/history.html"]}, {"start": 1922, "end": 1958, "headway_min": 480, "note": "Declining as paved roads and buses reached Blacksburg. The last passenger train unloaded its riders in August 1958; the last freight ran into Blacksburg on 30 June 1966 and the line north of Peppers Ferry Road was abandoned in the 1960s - freight and abandonment are context, not drawn service (Rule 1). The grade is now the Huckleberry Trail. Frequency estimated.", "sources": ["Segment-level: the August 1958 last passenger train and the 30 June 1966 last freight are from Virginia Tech Magazine and the Friends of the Huckleberry Trail history; the 1922 split and the headway are estimates and are not sourced.", "https://scholar.lib.vt.edu/ejournals/VTMAG/v14n3/page12-13.html", "https://www.huckleberrytrail.org/history.html", "https://nwhistory.info/divisions/Radford/NWRad4.php"]}]}, "geometry": {"type": "LineString", "coordinates": [[-80.38828, 37.14158], [-80.39172, 37.14146], [-80.39584, 37.14301], [-80.39685, 37.14462], [-80.39941, 37.1457], [-80.40506, 37.15147], [-80.40767, 37.1517], [-80.41554, 37.15383], [-80.42503, 37.15446], [-80.4258, 37.15531], [-80.42667, 37.15947], [-80.43018, 37.16411], [-80.42993, 37.1668], [-80.43264, 37.17752], [-80.43283, 37.1853], [-80.43157, 37.18672], [-80.42812, 37.18777], [-80.4248, 37.18989], [-80.42361, 37.18991], [-80.42037, 37.18882], [-80.4178, 37.18892], [-80.41606, 37.18994], [-80.41574, 37.19232], [-80.41412, 37.19603], [-80.4162, 37.20091], [-80.41177, 37.21957], [-80.41333, 37.22471], [-80.41323, 37.22559], [-80.4124, 37.22639]]}}]}