{
 "type": "FeatureCollection",
 "metadata": {
  "note": "The original Norfolk Southern (1883-1974; NOT the 1982 Norfolk Southern, which is a different company with its own string 'Norfolk Southern Railway' elsewhere in data/), and its namesake predecessor the Elizabeth City and Norfolk (1881-1883). Drawn from research/branches/norfolk_southern_railway_original.txt in the site repo (DanielMConnolly/historical-trains) (2026-10-08). Before this layer the map drew no part of this railroad. Only the report's drawable spans are drawn, which keep to years a source confirms. Company string 'Norfolk Southern Railway (1883–1974)' with label 'Norfolk Southern (1883–1974)' so Rule 4 cannot merge it with the 1982 company. Its 1883/1891/1906/1910/1942 renames are receivership reorganizations of one operator and share one colour. The Elizabeth City & Norfolk -> Norfolk Southern change of 1 Feb 1883 was a rename of the same company; it is drawn as its own feature (own colour) because trains ran under the EC&N name 1881-1883. The Atlantic & North Carolina lease-era feature (1908-1932) takes the NS colour because the NS ran the trains. The Virginia Beach and Cape Henry divisions are split by MODE at 1904 and 1935 (steam / electric interurban / gas-electric rail cars). Last NS passenger train 31 Jan 1948; everything after is freight only (Feb 1952 Official Guide) and not drawn. Seven branches end at the NCUC's May 1938 discontinuance order, not at their abandonment years.",
  "sources": [
   "https://norfolksouthernhs.org/briefNShistory.html (Norfolk Southern Historical Society, brief NS history)",
   "https://carolana.com/NC/Transportation/railroads/nc_rrs_elizabeth_city_norfolk.html",
   "https://en.wikipedia.org/wiki/Norfolk_Southern_Railway_(1942%E2%80%931982)",
   "https://www.branchline.uk/jfpdf/northcarolinarrs.pdf (John Fowler, North Carolina passenger stations)",
   "https://www.branchline.uk/jfpdf/virginiarrs.pdf (John Fowler, Virginia passenger stations)",
   "Official Guide of the Railways, Feb 1952, NS pp. 529-530: every NS table 'Freight Service only' / 'Mail, Express and Freight Service only' - https://archive.org/details/the-official-guide-of-the-railways-images",
   "Raleigh Evening Times 15 Jun 1908 p2 (N&S No. 14 Washington - Greenville - Wilson - Raleigh; parlor car Goldsboro - Beaufort) - https://newspapers.digitalnc.org/lccn/sn92073024/1908-06-15/ed-1/seq-2/",
   "Washington Daily News 25 Jun 1910 p3 (NS public timetable Raleigh - Washington - New Bern - Beaufort) - https://newspapers.digitalnc.org/lccn/sn91000452/1910-06-25/ed-1/seq-3/",
   "Roanoke Beacon (Plymouth) 3 Nov 1911 p5 (NS excursion fares; NS train Plymouth - Columbia) - https://newspapers.digitalnc.org/lccn/sn92074055/1911-11-03/ed-1/seq-5/",
   "Southern Pines Tourist 26 Sep 1913 p3 (the Page road carries passengers to Carthage, Pinehurst, Jackson Springs ... Asheboro) - https://newspapers.digitalnc.org/lccn/sn92061730/1913-09-26/ed-1/seq-3/",
   "The State Journal (Raleigh) 3 Apr 1914 p11 (NS timetable in effect 11 Jan 1914) - https://newspapers.digitalnc.org/lccn/sn92073019/1914-04-03/ed-1/seq-11/",
   "Charlotte News 7 Oct 1914 p4 (NS schedule effective 1 Sep 1914) - https://newspapers.digitalnc.org/lccn/sn91068256/1914-10-07/ed-1/seq-4/",
   "Daily Advance (Elizabeth City) 9 Dec 1919 p7 (NS passenger train schedule, coal curtailment) - https://newspapers.digitalnc.org/lccn/sn92074042/1919-12-09/ed-1/seq-7/",
   "News & Observer (Raleigh) 9 Jun 1922 p15 (NS departures from Raleigh for Norfolk, Charlotte, Fayetteville, Belhaven)",
   "Rockingham Post-Dispatch 18 Oct 1923 p17 (Star - Ellerbe, one combination mail, passenger and freight train a day) - https://newspapers.digitalnc.org/lccn/sn91068736/1923-10-18/ed-1/seq-17/",
   "Durham Morning Herald 25 Oct 1923 p1 (Oriental and Columbia trains still running; Carthage branch discontinued) - https://newspapers.digitalnc.org/lccn/sn84020730/1923-10-25/ed-1/seq-1/",
   "Durham Morning Herald 18 Nov 1924 p18 (NS trains at New Bern, Kinston, Washington, Greenville, Wilson)",
   "Henderson Daily Dispatch 29 Jul 1935 p1 (A&NC 'now operated by the Norfolk Southern' but lease broken) - https://newspapers.digitalnc.org/lccn/sn91068401/1935-07-29/ed-1/seq-1/",
   "Beaufort News 8 Aug 1935 p1 (A&NC not re-leased to NS) - https://newspapers.digitalnc.org/lccn/sn91068210/1935-08-08/ed-1/seq-1/",
   "Henderson Daily Dispatch 22 Apr 1938 p1 (NCUC allows NS to discontinue all passenger service May 1 except Charlotte - Raleigh - Norfolk) - https://newspapers.digitalnc.org/lccn/sn91068401/1938-04-22/ed-1/seq-1/",
   "Sandhills News-Press 24 Apr 1938 p1 (discontinuance of all passenger service Aberdeen - Asheboro) - https://newspapers.digitalnc.org/lccn/sn91068724/1938-04-24/ed-1/seq-1/",
   "The Pilot (Southern Pines) 29 Apr 1938 p4 - https://newspapers.digitalnc.org/lccn/sn92073968/1938-04-29/ed-1/seq-4/",
   "Perquimans Weekly (Hertford) 9 Jan 1948 p1 (NCUC grants discontinuance of NS trains 1 and 2) - https://newspapers.digitalnc.org/lccn/sn97064546/1948-01-09/ed-1/seq-1/",
   "Daily Advance 24 Jul 1940 p4 (NS trains moved to a Berkley station, May 1940) - https://newspapers.digitalnc.org/lccn/sn92074042/1940-07-24/ed-1/seq-4/",
   "Zebulon Record 25 Apr 1947 p1 - https://newspapers.digitalnc.org/lccn/sn92073191/1947-04-25/ed-1/seq-1/",
   "Chowan Herald 25 Jan 1940 p1 (Suffolk line history) - https://newspapers.digitalnc.org/lccn/sn83004293/1940-01-25/ed-1/seq-1/",
   "https://web.archive.org/web/20080421020215/http://users.inna.net/~jaydeet/timeline.htm (NS timeline)",
   "https://www.chicagorailfan.com/stbcclt.html",
   "https://chicagorailfan.com/stbaaral.html",
   "https://aspace.lib.vt.edu/repositories/2/archival_objects/59425 (NS public timetable 28 Aug 1938, catalogue description)",
   "News & Observer 23 Dec 1920 p5 (Fayetteville protest over cut Raleigh - Fayetteville trains) - https://newspapers.digitalnc.org/lccn/sn85042104/1920-12-23/ed-1/seq-5/",
   "The Pilot 11 Sep 1925 p1 (Pinehurst line relocation and new station) - https://newspapers.digitalnc.org/lccn/sn92073968/1925-09-11/ed-1/seq-1/",
   "The Pilot 3 Dec 1937 p1 (the four-mile West End - Jackson Springs stretch) - https://newspapers.digitalnc.org/lccn/sn92073968/1937-12-03/ed-1/seq-1/",
   "https://en.wikipedia.org/wiki/Aberdeen_and_Asheboro_Railroad",
   "Moore County News 4 Aug 1921 p1 (Carthage & Pinehurst abandonment application) - https://newspapers.digitalnc.org/lccn/sn92074101/1921-08-04/ed-1/seq-1/",
   "https://en.wikipedia.org/wiki/Atlantic_and_North_Carolina_Railroad",
   "News & Observer 3 Jul 1913 p5 (Norfolk Southern passenger train Goldsboro - Beaufort) - https://newspapers.digitalnc.org/lccn/sn85042104/1913-07-03/ed-1/seq-5/",
   "Beaufort News 2 Jul 1936 p5 (NS rail-bus advertisement - system promotion, not evidence of NS trains at Beaufort) - https://newspapers.digitalnc.org/lccn/sn91068210/1936-07-02/ed-1/seq-5/",
   "https://en.wikipedia.org/wiki/Transportation_in_Virginia_Beach,_Virginia (citing Kutta, NRHS Bulletin 1983: Apr 1946 timetable)",
   "https://virginiaplaces.org/rail/norfolksouthernoriginal.html"
  ],
  "geometry_method": "OpenStreetMap via Overpass (mail.ru mirror, cached degree tiles) plus OpenHistoricalMap (CC0) for lifted grades, routed with opstrace.py: OSM ways tagged old_railway_operator=NS (OpenRailwayMap's mark for this pre-1982 Norfolk Southern) costed 1x, untagged track 1.25x, OHM ways 1.25x (2x if named for a successor), trails 3x, any other named operator 12x; waypoints from the research report's via lists, Douglas-Peucker 8 m, trim_reversals. OSM's old_railway_operator=NS covers almost the whole system, live and lifted; OpenHistoricalMap fills Mackeys - Plymouth, the Albemarle Sound trestle, the Columbia branch and parts of the Mackeys - Belhaven and Cape Henry lines.",
  "geometry_caveats": [
   "Straight-line legs (all named in each feature's geometry_quality): Bridgeton - Bayboro 14.6 mi and Bayboro - Oriental 9.6 mi (no geometry anywhere); Star - Asheboro two chords 4.1 + 3.9 mi; Valhalla - Edenton 3.7 mi; Ellerbe approach 2.2 mi; Bayside shore on the Cape Henry line ~4.1 mi; Cavalier link 0.9 mi.",
   "Norfolk approaches are not drawn: the main line starts at Berkley (the 1881 and post-1940 terminal), the Cape Henry line at Ballentine Place; the main line's c.1891-1940 trackage-rights run into Park Avenue / Norfolk Terminal Station is omitted.",
   "Aberdeen - Asheboro is 15% short of Fowler's 65.0 mi; his mileposts suggest an earlier routing via Jackson Springs. Pinehurst draws the c.1925 relocation for all years.",
   "Albemarle Sound trestle from OHM may be the 1960-63 rebuild."
  ],
  "not_yet_sourced": [
   "End years that are the last CONFIRMED year, not a known end ([OPEN]): Raleigh - Charlotte 1938; Mackeys - Bishop Cross 1919; Jackson Springs 1922; A&NC lease and Beaufort extension 1932; Cape Henry north shore 1933; Cape Henry beach section 1946.",
   "Start years that are the first CONFIRMED year, not the opening ([OPEN]): Mackeys - Washington 1906; Washington - Zebulon 1908; Marsden - New Bern 1909; Bayboro - Oriental 1911; Mackeys - Bishop Cross and Bishop Cross - Belhaven 1906; Columbia 1911; Suffolk - Edenton 1919; Fayetteville 1914; Aberdeen - Asheboro and Jackson Springs 1913; A&NC lease and Beaufort 1908.",
   "Single proven years ([ANCHOR]): Pinetown cutoff 1938; Candor - Ellerbe 1923; Pinehurst - Carthage 1913.",
   "Raleigh - Charlotte end: the NCUC decision on the 1938 discontinuance petition was not found (gone by 1942).",
   "The May 1938 order was an authorization; no 'last mixed train' report was found for any of the seven branches.",
   "Virginia portions: no Virginia SCC order for the Suffolk end of the Suffolk District; Cape Henry north-shore and Munden end dates unknown.",
   "Virginia Beach Division end: 1947 (Wikipedia NS, Fowler, virginiaplaces) vs 1948 (Wikipedia, Transportation in Virginia Beach). 1947 drawn.",
   "A&NC lease dates: lease 1 Sep 1904 vs NS 'took over' 1906 vs 'leased 1907'; end 1934 'forfeited' vs 1935 default. No NS passenger year 1933-35 confirmed.",
   "Chocowinity - Zebulon construction: Wikipedia 'built 1910' contradicts a June 1908 N&S timetable through Greenville and Wilson to Raleigh.",
   "Opening days 1881: 26 May vs 1 Jun (Elizabeth City), 13 Dec vs 6 Dec (Edenton) - NSHS vs carolana.",
   "Colon - Cumnock: new 1914 line or the old Egypt Railroad grade.",
   "Belhaven routing 1922-1932 (via Mackeys or via the Pinetown cutoff).",
   "All headway_min and avg_speed_kmh values except Ellerbe's 1923 headway and the 1946 Virginia Beach headway are estimates."
  ],
  "omitted": [
   "Durham Branch (Durham - Bonsal - Duncan, Durham & South Carolina leased 1920): no confirmed NS passenger year - report drawable NONE.",
   "Cape Henry steam extension (Virginia Beach - Cape Henry, 1902-1904): no timetable or station list confirms passenger trains - NONE.",
   "Munden ('Currituck') Branch, NS era: no NS-era passenger year found (the 1898 Guide anchor belongs to the NVB&S) - NONE.",
   "Beckford Junction - Elizabeth City and Euclid - Kempsville - Providence Junction: no passenger evidence.",
   "Norfolk Terminal Station approach (1912-1940): the report allows it only if traced separately; not traced (the N&W layer draws that track).",
   "Predecessor companies' own eras (NVB&S, Chesapeake Transit, Suffolk & Carolina, Washington & Plymouth, Albemarle & Pantego, Raleigh & Cape Fear / Raleigh & Southport, Aberdeen & Asheboro, Durham & Charlotte, A&NC 1858-1904 and 1935-, Atlantic & East Carolina): separate companies needing their own research.",
   "Freight-only lines built or acquired after 1940 (Brickhaven, Aurora, Weeksville, Farmville industrial track, the 1972 New Hope relocation)."
  ]
 },
 "features": [
  {
   "type": "Feature",
   "properties": {
    "company": "Elizabeth City and Norfolk Railroad",
    "line": "Elizabeth City and Norfolk: Berkley – Edenton",
    "id": "ecn-berkley-edenton",
    "color": "#8C2F4E",
    "mode": "intercity_rail",
    "avg_speed_kmh": 35,
    "speed_source": "ESTIMATE, not sourced: ~35 km/h assumed for an 1880s single-track road",
    "geometry_source": "OpenStreetMap via Overpass (mail.ru mirror, cached degree tiles) plus OpenHistoricalMap (CC0) for lifted grades, routed with opstrace.py: OSM ways tagged old_railway_operator=NS (OpenRailwayMap's mark for this pre-1982 Norfolk Southern) costed 1x, untagged track 1.25x, OHM ways 1.25x (2x if named for a successor), trails 3x, any other named operator 12x; waypoints from the research report's via lists, Douglas-Peucker 8 m, trim_reversals.",
    "geometry_quality": "Traced from OpenStreetMap, 71.6 mi Berkley - Edenton against the documented 72.8 mi (Fowler/1952 Guide mileposts: Berkley - Elizabeth City 45.1, Elizabeth City - Edenton 27.7). By operator: 70.8 mi NS(1883), 1.0 mi (untagged), 0.3 mi VGN; the 0.3 mi VGN is a crossing/junction stretch at the Norfolk end. No straight-line leg. Starts at the Berkley terminal on the south bank of the Eastern Branch, which was the passenger terminus in 1881-c.1891 and again from May 1940; the Norfolk approach over N&W trackage into Park Avenue / Norfolk Terminal Station (c.1891-1940) is NOT drawn (its route before 1912 is not pinned). Edenton end is the line's modern end of track, 0.3 km from the town; the 1st and 2nd Edenton stations are not distinguished. Where the original grade is lifted and a successor survives on the same corridor, the trace follows what survives, so short stretches may draw a LATER alignment than the era shown.",
    "segments": [
     {
      "start": 1881,
      "end": 1883,
      "headway_min": 720,
      "note": "Elizabeth City and Norfolk Railroad trains: first train Norfolk (Berkley, with a ferry across the Eastern Branch) - Elizabeth City May/June 1881 (26 May per the NS Historical Society, 1 June per carolana - day conflicts, year agrees), extended to Edenton December 1881 (13 Dec NSHS vs 6 Dec carolana). The company was renamed Norfolk Southern Railroad on 1 Feb 1883 - a rename of the same company, drawn as a separate feature only so the label and colour say whose name was on the trains; the Norfolk Southern feature on the same geometry carries on. Elizabeth City - Edenton opened in Dec 1881, so that half is drawn from 1881 for the last weeks of the year only. Headway is an estimate (headway_min and avg_speed_kmh are estimates, NOT sourced).",
      "sources": [
       "Segment-level: start 1881 from the opening dates in NSHS and carolana; end at the 1 Feb 1883 rename (NSHS, Wikipedia). headway_min and avg_speed_kmh are estimates, NOT sourced.",
       "https://norfolksouthernhs.org/briefNShistory.html (Norfolk Southern Historical Society, brief NS history)",
       "https://carolana.com/NC/Transportation/railroads/nc_rrs_elizabeth_city_norfolk.html",
       "https://en.wikipedia.org/wiki/Norfolk_Southern_Railway_(1942%E2%80%931982)"
      ]
     }
    ]
   },
   "geometry": {
    "type": "LineString",
    "coordinates": [
     [
      -76.286627,
      36.829058
     ],
     [
      -76.285597,
      36.827245
     ],
     [
      -76.28379,
      36.826158
     ],
     [
      -76.280883,
      36.823701
     ],
     [
      -76.280495,
      36.823506
     ],
     [
      -76.279727,
      36.823426
     ],
     [
      -76.277647,
      36.823787
     ],
     [
      -76.276749,
      36.824024
     ],
     [
      -76.275292,
      36.824782
     ],
     [
      -76.274407,
      36.824773
     ],
     [
      -76.273779,
      36.824433
     ],
     [
      -76.272394,
      36.823138
     ],
     [
      -76.263095,
      36.817583
     ],
     [
      -76.262365,
      36.817255
     ],
     [
      -76.261647,
      36.817204
     ],
     [
      -76.26211,
      36.815319
     ],
     [
      -76.261301,
      36.815235
     ],
     [
      -76.260399,
      36.814834
     ],
     [
      -76.259873,
      36.813999
     ],
     [
      -76.244323,
      36.763357
     ],
     [
      -76.243635,
      36.761786
     ],
     [
      -76.242773,
      36.7606
     ],
     [
      -76.242158,
      36.759987
     ],
     [
      -76.217502,
      36.737489
     ],
     [
      -76.21659,
      36.736507
     ],
     [
      -76.215872,
      36.735545
     ],
     [
      -76.21288,
      36.730267
     ],
     [
      -76.210252,
      36.723033
     ],
     [
      -76.209754,
      36.718041
     ],
     [
      -76.209597,
      36.717484
     ],
     [
      -76.208981,
      36.716262
     ],
     [
      -76.208437,
      36.71562
     ],
     [
      -76.206524,
      36.714146
     ],
     [
      -76.189115,
      36.702096
     ],
     [
      -76.187881,
      36.700987
     ],
     [
      -76.187123,
      36.699674
     ],
     [
      -76.186392,
      36.695966
     ],
     [
      -76.186354,
      36.694716
     ],
     [
      -76.186564,
      36.693677
     ],
     [
      -76.192621,
      36.678049
     ],
     [
      -76.193288,
      36.675906
     ],
     [
      -76.194541,
      36.67081
     ],
     [
      -76.198511,
      36.661563
     ],
     [
      -76.198852,
      36.660464
     ],
     [
      -76.199038,
      36.659095
     ],
     [
      -76.198796,
      36.655495
     ],
     [
      -76.19877,
      36.651691
     ],
     [
      -76.19849,
      36.576601
     ],
     [
      -76.198597,
      36.574618
     ],
     [
      -76.199456,
      36.569401
     ],
     [
      -76.199366,
      36.568485
     ],
     [
      -76.198987,
      36.567792
     ],
     [
      -76.19756,
      36.566029
     ],
     [
      -76.185616,
      36.538804
     ],
     [
      -76.180732,
      36.527837
     ],
     [
      -76.180197,
      36.526894
     ],
     [
      -76.179286,
      36.525931
     ],
     [
      -76.161959,
      36.510936
     ],
     [
      -76.146348,
      36.502532
     ],
     [
      -76.144703,
      36.501411
     ],
     [
      -76.143382,
      36.499743
     ],
     [
      -76.125848,
      36.471627
     ],
     [
      -76.123699,
      36.469251
     ],
     [
      -76.121706,
      36.46769
     ],
     [
      -76.113505,
      36.462722
     ],
     [
      -76.112199,
      36.461735
     ],
     [
      -76.111388,
      36.460885
     ],
     [
      -76.103309,
      36.450147
     ],
     [
      -76.10269,
      36.448868
     ],
     [
      -76.102036,
      36.446385
     ],
     [
      -76.095577,
      36.419887
     ],
     [
      -76.095394,
      36.41818
     ],
     [
      -76.095415,
      36.410837
     ],
     [
      -76.095607,
      36.409445
     ],
     [
      -76.096285,
      36.407422
     ],
     [
      -76.097282,
      36.405687
     ],
     [
      -76.103892,
      36.396615
     ],
     [
      -76.104623,
      36.395881
     ],
     [
      -76.106664,
      36.394601
     ],
     [
      -76.110996,
      36.392465
     ],
     [
      -76.120385,
      36.386792
     ],
     [
      -76.124015,
      36.384585
     ],
     [
      -76.125779,
      36.383059
     ],
     [
      -76.126507,
      36.38209
     ],
     [
      -76.131234,
      36.373857
     ],
     [
      -76.133182,
      36.370724
     ],
     [
      -76.155413,
      36.345376
     ],
     [
      -76.173296,
      36.323236
     ],
     [
      -76.174323,
      36.322266
     ],
     [
      -76.175772,
      36.321354
     ],
     [
      -76.177435,
      36.320805
     ],
     [
      -76.179367,
      36.320552
     ],
     [
      -76.198935,
      36.319692
     ],
     [
      -76.200868,
      36.319514
     ],
     [
      -76.214345,
      36.315624
     ],
     [
      -76.216658,
      36.31445
     ],
     [
      -76.218319,
      36.313783
     ],
     [
      -76.219899,
      36.313407
     ],
     [
      -76.223206,
      36.312989
     ],
     [
      -76.224622,
      36.312281
     ],
     [
      -76.22901,
      36.308477
     ],
     [
      -76.231038,
      36.306946
     ],
     [
      -76.232607,
      36.30604
     ],
     [
      -76.24378,
      36.300362
     ],
     [
      -76.451069,
      36.228519
     ],
     [
      -76.45426,
      36.227271
     ],
     [
      -76.457241,
      36.225547
     ],
     [
      -76.459073,
      36.224071
     ],
     [
      -76.460407,
      36.222702
     ],
     [
      -76.461514,
      36.221276
     ],
     [
      -76.462531,
      36.219559
     ],
     [
      -76.474688,
      36.190179
     ],
     [
      -76.47568,
      36.188179
     ],
     [
      -76.476753,
      36.186794
     ],
     [
      -76.590517,
      36.08227
     ],
     [
      -76.592444,
      36.080586
     ],
     [
      -76.596557,
      36.077412
     ],
     [
      -76.597051,
      36.07679
     ],
     [
      -76.597387,
      36.075975
     ],
     [
      -76.598221,
      36.071331
     ],
     [
      -76.598643,
      36.069733
     ]
    ]
   }
  },
  {
   "type": "Feature",
   "properties": {
    "company": "Norfolk Southern Railway (1883–1974)",
    "line": "Norfolk Southern (1883–1974): Main Line (Berkley – Edenton)",
    "id": "ns-berkley-edenton",
    "color": "#0E7C86",
    "mode": "intercity_rail",
    "avg_speed_kmh": 40,
    "speed_source": "ESTIMATE, not sourced: no timed schedule was read for this line; ~40 km/h assumed for a pre-war Southern regional main line with frequent stops",
    "geometry_source": "OpenStreetMap via Overpass (mail.ru mirror, cached degree tiles) plus OpenHistoricalMap (CC0) for lifted grades, routed with opstrace.py: OSM ways tagged old_railway_operator=NS (OpenRailwayMap's mark for this pre-1982 Norfolk Southern) costed 1x, untagged track 1.25x, OHM ways 1.25x (2x if named for a successor), trails 3x, any other named operator 12x; waypoints from the research report's via lists, Douglas-Peucker 8 m, trim_reversals.",
    "geometry_quality": "Traced from OpenStreetMap, 71.6 mi Berkley - Edenton against the documented 72.8 mi (Fowler/1952 Guide mileposts: Berkley - Elizabeth City 45.1, Elizabeth City - Edenton 27.7). By operator: 70.8 mi NS(1883), 1.0 mi (untagged), 0.3 mi VGN; the 0.3 mi VGN is a crossing/junction stretch at the Norfolk end. No straight-line leg. Starts at the Berkley terminal on the south bank of the Eastern Branch, which was the passenger terminus in 1881-c.1891 and again from May 1940; the Norfolk approach over N&W trackage into Park Avenue / Norfolk Terminal Station (c.1891-1940) is NOT drawn (its route before 1912 is not pinned). Edenton end is the line's modern end of track, 0.3 km from the town; the 1st and 2nd Edenton stations are not distinguished. Where the original grade is lifted and a successor survives on the same corridor, the trace follows what survives, so short stretches may draw a LATER alignment than the era shown.",
    "segments": [
     {
      "start": 1883,
      "end": 1948,
      "headway_min": 720,
      "note": "Norfolk Southern main line (Norfolk Southern Railroad 1883, Norfolk and Southern Railroad 1891, Norfolk and Southern Railway 1906, Norfolk Southern Railroad 1910, Norfolk Southern Railway 1942 - receivership reorganizations of one operator). Norfolk - Edenton locals Nos. 5/6 and Norfolk - Raleigh Nos. 1/2 in Dec 1919 [Daily Advance 9 Dec 1919]; Pullman sleepers Raleigh - Norfolk from 5 Jun 1910; twice daily each way in 1914 and 1932, one round trip (Nos. 1/2) by 1942. NS trains used Norfolk Terminal Station until 15 May 1940, then a new Berkley station with a bus connection. The NC Utilities Commission granted discontinuance of Nos. 1/2 the week of 9 Jan 1948 and the last NS passenger trains ran 31 Jan 1948 (Wikipedia citing Cox). Freight continued (today Chesapeake & Albemarle) and is not drawn. Headway is an estimate from the twice-daily service (headway_min and avg_speed_kmh are estimates, NOT sourced).",
      "sources": [
       "Segment-level: start at the 1 Feb 1883 rename of the Elizabeth City & Norfolk (NSHS); end from the Jan 1948 NCUC order and the 31 Jan 1948 last train (Perquimans Weekly 9 Jan 1948; Wikipedia NS citing Cox). headway_min and avg_speed_kmh are estimates, NOT sourced.",
       "Perquimans Weekly (Hertford) 9 Jan 1948 p1 (NCUC grants discontinuance of NS trains 1 and 2) - https://newspapers.digitalnc.org/lccn/sn97064546/1948-01-09/ed-1/seq-1/",
       "https://en.wikipedia.org/wiki/Norfolk_Southern_Railway_(1942%E2%80%931982)",
       "https://norfolksouthernhs.org/briefNShistory.html (Norfolk Southern Historical Society, brief NS history)",
       "Daily Advance (Elizabeth City) 9 Dec 1919 p7 (NS passenger train schedule, coal curtailment) - https://newspapers.digitalnc.org/lccn/sn92074042/1919-12-09/ed-1/seq-7/",
       "Daily Advance 24 Jul 1940 p4 (NS trains moved to a Berkley station, May 1940) - https://newspapers.digitalnc.org/lccn/sn92074042/1940-07-24/ed-1/seq-4/",
       "https://www.branchline.uk/jfpdf/virginiarrs.pdf (John Fowler, Virginia passenger stations)",
       "Official Guide of the Railways, Feb 1952, NS pp. 529-530: every NS table 'Freight Service only' / 'Mail, Express and Freight Service only' - https://archive.org/details/the-official-guide-of-the-railways-images"
      ]
     }
    ]
   },
   "geometry": {
    "type": "LineString",
    "coordinates": [
     [
      -76.286627,
      36.829058
     ],
     [
      -76.285597,
      36.827245
     ],
     [
      -76.28379,
      36.826158
     ],
     [
      -76.280883,
      36.823701
     ],
     [
      -76.280495,
      36.823506
     ],
     [
      -76.279727,
      36.823426
     ],
     [
      -76.277647,
      36.823787
     ],
     [
      -76.276749,
      36.824024
     ],
     [
      -76.275292,
      36.824782
     ],
     [
      -76.274407,
      36.824773
     ],
     [
      -76.273779,
      36.824433
     ],
     [
      -76.272394,
      36.823138
     ],
     [
      -76.263095,
      36.817583
     ],
     [
      -76.262365,
      36.817255
     ],
     [
      -76.261647,
      36.817204
     ],
     [
      -76.26211,
      36.815319
     ],
     [
      -76.261301,
      36.815235
     ],
     [
      -76.260399,
      36.814834
     ],
     [
      -76.259873,
      36.813999
     ],
     [
      -76.244323,
      36.763357
     ],
     [
      -76.243635,
      36.761786
     ],
     [
      -76.242773,
      36.7606
     ],
     [
      -76.242158,
      36.759987
     ],
     [
      -76.217502,
      36.737489
     ],
     [
      -76.21659,
      36.736507
     ],
     [
      -76.215872,
      36.735545
     ],
     [
      -76.21288,
      36.730267
     ],
     [
      -76.210252,
      36.723033
     ],
     [
      -76.209754,
      36.718041
     ],
     [
      -76.209597,
      36.717484
     ],
     [
      -76.208981,
      36.716262
     ],
     [
      -76.208437,
      36.71562
     ],
     [
      -76.206524,
      36.714146
     ],
     [
      -76.189115,
      36.702096
     ],
     [
      -76.187881,
      36.700987
     ],
     [
      -76.187123,
      36.699674
     ],
     [
      -76.186392,
      36.695966
     ],
     [
      -76.186354,
      36.694716
     ],
     [
      -76.186564,
      36.693677
     ],
     [
      -76.192621,
      36.678049
     ],
     [
      -76.193288,
      36.675906
     ],
     [
      -76.194541,
      36.67081
     ],
     [
      -76.198511,
      36.661563
     ],
     [
      -76.198852,
      36.660464
     ],
     [
      -76.199038,
      36.659095
     ],
     [
      -76.198796,
      36.655495
     ],
     [
      -76.19877,
      36.651691
     ],
     [
      -76.19849,
      36.576601
     ],
     [
      -76.198597,
      36.574618
     ],
     [
      -76.199456,
      36.569401
     ],
     [
      -76.199366,
      36.568485
     ],
     [
      -76.198987,
      36.567792
     ],
     [
      -76.19756,
      36.566029
     ],
     [
      -76.185616,
      36.538804
     ],
     [
      -76.180732,
      36.527837
     ],
     [
      -76.180197,
      36.526894
     ],
     [
      -76.179286,
      36.525931
     ],
     [
      -76.161959,
      36.510936
     ],
     [
      -76.146348,
      36.502532
     ],
     [
      -76.144703,
      36.501411
     ],
     [
      -76.143382,
      36.499743
     ],
     [
      -76.125848,
      36.471627
     ],
     [
      -76.123699,
      36.469251
     ],
     [
      -76.121706,
      36.46769
     ],
     [
      -76.113505,
      36.462722
     ],
     [
      -76.112199,
      36.461735
     ],
     [
      -76.111388,
      36.460885
     ],
     [
      -76.103309,
      36.450147
     ],
     [
      -76.10269,
      36.448868
     ],
     [
      -76.102036,
      36.446385
     ],
     [
      -76.095577,
      36.419887
     ],
     [
      -76.095394,
      36.41818
     ],
     [
      -76.095415,
      36.410837
     ],
     [
      -76.095607,
      36.409445
     ],
     [
      -76.096285,
      36.407422
     ],
     [
      -76.097282,
      36.405687
     ],
     [
      -76.103892,
      36.396615
     ],
     [
      -76.104623,
      36.395881
     ],
     [
      -76.106664,
      36.394601
     ],
     [
      -76.110996,
      36.392465
     ],
     [
      -76.120385,
      36.386792
     ],
     [
      -76.124015,
      36.384585
     ],
     [
      -76.125779,
      36.383059
     ],
     [
      -76.126507,
      36.38209
     ],
     [
      -76.131234,
      36.373857
     ],
     [
      -76.133182,
      36.370724
     ],
     [
      -76.155413,
      36.345376
     ],
     [
      -76.173296,
      36.323236
     ],
     [
      -76.174323,
      36.322266
     ],
     [
      -76.175772,
      36.321354
     ],
     [
      -76.177435,
      36.320805
     ],
     [
      -76.179367,
      36.320552
     ],
     [
      -76.198935,
      36.319692
     ],
     [
      -76.200868,
      36.319514
     ],
     [
      -76.214345,
      36.315624
     ],
     [
      -76.216658,
      36.31445
     ],
     [
      -76.218319,
      36.313783
     ],
     [
      -76.219899,
      36.313407
     ],
     [
      -76.223206,
      36.312989
     ],
     [
      -76.224622,
      36.312281
     ],
     [
      -76.22901,
      36.308477
     ],
     [
      -76.231038,
      36.306946
     ],
     [
      -76.232607,
      36.30604
     ],
     [
      -76.24378,
      36.300362
     ],
     [
      -76.451069,
      36.228519
     ],
     [
      -76.45426,
      36.227271
     ],
     [
      -76.457241,
      36.225547
     ],
     [
      -76.459073,
      36.224071
     ],
     [
      -76.460407,
      36.222702
     ],
     [
      -76.461514,
      36.221276
     ],
     [
      -76.462531,
      36.219559
     ],
     [
      -76.474688,
      36.190179
     ],
     [
      -76.47568,
      36.188179
     ],
     [
      -76.476753,
      36.186794
     ],
     [
      -76.590517,
      36.08227
     ],
     [
      -76.592444,
      36.080586
     ],
     [
      -76.596557,
      36.077412
     ],
     [
      -76.597051,
      36.07679
     ],
     [
      -76.597387,
      36.075975
     ],
     [
      -76.598221,
      36.071331
     ],
     [
      -76.598643,
      36.069733
     ]
    ]
   }
  },
  {
   "type": "Feature",
   "properties": {
    "company": "Norfolk Southern Railway (1883–1974)",
    "line": "Norfolk Southern (1883–1974): Main Line (Edenton – Mackeys)",
    "id": "ns-edenton-mackeys",
    "color": "#0E7C86",
    "mode": "intercity_rail",
    "avg_speed_kmh": 40,
    "speed_source": "ESTIMATE, not sourced: no timed schedule was read for this line; ~40 km/h assumed for a pre-war Southern regional main line with frequent stops",
    "geometry_source": "OpenStreetMap via Overpass (mail.ru mirror, cached degree tiles) plus OpenHistoricalMap (CC0) for lifted grades, routed with opstrace.py: OSM ways tagged old_railway_operator=NS (OpenRailwayMap's mark for this pre-1982 Norfolk Southern) costed 1x, untagged track 1.25x, OHM ways 1.25x (2x if named for a successor), trails 3x, any other named operator 12x; waypoints from the research report's via lists, Douglas-Peucker 8 m, trim_reversals.",
    "geometry_quality": "Traced from OpenHistoricalMap, 8.8 mi against the documented 9.3 mi (MP 82.3 - 91.6), all on untagged OHM ways across the Sound (the trestle was demolished in the late 1980s and Plymouth - Edenton is lifted, so OSM has no rail here). The OHM line may be the 1960-63 rebuilt trestle rather than the 1910 original - a possible LATER alignment, unverified. No straight-line leg.",
    "segments": [
     {
      "start": 1910,
      "end": 1948,
      "headway_min": 720,
      "note": "The ~5-mile Albemarle Sound trestle: first train across 1 Jan 1910 (NSHS). Before 1910 this crossing was water - an N&S steamer Edenton - Mackey's Ferry from 1891 and a car ferry from 1902/1904 (sources differ) - and is deliberately not drawn as rail. From 1910 part of the through Norfolk - Raleigh main line; last NS passenger trains 31 Jan 1948. Headway is an estimate (headway_min and avg_speed_kmh are estimates, NOT sourced).",
      "sources": [
       "Segment-level: start 1910 from the first train across the trestle (NSHS); end 1948 as the main line (Perquimans Weekly 9 Jan 1948; Wikipedia NS). headway_min and avg_speed_kmh are estimates, NOT sourced.",
       "https://norfolksouthernhs.org/briefNShistory.html (Norfolk Southern Historical Society, brief NS history)",
       "https://en.wikipedia.org/wiki/Norfolk_Southern_Railway_(1942%E2%80%931982)",
       "Perquimans Weekly (Hertford) 9 Jan 1948 p1 (NCUC grants discontinuance of NS trains 1 and 2) - https://newspapers.digitalnc.org/lccn/sn97064546/1948-01-09/ed-1/seq-1/",
       "https://www.branchline.uk/jfpdf/northcarolinarrs.pdf (John Fowler, North Carolina passenger stations)"
      ]
     }
    ]
   },
   "geometry": {
    "type": "LineString",
    "coordinates": [
     [
      -76.604883,
      36.056331
     ],
     [
      -76.605413,
      36.055157
     ],
     [
      -76.605479,
      36.054539
     ],
     [
      -76.603962,
      36.049946
     ],
     [
      -76.584911,
      36.021721
     ],
     [
      -76.584023,
      36.020231
     ],
     [
      -76.580027,
      36.014681
     ],
     [
      -76.579513,
      36.011033
     ],
     [
      -76.602811,
      35.939827
     ],
     [
      -76.603527,
      35.938911
     ],
     [
      -76.605691,
      35.937067
     ]
    ]
   }
  },
  {
   "type": "Feature",
   "properties": {
    "company": "Norfolk Southern Railway (1883–1974)",
    "line": "Norfolk Southern (1883–1974): Main Line (Mackeys – Washington)",
    "id": "ns-mackeys-washington",
    "color": "#0E7C86",
    "mode": "intercity_rail",
    "avg_speed_kmh": 40,
    "speed_source": "ESTIMATE, not sourced: no timed schedule was read for this line; ~40 km/h assumed for a pre-war Southern regional main line with frequent stops",
    "geometry_source": "OpenStreetMap via Overpass (mail.ru mirror, cached degree tiles) plus OpenHistoricalMap (CC0) for lifted grades, routed with opstrace.py: OSM ways tagged old_railway_operator=NS (OpenRailwayMap's mark for this pre-1982 Norfolk Southern) costed 1x, untagged track 1.25x, OHM ways 1.25x (2x if named for a successor), trails 3x, any other named operator 12x; waypoints from the research report's via lists, Douglas-Peucker 8 m, trim_reversals.",
    "geometry_quality": "Traced, 41.4 mi against the documented 43.5 mi (MP 91.6 - 135.1). By source: 34.7 mi NS(1883), 6.7 mi OHM:(untagged), 0.1 mi (untagged) (the OHM miles are the lifted Mackeys - Plymouth grade). No straight-line leg. Drawn through Plymouth; the passenger trains' head-in/back-out move at Plymouth station is not drawn. Where the original grade is lifted and a successor survives on the same corridor, the trace follows what survives, so short stretches may draw a LATER alignment than the era shown.",
    "segments": [
     {
      "start": 1906,
      "end": 1948,
      "headway_min": 720,
      "note": "Plymouth - Washington was the 3 ft Washington & Plymouth (built 1889, common carrier 1901), bought by the N&S 1902/1904 and standard-gauged 1904; Mackeys - Plymouth was built 1904. First CONFIRMED N&S passenger year is 1906 (Fowler: Reid, Pine Town and Hinsons in the 1906 Guide) - this is an [OPEN] start, not a known opening: 1904-05 service is likely but unproven, so do not extend backwards without evidence. Through Norfolk - Raleigh main line from 1910. Last NS passenger trains 31 Jan 1948. The W&P's own 1901-1904 operation is a different company and is not drawn. Headway is an estimate (headway_min and avg_speed_kmh are estimates, NOT sourced).",
      "sources": [
       "Segment-level: start 1906 from Fowler's 1906 Guide station anchors (first confirmed year, not the opening); end 1948 as the main line. headway_min and avg_speed_kmh are estimates, NOT sourced.",
       "https://www.branchline.uk/jfpdf/northcarolinarrs.pdf (John Fowler, North Carolina passenger stations)",
       "https://en.wikipedia.org/wiki/Norfolk_Southern_Railway_(1942%E2%80%931982)",
       "https://web.archive.org/web/20080421020215/http://users.inna.net/~jaydeet/timeline.htm (NS timeline)",
       "Roanoke Beacon (Plymouth) 3 Nov 1911 p5 (NS excursion fares; NS train Plymouth - Columbia) - https://newspapers.digitalnc.org/lccn/sn92074055/1911-11-03/ed-1/seq-5/",
       "Durham Morning Herald 18 Nov 1924 p18 (NS trains at New Bern, Kinston, Washington, Greenville, Wilson)",
       "Perquimans Weekly (Hertford) 9 Jan 1948 p1 (NCUC grants discontinuance of NS trains 1 and 2) - https://newspapers.digitalnc.org/lccn/sn97064546/1948-01-09/ed-1/seq-1/"
      ]
     }
    ]
   },
   "geometry": {
    "type": "LineString",
    "coordinates": [
     [
      -76.613313,
      35.9308
     ],
     [
      -76.621028,
      35.924412
     ],
     [
      -76.621852,
      35.923855
     ],
     [
      -76.633258,
      35.917082
     ],
     [
      -76.634392,
      35.916556
     ],
     [
      -76.652272,
      35.909689
     ],
     [
      -76.687256,
      35.897757
     ],
     [
      -76.690813,
      35.896423
     ],
     [
      -76.69153,
      35.895944
     ],
     [
      -76.706919,
      35.881686
     ],
     [
      -76.711706,
      35.878094
     ],
     [
      -76.719904,
      35.869097
     ],
     [
      -76.720909,
      35.868176
     ],
     [
      -76.721661,
      35.867682
     ],
     [
      -76.722677,
      35.867246
     ],
     [
      -76.744756,
      35.859737
     ],
     [
      -76.74731,
      35.858777
     ],
     [
      -76.748418,
      35.858063
     ],
     [
      -76.756748,
      35.850839
     ],
     [
      -76.757601,
      35.849934
     ],
     [
      -76.758114,
      35.848935
     ],
     [
      -76.75833,
      35.848168
     ],
     [
      -76.758345,
      35.846607
     ],
     [
      -76.757796,
      35.845113
     ],
     [
      -76.754714,
      35.840127
     ],
     [
      -76.754238,
      35.839041
     ],
     [
      -76.753608,
      35.836934
     ],
     [
      -76.753554,
      35.835132
     ],
     [
      -76.753818,
      35.834073
     ],
     [
      -76.764493,
      35.806239
     ],
     [
      -76.76439,
      35.804513
     ],
     [
      -76.759864,
      35.786964
     ],
     [
      -76.759875,
      35.786302
     ],
     [
      -76.760094,
      35.785672
     ],
     [
      -76.760889,
      35.78456
     ],
     [
      -76.776439,
      35.772851
     ],
     [
      -76.777194,
      35.772526
     ],
     [
      -76.786172,
      35.769964
     ],
     [
      -76.786807,
      35.76963
     ],
     [
      -76.787566,
      35.768964
     ],
     [
      -76.792251,
      35.76379
     ],
     [
      -76.813099,
      35.732753
     ],
     [
      -76.82835,
      35.705696
     ],
     [
      -76.829628,
      35.704479
     ],
     [
      -76.830786,
      35.703804
     ],
     [
      -76.834017,
      35.702787
     ],
     [
      -76.835271,
      35.7022
     ],
     [
      -76.836637,
      35.701101
     ],
     [
      -76.837145,
      35.700416
     ],
     [
      -76.855286,
      35.667866
     ],
     [
      -76.855799,
      35.666348
     ],
     [
      -76.864017,
      35.611771
     ],
     [
      -76.863959,
      35.611349
     ],
     [
      -76.863371,
      35.610791
     ],
     [
      -76.86294,
      35.610598
     ],
     [
      -76.863379,
      35.610056
     ],
     [
      -76.864047,
      35.609499
     ],
     [
      -76.864403,
      35.608889
     ],
     [
      -76.867283,
      35.590416
     ],
     [
      -76.867761,
      35.589146
     ],
     [
      -76.868368,
      35.588384
     ],
     [
      -76.869346,
      35.587664
     ],
     [
      -76.870251,
      35.58726
     ],
     [
      -76.914846,
      35.571995
     ],
     [
      -76.975988,
      35.536529
     ],
     [
      -76.977767,
      35.5356
     ],
     [
      -76.979053,
      35.535298
     ],
     [
      -76.980049,
      35.535214
     ],
     [
      -77.024569,
      35.536178
     ],
     [
      -77.027231,
      35.536115
     ],
     [
      -77.032797,
      35.535686
     ],
     [
      -77.03536,
      35.535972
     ],
     [
      -77.039487,
      35.537193
     ],
     [
      -77.040932,
      35.537217
     ],
     [
      -77.04328,
      35.537011
     ],
     [
      -77.045408,
      35.536973
     ],
     [
      -77.046097,
      35.537111
     ],
     [
      -77.047961,
      35.537837
     ]
    ]
   }
  },
  {
   "type": "Feature",
   "properties": {
    "company": "Norfolk Southern Railway (1883–1974)",
    "line": "Norfolk Southern (1883–1974): Main Line (Washington – Zebulon)",
    "id": "ns-washington-zebulon",
    "color": "#0E7C86",
    "mode": "intercity_rail",
    "avg_speed_kmh": 40,
    "speed_source": "ESTIMATE, not sourced: no timed schedule was read for this line; ~40 km/h assumed for a pre-war Southern regional main line with frequent stops",
    "geometry_source": "OpenStreetMap via Overpass (mail.ru mirror, cached degree tiles) plus OpenHistoricalMap (CC0) for lifted grades, routed with opstrace.py: OSM ways tagged old_railway_operator=NS (OpenRailwayMap's mark for this pre-1982 Norfolk Southern) costed 1x, untagged track 1.25x, OHM ways 1.25x (2x if named for a successor), trails 3x, any other named operator 12x; waypoints from the research report's via lists, Douglas-Peucker 8 m, trim_reversals.",
    "geometry_quality": "Traced from OpenStreetMap, 79.5 mi against the documented 82.8 mi (MP 135.1 - 217.9), 79.4 mi NS(1883), 0.2 mi (untagged). No straight-line leg. Includes Washington - Marsden (Chocowinity), 4.0 mi shared with the New Bern line. Where the original grade is lifted and a successor survives on the same corridor, the trace follows what survives, so short stretches may draw a LATER alignment than the era shown.",
    "segments": [
     {
      "start": 1908,
      "end": 1948,
      "headway_min": 720,
      "note": "N&S No. 14 ran Washington - Chocowinity - Greenville - Wilson - Raleigh in June 1908 (Raleigh Evening Times 15 Jun 1908), so 1908 is the first CONFIRMED year - an [OPEN] start; the line was probably built 1906-08 and Wikipedia's 'built 1910' conflicts with the 1908 timetable (recorded in metadata). Through Norfolk - Raleigh trains from 1910; NS No. 1 at Washington, Greenville and Wilson in Nov 1924. Last NS passenger trains 31 Jan 1948. Headway is an estimate (headway_min and avg_speed_kmh are estimates, NOT sourced).",
      "sources": [
       "Segment-level: start 1908 from the June 1908 timetable (first confirmed year, not the opening); end 1948 as the main line. headway_min and avg_speed_kmh are estimates, NOT sourced.",
       "Raleigh Evening Times 15 Jun 1908 p2 (N&S No. 14 Washington - Greenville - Wilson - Raleigh; parlor car Goldsboro - Beaufort) - https://newspapers.digitalnc.org/lccn/sn92073024/1908-06-15/ed-1/seq-2/",
       "Washington Daily News 25 Jun 1910 p3 (NS public timetable Raleigh - Washington - New Bern - Beaufort) - https://newspapers.digitalnc.org/lccn/sn91000452/1910-06-25/ed-1/seq-3/",
       "Durham Morning Herald 18 Nov 1924 p18 (NS trains at New Bern, Kinston, Washington, Greenville, Wilson)",
       "https://www.branchline.uk/jfpdf/northcarolinarrs.pdf (John Fowler, North Carolina passenger stations)",
       "Perquimans Weekly (Hertford) 9 Jan 1948 p1 (NCUC grants discontinuance of NS trains 1 and 2) - https://newspapers.digitalnc.org/lccn/sn97064546/1948-01-09/ed-1/seq-1/"
      ]
     }
    ]
   },
   "geometry": {
    "type": "LineString",
    "coordinates": [
     [
      -77.05862,
      35.53371
     ],
     [
      -77.065821,
      35.531603
     ],
     [
      -77.067885,
      35.531175
     ],
     [
      -77.073686,
      35.530367
     ],
     [
      -77.076659,
      35.529662
     ],
     [
      -77.101107,
      35.521361
     ],
     [
      -77.102248,
      35.520761
     ],
     [
      -77.10331,
      35.519902
     ],
     [
      -77.103962,
      35.519005
     ],
     [
      -77.107778,
      35.515322
     ],
     [
      -77.108207,
      35.516115
     ],
     [
      -77.119164,
      35.523197
     ],
     [
      -77.154394,
      35.539734
     ],
     [
      -77.187742,
      35.564558
     ],
     [
      -77.188412,
      35.564943
     ],
     [
      -77.198561,
      35.569111
     ],
     [
      -77.200477,
      35.569555
     ],
     [
      -77.232337,
      35.572378
     ],
     [
      -77.233866,
      35.572333
     ],
     [
      -77.236889,
      35.571813
     ],
     [
      -77.238173,
      35.571757
     ],
     [
      -77.274879,
      35.57421
     ],
     [
      -77.337736,
      35.584829
     ],
     [
      -77.339054,
      35.58526
     ],
     [
      -77.34095,
      35.58621
     ],
     [
      -77.360058,
      35.596832
     ],
     [
      -77.362584,
      35.597993
     ],
     [
      -77.365883,
      35.598968
     ],
     [
      -77.382508,
      35.601817
     ],
     [
      -77.384814,
      35.60179
     ],
     [
      -77.420055,
      35.598785
     ],
     [
      -77.427853,
      35.597659
     ],
     [
      -77.436759,
      35.597399
     ],
     [
      -77.501434,
      35.591956
     ],
     [
      -77.503404,
      35.591717
     ],
     [
      -77.542387,
      35.585411
     ],
     [
      -77.544323,
      35.585239
     ],
     [
      -77.546344,
      35.585408
     ],
     [
      -77.592819,
      35.59346
     ],
     [
      -77.595434,
      35.59383
     ],
     [
      -77.656878,
      35.591165
     ],
     [
      -77.718215,
      35.595836
     ],
     [
      -77.782253,
      35.59527
     ],
     [
      -77.787075,
      35.595258
     ],
     [
      -77.788648,
      35.595467
     ],
     [
      -77.817502,
      35.602344
     ],
     [
      -77.819016,
      35.602913
     ],
     [
      -77.820401,
      35.603899
     ],
     [
      -77.821001,
      35.604527
     ],
     [
      -77.846619,
      35.639037
     ],
     [
      -77.852568,
      35.646769
     ],
     [
      -77.865902,
      35.660975
     ],
     [
      -77.917134,
      35.717285
     ],
     [
      -77.917947,
      35.718453
     ],
     [
      -77.91895,
      35.720561
     ],
     [
      -77.921552,
      35.724279
     ],
     [
      -77.923731,
      35.726884
     ],
     [
      -77.925426,
      35.727941
     ],
     [
      -77.936647,
      35.732218
     ],
     [
      -78.056596,
      35.759264
     ],
     [
      -78.073479,
      35.765241
     ],
     [
      -78.081789,
      35.766343
     ],
     [
      -78.083168,
      35.766667
     ],
     [
      -78.099687,
      35.77534
     ],
     [
      -78.100584,
      35.77572
     ],
     [
      -78.102266,
      35.776106
     ],
     [
      -78.110608,
      35.776618
     ],
     [
      -78.112334,
      35.776838
     ],
     [
      -78.112988,
      35.777019
     ],
     [
      -78.121239,
      35.780609
     ],
     [
      -78.122173,
      35.780907
     ],
     [
      -78.128565,
      35.781651
     ],
     [
      -78.130319,
      35.781661
     ],
     [
      -78.144271,
      35.778984
     ],
     [
      -78.145942,
      35.778382
     ],
     [
      -78.150075,
      35.77651
     ],
     [
      -78.153798,
      35.775388
     ],
     [
      -78.156379,
      35.774989
     ],
     [
      -78.158038,
      35.774904
     ],
     [
      -78.162898,
      35.774969
     ],
     [
      -78.164718,
      35.775263
     ],
     [
      -78.16576,
      35.775552
     ],
     [
      -78.167323,
      35.776241
     ],
     [
      -78.17074,
      35.778104
     ],
     [
      -78.174716,
      35.781362
     ],
     [
      -78.175915,
      35.782069
     ],
     [
      -78.177555,
      35.782711
     ],
     [
      -78.212405,
      35.790875
     ],
     [
      -78.214073,
      35.791062
     ],
     [
      -78.215901,
      35.791003
     ],
     [
      -78.224406,
      35.789658
     ],
     [
      -78.225613,
      35.789564
     ],
     [
      -78.227319,
      35.78973
     ],
     [
      -78.228116,
      35.789971
     ],
     [
      -78.231434,
      35.791424
     ],
     [
      -78.232585,
      35.791691
     ],
     [
      -78.236625,
      35.791529
     ],
     [
      -78.237866,
      35.791691
     ],
     [
      -78.239005,
      35.792095
     ],
     [
      -78.239495,
      35.792392
     ],
     [
      -78.240801,
      35.793707
     ],
     [
      -78.242579,
      35.79828
     ],
     [
      -78.247488,
      35.807978
     ],
     [
      -78.248184,
      35.808862
     ],
     [
      -78.249115,
      35.809566
     ],
     [
      -78.250487,
      35.81011
     ],
     [
      -78.269324,
      35.814248
     ],
     [
      -78.272796,
      35.816125
     ],
     [
      -78.290744,
      35.826569
     ],
     [
      -78.291991,
      35.827188
     ],
     [
      -78.292845,
      35.827451
     ],
     [
      -78.293734,
      35.827623
     ],
     [
      -78.29505,
      35.827671
     ],
     [
      -78.296577,
      35.827456
     ],
     [
      -78.297702,
      35.827083
     ],
     [
      -78.312363,
      35.820704
     ]
    ]
   }
  },
  {
   "type": "Feature",
   "properties": {
    "company": "Norfolk Southern Railway (1883–1974)",
    "line": "Norfolk Southern (1883–1974): Main Line (Zebulon – Raleigh)",
    "id": "ns-zebulon-raleigh",
    "color": "#0E7C86",
    "mode": "intercity_rail",
    "avg_speed_kmh": 40,
    "speed_source": "ESTIMATE, not sourced: no timed schedule was read for this line; ~40 km/h assumed for a pre-war Southern regional main line with frequent stops",
    "geometry_source": "OpenStreetMap via Overpass (mail.ru mirror, cached degree tiles) plus OpenHistoricalMap (CC0) for lifted grades, routed with opstrace.py: OSM ways tagged old_railway_operator=NS (OpenRailwayMap's mark for this pre-1982 Norfolk Southern) costed 1x, untagged track 1.25x, OHM ways 1.25x (2x if named for a successor), trails 3x, any other named operator 12x; waypoints from the research report's via lists, Douglas-Peucker 8 m, trim_reversals.",
    "geometry_quality": "Traced from OpenStreetMap, 23.7 mi against the documented 24.8 mi (MP 217.9 - 242.7), 18.8 mi NS(1883), 4.9 mi (untagged). No straight-line leg. Ends at the Raleigh Union Station site (Dawson St); the 1907 Cleveland Street / Glenwood terminus and the 1937 Jones Street station are not separately drawn. Where the original grade is lifted and a successor survives on the same corridor, the trace follows what survives, so short stretches may draw a LATER alignment than the era shown.",
    "segments": [
     {
      "start": 1907,
      "end": 1948,
      "headway_min": 720,
      "note": "Built by the Raleigh & Pamlico Sound 1906 and consolidated into the Norfolk & Southern Nov 1906; Raleigh Division put in operation 1907 (Fowler: Pamlico Junction and Cleveland Street/Glenwood in the 1907 Guide; N&O 6 Jun 1907). Zebulon fought to keep 'its only passenger train' in 1947. Last NS passenger trains 31 Jan 1948. Headway is an estimate (headway_min and avg_speed_kmh are estimates, NOT sourced).",
      "sources": [
       "Segment-level: start 1907 from Fowler's 1907 Guide anchors; end 1948 as the main line. headway_min and avg_speed_kmh are estimates, NOT sourced.",
       "https://www.branchline.uk/jfpdf/northcarolinarrs.pdf (John Fowler, North Carolina passenger stations)",
       "https://en.wikipedia.org/wiki/Norfolk_Southern_Railway_(1942%E2%80%931982)",
       "Washington Daily News 25 Jun 1910 p3 (NS public timetable Raleigh - Washington - New Bern - Beaufort) - https://newspapers.digitalnc.org/lccn/sn91000452/1910-06-25/ed-1/seq-3/",
       "Zebulon Record 25 Apr 1947 p1 - https://newspapers.digitalnc.org/lccn/sn92073191/1947-04-25/ed-1/seq-1/",
       "Perquimans Weekly (Hertford) 9 Jan 1948 p1 (NCUC grants discontinuance of NS trains 1 and 2) - https://newspapers.digitalnc.org/lccn/sn97064546/1948-01-09/ed-1/seq-1/"
      ]
     }
    ]
   },
   "geometry": {
    "type": "LineString",
    "coordinates": [
     [
      -78.312363,
      35.820704
     ],
     [
      -78.326081,
      35.814655
     ],
     [
      -78.327173,
      35.814052
     ],
     [
      -78.327865,
      35.813385
     ],
     [
      -78.328533,
      35.812333
     ],
     [
      -78.32874,
      35.811528
     ],
     [
      -78.329885,
      35.80507
     ],
     [
      -78.330198,
      35.804293
     ],
     [
      -78.33904,
      35.794352
     ],
     [
      -78.347138,
      35.785461
     ],
     [
      -78.348019,
      35.784686
     ],
     [
      -78.350099,
      35.783464
     ],
     [
      -78.352528,
      35.782735
     ],
     [
      -78.361227,
      35.78171
     ],
     [
      -78.363689,
      35.781672
     ],
     [
      -78.376334,
      35.782525
     ],
     [
      -78.377288,
      35.782675
     ],
     [
      -78.378517,
      35.783124
     ],
     [
      -78.387366,
      35.787385
     ],
     [
      -78.388978,
      35.787803
     ],
     [
      -78.390506,
      35.78777
     ],
     [
      -78.397938,
      35.787133
     ],
     [
      -78.399112,
      35.787143
     ],
     [
      -78.399993,
      35.787295
     ],
     [
      -78.410245,
      35.792672
     ],
     [
      -78.411524,
      35.793198
     ],
     [
      -78.42474,
      35.795222
     ],
     [
      -78.430037,
      35.796775
     ],
     [
      -78.430869,
      35.796925
     ],
     [
      -78.431846,
      35.796931
     ],
     [
      -78.432714,
      35.796774
     ],
     [
      -78.433765,
      35.796354
     ],
     [
      -78.434439,
      35.795897
     ],
     [
      -78.43497,
      35.795351
     ],
     [
      -78.435416,
      35.794617
     ],
     [
      -78.436255,
      35.791809
     ],
     [
      -78.436676,
      35.791224
     ],
     [
      -78.438302,
      35.789707
     ],
     [
      -78.43868,
      35.789146
     ],
     [
      -78.438924,
      35.788497
     ],
     [
      -78.43909,
      35.786823
     ],
     [
      -78.439547,
      35.785836
     ],
     [
      -78.440145,
      35.785215
     ],
     [
      -78.440745,
      35.784815
     ],
     [
      -78.442129,
      35.784332
     ],
     [
      -78.44326,
      35.784287
     ],
     [
      -78.444229,
      35.784474
     ],
     [
      -78.447618,
      35.785896
     ],
     [
      -78.448898,
      35.786265
     ],
     [
      -78.453729,
      35.787016
     ],
     [
      -78.458845,
      35.789387
     ],
     [
      -78.470339,
      35.792766
     ],
     [
      -78.472185,
      35.793241
     ],
     [
      -78.473098,
      35.793301
     ],
     [
      -78.474968,
      35.792906
     ],
     [
      -78.477215,
      35.791778
     ],
     [
      -78.478005,
      35.791078
     ],
     [
      -78.479377,
      35.78881
     ],
     [
      -78.479937,
      35.788244
     ],
     [
      -78.480716,
      35.78775
     ],
     [
      -78.486068,
      35.78594
     ],
     [
      -78.486585,
      35.785602
     ],
     [
      -78.488458,
      35.783876
     ],
     [
      -78.489441,
      35.783225
     ],
     [
      -78.492408,
      35.78228
     ],
     [
      -78.493155,
      35.782146
     ],
     [
      -78.49446,
      35.782212
     ],
     [
      -78.497861,
      35.783318
     ],
     [
      -78.504569,
      35.784385
     ],
     [
      -78.506355,
      35.784471
     ],
     [
      -78.507402,
      35.784209
     ],
     [
      -78.50957,
      35.783203
     ],
     [
      -78.512952,
      35.781175
     ],
     [
      -78.513766,
      35.780823
     ],
     [
      -78.514765,
      35.780589
     ],
     [
      -78.519816,
      35.779892
     ],
     [
      -78.523192,
      35.779065
     ],
     [
      -78.531317,
      35.774783
     ],
     [
      -78.536076,
      35.773226
     ],
     [
      -78.537364,
      35.773155
     ],
     [
      -78.543239,
      35.773517
     ],
     [
      -78.546287,
      35.773953
     ],
     [
      -78.547883,
      35.774513
     ],
     [
      -78.548651,
      35.775001
     ],
     [
      -78.550541,
      35.77729
     ],
     [
      -78.551065,
      35.777657
     ],
     [
      -78.553471,
      35.778903
     ],
     [
      -78.555966,
      35.779256
     ],
     [
      -78.557343,
      35.779819
     ],
     [
      -78.561112,
      35.783201
     ],
     [
      -78.562376,
      35.783847
     ],
     [
      -78.563002,
      35.783977
     ],
     [
      -78.56549,
      35.783982
     ],
     [
      -78.567175,
      35.783853
     ],
     [
      -78.573008,
      35.783078
     ],
     [
      -78.5739,
      35.783239
     ],
     [
      -78.57506,
      35.783773
     ],
     [
      -78.575676,
      35.784341
     ],
     [
      -78.576041,
      35.784915
     ],
     [
      -78.577025,
      35.78861
     ],
     [
      -78.577393,
      35.789521
     ],
     [
      -78.578186,
      35.790445
     ],
     [
      -78.579364,
      35.791039
     ],
     [
      -78.580451,
      35.791335
     ],
     [
      -78.586034,
      35.79151
     ],
     [
      -78.587407,
      35.791813
     ],
     [
      -78.588333,
      35.792244
     ],
     [
      -78.589453,
      35.793182
     ],
     [
      -78.596649,
      35.802272
     ],
     [
      -78.598241,
      35.803389
     ],
     [
      -78.598901,
      35.804051
     ],
     [
      -78.600918,
      35.80684
     ],
     [
      -78.601717,
      35.807408
     ],
     [
      -78.606842,
      35.81016
     ],
     [
      -78.607744,
      35.81051
     ],
     [
      -78.608752,
      35.810656
     ],
     [
      -78.610039,
      35.810514
     ],
     [
      -78.612041,
      35.809848
     ],
     [
      -78.622899,
      35.8049
     ],
     [
      -78.623985,
      35.804646
     ],
     [
      -78.628892,
      35.804054
     ],
     [
      -78.630282,
      35.803702
     ],
     [
      -78.638667,
      35.800081
     ],
     [
      -78.640602,
      35.79903
     ],
     [
      -78.641346,
      35.79841
     ],
     [
      -78.642216,
      35.797268
     ],
     [
      -78.645558,
      35.789594
     ],
     [
      -78.646,
      35.787554
     ],
     [
      -78.64621,
      35.785044
     ]
    ]
   }
  },
  {
   "type": "Feature",
   "properties": {
    "company": "Norfolk Southern Railway (1883–1974)",
    "line": "Norfolk Southern (1883–1974): New Bern Line (Marsden – New Bern)",
    "id": "ns-marsden-new-bern",
    "color": "#0E7C86",
    "mode": "intercity_rail",
    "avg_speed_kmh": 35,
    "speed_source": "ESTIMATE, not sourced: no timed schedule was read for this line; ~40 km/h assumed for a pre-war Southern regional main line with frequent stops",
    "geometry_source": "OpenStreetMap via Overpass (mail.ru mirror, cached degree tiles) plus OpenHistoricalMap (CC0) for lifted grades, routed with opstrace.py: OSM ways tagged old_railway_operator=NS (OpenRailwayMap's mark for this pre-1982 Norfolk Southern) costed 1x, untagged track 1.25x, OHM ways 1.25x (2x if named for a successor), trails 3x, any other named operator 12x; waypoints from the research report's via lists, Douglas-Peucker 8 m, trim_reversals.",
    "geometry_quality": "Traced from OpenStreetMap, 30.2 mi Chocowinity (Marsden) - New Bern against the documented 31.2 mi (Fowler: Washington 0.0, Marsden 4.0, New Bern 35.2), 30.2 mi NS(1883). No straight-line leg; crosses the Neuse into New Bern on the surviving bridge line. Where the original grade is lifted and a successor survives on the same corridor, the trace follows what survives, so short stretches may draw a LATER alignment than the era shown.",
    "segments": [
     {
      "start": 1909,
      "end": 1938,
      "headway_min": 1440,
      "note": "Built 1906 by the Raleigh & Pamlico Sound; first CONFIRMED passenger year 1909 (Fowler: Bragaw in the 1909 Guide) - an [OPEN] start. Before 1910 the N&S's through Norfolk - New Bern route; Jan 1914 timetable still runs a New Bern - Norfolk 'Night Express' and Raleigh - New Bern via Chocowinity. The NCUC authorized discontinuance of the Marsden - New Bern mixed train from 1 May 1938 (Henderson Daily Dispatch 22 Apr 1938); 1938 is a confirmed passenger year either way. Freight only by 1951 and not drawn. Headway is an estimate (one mixed train a day assumed for the later years; headway_min and avg_speed_kmh are estimates, NOT sourced).",
      "sources": [
       "Segment-level: start 1909 from Fowler's 1909 Guide anchor (first confirmed year); end 1938 from the NCUC discontinuance order. headway_min and avg_speed_kmh are estimates, NOT sourced.",
       "https://www.branchline.uk/jfpdf/northcarolinarrs.pdf (John Fowler, North Carolina passenger stations)",
       "Washington Daily News 25 Jun 1910 p3 (NS public timetable Raleigh - Washington - New Bern - Beaufort) - https://newspapers.digitalnc.org/lccn/sn91000452/1910-06-25/ed-1/seq-3/",
       "The State Journal (Raleigh) 3 Apr 1914 p11 (NS timetable in effect 11 Jan 1914) - https://newspapers.digitalnc.org/lccn/sn92073019/1914-04-03/ed-1/seq-11/",
       "Henderson Daily Dispatch 22 Apr 1938 p1 (NCUC allows NS to discontinue all passenger service May 1 except Charlotte - Raleigh - Norfolk) - https://newspapers.digitalnc.org/lccn/sn91068401/1938-04-22/ed-1/seq-1/",
       "Official Guide of the Railways, Feb 1952, NS pp. 529-530: every NS table 'Freight Service only' / 'Mail, Express and Freight Service only' - https://archive.org/details/the-official-guide-of-the-railways-images"
      ]
     }
    ]
   },
   "geometry": {
    "type": "LineString",
    "coordinates": [
     [
      -77.110128,
      35.511872
     ],
     [
      -77.110849,
      35.510682
     ],
     [
      -77.111175,
      35.50956
     ],
     [
      -77.127726,
      35.431206
     ],
     [
      -77.149768,
      35.386957
     ],
     [
      -77.150209,
      35.385572
     ],
     [
      -77.15034,
      35.384735
     ],
     [
      -77.152136,
      35.309676
     ],
     [
      -77.151802,
      35.308232
     ],
     [
      -77.151231,
      35.307021
     ],
     [
      -77.150453,
      35.305957
     ],
     [
      -77.149182,
      35.304802
     ],
     [
      -77.086793,
      35.263924
     ],
     [
      -77.085066,
      35.26247
     ],
     [
      -77.08436,
      35.261526
     ],
     [
      -77.083775,
      35.260513
     ],
     [
      -77.051951,
      35.191091
     ],
     [
      -77.039348,
      35.163485
     ],
     [
      -77.037337,
      35.158835
     ],
     [
      -77.034501,
      35.153857
     ],
     [
      -77.03222,
      35.148004
     ],
     [
      -77.025409,
      35.1331
     ],
     [
      -77.025259,
      35.132281
     ],
     [
      -77.025329,
      35.131348
     ],
     [
      -77.025896,
      35.130114
     ],
     [
      -77.02648,
      35.129468
     ],
     [
      -77.041313,
      35.120002
     ]
    ]
   }
  },
  {
   "type": "Feature",
   "properties": {
    "company": "Norfolk Southern Railway (1883–1974)",
    "line": "Norfolk Southern (1883–1974): Oriental Branch (New Bern – Bayboro)",
    "id": "ns-new-bern-bayboro",
    "color": "#0E7C86",
    "mode": "intercity_rail",
    "avg_speed_kmh": 25,
    "speed_source": "ESTIMATE, not sourced: mixed train on a light branch; ~25 km/h assumed",
    "geometry_source": "OpenStreetMap via Overpass (mail.ru mirror, cached degree tiles) plus OpenHistoricalMap (CC0) for lifted grades, routed with opstrace.py: OSM ways tagged old_railway_operator=NS (OpenRailwayMap's mark for this pre-1982 Norfolk Southern) costed 1x, untagged track 1.25x, OHM ways 1.25x (2x if named for a successor), trails 3x, any other named operator 12x; waypoints from the research report's via lists, Douglas-Peucker 8 m, trim_reversals.",
    "geometry_quality": "APPROXIMATED. Only New Bern - Bridgeton (1.1 mi, over the Neuse bridge) is traced, from the New Bern line. Bridgeton - Olympia - Reelsboro - Grantsboro - Alliance - Bayboro (14.6 mi) is APPROXIMATED as straight lines between the station hamlets: the grade is lifted and neither OSM nor OpenHistoricalMap has any trace of it. Total 15.7 mi against the documented 16.5 mi.",
    "segments": [
     {
      "start": 1906,
      "end": 1938,
      "headway_min": 1440,
      "note": "Built 1906 by the Pamlico, Oriental & Western with the Neuse River bridge into New Bern, consolidated into the N&S late 1906; Fowler's 1906 Guide shows Bayboro as the terminus of service. Goldsboro - New Bern - Oriental trains in Jan 1914; Oriental trains still running Oct 1923. The NCUC authorized discontinuance of the Bridgeton - Oriental mixed train from 1 May 1938. Freight only by 1951 (Guide Table 12) and not drawn. Headway is an estimate (headway_min and avg_speed_kmh are estimates, NOT sourced).",
      "sources": [
       "Segment-level: start 1906 from Fowler's 1906 Guide (Bayboro terminus of service); end 1938 from the NCUC order. headway_min and avg_speed_kmh are estimates, NOT sourced.",
       "https://www.branchline.uk/jfpdf/northcarolinarrs.pdf (John Fowler, North Carolina passenger stations)",
       "The State Journal (Raleigh) 3 Apr 1914 p11 (NS timetable in effect 11 Jan 1914) - https://newspapers.digitalnc.org/lccn/sn92073019/1914-04-03/ed-1/seq-11/",
       "Durham Morning Herald 25 Oct 1923 p1 (Oriental and Columbia trains still running; Carthage branch discontinued) - https://newspapers.digitalnc.org/lccn/sn84020730/1923-10-25/ed-1/seq-1/",
       "Henderson Daily Dispatch 22 Apr 1938 p1 (NCUC allows NS to discontinue all passenger service May 1 except Charlotte - Raleigh - Norfolk) - https://newspapers.digitalnc.org/lccn/sn91068401/1938-04-22/ed-1/seq-1/",
       "Official Guide of the Railways, Feb 1952, NS pp. 529-530: every NS table 'Freight Service only' / 'Mail, Express and Freight Service only' - https://archive.org/details/the-official-guide-of-the-railways-images"
      ]
     }
    ]
   },
   "geometry": {
    "type": "LineString",
    "coordinates": [
     [
      -77.041313,
      35.120002
     ],
     [
      -77.02648,
      35.129468
     ],
     [
      -76.970777,
      35.13905
     ],
     [
      -76.913274,
      35.134051
     ],
     [
      -76.84246,
      35.140643
     ],
     [
      -76.802156,
      35.144888
     ],
     [
      -76.770209,
      35.142944
     ]
    ]
   }
  },
  {
   "type": "Feature",
   "properties": {
    "company": "Norfolk Southern Railway (1883–1974)",
    "line": "Norfolk Southern (1883–1974): Oriental Branch (Bayboro – Oriental)",
    "id": "ns-bayboro-oriental",
    "color": "#0E7C86",
    "mode": "intercity_rail",
    "avg_speed_kmh": 25,
    "speed_source": "ESTIMATE, not sourced: mixed train on a light branch; ~25 km/h assumed",
    "geometry_source": "OpenStreetMap via Overpass (mail.ru mirror, cached degree tiles) plus OpenHistoricalMap (CC0) for lifted grades, routed with opstrace.py: OSM ways tagged old_railway_operator=NS (OpenRailwayMap's mark for this pre-1982 Norfolk Southern) costed 1x, untagged track 1.25x, OHM ways 1.25x (2x if named for a successor), trails 3x, any other named operator 12x; waypoints from the research report's via lists, Douglas-Peucker 8 m, trim_reversals.",
    "geometry_quality": "APPROXIMATED in full: Bayboro - Stonewall - Oriental drawn as straight lines between the station towns, 9.6 mi against the documented 9.7 mi (Fowler: New Bern - Oriental 26.2 less New Bern - Bayboro 16.5). The grade was lifted in 1950 and neither OSM nor OpenHistoricalMap has it.",
    "segments": [
     {
      "start": 1911,
      "end": 1938,
      "headway_min": 1440,
      "note": "Bayboro - Oriental was built in 1910; first CONFIRMED passenger year 1911 (Oriental an NS excursion-fare point, Roanoke Beacon 3 Nov 1911) - an [OPEN] start. Oriental trains in Jan 1914 and Oct 1923. NCUC authorized discontinuance of the Bridgeton - Oriental mixed train from 1 May 1938. Lifted 1950. Headway is an estimate (headway_min and avg_speed_kmh are estimates, NOT sourced).",
      "sources": [
       "Segment-level: start 1911 from the Nov 1911 fare list (first confirmed year); end 1938 from the NCUC order. headway_min and avg_speed_kmh are estimates, NOT sourced.",
       "Roanoke Beacon (Plymouth) 3 Nov 1911 p5 (NS excursion fares; NS train Plymouth - Columbia) - https://newspapers.digitalnc.org/lccn/sn92074055/1911-11-03/ed-1/seq-5/",
       "The State Journal (Raleigh) 3 Apr 1914 p11 (NS timetable in effect 11 Jan 1914) - https://newspapers.digitalnc.org/lccn/sn92073019/1914-04-03/ed-1/seq-11/",
       "Durham Morning Herald 25 Oct 1923 p1 (Oriental and Columbia trains still running; Carthage branch discontinued) - https://newspapers.digitalnc.org/lccn/sn84020730/1923-10-25/ed-1/seq-1/",
       "Henderson Daily Dispatch 22 Apr 1938 p1 (NCUC allows NS to discontinue all passenger service May 1 except Charlotte - Raleigh - Norfolk) - https://newspapers.digitalnc.org/lccn/sn91068401/1938-04-22/ed-1/seq-1/",
       "https://www.branchline.uk/jfpdf/northcarolinarrs.pdf (John Fowler, North Carolina passenger stations)"
      ]
     }
    ]
   },
   "geometry": {
    "type": "LineString",
    "coordinates": [
     [
      -76.770209,
      35.142944
     ],
     [
      -76.747708,
      35.137389
     ],
     [
      -76.695882,
      35.025068
     ]
    ]
   }
  },
  {
   "type": "Feature",
   "properties": {
    "company": "Norfolk Southern Railway (1883–1974)",
    "line": "Norfolk Southern (1883–1974): Belhaven Branch (via Mackeys)",
    "id": "ns-mackeys-bishop-cross",
    "color": "#0E7C86",
    "mode": "intercity_rail",
    "avg_speed_kmh": 25,
    "speed_source": "ESTIMATE, not sourced: mixed train on a light branch; ~25 km/h assumed",
    "geometry_source": "OpenStreetMap via Overpass (mail.ru mirror, cached degree tiles) plus OpenHistoricalMap (CC0) for lifted grades, routed with opstrace.py: OSM ways tagged old_railway_operator=NS (OpenRailwayMap's mark for this pre-1982 Norfolk Southern) costed 1x, untagged track 1.25x, OHM ways 1.25x (2x if named for a successor), trails 3x, any other named operator 12x; waypoints from the research report's via lists, Douglas-Peucker 8 m, trim_reversals.",
    "geometry_quality": "Traced, 23.6 mi against the documented 23.7 mi (Fowler: Mackey's 0.0 - Bishop Cross 23.7), on old_railway_operator=NS abandoned ways and untagged OpenHistoricalMap ways (the line was abandoned 1937). No straight-line leg. Bishop Cross is placed where the Pinetown cutoff joins this line (35.608 N, 76.678 W).",
    "segments": [
     {
      "start": 1906,
      "end": 1919,
      "headway_min": 1440,
      "note": "The Albemarle & Pantego (1887, John L. Roper Lumber Co.), absorbed by the N&S 1 Jun 1891; the only rail route to Belhaven until the 1910 Pinetown cutoff, connecting with the Edenton steamer/car ferry at Mackey's Ferry. First CONFIRMED passenger year 1906 (Fowler: Bishop's Cross in the 1906 Guide) and last CONFIRMED 1919 (Dec 1919: Belhaven Branch trains 45/46 Mackeys - Belhaven retained) - BOTH ENDS ARE [OPEN]. The end is the last confirmed year, not a known end: later Belhaven trains (1922, 1926, 1932) may have used either route, and the line was abandoned in 1937 - do not extend without evidence of the route. Headway is an estimate (headway_min and avg_speed_kmh are estimates, NOT sourced).",
      "sources": [
       "Segment-level: start 1906 from Fowler's 1906 Guide anchor; end 1919 from the Daily Advance 9 Dec 1919 schedule. Both are confirmed years, not opening/closing dates. headway_min and avg_speed_kmh are estimates, NOT sourced.",
       "https://www.branchline.uk/jfpdf/northcarolinarrs.pdf (John Fowler, North Carolina passenger stations)",
       "Daily Advance (Elizabeth City) 9 Dec 1919 p7 (NS passenger train schedule, coal curtailment) - https://newspapers.digitalnc.org/lccn/sn92074042/1919-12-09/ed-1/seq-7/",
       "https://en.wikipedia.org/wiki/Norfolk_Southern_Railway_(1942%E2%80%931982)",
       "https://web.archive.org/web/20080421020215/http://users.inna.net/~jaydeet/timeline.htm (NS timeline)"
      ]
     }
    ]
   },
   "geometry": {
    "type": "LineString",
    "coordinates": [
     [
      -76.613313,
      35.9308
     ],
     [
      -76.615816,
      35.928704
     ],
     [
      -76.616703,
      35.926189
     ],
     [
      -76.61852,
      35.919031
     ],
     [
      -76.620459,
      35.902929
     ],
     [
      -76.623037,
      35.887268
     ],
     [
      -76.621643,
      35.884401
     ],
     [
      -76.609804,
      35.872728
     ],
     [
      -76.597973,
      35.847703
     ],
     [
      -76.593647,
      35.838462
     ],
     [
      -76.593304,
      35.829764
     ],
     [
      -76.593497,
      35.828216
     ],
     [
      -76.594205,
      35.826406
     ],
     [
      -76.65761,
      35.701339
     ],
     [
      -76.657975,
      35.700102
     ],
     [
      -76.671364,
      35.638392
     ],
     [
      -76.677529,
      35.611402
     ],
     [
      -76.67778,
      35.609439
     ],
     [
      -76.677735,
      35.608413
     ]
    ]
   }
  },
  {
   "type": "Feature",
   "properties": {
    "company": "Norfolk Southern Railway (1883–1974)",
    "line": "Norfolk Southern (1883–1974): Belhaven Branch (Pinetown cutoff)",
    "id": "ns-pinetown-bishop-cross",
    "color": "#0E7C86",
    "mode": "intercity_rail",
    "avg_speed_kmh": 25,
    "speed_source": "ESTIMATE, not sourced: mixed train on a light branch; ~25 km/h assumed",
    "geometry_source": "OpenStreetMap via Overpass (mail.ru mirror, cached degree tiles) plus OpenHistoricalMap (CC0) for lifted grades, routed with opstrace.py: OSM ways tagged old_railway_operator=NS (OpenRailwayMap's mark for this pre-1982 Norfolk Southern) costed 1x, untagged track 1.25x, OHM ways 1.25x (2x if named for a successor), trails 3x, any other named operator 12x; waypoints from the research report's via lists, Douglas-Peucker 8 m, trim_reversals.",
    "geometry_quality": "Traced from OpenStreetMap, 10.6 mi Pinetown - Bishop Cross against the documented 10.9 mi (Fowler line 9), all on old_railway_operator=NS track (now Carolina Coastal). No straight-line leg.",
    "segments": [
     {
      "start": 1938,
      "end": 1938,
      "headway_min": 1440,
      "note": "[ANCHOR] single proven year. The Pinetown cutoff was built in 1910, but the first and only confirmed passenger year on it is 1938, when the NCUC authorized discontinuance of the 'Pinetown - Belhaven' mixed train from 1 May 1938. Service certainly ran wider both ways (probably from the 1910s), but no other year is confirmed as using this route rather than the line via Mackeys; do not widen this anchor to look plausible. Headway is an estimate (headway_min and avg_speed_kmh are estimates, NOT sourced).",
      "sources": [
       "Segment-level: the single year 1938 from the NCUC order naming Pinetown - Belhaven. headway_min and avg_speed_kmh are estimates, NOT sourced.",
       "Henderson Daily Dispatch 22 Apr 1938 p1 (NCUC allows NS to discontinue all passenger service May 1 except Charlotte - Raleigh - Norfolk) - https://newspapers.digitalnc.org/lccn/sn91068401/1938-04-22/ed-1/seq-1/",
       "https://www.branchline.uk/jfpdf/northcarolinarrs.pdf (John Fowler, North Carolina passenger stations)"
      ]
     }
    ]
   },
   "geometry": {
    "type": "LineString",
    "coordinates": [
     [
      -76.861332,
      35.610375
     ],
     [
      -76.854912,
      35.607892
     ],
     [
      -76.851088,
      35.606181
     ],
     [
      -76.828045,
      35.596543
     ],
     [
      -76.826179,
      35.595932
     ],
     [
      -76.823764,
      35.595625
     ],
     [
      -76.821777,
      35.595741
     ],
     [
      -76.680563,
      35.609516
     ],
     [
      -76.679384,
      35.609442
     ],
     [
      -76.678506,
      35.609049
     ],
     [
      -76.677735,
      35.608413
     ]
    ]
   }
  },
  {
   "type": "Feature",
   "properties": {
    "company": "Norfolk Southern Railway (1883–1974)",
    "line": "Norfolk Southern (1883–1974): Belhaven Branch (into Belhaven)",
    "id": "ns-bishop-cross-belhaven",
    "color": "#0E7C86",
    "mode": "intercity_rail",
    "avg_speed_kmh": 25,
    "speed_source": "ESTIMATE, not sourced: mixed train on a light branch; ~25 km/h assumed",
    "geometry_source": "OpenStreetMap via Overpass (mail.ru mirror, cached degree tiles) plus OpenHistoricalMap (CC0) for lifted grades, routed with opstrace.py: OSM ways tagged old_railway_operator=NS (OpenRailwayMap's mark for this pre-1982 Norfolk Southern) costed 1x, untagged track 1.25x, OHM ways 1.25x (2x if named for a successor), trails 3x, any other named operator 12x; waypoints from the research report's via lists, Douglas-Peucker 8 m, trim_reversals.",
    "geometry_quality": "Traced from OpenStreetMap, 5.8 mi against the documented 5.9 mi (Fowler line 8: Bishop Cross 23.7 - Belhaven 29.6). No straight-line leg.",
    "segments": [
     {
      "start": 1906,
      "end": 1938,
      "headway_min": 1440,
      "note": "The old Albemarle & Pantego into Belhaven, common to both routes. Belhaven passenger service is evidenced in 1906 (via Mackeys), 1911, 1919, 1922, 1926, Feb 1932 and 1938 (via the Pinetown cutoff); the 1906 start is the first CONFIRMED year - an [OPEN] start. The NCUC authorized discontinuance of the Pinetown - Belhaven mixed train from 1 May 1938. Headway is an estimate (headway_min and avg_speed_kmh are estimates, NOT sourced).",
      "sources": [
       "Segment-level: start 1906 from Fowler's 1906 Guide anchor; continuity from the 1911/1919/1922 sources; end 1938 from the NCUC order. headway_min and avg_speed_kmh are estimates, NOT sourced.",
       "https://www.branchline.uk/jfpdf/northcarolinarrs.pdf (John Fowler, North Carolina passenger stations)",
       "Roanoke Beacon (Plymouth) 3 Nov 1911 p5 (NS excursion fares; NS train Plymouth - Columbia) - https://newspapers.digitalnc.org/lccn/sn92074055/1911-11-03/ed-1/seq-5/",
       "Daily Advance (Elizabeth City) 9 Dec 1919 p7 (NS passenger train schedule, coal curtailment) - https://newspapers.digitalnc.org/lccn/sn92074042/1919-12-09/ed-1/seq-7/",
       "News & Observer (Raleigh) 9 Jun 1922 p15 (NS departures from Raleigh for Norfolk, Charlotte, Fayetteville, Belhaven)",
       "Henderson Daily Dispatch 22 Apr 1938 p1 (NCUC allows NS to discontinue all passenger service May 1 except Charlotte - Raleigh - Norfolk) - https://newspapers.digitalnc.org/lccn/sn91068401/1938-04-22/ed-1/seq-1/"
      ]
     }
    ]
   },
   "geometry": {
    "type": "LineString",
    "coordinates": [
     [
      -76.677735,
      35.608413
     ],
     [
      -76.677407,
      35.60713
     ],
     [
      -76.676928,
      35.606085
     ],
     [
      -76.67628,
      35.605096
     ],
     [
      -76.665305,
      35.594195
     ],
     [
      -76.664293,
      35.593308
     ],
     [
      -76.662513,
      35.592191
     ],
     [
      -76.653184,
      35.587442
     ],
     [
      -76.652048,
      35.586653
     ],
     [
      -76.650916,
      35.585579
     ],
     [
      -76.650136,
      35.584457
     ],
     [
      -76.649458,
      35.582884
     ],
     [
      -76.639716,
      35.55506
     ],
     [
      -76.639177,
      35.55398
     ],
     [
      -76.638526,
      35.553065
     ],
     [
      -76.637625,
      35.552128
     ],
     [
      -76.625426,
      35.541957
     ],
     [
      -76.623527,
      35.540175
     ]
    ]
   }
  },
  {
   "type": "Feature",
   "properties": {
    "company": "Norfolk Southern Railway (1883–1974)",
    "line": "Norfolk Southern (1883–1974): Columbia Branch",
    "id": "ns-mackeys-columbia",
    "color": "#0E7C86",
    "mode": "intercity_rail",
    "avg_speed_kmh": 25,
    "speed_source": "ESTIMATE, not sourced: mixed train on a light branch; ~25 km/h assumed",
    "geometry_source": "OpenStreetMap via Overpass (mail.ru mirror, cached degree tiles) plus OpenHistoricalMap (CC0) for lifted grades, routed with opstrace.py: OSM ways tagged old_railway_operator=NS (OpenRailwayMap's mark for this pre-1982 Norfolk Southern) costed 1x, untagged track 1.25x, OHM ways 1.25x (2x if named for a successor), trails 3x, any other named operator 12x; waypoints from the research report's via lists, Douglas-Peucker 8 m, trim_reversals.",
    "geometry_quality": "Traced in full from OpenHistoricalMap (untagged ways; the line was lifted in 1950), 21.0 mi against the documented 22.9 mi (Fowler line 7). No straight-line leg; the Mackeys end is 1.2 km from the geocoded hamlet.",
    "segments": [
     {
      "start": 1911,
      "end": 1938,
      "headway_min": 1440,
      "note": "Begun by the Virginia & Carolina Coast and finished by the NS 1910. First CONFIRMED passenger year 1911 (Columbia an NS ticket point; 'Capt. Wilkerson had been operating the N. S. train between this place [Plymouth] and Columbia for a long time', Roanoke Beacon 3 Nov 1911) - an [OPEN] start. Trains 47-50 in Dec 1919; still running Oct 1923; Columbia in the Feb 1932 Guide. NCUC authorized discontinuance of the Mackey - Columbia mixed train from 1 May 1938. Headway is an estimate (headway_min and avg_speed_kmh are estimates, NOT sourced).",
      "sources": [
       "Segment-level: start 1911 from the Roanoke Beacon (first confirmed year); end 1938 from the NCUC order. headway_min and avg_speed_kmh are estimates, NOT sourced.",
       "Roanoke Beacon (Plymouth) 3 Nov 1911 p5 (NS excursion fares; NS train Plymouth - Columbia) - https://newspapers.digitalnc.org/lccn/sn92074055/1911-11-03/ed-1/seq-5/",
       "Daily Advance (Elizabeth City) 9 Dec 1919 p7 (NS passenger train schedule, coal curtailment) - https://newspapers.digitalnc.org/lccn/sn92074042/1919-12-09/ed-1/seq-7/",
       "Durham Morning Herald 25 Oct 1923 p1 (Oriental and Columbia trains still running; Carthage branch discontinued) - https://newspapers.digitalnc.org/lccn/sn84020730/1923-10-25/ed-1/seq-1/",
       "Henderson Daily Dispatch 22 Apr 1938 p1 (NCUC allows NS to discontinue all passenger service May 1 except Charlotte - Raleigh - Norfolk) - https://newspapers.digitalnc.org/lccn/sn91068401/1938-04-22/ed-1/seq-1/",
       "https://www.branchline.uk/jfpdf/northcarolinarrs.pdf (John Fowler, North Carolina passenger stations)"
      ]
     }
    ]
   },
   "geometry": {
    "type": "LineString",
    "coordinates": [
     [
      -76.602203,
      35.928044
     ],
     [
      -76.601939,
      35.927338
     ],
     [
      -76.601076,
      35.926273
     ],
     [
      -76.600065,
      35.925367
     ],
     [
      -76.598922,
      35.924641
     ],
     [
      -76.597516,
      35.924055
     ],
     [
      -76.594696,
      35.923569
     ],
     [
      -76.576837,
      35.921185
     ],
     [
      -76.47492,
      35.908153
     ],
     [
      -76.461367,
      35.906266
     ],
     [
      -76.458337,
      35.905193
     ],
     [
      -76.400125,
      35.873975
     ],
     [
      -76.398234,
      35.873028
     ],
     [
      -76.394732,
      35.87238
     ],
     [
      -76.39374,
      35.872332
     ],
     [
      -76.392305,
      35.872342
     ],
     [
      -76.390504,
      35.87261
     ],
     [
      -76.389026,
      35.87307
     ],
     [
      -76.385679,
      35.87453
     ],
     [
      -76.382711,
      35.875467
     ],
     [
      -76.338793,
      35.898433
     ],
     [
      -76.335327,
      35.900186
     ],
     [
      -76.332844,
      35.901042
     ],
     [
      -76.328236,
      35.90211
     ],
     [
      -76.323576,
      35.903692
     ],
     [
      -76.294128,
      35.909853
     ],
     [
      -76.272082,
      35.909582
     ],
     [
      -76.270506,
      35.909643
     ],
     [
      -76.269448,
      35.909903
     ],
     [
      -76.268674,
      35.910285
     ],
     [
      -76.263152,
      35.914555
     ],
     [
      -76.258979,
      35.917457
     ]
    ]
   }
  },
  {
   "type": "Feature",
   "properties": {
    "company": "Norfolk Southern Railway (1883–1974)",
    "line": "Norfolk Southern (1883–1974): Suffolk District (Suffolk – Edenton)",
    "id": "ns-suffolk-edenton",
    "color": "#0E7C86",
    "mode": "intercity_rail",
    "avg_speed_kmh": 25,
    "speed_source": "ESTIMATE, not sourced: mixed train on a light branch; ~25 km/h assumed",
    "geometry_source": "OpenStreetMap via Overpass (mail.ru mirror, cached degree tiles) plus OpenHistoricalMap (CC0) for lifted grades, routed with opstrace.py: OSM ways tagged old_railway_operator=NS (OpenRailwayMap's mark for this pre-1982 Norfolk Southern) costed 1x, untagged track 1.25x, OHM ways 1.25x (2x if named for a successor), trails 3x, any other named operator 12x; waypoints from the research report's via lists, Douglas-Peucker 8 m, trim_reversals.",
    "geometry_quality": "Traced, 49.3 mi against the documented 49.6 mi (Fowler VA 78 + NC 5). By source: 25.1 mi NS(1883), 20.6 mi (untagged), 0.1 mi OHM:Atlantic Coast Line - the 'untagged' miles are OSM abandoned ways named 'Suffolk & Carolina Railway' (Suffolk - Ryland) and the old_railway_operator=NS miles are the abandoned grade south of Ryland, much of it under Virginia Road (NC 32). APPROXIMATED: the last 3.7 mi, Valhalla (36.104 N, 76.634 W) - Edenton, is a straight line where the grade is built over. Does NOT include the Beckford Junction - Elizabeth City line (no passenger evidence).",
    "segments": [
     {
      "start": 1919,
      "end": 1938,
      "headway_min": 1440,
      "note": "Suffolk & Carolina (1885-1906) / Virginia & Carolina Coast (1906) - predecessors, not drawn - absorbed by the N&S Nov 1906. First CONFIRMED NS-era passenger year 1919 (Suffolk District trains 41/42 and 19, Daily Advance 9 Dec 1919) - an [OPEN] start; NS service from 1906 is likely but unproven (1911 fares are not proof a train ran on this line). The NCUC authorized discontinuance of the mixed train 'between Edenton and the Virginia line enroute to Suffolk' from 1 May 1938; no Virginia order was found for the Suffolk end. Abandoned 1940. Headway is an estimate (headway_min and avg_speed_kmh are estimates, NOT sourced).",
      "sources": [
       "Segment-level: start 1919 from the Dec 1919 schedule (first confirmed NS-era year); end 1938 from the NCUC order (NC portion). headway_min and avg_speed_kmh are estimates, NOT sourced.",
       "Daily Advance (Elizabeth City) 9 Dec 1919 p7 (NS passenger train schedule, coal curtailment) - https://newspapers.digitalnc.org/lccn/sn92074042/1919-12-09/ed-1/seq-7/",
       "Henderson Daily Dispatch 22 Apr 1938 p1 (NCUC allows NS to discontinue all passenger service May 1 except Charlotte - Raleigh - Norfolk) - https://newspapers.digitalnc.org/lccn/sn91068401/1938-04-22/ed-1/seq-1/",
       "Chowan Herald 25 Jan 1940 p1 (Suffolk line history) - https://newspapers.digitalnc.org/lccn/sn83004293/1940-01-25/ed-1/seq-1/",
       "https://www.branchline.uk/jfpdf/virginiarrs.pdf (John Fowler, Virginia passenger stations)",
       "https://www.branchline.uk/jfpdf/northcarolinarrs.pdf (John Fowler, North Carolina passenger stations)"
      ]
     }
    ]
   },
   "geometry": {
    "type": "LineString",
    "coordinates": [
     [
      -76.577154,
      36.722528
     ],
     [
      -76.577188,
      36.722311
     ],
     [
      -76.578605,
      36.71521
     ],
     [
      -76.579488,
      36.711665
     ],
     [
      -76.581463,
      36.708874
     ],
     [
      -76.583217,
      36.705827
     ],
     [
      -76.588848,
      36.692244
     ],
     [
      -76.588003,
      36.686731
     ],
     [
      -76.587571,
      36.682901
     ],
     [
      -76.586455,
      36.676422
     ],
     [
      -76.582541,
      36.665172
     ],
     [
      -76.581663,
      36.661891
     ],
     [
      -76.578842,
      36.641209
     ],
     [
      -76.57791,
      36.633289
     ],
     [
      -76.579354,
      36.619179
     ],
     [
      -76.579567,
      36.613283
     ],
     [
      -76.57959,
      36.603369
     ],
     [
      -76.579324,
      36.596785
     ],
     [
      -76.576867,
      36.561294
     ],
     [
      -76.576477,
      36.557438
     ],
     [
      -76.576003,
      36.554902
     ],
     [
      -76.575945,
      36.551486
     ],
     [
      -76.574419,
      36.550709
     ],
     [
      -76.574319,
      36.549176
     ],
     [
      -76.576762,
      36.530235
     ],
     [
      -76.578846,
      36.52307
     ],
     [
      -76.580949,
      36.516983
     ],
     [
      -76.590132,
      36.487505
     ],
     [
      -76.611934,
      36.441499
     ],
     [
      -76.612813,
      36.434041
     ],
     [
      -76.612556,
      36.433092
     ],
     [
      -76.602986,
      36.415619
     ],
     [
      -76.602535,
      36.415343
     ],
     [
      -76.596849,
      36.413012
     ],
     [
      -76.585026,
      36.408383
     ],
     [
      -76.584275,
      36.407796
     ],
     [
      -76.584209,
      36.407299
     ],
     [
      -76.631481,
      36.271623
     ],
     [
      -76.631738,
      36.26979
     ],
     [
      -76.631551,
      36.268089
     ],
     [
      -76.631223,
      36.266823
     ],
     [
      -76.616714,
      36.233365
     ],
     [
      -76.615425,
      36.229981
     ],
     [
      -76.614839,
      36.228147
     ],
     [
      -76.613409,
      36.220924
     ],
     [
      -76.61301,
      36.216612
     ],
     [
      -76.613034,
      36.214759
     ],
     [
      -76.613573,
      36.213322
     ],
     [
      -76.614581,
      36.211884
     ],
     [
      -76.618612,
      36.207346
     ],
     [
      -76.62984,
      36.195278
     ],
     [
      -76.637176,
      36.188071
     ],
     [
      -76.638044,
      36.186993
     ],
     [
      -76.639169,
      36.185082
     ],
     [
      -76.648193,
      36.163626
     ],
     [
      -76.656982,
      36.143314
     ],
     [
      -76.65769,
      36.141258
     ],
     [
      -76.657953,
      36.139284
     ],
     [
      -76.65781,
      36.137417
     ],
     [
      -76.657362,
      36.135677
     ],
     [
      -76.656852,
      36.134493
     ],
     [
      -76.655492,
      36.132311
     ],
     [
      -76.640811,
      36.110518
     ],
     [
      -76.639518,
      36.109054
     ],
     [
      -76.63374,
      36.104028
     ],
     [
      -76.604883,
      36.056331
     ]
    ]
   }
  },
  {
   "type": "Feature",
   "properties": {
    "company": "Norfolk Southern Railway (1883–1974)",
    "line": "Norfolk Southern (1883–1974): Raleigh – Charlotte",
    "id": "ns-raleigh-charlotte",
    "color": "#0E7C86",
    "mode": "intercity_rail",
    "avg_speed_kmh": 40,
    "speed_source": "ESTIMATE, not sourced: no timed schedule was read for this line; ~40 km/h assumed for a pre-war Southern regional main line with frequent stops",
    "geometry_source": "OpenStreetMap via Overpass (mail.ru mirror, cached degree tiles) plus OpenHistoricalMap (CC0) for lifted grades, routed with opstrace.py: OSM ways tagged old_railway_operator=NS (OpenRailwayMap's mark for this pre-1982 Norfolk Southern) costed 1x, untagged track 1.25x, OHM ways 1.25x (2x if named for a successor), trails 3x, any other named operator 12x; waypoints from the research report's via lists, Douglas-Peucker 8 m, trim_reversals.",
    "geometry_quality": "Traced from OpenStreetMap, 154.8 mi against the documented 156.6 mi (Fowler line 13), 153.1 mi NS(1883), 2.6 mi (untagged). No straight-line leg. Raleigh end at the Union Station site (the 1937 Jones Street station is not separately drawn); Charlotte end 1.1 km from the Brevard Street station site. Colon - Cumnock may draw the later 1914 line or the older Egypt Railroad grade - which one the trains used is unresolved. Where the original grade is lifted and a successor survives on the same corridor, the trace follows what survives, so short stretches may draw a LATER alignment than the era shown.",
    "segments": [
     {
      "start": 1914,
      "end": 1938,
      "headway_min": 720,
      "note": "Stitched together 1911-1914 from the Raleigh & Southport, new Varina - Colon line, Egypt RR / Sanford & Troy, Durham & Charlotte, the A&A Troy - Mount Gilead branch and new Mount Gilead - Charlotte line, via the NS subsidiary Raleigh, Charlotte & Southern. The 11 Jan 1914 timetable runs Raleigh - Varina - Duncan - Star - Charlotte twice daily. Running in April 1938, when the NCUC order excepted it and a separate discontinuance petition was pending; gone by 1942. 1938 is the last CONFIRMED year - an [OPEN] end, not a known end; do not extend without evidence (the NCUC decision on the 1938 petition was not found). Headway is an estimate from the twice-daily 1914 service (headway_min and avg_speed_kmh are estimates, NOT sourced).",
      "sources": [
       "Segment-level: start 1914 from the 11 Jan 1914 timetable; end 1938 from the April 1938 NCUC order (last confirmed year). headway_min and avg_speed_kmh are estimates, NOT sourced.",
       "The State Journal (Raleigh) 3 Apr 1914 p11 (NS timetable in effect 11 Jan 1914) - https://newspapers.digitalnc.org/lccn/sn92073019/1914-04-03/ed-1/seq-11/",
       "Charlotte News 7 Oct 1914 p4 (NS schedule effective 1 Sep 1914) - https://newspapers.digitalnc.org/lccn/sn91068256/1914-10-07/ed-1/seq-4/",
       "News & Observer (Raleigh) 9 Jun 1922 p15 (NS departures from Raleigh for Norfolk, Charlotte, Fayetteville, Belhaven)",
       "Henderson Daily Dispatch 22 Apr 1938 p1 (NCUC allows NS to discontinue all passenger service May 1 except Charlotte - Raleigh - Norfolk) - https://newspapers.digitalnc.org/lccn/sn91068401/1938-04-22/ed-1/seq-1/",
       "https://www.branchline.uk/jfpdf/northcarolinarrs.pdf (John Fowler, North Carolina passenger stations)",
       "https://www.chicagorailfan.com/stbcclt.html",
       "https://chicagorailfan.com/stbaaral.html",
       "https://aspace.lib.vt.edu/repositories/2/archival_objects/59425 (NS public timetable 28 Aug 1938, catalogue description)"
      ]
     }
    ]
   },
   "geometry": {
    "type": "LineString",
    "coordinates": [
     [
      -78.649706,
      35.777469
     ],
     [
      -78.650069,
      35.777598
     ],
     [
      -78.651848,
      35.77707
     ],
     [
      -78.657483,
      35.77318
     ],
     [
      -78.658906,
      35.771815
     ],
     [
      -78.659392,
      35.770976
     ],
     [
      -78.659729,
      35.769847
     ],
     [
      -78.659957,
      35.765239
     ],
     [
      -78.659792,
      35.763873
     ],
     [
      -78.655313,
      35.749621
     ],
     [
      -78.65519,
      35.748774
     ],
     [
      -78.655539,
      35.747423
     ],
     [
      -78.658024,
      35.742067
     ],
     [
      -78.659005,
      35.740839
     ],
     [
      -78.661885,
      35.738484
     ],
     [
      -78.66242,
      35.737498
     ],
     [
      -78.662647,
      35.736588
     ],
     [
      -78.665348,
      35.71994
     ],
     [
      -78.665483,
      35.714989
     ],
     [
      -78.664969,
      35.711202
     ],
     [
      -78.665543,
      35.708708
     ],
     [
      -78.665341,
      35.707581
     ],
     [
      -78.664546,
      35.705258
     ],
     [
      -78.664111,
      35.704538
     ],
     [
      -78.661276,
      35.701791
     ],
     [
      -78.660925,
      35.701064
     ],
     [
      -78.660819,
      35.700079
     ],
     [
      -78.661681,
      35.696367
     ],
     [
      -78.662384,
      35.695121
     ],
     [
      -78.665531,
      35.691399
     ],
     [
      -78.669772,
      35.687742
     ],
     [
      -78.670209,
      35.687057
     ],
     [
      -78.670307,
      35.685945
     ],
     [
      -78.670019,
      35.685198
     ],
     [
      -78.66665,
      35.681788
     ],
     [
      -78.666399,
      35.680956
     ],
     [
      -78.666599,
      35.680239
     ],
     [
      -78.668472,
      35.676492
     ],
     [
      -78.668938,
      35.675813
     ],
     [
      -78.669876,
      35.674923
     ],
     [
      -78.671116,
      35.674163
     ],
     [
      -78.677289,
      35.671572
     ],
     [
      -78.678709,
      35.670793
     ],
     [
      -78.68938,
      35.662235
     ],
     [
      -78.691198,
      35.660177
     ],
     [
      -78.702483,
      35.646357
     ],
     [
      -78.706346,
      35.642894
     ],
     [
      -78.707811,
      35.641164
     ],
     [
      -78.713907,
      35.633134
     ],
     [
      -78.714762,
      35.631841
     ],
     [
      -78.716342,
      35.628779
     ],
     [
      -78.719439,
      35.619998
     ],
     [
      -78.723794,
      35.612743
     ],
     [
      -78.726307,
      35.606091
     ],
     [
      -78.732925,
      35.593241
     ],
     [
      -78.734018,
      35.59202
     ],
     [
      -78.73536,
      35.591277
     ],
     [
      -78.736512,
      35.590952
     ],
     [
      -78.737667,
      35.590832
     ],
     [
      -78.743394,
      35.591025
     ],
     [
      -78.744184,
      35.591189
     ],
     [
      -78.745143,
      35.591694
     ],
     [
      -78.748499,
      35.594087
     ],
     [
      -78.754259,
      35.597472
     ],
     [
      -78.755753,
      35.598089
     ],
     [
      -78.757185,
      35.598305
     ],
     [
      -78.75831,
      35.598261
     ],
     [
      -78.759195,
      35.598088
     ],
     [
      -78.776116,
      35.593023
     ],
     [
      -78.777599,
      35.592682
     ],
     [
      -78.78964,
      35.591779
     ],
     [
      -78.791141,
      35.591896
     ],
     [
      -78.794363,
      35.592651
     ],
     [
      -78.79573,
      35.592654
     ],
     [
      -78.796629,
      35.592369
     ],
     [
      -78.79745,
      35.591851
     ],
     [
      -78.799443,
      35.589506
     ],
     [
      -78.799882,
      35.589724
     ],
     [
      -78.800091,
      35.590097
     ],
     [
      -78.800481,
      35.590413
     ],
     [
      -78.801067,
      35.59064
     ],
     [
      -78.801617,
      35.590676
     ],
     [
      -78.802272,
      35.590505
     ],
     [
      -78.867928,
      35.562493
     ],
     [
      -78.869656,
      35.562021
     ],
     [
      -78.871156,
      35.561808
     ],
     [
      -78.8734,
      35.561861
     ],
     [
      -78.907135,
      35.565166
     ],
     [
      -78.909114,
      35.565438
     ],
     [
      -78.910351,
      35.565816
     ],
     [
      -78.913918,
      35.5675
     ],
     [
      -78.914787,
      35.567738
     ],
     [
      -78.915868,
      35.567849
     ],
     [
      -78.916971,
      35.567756
     ],
     [
      -78.919907,
      35.56714
     ],
     [
      -78.921115,
      35.56668
     ],
     [
      -78.922482,
      35.565768
     ],
     [
      -78.924966,
      35.563324
     ],
     [
      -78.926704,
      35.56229
     ],
     [
      -78.92855,
      35.561793
     ],
     [
      -78.929893,
      35.56171
     ],
     [
      -78.930612,
      35.561782
     ],
     [
      -78.932839,
      35.562353
     ],
     [
      -78.936317,
      35.563702
     ],
     [
      -78.937564,
      35.564609
     ],
     [
      -78.940979,
      35.567489
     ],
     [
      -78.942575,
      35.568469
     ],
     [
      -78.944941,
      35.569259
     ],
     [
      -78.947129,
      35.569501
     ],
     [
      -78.949173,
      35.569324
     ],
     [
      -78.951582,
      35.568613
     ],
     [
      -78.952942,
      35.567869
     ],
     [
      -78.955659,
      35.565792
     ],
     [
      -78.956571,
      35.565247
     ],
     [
      -78.958491,
      35.564607
     ],
     [
      -78.960151,
      35.564385
     ],
     [
      -78.961584,
      35.564419
     ],
     [
      -78.975688,
      35.566087
     ],
     [
      -78.989261,
      35.568905
     ],
     [
      -78.995139,
      35.569165
     ],
     [
      -79.00043,
      35.569784
     ],
     [
      -79.001903,
      35.569621
     ],
     [
      -79.003096,
      35.569275
     ],
     [
      -79.009517,
      35.566093
     ],
     [
      -79.011206,
      35.56573
     ],
     [
      -79.012717,
      35.565723
     ],
     [
      -79.013947,
      35.56594
     ],
     [
      -79.035169,
      35.57169
     ],
     [
      -79.037537,
      35.571914
     ],
     [
      -79.039467,
      35.571748
     ],
     [
      -79.041392,
      35.571221
     ],
     [
      -79.042641,
      35.570686
     ],
     [
      -79.046792,
      35.56811
     ],
     [
      -79.048755,
      35.567196
     ],
     [
      -79.050528,
      35.566876
     ],
     [
      -79.055527,
      35.566872
     ],
     [
      -79.065536,
      35.564679
     ],
     [
      -79.083868,
      35.559026
     ],
     [
      -79.113507,
      35.544975
     ],
     [
      -79.114958,
      35.544178
     ],
     [
      -79.119069,
      35.54126
     ],
     [
      -79.130356,
      35.536007
     ],
     [
      -79.131095,
      35.535546
     ],
     [
      -79.133511,
      35.533533
     ],
     [
      -79.134281,
      35.533072
     ],
     [
      -79.135719,
      35.532619
     ],
     [
      -79.143757,
      35.532166
     ],
     [
      -79.144593,
      35.531947
     ],
     [
      -79.147724,
      35.530536
     ],
     [
      -79.148799,
      35.530237
     ],
     [
      -79.155744,
      35.529698
     ],
     [
      -79.157713,
      35.529629
     ],
     [
      -79.158831,
      35.529802
     ],
     [
      -79.160084,
      35.53026
     ],
     [
      -79.160781,
      35.530722
     ],
     [
      -79.172236,
      35.542199
     ],
     [
      -79.178384,
      35.546227
     ],
     [
      -79.181834,
      35.548312
     ],
     [
      -79.189203,
      35.550273
     ],
     [
      -79.190201,
      35.5503
     ],
     [
      -79.192119,
      35.549895
     ],
     [
      -79.192814,
      35.549955
     ],
     [
      -79.195539,
      35.550644
     ],
     [
      -79.19833,
      35.551091
     ],
     [
      -79.20018,
      35.55197
     ],
     [
      -79.202429,
      35.552583
     ],
     [
      -79.202963,
      35.552842
     ],
     [
      -79.205232,
      35.554943
     ],
     [
      -79.207888,
      35.555789
     ],
     [
      -79.208844,
      35.555836
     ],
     [
      -79.211959,
      35.555299
     ],
     [
      -79.212505,
      35.555074
     ],
     [
      -79.213303,
      35.554345
     ],
     [
      -79.214221,
      35.552243
     ],
     [
      -79.214701,
      35.551695
     ],
     [
      -79.21548,
      35.551274
     ],
     [
      -79.218527,
      35.550812
     ],
     [
      -79.219423,
      35.550451
     ],
     [
      -79.22136,
      35.549284
     ],
     [
      -79.222634,
      35.549159
     ],
     [
      -79.223776,
      35.549517
     ],
     [
      -79.22561,
      35.550791
     ],
     [
      -79.22642,
      35.551763
     ],
     [
      -79.227519,
      35.553907
     ],
     [
      -79.228023,
      35.55449
     ],
     [
      -79.228653,
      35.554947
     ],
     [
      -79.231866,
      35.556224
     ],
     [
      -79.235356,
      35.557414
     ],
     [
      -79.243424,
      35.559067
     ],
     [
      -79.246443,
      35.559582
     ],
     [
      -79.26222,
      35.559289
     ],
     [
      -79.263378,
      35.559479
     ],
     [
      -79.268914,
      35.561104
     ],
     [
      -79.269863,
      35.561235
     ],
     [
      -79.271014,
      35.561198
     ],
     [
      -79.274152,
      35.560515
     ],
     [
      -79.275049,
      35.560469
     ],
     [
      -79.275878,
      35.560693
     ],
     [
      -79.281194,
      35.563125
     ],
     [
      -79.283494,
      35.563412
     ],
     [
      -79.284423,
      35.5633
     ],
     [
      -79.285371,
      35.562862
     ],
     [
      -79.290099,
      35.55988
     ],
     [
      -79.293467,
      35.557466
     ],
     [
      -79.294554,
      35.556847
     ],
     [
      -79.30314,
      35.552719
     ],
     [
      -79.31341,
      35.549028
     ],
     [
      -79.314022,
      35.548685
     ],
     [
      -79.315097,
      35.547627
     ],
     [
      -79.317694,
      35.546197
     ],
     [
      -79.321144,
      35.545359
     ],
     [
      -79.322273,
      35.545339
     ],
     [
      -79.323642,
      35.545598
     ],
     [
      -79.324446,
      35.545573
     ],
     [
      -79.324906,
      35.545442
     ],
     [
      -79.326152,
      35.544641
     ],
     [
      -79.326948,
      35.543144
     ],
     [
      -79.327114,
      35.542372
     ],
     [
      -79.32688,
      35.541468
     ],
     [
      -79.325604,
      35.539297
     ],
     [
      -79.325531,
      35.538412
     ],
     [
      -79.326066,
      35.537484
     ],
     [
      -79.346043,
      35.524749
     ],
     [
      -79.346918,
      35.523963
     ],
     [
      -79.349185,
      35.519845
     ],
     [
      -79.351359,
      35.517043
     ],
     [
      -79.363104,
      35.50904
     ],
     [
      -79.363862,
      35.508473
     ],
     [
      -79.36485,
      35.507488
     ],
     [
      -79.369834,
      35.500109
     ],
     [
      -79.371357,
      35.497152
     ],
     [
      -79.37218,
      35.496147
     ],
     [
      -79.377292,
      35.492752
     ],
     [
      -79.385999,
      35.48747
     ],
     [
      -79.387322,
      35.486992
     ],
     [
      -79.393053,
      35.486284
     ],
     [
      -79.395418,
      35.486215
     ],
     [
      -79.399598,
      35.485399
     ],
     [
      -79.406453,
      35.485165
     ],
     [
      -79.407486,
      35.485031
     ],
     [
      -79.416445,
      35.482134
     ],
     [
      -79.419369,
      35.481144
     ],
     [
      -79.448093,
      35.470185
     ],
     [
      -79.460127,
      35.4626
     ],
     [
      -79.460698,
      35.462058
     ],
     [
      -79.460989,
      35.461553
     ],
     [
      -79.462,
      35.457904
     ],
     [
      -79.466364,
      35.448313
     ],
     [
      -79.466963,
      35.447449
     ],
     [
      -79.46897,
      35.445454
     ],
     [
      -79.472596,
      35.438758
     ],
     [
      -79.473044,
      35.438156
     ],
     [
      -79.473592,
      35.437644
     ],
     [
      -79.476236,
      35.436028
     ],
     [
      -79.478446,
      35.435432
     ],
     [
      -79.479648,
      35.434933
     ],
     [
      -79.486486,
      35.429604
     ],
     [
      -79.487797,
      35.428941
     ],
     [
      -79.489281,
      35.42865
     ],
     [
      -79.500098,
      35.427601
     ],
     [
      -79.501554,
      35.427668
     ],
     [
      -79.502955,
      35.428115
     ],
     [
      -79.515772,
      35.433766
     ],
     [
      -79.516831,
      35.434377
     ],
     [
      -79.521071,
      35.437532
     ],
     [
      -79.522279,
      35.438137
     ],
     [
      -79.523677,
      35.43844
     ],
     [
      -79.539234,
      35.440211
     ],
     [
      -79.540127,
      35.440187
     ],
     [
      -79.541139,
      35.439992
     ],
     [
      -79.559603,
      35.434469
     ],
     [
      -79.565471,
      35.43176
     ],
     [
      -79.566823,
      35.431243
     ],
     [
      -79.571642,
      35.430643
     ],
     [
      -79.577321,
      35.431083
     ],
     [
      -79.582175,
      35.433045
     ],
     [
      -79.586904,
      35.434447
     ],
     [
      -79.589138,
      35.435142
     ],
     [
      -79.589784,
      35.435226
     ],
     [
      -79.590521,
      35.435147
     ],
     [
      -79.591312,
      35.434814
     ],
     [
      -79.593412,
      35.43271
     ],
     [
      -79.594906,
      35.431826
     ],
     [
      -79.595702,
      35.431537
     ],
     [
      -79.596935,
      35.431443
     ],
     [
      -79.603899,
      35.432149
     ],
     [
      -79.604811,
      35.432153
     ],
     [
      -79.610261,
      35.430307
     ],
     [
      -79.611327,
      35.430076
     ],
     [
      -79.612345,
      35.430141
     ],
     [
      -79.613294,
      35.430468
     ],
     [
      -79.617057,
      35.433041
     ],
     [
      -79.617771,
      35.433368
     ],
     [
      -79.618831,
      35.433627
     ],
     [
      -79.624439,
      35.433727
     ],
     [
      -79.634989,
      35.433688
     ],
     [
      -79.636139,
      35.433362
     ],
     [
      -79.654552,
      35.426085
     ],
     [
      -79.672643,
      35.420579
     ],
     [
      -79.673932,
      35.420479
     ],
     [
      -79.682794,
      35.42144
     ],
     [
      -79.683544,
      35.42144
     ],
     [
      -79.684221,
      35.421317
     ],
     [
      -79.684946,
      35.421026
     ],
     [
      -79.691804,
      35.417315
     ],
     [
      -79.692838,
      35.416989
     ],
     [
      -79.694128,
      35.416954
     ],
     [
      -79.706511,
      35.417418
     ],
     [
      -79.707766,
      35.417418
     ],
     [
      -79.708512,
      35.417299
     ],
     [
      -79.713724,
      35.41487
     ],
     [
      -79.71637,
      35.413492
     ],
     [
      -79.717261,
      35.412615
     ],
     [
      -79.72005,
      35.4083
     ],
     [
      -79.720605,
      35.407814
     ],
     [
      -79.721686,
      35.407326
     ],
     [
      -79.756768,
      35.40453
     ],
     [
      -79.758009,
      35.404582
     ],
     [
      -79.76323,
      35.405614
     ],
     [
      -79.764601,
      35.405688
     ],
     [
      -79.765801,
      35.405472
     ],
     [
      -79.769775,
      35.404089
     ],
     [
      -79.770713,
      35.403885
     ],
     [
      -79.771896,
      35.403827
     ],
     [
      -79.776602,
      35.403997
     ],
     [
      -79.777666,
      35.403892
     ],
     [
      -79.78792,
      35.40103
     ],
     [
      -79.803715,
      35.391463
     ],
     [
      -79.818106,
      35.386298
     ],
     [
      -79.824076,
      35.384975
     ],
     [
      -79.836142,
      35.383354
     ],
     [
      -79.85277,
      35.384301
     ],
     [
      -79.854137,
      35.38429
     ],
     [
      -79.858489,
      35.383556
     ],
     [
      -79.859268,
      35.383314
     ],
     [
      -79.866713,
      35.378295
     ],
     [
      -79.867792,
      35.377816
     ],
     [
      -79.886895,
      35.376839
     ],
     [
      -79.887946,
      35.376688
     ],
     [
      -79.888675,
      35.376396
     ],
     [
      -79.889488,
      35.375761
     ],
     [
      -79.89562,
      35.366987
     ],
     [
      -79.895806,
      35.366341
     ],
     [
      -79.895755,
      35.364167
     ],
     [
      -79.895405,
      35.362105
     ],
     [
      -79.895896,
      35.361257
     ],
     [
      -79.896817,
      35.360819
     ],
     [
      -79.898124,
      35.360704
     ],
     [
      -79.89942,
      35.360952
     ],
     [
      -79.8999,
      35.36131
     ],
     [
      -79.90159,
      35.363548
     ],
     [
      -79.903791,
      35.364977
     ],
     [
      -79.90944,
      35.366892
     ],
     [
      -79.914808,
      35.36977
     ],
     [
      -79.915664,
      35.369899
     ],
     [
      -79.916411,
      35.369731
     ],
     [
      -79.916862,
      35.369471
     ],
     [
      -79.919834,
      35.366686
     ],
     [
      -79.939314,
      35.355514
     ],
     [
      -79.941731,
      35.353135
     ],
     [
      -79.942589,
      35.351772
     ],
     [
      -79.944196,
      35.3471
     ],
     [
      -79.944765,
      35.341242
     ],
     [
      -79.945378,
      35.339488
     ],
     [
      -79.945018,
      35.337274
     ],
     [
      -79.944999,
      35.336082
     ],
     [
      -79.945781,
      35.323384
     ],
     [
      -79.946018,
      35.322445
     ],
     [
      -79.948284,
      35.318022
     ],
     [
      -79.953019,
      35.311514
     ],
     [
      -79.95418,
      35.310231
     ],
     [
      -79.955128,
      35.309445
     ],
     [
      -79.959069,
      35.307045
     ],
     [
      -79.961469,
      35.304423
     ],
     [
      -79.96602,
      35.296197
     ],
     [
      -79.966397,
      35.294986
     ],
     [
      -79.968159,
      35.285406
     ],
     [
      -79.96919,
      35.281614
     ],
     [
      -79.969669,
      35.28051
     ],
     [
      -79.972382,
      35.275693
     ],
     [
      -79.973247,
      35.27251
     ],
     [
      -79.975858,
      35.265502
     ],
     [
      -79.977659,
      35.260088
     ],
     [
      -79.979413,
      35.256603
     ],
     [
      -79.981153,
      35.246852
     ],
     [
      -79.981027,
      35.244395
     ],
     [
      -79.981122,
      35.243602
     ],
     [
      -79.98154,
      35.242817
     ],
     [
      -79.983877,
      35.239805
     ],
     [
      -79.985613,
      35.238469
     ],
     [
      -79.987227,
      35.237737
     ],
     [
      -79.987987,
      35.237167
     ],
     [
      -79.992705,
      35.227433
     ],
     [
      -79.993912,
      35.226546
     ],
     [
      -79.999198,
      35.224522
     ],
     [
      -80.001977,
      35.222419
     ],
     [
      -80.002656,
      35.222031
     ],
     [
      -80.015738,
      35.218222
     ],
     [
      -80.01755,
      35.217055
     ],
     [
      -80.021255,
      35.214307
     ],
     [
      -80.0253,
      35.212415
     ],
     [
      -80.026741,
      35.212126
     ],
     [
      -80.031173,
      35.212259
     ],
     [
      -80.032102,
      35.212095
     ],
     [
      -80.032884,
      35.211777
     ],
     [
      -80.0336,
      35.211265
     ],
     [
      -80.034081,
      35.21071
     ],
     [
      -80.035522,
      35.207756
     ],
     [
      -80.036557,
      35.206847
     ],
     [
      -80.037534,
      35.206437
     ],
     [
      -80.038708,
      35.206276
     ],
     [
      -80.039462,
      35.206345
     ],
     [
      -80.040791,
      35.206759
     ],
     [
      -80.042889,
      35.207819
     ],
     [
      -80.044122,
      35.208089
     ],
     [
      -80.045234,
      35.208037
     ],
     [
      -80.045738,
      35.207967
     ],
     [
      -80.046559,
      35.207618
     ],
     [
      -80.049383,
      35.205421
     ],
     [
      -80.050614,
      35.204913
     ],
     [
      -80.051371,
      35.204765
     ],
     [
      -80.052527,
      35.204754
     ],
     [
      -80.060982,
      35.205713
     ],
     [
      -80.061974,
      35.20573
     ],
     [
      -80.063043,
      35.205525
     ],
     [
      -80.072325,
      35.202962
     ],
     [
      -80.073304,
      35.202934
     ],
     [
      -80.074432,
      35.2031
     ],
     [
      -80.074976,
      35.203268
     ],
     [
      -80.078598,
      35.205088
     ],
     [
      -80.080146,
      35.205668
     ],
     [
      -80.084208,
      35.206032
     ],
     [
      -80.089083,
      35.207295
     ],
     [
      -80.093044,
      35.208506
     ],
     [
      -80.099235,
      35.209125
     ],
     [
      -80.100492,
      35.209381
     ],
     [
      -80.101711,
      35.209869
     ],
     [
      -80.109797,
      35.214115
     ],
     [
      -80.110971,
      35.214444
     ],
     [
      -80.115658,
      35.215231
     ],
     [
      -80.11687,
      35.21564
     ],
     [
      -80.118778,
      35.216984
     ],
     [
      -80.123828,
      35.221004
     ],
     [
      -80.132263,
      35.22879
     ],
     [
      -80.133166,
      35.229465
     ],
     [
      -80.133953,
      35.229828
     ],
     [
      -80.135392,
      35.230139
     ],
     [
      -80.136673,
      35.230111
     ],
     [
      -80.146103,
      35.2278
     ],
     [
      -80.147592,
      35.227647
     ],
     [
      -80.148979,
      35.227748
     ],
     [
      -80.152619,
      35.228431
     ],
     [
      -80.154452,
      35.229221
     ],
     [
      -80.155593,
      35.230145
     ],
     [
      -80.158606,
      35.233574
     ],
     [
      -80.159555,
      35.234258
     ],
     [
      -80.160821,
      35.234664
     ],
     [
      -80.164686,
      35.235222
     ],
     [
      -80.165662,
      35.235164
     ],
     [
      -80.166515,
      35.234971
     ],
     [
      -80.169856,
      35.23351
     ],
     [
      -80.170758,
      35.232929
     ],
     [
      -80.173115,
      35.230595
     ],
     [
      -80.177496,
      35.228007
     ],
     [
      -80.178429,
      35.227656
     ],
     [
      -80.182451,
      35.226618
     ],
     [
      -80.184133,
      35.226366
     ],
     [
      -80.198407,
      35.227632
     ],
     [
      -80.206007,
      35.228826
     ],
     [
      -80.207633,
      35.228633
     ],
     [
      -80.210159,
      35.227593
     ],
     [
      -80.211585,
      35.227285
     ],
     [
      -80.21295,
      35.227408
     ],
     [
      -80.215869,
      35.228597
     ],
     [
      -80.217321,
      35.228892
     ],
     [
      -80.218702,
      35.22882
     ],
     [
      -80.222126,
      35.228146
     ],
     [
      -80.230217,
      35.227829
     ],
     [
      -80.231623,
      35.228146
     ],
     [
      -80.234698,
      35.229939
     ],
     [
      -80.23535,
      35.230128
     ],
     [
      -80.236028,
      35.230232
     ],
     [
      -80.239166,
      35.230281
     ],
     [
      -80.248028,
      35.231564
     ],
     [
      -80.251778,
      35.231984
     ],
     [
      -80.252938,
      35.232224
     ],
     [
      -80.255556,
      35.233147
     ],
     [
      -80.256958,
      35.23348
     ],
     [
      -80.266354,
      35.232777
     ],
     [
      -80.267375,
      35.232607
     ],
     [
      -80.26826,
      35.232211
     ],
     [
      -80.272953,
      35.228433
     ],
     [
      -80.274541,
      35.227331
     ],
     [
      -80.27586,
      35.226973
     ],
     [
      -80.278735,
      35.226947
     ],
     [
      -80.280254,
      35.226656
     ],
     [
      -80.281252,
      35.226098
     ],
     [
      -80.283072,
      35.224191
     ],
     [
      -80.284127,
      35.223456
     ],
     [
      -80.290804,
      35.22096
     ],
     [
      -80.292079,
      35.220786
     ],
     [
      -80.293389,
      35.220895
     ],
     [
      -80.300075,
      35.223365
     ],
     [
      -80.301093,
      35.223613
     ],
     [
      -80.301914,
      35.223669
     ],
     [
      -80.303399,
      35.223442
     ],
     [
      -80.308673,
      35.221319
     ],
     [
      -80.310129,
      35.220842
     ],
     [
      -80.311379,
      35.220655
     ],
     [
      -80.312548,
      35.220736
     ],
     [
      -80.315999,
      35.221491
     ],
     [
      -80.32028,
      35.222183
     ],
     [
      -80.328752,
      35.222222
     ],
     [
      -80.330151,
      35.222348
     ],
     [
      -80.331968,
      35.222789
     ],
     [
      -80.33828,
      35.225043
     ],
     [
      -80.339477,
      35.225348
     ],
     [
      -80.355184,
      35.226135
     ],
     [
      -80.356155,
      35.226299
     ],
     [
      -80.358764,
      35.227174
     ],
     [
      -80.359864,
      35.227401
     ],
     [
      -80.370001,
      35.228541
     ],
     [
      -80.372077,
      35.228625
     ],
     [
      -80.38758,
      35.228611
     ],
     [
      -80.389569,
      35.229149
     ],
     [
      -80.393526,
      35.230471
     ],
     [
      -80.412239,
      35.233182
     ],
     [
      -80.413447,
      35.233546
     ],
     [
      -80.416635,
      35.234862
     ],
     [
      -80.419627,
      35.235302
     ],
     [
      -80.420595,
      35.235256
     ],
     [
      -80.421826,
      35.234951
     ],
     [
      -80.433241,
      35.230288
     ],
     [
      -80.434032,
      35.229815
     ],
     [
      -80.435996,
      35.227771
     ],
     [
      -80.437248,
      35.227213
     ],
     [
      -80.438206,
      35.227015
     ],
     [
      -80.439172,
      35.227045
     ],
     [
      -80.440262,
      35.227349
     ],
     [
      -80.442113,
      35.228436
     ],
     [
      -80.443175,
      35.228892
     ],
     [
      -80.45855,
      35.233597
     ],
     [
      -80.460671,
      35.233924
     ],
     [
      -80.461956,
      35.233841
     ],
     [
      -80.463221,
      35.233442
     ],
     [
      -80.468071,
      35.229957
     ],
     [
      -80.469264,
      35.229347
     ],
     [
      -80.470125,
      35.229075
     ],
     [
      -80.476879,
      35.227631
     ],
     [
      -80.478555,
      35.227707
     ],
     [
      -80.484671,
      35.229148
     ],
     [
      -80.486209,
      35.229334
     ],
     [
      -80.511459,
      35.227955
     ],
     [
      -80.53403,
      35.231867
     ],
     [
      -80.534878,
      35.232127
     ],
     [
      -80.536334,
      35.232853
     ],
     [
      -80.543427,
      35.237005
     ],
     [
      -80.544765,
      35.237377
     ],
     [
      -80.546238,
      35.237433
     ],
     [
      -80.55088,
      35.236799
     ],
     [
      -80.557852,
      35.236944
     ],
     [
      -80.564653,
      35.237341
     ],
     [
      -80.571047,
      35.237491
     ],
     [
      -80.579836,
      35.236332
     ],
     [
      -80.581595,
      35.236187
     ],
     [
      -80.585743,
      35.236152
     ],
     [
      -80.595694,
      35.235238
     ],
     [
      -80.596463,
      35.235064
     ],
     [
      -80.604348,
      35.231813
     ],
     [
      -80.609706,
      35.227673
     ],
     [
      -80.61151,
      35.226482
     ],
     [
      -80.613675,
      35.225402
     ],
     [
      -80.617216,
      35.224222
     ],
     [
      -80.62479,
      35.222785
     ],
     [
      -80.628615,
      35.222384
     ],
     [
      -80.639096,
      35.222396
     ],
     [
      -80.640388,
      35.222154
     ],
     [
      -80.644914,
      35.220583
     ],
     [
      -80.65089,
      35.218066
     ],
     [
      -80.652949,
      35.216868
     ],
     [
      -80.657351,
      35.21354
     ],
     [
      -80.665149,
      35.209638
     ],
     [
      -80.666925,
      35.209037
     ],
     [
      -80.669062,
      35.20881
     ],
     [
      -80.670534,
      35.208946
     ],
     [
      -80.67232,
      35.209457
     ],
     [
      -80.683047,
      35.214113
     ],
     [
      -80.692251,
      35.216448
     ],
     [
      -80.693232,
      35.216786
     ],
     [
      -80.700862,
      35.221466
     ],
     [
      -80.707985,
      35.226709
     ],
     [
      -80.709741,
      35.227531
     ],
     [
      -80.710679,
      35.227744
     ],
     [
      -80.711873,
      35.227848
     ],
     [
      -80.72556,
      35.227542
     ],
     [
      -80.72807,
      35.227916
     ],
     [
      -80.786321,
      35.246632
     ],
     [
      -80.787723,
      35.246936
     ],
     [
      -80.804763,
      35.248253
     ],
     [
      -80.805523,
      35.248118
     ],
     [
      -80.809011,
      35.246983
     ],
     [
      -80.810577,
      35.246272
     ],
     [
      -80.811188,
      35.246181
     ],
     [
      -80.812327,
      35.246326
     ],
     [
      -80.828401,
      35.237487
     ],
     [
      -80.82966,
      35.23723
     ],
     [
      -80.834046,
      35.237354
     ]
    ]
   }
  },
  {
   "type": "Feature",
   "properties": {
    "company": "Norfolk Southern Railway (1883–1974)",
    "line": "Norfolk Southern (1883–1974): Fayetteville Branch",
    "id": "ns-varina-fayetteville",
    "color": "#0E7C86",
    "mode": "intercity_rail",
    "avg_speed_kmh": 35,
    "speed_source": "ESTIMATE, not sourced: no timed schedule was read for this line; ~40 km/h assumed for a pre-war Southern regional main line with frequent stops",
    "geometry_source": "OpenStreetMap via Overpass (mail.ru mirror, cached degree tiles) plus OpenHistoricalMap (CC0) for lifted grades, routed with opstrace.py: OSM ways tagged old_railway_operator=NS (OpenRailwayMap's mark for this pre-1982 Norfolk Southern) costed 1x, untagged track 1.25x, OHM ways 1.25x (2x if named for a successor), trails 3x, any other named operator 12x; waypoints from the research report's via lists, Douglas-Peucker 8 m, trim_reversals.",
    "geometry_quality": "Traced from OpenStreetMap, 41.7 mi against the documented 42.8 mi (Fowler line 14), 41.7 mi NS(1883) (today the Raleigh and Fayetteville Railroad). No straight-line leg. Where the original grade is lifted and a successor survives on the same corridor, the trace follows what survives, so short stretches may draw a LATER alignment than the era shown.",
    "segments": [
     {
      "start": 1914,
      "end": 1938,
      "headway_min": 720,
      "note": "The Raleigh & Cape Fear / Raleigh & Southport (predecessors, own operation to 1911, not drawn) came to the NS via the Raleigh, Charlotte & Southern in 1911-12. First CONFIRMED NS-era passenger year 1914 (Jan 1914 timetable, twice daily for Varina, Lillington and Fayetteville) - an [OPEN] start. Fayetteville merchants protested cuts in Dec 1920; NS departures for Fayetteville in 1922. NCUC authorized discontinuance of the Fayetteville - Varina mixed train from 1 May 1938. Raleigh - Varina is drawn on the Raleigh - Charlotte feature. Headway is an estimate (headway_min and avg_speed_kmh are estimates, NOT sourced).",
      "sources": [
       "Segment-level: start 1914 from the Jan 1914 timetable (first confirmed year); end 1938 from the NCUC order. headway_min and avg_speed_kmh are estimates, NOT sourced.",
       "The State Journal (Raleigh) 3 Apr 1914 p11 (NS timetable in effect 11 Jan 1914) - https://newspapers.digitalnc.org/lccn/sn92073019/1914-04-03/ed-1/seq-11/",
       "News & Observer 23 Dec 1920 p5 (Fayetteville protest over cut Raleigh - Fayetteville trains) - https://newspapers.digitalnc.org/lccn/sn85042104/1920-12-23/ed-1/seq-5/",
       "News & Observer (Raleigh) 9 Jun 1922 p15 (NS departures from Raleigh for Norfolk, Charlotte, Fayetteville, Belhaven)",
       "Henderson Daily Dispatch 22 Apr 1938 p1 (NCUC allows NS to discontinue all passenger service May 1 except Charlotte - Raleigh - Norfolk) - https://newspapers.digitalnc.org/lccn/sn91068401/1938-04-22/ed-1/seq-1/",
       "https://www.branchline.uk/jfpdf/northcarolinarrs.pdf (John Fowler, North Carolina passenger stations)"
      ]
     }
    ]
   },
   "geometry": {
    "type": "LineString",
    "coordinates": [
     [
      -78.801789,
      35.585228
     ],
     [
      -78.802439,
      35.584391
     ],
     [
      -78.803557,
      35.583611
     ],
     [
      -78.811667,
      35.580887
     ],
     [
      -78.812656,
      35.580348
     ],
     [
      -78.813217,
      35.579878
     ],
     [
      -78.814112,
      35.578506
     ],
     [
      -78.814469,
      35.576669
     ],
     [
      -78.814941,
      35.575701
     ],
     [
      -78.815523,
      35.574995
     ],
     [
      -78.817405,
      35.573332
     ],
     [
      -78.817858,
      35.57265
     ],
     [
      -78.818329,
      35.570935
     ],
     [
      -78.818642,
      35.570313
     ],
     [
      -78.823024,
      35.565264
     ],
     [
      -78.823418,
      35.564478
     ],
     [
      -78.823575,
      35.563703
     ],
     [
      -78.823677,
      35.551562
     ],
     [
      -78.82357,
      35.5503
     ],
     [
      -78.823197,
      35.549385
     ],
     [
      -78.816965,
      35.539542
     ],
     [
      -78.816511,
      35.538756
     ],
     [
      -78.816261,
      35.537952
     ],
     [
      -78.814755,
      35.516061
     ],
     [
      -78.815185,
      35.5018
     ],
     [
      -78.813501,
      35.495007
     ],
     [
      -78.813548,
      35.4944
     ],
     [
      -78.813816,
      35.493618
     ],
     [
      -78.820724,
      35.478904
     ],
     [
      -78.822973,
      35.475271
     ],
     [
      -78.824038,
      35.468666
     ],
     [
      -78.823719,
      35.467344
     ],
     [
      -78.821073,
      35.461785
     ],
     [
      -78.820751,
      35.461336
     ],
     [
      -78.819361,
      35.460045
     ],
     [
      -78.816922,
      35.456807
     ],
     [
      -78.815709,
      35.455091
     ],
     [
      -78.815524,
      35.454372
     ],
     [
      -78.815727,
      35.453319
     ],
     [
      -78.819844,
      35.4455
     ],
     [
      -78.820118,
      35.444573
     ],
     [
      -78.819998,
      35.443028
     ],
     [
      -78.815186,
      35.415381
     ],
     [
      -78.815304,
      35.41453
     ],
     [
      -78.815751,
      35.413111
     ],
     [
      -78.819233,
      35.407364
     ],
     [
      -78.819293,
      35.406563
     ],
     [
      -78.818908,
      35.404155
     ],
     [
      -78.818543,
      35.40305
     ],
     [
      -78.817122,
      35.401682
     ],
     [
      -78.812297,
      35.399288
     ],
     [
      -78.81155,
      35.398409
     ],
     [
      -78.81142,
      35.397748
     ],
     [
      -78.811607,
      35.397037
     ],
     [
      -78.813262,
      35.394
     ],
     [
      -78.813427,
      35.393468
     ],
     [
      -78.813063,
      35.39215
     ],
     [
      -78.789703,
      35.348513
     ],
     [
      -78.7891,
      35.347489
     ],
     [
      -78.785981,
      35.344123
     ],
     [
      -78.785469,
      35.343162
     ],
     [
      -78.784843,
      35.340219
     ],
     [
      -78.782732,
      35.33652
     ],
     [
      -78.782486,
      35.33572
     ],
     [
      -78.782359,
      35.324183
     ],
     [
      -78.781505,
      35.318819
     ],
     [
      -78.780936,
      35.3167
     ],
     [
      -78.780171,
      35.31213
     ],
     [
      -78.779791,
      35.311181
     ],
     [
      -78.766147,
      35.292279
     ],
     [
      -78.765271,
      35.291428
     ],
     [
      -78.760307,
      35.289093
     ],
     [
      -78.759629,
      35.288658
     ],
     [
      -78.759077,
      35.288121
     ],
     [
      -78.747902,
      35.272713
     ],
     [
      -78.747568,
      35.271954
     ],
     [
      -78.745324,
      35.262595
     ],
     [
      -78.745266,
      35.261283
     ],
     [
      -78.756049,
      35.230529
     ],
     [
      -78.756888,
      35.228532
     ],
     [
      -78.766547,
      35.216167
     ],
     [
      -78.783939,
      35.194275
     ],
     [
      -78.784927,
      35.193457
     ],
     [
      -78.785784,
      35.19303
     ],
     [
      -78.821638,
      35.180626
     ],
     [
      -78.824012,
      35.179663
     ],
     [
      -78.842866,
      35.166909
     ],
     [
      -78.856429,
      35.152035
     ],
     [
      -78.856898,
      35.151058
     ],
     [
      -78.859428,
      35.143788
     ],
     [
      -78.861735,
      35.137065
     ],
     [
      -78.861952,
      35.136094
     ],
     [
      -78.862312,
      35.126974
     ],
     [
      -78.862231,
      35.125824
     ],
     [
      -78.861586,
      35.123449
     ],
     [
      -78.861774,
      35.120543
     ],
     [
      -78.86157,
      35.11991
     ],
     [
      -78.859981,
      35.117657
     ],
     [
      -78.859715,
      35.116555
     ],
     [
      -78.860926,
      35.112288
     ],
     [
      -78.861134,
      35.107203
     ],
     [
      -78.861259,
      35.106719
     ],
     [
      -78.865499,
      35.095497
     ],
     [
      -78.872074,
      35.08571
     ],
     [
      -78.878944,
      35.073539
     ],
     [
      -78.882833,
      35.06926
     ],
     [
      -78.883483,
      35.068296
     ],
     [
      -78.883822,
      35.067431
     ],
     [
      -78.883968,
      35.066579
     ],
     [
      -78.884316,
      35.060285
     ],
     [
      -78.884164,
      35.059599
     ]
    ]
   }
  },
  {
   "type": "Feature",
   "properties": {
    "company": "Norfolk Southern Railway (1883–1974)",
    "line": "Norfolk Southern (1883–1974): Aberdeen – Asheboro (Page road)",
    "id": "ns-aberdeen-asheboro",
    "color": "#0E7C86",
    "mode": "intercity_rail",
    "avg_speed_kmh": 30,
    "speed_source": "ESTIMATE, not sourced: mixed train on a light branch; ~25 km/h assumed",
    "geometry_source": "OpenStreetMap via Overpass (mail.ru mirror, cached degree tiles) plus OpenHistoricalMap (CC0) for lifted grades, routed with opstrace.py: OSM ways tagged old_railway_operator=NS (OpenRailwayMap's mark for this pre-1982 Norfolk Southern) costed 1x, untagged track 1.25x, OHM ways 1.25x (2x if named for a successor), trails 3x, any other named operator 12x; waypoints from the research report's via lists, Douglas-Peucker 8 m, trim_reversals.",
    "geometry_quality": "Traced, 55.6 mi against the documented 65.0 mi (Fowler line 16) - 14% SHORT. By source: 47.6 mi NS(1883) (live ACWR Sandhill Division to Star, then old_railway_operator=NS abandoned fragments toward Asheboro). APPROXIMATED: Star - 35.459 N, 79.783 W (4.1 mi) and 35.540 N, 79.778 W - 35.593 N, 79.800 W near Seagrove (3.9 mi) are straight lines over gaps in the lifted grade (Asheboro - Star lifted 1952). Part of the mileage shortfall is those chords; the rest starts between West End and Eagle Springs, where Fowler's mileposts (West End 12.8, Jackson Springs 17.0, Eagle Springs 22.7) fit a route via Jackson Springs about 3.5 mi longer than the direct line drawn here (traced Eagle Springs at about MP 19.2). The direct line may therefore be a LATER alignment than some of the 1913-1938 years; not resolved. The NS line at Pinehurst was relocated c.1925 (The Pilot 11 Sep 1925), so the Pinehurst stretch draws the post-1925 alignment for 1913-1925 too.",
    "segments": [
     {
      "start": 1913,
      "end": 1938,
      "headway_min": 1440,
      "note": "The Aberdeen & West End / Aberdeen & Asheboro (predecessors to 1911, not drawn) came to the NS via the RC&S in 1911-12. First CONFIRMED NS-era passenger year 1913: the 'old Page road ... carries passengers to Carthage, Pinehurst, Jackson Springs, Eagle Springs, West End, Elise and on to Candor, Star, Mount Gilead and Asheboro' (Southern Pines Tourist 26 Sep 1913) - an [OPEN] start. Sep 1914: Nos. 32/71 Charlotte - Star - Asheboro, connecting at Star for Jackson Springs and Aberdeen. The NCUC authorized discontinuance of all passenger service Aberdeen - Asheboro from 1 May 1938. Whether Seaboard Pullmans to Pinehurst under the Pinehurst Inc. contract survived past spring 1938 is unresolved and NOT drawn. Headway is an estimate (headway_min and avg_speed_kmh are estimates, NOT sourced).",
      "sources": [
       "Segment-level: start 1913 from the Southern Pines Tourist (first confirmed year); end 1938 from the NCUC order as reported by the Sandhills News-Press and The Pilot. headway_min and avg_speed_kmh are estimates, NOT sourced.",
       "Southern Pines Tourist 26 Sep 1913 p3 (the Page road carries passengers to Carthage, Pinehurst, Jackson Springs ... Asheboro) - https://newspapers.digitalnc.org/lccn/sn92061730/1913-09-26/ed-1/seq-3/",
       "Charlotte News 7 Oct 1914 p4 (NS schedule effective 1 Sep 1914) - https://newspapers.digitalnc.org/lccn/sn91068256/1914-10-07/ed-1/seq-4/",
       "Henderson Daily Dispatch 22 Apr 1938 p1 (NCUC allows NS to discontinue all passenger service May 1 except Charlotte - Raleigh - Norfolk) - https://newspapers.digitalnc.org/lccn/sn91068401/1938-04-22/ed-1/seq-1/",
       "Sandhills News-Press 24 Apr 1938 p1 (discontinuance of all passenger service Aberdeen - Asheboro) - https://newspapers.digitalnc.org/lccn/sn91068724/1938-04-24/ed-1/seq-1/",
       "The Pilot (Southern Pines) 29 Apr 1938 p4 - https://newspapers.digitalnc.org/lccn/sn92073968/1938-04-29/ed-1/seq-4/",
       "The Pilot 11 Sep 1925 p1 (Pinehurst line relocation and new station) - https://newspapers.digitalnc.org/lccn/sn92073968/1925-09-11/ed-1/seq-1/",
       "https://en.wikipedia.org/wiki/Aberdeen_and_Asheboro_Railroad",
       "https://www.branchline.uk/jfpdf/northcarolinarrs.pdf (John Fowler, North Carolina passenger stations)"
      ]
     }
    ]
   },
   "geometry": {
    "type": "LineString",
    "coordinates": [
     [
      -79.429016,
      35.131792
     ],
     [
      -79.430086,
      35.132337
     ],
     [
      -79.430611,
      35.132908
     ],
     [
      -79.430759,
      35.133391
     ],
     [
      -79.430905,
      35.135539
     ],
     [
      -79.431112,
      35.13602
     ],
     [
      -79.432455,
      35.137138
     ],
     [
      -79.433061,
      35.137436
     ],
     [
      -79.439964,
      35.138608
     ],
     [
      -79.461524,
      35.146223
     ],
     [
      -79.467497,
      35.147641
     ],
     [
      -79.46868,
      35.148219
     ],
     [
      -79.469452,
      35.148969
     ],
     [
      -79.469906,
      35.149733
     ],
     [
      -79.47016,
      35.150763
     ],
     [
      -79.471269,
      35.157473
     ],
     [
      -79.471489,
      35.172022
     ],
     [
      -79.471421,
      35.172599
     ],
     [
      -79.471126,
      35.173316
     ],
     [
      -79.46889,
      35.176907
     ],
     [
      -79.467284,
      35.18326
     ],
     [
      -79.467286,
      35.183784
     ],
     [
      -79.467826,
      35.185135
     ],
     [
      -79.468988,
      35.187113
     ],
     [
      -79.470546,
      35.189386
     ],
     [
      -79.471209,
      35.190029
     ],
     [
      -79.472716,
      35.190814
     ],
     [
      -79.479225,
      35.192288
     ],
     [
      -79.481665,
      35.192386
     ],
     [
      -79.495511,
      35.192383
     ],
     [
      -79.496713,
      35.192481
     ],
     [
      -79.497552,
      35.192722
     ],
     [
      -79.501055,
      35.194655
     ],
     [
      -79.503365,
      35.196103
     ],
     [
      -79.510364,
      35.202754
     ],
     [
      -79.511244,
      35.203481
     ],
     [
      -79.514344,
      35.205552
     ],
     [
      -79.519241,
      35.211211
     ],
     [
      -79.521466,
      35.214325
     ],
     [
      -79.522132,
      35.214927
     ],
     [
      -79.523785,
      35.215984
     ],
     [
      -79.524961,
      35.216898
     ],
     [
      -79.530743,
      35.222374
     ],
     [
      -79.531266,
      35.222721
     ],
     [
      -79.532014,
      35.223036
     ],
     [
      -79.538097,
      35.224462
     ],
     [
      -79.554474,
      35.226254
     ],
     [
      -79.557964,
      35.226838
     ],
     [
      -79.559285,
      35.227241
     ],
     [
      -79.564458,
      35.229661
     ],
     [
      -79.56568,
      35.230416
     ],
     [
      -79.56669,
      35.231423
     ],
     [
      -79.567464,
      35.232897
     ],
     [
      -79.569377,
      35.242217
     ],
     [
      -79.569629,
      35.242942
     ],
     [
      -79.572168,
      35.246921
     ],
     [
      -79.574836,
      35.250274
     ],
     [
      -79.577512,
      35.255823
     ],
     [
      -79.578486,
      35.256994
     ],
     [
      -79.588172,
      35.265566
     ],
     [
      -79.589018,
      35.266145
     ],
     [
      -79.590343,
      35.266748
     ],
     [
      -79.593059,
      35.267448
     ],
     [
      -79.594428,
      35.267539
     ],
     [
      -79.597223,
      35.267235
     ],
     [
      -79.598621,
      35.267228
     ],
     [
      -79.602686,
      35.26769
     ],
     [
      -79.605186,
      35.268451
     ],
     [
      -79.606174,
      35.268998
     ],
     [
      -79.606879,
      35.269694
     ],
     [
      -79.607372,
      35.270725
     ],
     [
      -79.608767,
      35.274869
     ],
     [
      -79.609545,
      35.275767
     ],
     [
      -79.610349,
      35.276233
     ],
     [
      -79.621068,
      35.280636
     ],
     [
      -79.62222,
      35.280845
     ],
     [
      -79.626193,
      35.281077
     ],
     [
      -79.627698,
      35.28127
     ],
     [
      -79.629152,
      35.281651
     ],
     [
      -79.630399,
      35.282432
     ],
     [
      -79.635436,
      35.28791
     ],
     [
      -79.636373,
      35.28863
     ],
     [
      -79.637283,
      35.289069
     ],
     [
      -79.638531,
      35.289366
     ],
     [
      -79.652064,
      35.291191
     ],
     [
      -79.653411,
      35.291466
     ],
     [
      -79.654347,
      35.291786
     ],
     [
      -79.668464,
      35.300072
     ],
     [
      -79.67093,
      35.301192
     ],
     [
      -79.67551,
      35.302687
     ],
     [
      -79.677002,
      35.302822
     ],
     [
      -79.678247,
      35.302627
     ],
     [
      -79.679351,
      35.302168
     ],
     [
      -79.683751,
      35.299614
     ],
     [
      -79.684854,
      35.299091
     ],
     [
      -79.68753,
      35.298229
     ],
     [
      -79.689973,
      35.297943
     ],
     [
      -79.691301,
      35.298145
     ],
     [
      -79.70753,
      35.30267
     ],
     [
      -79.708444,
      35.302838
     ],
     [
      -79.709385,
      35.302822
     ],
     [
      -79.710609,
      35.3025
     ],
     [
      -79.735695,
      35.293991
     ],
     [
      -79.736983,
      35.29362
     ],
     [
      -79.738217,
      35.293473
     ],
     [
      -79.739536,
      35.293552
     ],
     [
      -79.744554,
      35.294297
     ],
     [
      -79.746537,
      35.29435
     ],
     [
      -79.747337,
      35.294598
     ],
     [
      -79.74801,
      35.295215
     ],
     [
      -79.749974,
      35.29859
     ],
     [
      -79.752803,
      35.302236
     ],
     [
      -79.753894,
      35.304999
     ],
     [
      -79.756918,
      35.309743
     ],
     [
      -79.758093,
      35.311223
     ],
     [
      -79.761556,
      35.316897
     ],
     [
      -79.762586,
      35.323093
     ],
     [
      -79.763332,
      35.325547
     ],
     [
      -79.764527,
      35.328369
     ],
     [
      -79.7696,
      35.335268
     ],
     [
      -79.777176,
      35.342183
     ],
     [
      -79.778324,
      35.343393
     ],
     [
      -79.780442,
      35.346935
     ],
     [
      -79.781552,
      35.350218
     ],
     [
      -79.781751,
      35.351195
     ],
     [
      -79.781645,
      35.351999
     ],
     [
      -79.77999,
      35.357791
     ],
     [
      -79.780486,
      35.365959
     ],
     [
      -79.777056,
      35.376288
     ],
     [
      -79.777031,
      35.377269
     ],
     [
      -79.777173,
      35.377735
     ],
     [
      -79.777839,
      35.378806
     ],
     [
      -79.786115,
      35.389124
     ],
     [
      -79.786456,
      35.390075
     ],
     [
      -79.786097,
      35.39496
     ],
     [
      -79.785771,
      35.39571
     ],
     [
      -79.784779,
      35.396977
     ],
     [
      -79.784555,
      35.397904
     ],
     [
      -79.783054,
      35.459121
     ],
     [
      -79.782526,
      35.459377
     ],
     [
      -79.777378,
      35.463439
     ],
     [
      -79.776929,
      35.463848
     ],
     [
      -79.776534,
      35.46484
     ],
     [
      -79.776502,
      35.465379
     ],
     [
      -79.776815,
      35.466881
     ],
     [
      -79.778716,
      35.474292
     ],
     [
      -79.778716,
      35.474866
     ],
     [
      -79.777733,
      35.479666
     ],
     [
      -79.777627,
      35.481458
     ],
     [
      -79.777733,
      35.482223
     ],
     [
      -79.778588,
      35.484189
     ],
     [
      -79.778737,
      35.484849
     ],
     [
      -79.778652,
      35.485475
     ],
     [
      -79.778289,
      35.486206
     ],
     [
      -79.774423,
      35.492867
     ],
     [
      -79.774209,
      35.493614
     ],
     [
      -79.774295,
      35.494501
     ],
     [
      -79.774722,
      35.495493
     ],
     [
      -79.776003,
      35.497684
     ],
     [
      -79.776366,
      35.498762
     ],
     [
      -79.77658,
      35.499788
     ],
     [
      -79.776751,
      35.501961
     ],
     [
      -79.778132,
      35.505163
     ],
     [
      -79.778252,
      35.506245
     ],
     [
      -79.778162,
      35.507622
     ],
     [
      -79.77684,
      35.512394
     ],
     [
      -79.774786,
      35.516389
     ],
     [
      -79.774439,
      35.517483
     ],
     [
      -79.774711,
      35.51977
     ],
     [
      -79.775315,
      35.522437
     ],
     [
      -79.775723,
      35.525215
     ],
     [
      -79.776206,
      35.526666
     ],
     [
      -79.778751,
      35.53098
     ],
     [
      -79.779431,
      35.532286
     ],
     [
      -79.779748,
      35.533257
     ],
     [
      -79.779748,
      35.534142
     ],
     [
      -79.779536,
      35.535039
     ],
     [
      -79.778071,
      35.538837
     ],
     [
      -79.777965,
      35.539869
     ],
     [
      -79.800314,
      35.593324
     ],
     [
      -79.800485,
      35.594332
     ],
     [
      -79.800207,
      35.594974
     ],
     [
      -79.800154,
      35.59606
     ],
     [
      -79.800613,
      35.597015
     ],
     [
      -79.801777,
      35.598673
     ],
     [
      -79.803379,
      35.60054
     ],
     [
      -79.806184,
      35.604494
     ],
     [
      -79.812004,
      35.609899
     ],
     [
      -79.813975,
      35.610599
     ],
     [
      -79.818997,
      35.613718
     ],
     [
      -79.819881,
      35.61443
     ],
     [
      -79.82383,
      35.619089
     ],
     [
      -79.824487,
      35.6209
     ],
     [
      -79.824961,
      35.625232
     ],
     [
      -79.824931,
      35.62619
     ],
     [
      -79.824326,
      35.627872
     ],
     [
      -79.823949,
      35.629848
     ],
     [
      -79.824281,
      35.63099
     ],
     [
      -79.825248,
      35.632573
     ],
     [
      -79.826109,
      35.63439
     ],
     [
      -79.826396,
      35.635814
     ],
     [
      -79.826426,
      35.637066
     ],
     [
      -79.826245,
      35.637741
     ],
     [
      -79.824885,
      35.640797
     ],
     [
      -79.824719,
      35.641841
     ],
     [
      -79.824749,
      35.64475
     ],
     [
      -79.824613,
      35.645474
     ],
     [
      -79.824296,
      35.64605
     ],
     [
      -79.822167,
      35.648566
     ],
     [
      -79.821955,
      35.64918
     ],
     [
      -79.822145,
      35.650973
     ],
     [
      -79.822658,
      35.653268
     ],
     [
      -79.825054,
      35.661344
     ],
     [
      -79.825085,
      35.661822
     ],
     [
      -79.824798,
      35.662669
     ],
     [
      -79.823884,
      35.663956
     ],
     [
      -79.821954,
      35.670116
     ],
     [
      -79.819996,
      35.674824
     ],
     [
      -79.819205,
      35.677762
     ],
     [
      -79.818601,
      35.680929
     ],
     [
      -79.817374,
      35.683132
     ],
     [
      -79.816725,
      35.686746
     ],
     [
      -79.816239,
      35.690747
     ],
     [
      -79.816656,
      35.698332
     ],
     [
      -79.815699,
      35.705809
     ],
     [
      -79.815847,
      35.707135
     ]
    ]
   }
  },
  {
   "type": "Feature",
   "properties": {
    "company": "Norfolk Southern Railway (1883–1974)",
    "line": "Norfolk Southern (1883–1974): Jackson Springs Branch",
    "id": "ns-jackson-springs",
    "color": "#0E7C86",
    "mode": "intercity_rail",
    "avg_speed_kmh": 25,
    "speed_source": "ESTIMATE, not sourced: mixed train on a light branch; ~25 km/h assumed",
    "geometry_source": "OpenStreetMap via Overpass (mail.ru mirror, cached degree tiles) plus OpenHistoricalMap (CC0) for lifted grades, routed with opstrace.py: OSM ways tagged old_railway_operator=NS (OpenRailwayMap's mark for this pre-1982 Norfolk Southern) costed 1x, untagged track 1.25x, OHM ways 1.25x (2x if named for a successor), trails 3x, any other named operator 12x; waypoints from the research report's via lists, Douglas-Peucker 8 m, trim_reversals.",
    "geometry_quality": "Traced from OpenStreetMap, 3.9 mi against the documented 'four-mile stretch' (The Pilot 3 Dec 1937): old_railway_operator=NS abandoned ways (partly under a road) from the West End station site to Jackson Springs. No straight-line leg. OSM shows a spur, matching The Pilot; Fowler's inline milepost (17.0) may instead reflect an earlier through routing - see the Aberdeen - Asheboro feature.",
    "segments": [
     {
      "start": 1913,
      "end": 1922,
      "headway_min": 1440,
      "note": "Jackson Springs Railroad (1901), operated by the A&A and then the NS. First CONFIRMED NS-era passenger year 1913 (Southern Pines Tourist) and last CONFIRMED 1922 (NS weekend round-trip fares to Jackson Springs, N&O 9 Jun 1922) - BOTH ENDS [OPEN]. 1926 fares are not counted because the NS bus subsidiary began in June 1926. The NS applied to discontinue and abandon in late 1937 (abandoned 1938), which is NOT the passenger end. Do not extend without evidence. Headway is an estimate (headway_min and avg_speed_kmh are estimates, NOT sourced).",
      "sources": [
       "Segment-level: start 1913 from the Southern Pines Tourist; end 1922 from the 1922 fare list (both confirmed years only). headway_min and avg_speed_kmh are estimates, NOT sourced.",
       "Southern Pines Tourist 26 Sep 1913 p3 (the Page road carries passengers to Carthage, Pinehurst, Jackson Springs ... Asheboro) - https://newspapers.digitalnc.org/lccn/sn92061730/1913-09-26/ed-1/seq-3/",
       "Charlotte News 7 Oct 1914 p4 (NS schedule effective 1 Sep 1914) - https://newspapers.digitalnc.org/lccn/sn91068256/1914-10-07/ed-1/seq-4/",
       "News & Observer (Raleigh) 9 Jun 1922 p15 (NS departures from Raleigh for Norfolk, Charlotte, Fayetteville, Belhaven)",
       "The Pilot 3 Dec 1937 p1 (the four-mile West End - Jackson Springs stretch) - https://newspapers.digitalnc.org/lccn/sn92073968/1937-12-03/ed-1/seq-1/"
      ]
     }
    ]
   },
   "geometry": {
    "type": "LineString",
    "coordinates": [
     [
      -79.568678,
      35.238731
     ],
     [
      -79.568703,
      35.238418
     ],
     [
      -79.56917,
      35.237418
     ],
     [
      -79.569722,
      35.236759
     ],
     [
      -79.574142,
      35.234962
     ],
     [
      -79.575227,
      35.23417
     ],
     [
      -79.5792,
      35.229063
     ],
     [
      -79.581555,
      35.226855
     ],
     [
      -79.588203,
      35.221371
     ],
     [
      -79.594096,
      35.217474
     ],
     [
      -79.59523,
      35.217102
     ],
     [
      -79.597449,
      35.21683
     ],
     [
      -79.601392,
      35.215753
     ],
     [
      -79.602021,
      35.215521
     ],
     [
      -79.603364,
      35.214252
     ],
     [
      -79.606606,
      35.213326
     ],
     [
      -79.608331,
      35.213326
     ],
     [
      -79.611141,
      35.213537
     ],
     [
      -79.615602,
      35.212873
     ],
     [
      -79.617944,
      35.212329
     ],
     [
      -79.618905,
      35.211564
     ],
     [
      -79.619814,
      35.210473
     ],
     [
      -79.620925,
      35.209565
     ],
     [
      -79.621589,
      35.209359
     ],
     [
      -79.622448,
      35.209374
     ]
    ]
   }
  },
  {
   "type": "Feature",
   "properties": {
    "company": "Norfolk Southern Railway (1883–1974)",
    "line": "Norfolk Southern (1883–1974): Ellerbe Branch (Candor – Ellerbe)",
    "id": "ns-candor-ellerbe",
    "color": "#0E7C86",
    "mode": "intercity_rail",
    "avg_speed_kmh": 25,
    "speed_source": "ESTIMATE, not sourced: mixed train on a light branch; ~25 km/h assumed",
    "geometry_source": "OpenStreetMap via Overpass (mail.ru mirror, cached degree tiles) plus OpenHistoricalMap (CC0) for lifted grades, routed with opstrace.py: OSM ways tagged old_railway_operator=NS (OpenRailwayMap's mark for this pre-1982 Norfolk Southern) costed 1x, untagged track 1.25x, OHM ways 1.25x (2x if named for a successor), trails 3x, any other named operator 12x; waypoints from the research report's via lists, Douglas-Peucker 8 m, trim_reversals.",
    "geometry_quality": "Traced, 17.2 mi against the documented 17.3 mi (Fowler line 17): old_railway_operator=NS abandoned grade Candor - 35.112 N, 79.718 W. APPROXIMATED: the last 3.7 mi into Ellerbe is a straight line where the grade is not mapped.",
    "segments": [
     {
      "start": 1923,
      "end": 1923,
      "headway_min": 1440,
      "note": "[ANCHOR] single proven year. Built 1911 by the A&A. Oct 1923: 'One train is operated a day ... a combination mail, passenger and freight', Star - Ellerbe (Rockingham Post-Dispatch 18 Oct 1923). Service certainly ran wider both ways, but no other year is confirmed (the branch is not named in the 1938 NCUC order as OCR'd; freight only by 1951). Do not widen this anchor. Headway 1440 = the one daily mixed train reported in 1923.",
      "sources": [
       "Segment-level: the single year 1923 from the Rockingham Post-Dispatch 18 Oct 1923. Headway from the same article; avg_speed_kmh is an estimate, NOT sourced.",
       "Rockingham Post-Dispatch 18 Oct 1923 p17 (Star - Ellerbe, one combination mail, passenger and freight train a day) - https://newspapers.digitalnc.org/lccn/sn91068736/1923-10-18/ed-1/seq-17/",
       "https://www.branchline.uk/jfpdf/northcarolinarrs.pdf (John Fowler, North Carolina passenger stations)",
       "Official Guide of the Railways, Feb 1952, NS pp. 529-530: every NS table 'Freight Service only' / 'Mail, Express and Freight Service only' - https://archive.org/details/the-official-guide-of-the-railways-images"
      ]
     }
    ]
   },
   "geometry": {
    "type": "LineString",
    "coordinates": [
     [
      -79.745155,
      35.294326
     ],
     [
      -79.741531,
      35.293832
     ],
     [
      -79.740677,
      35.293407
     ],
     [
      -79.740482,
      35.292886
     ],
     [
      -79.73995,
      35.286762
     ],
     [
      -79.739928,
      35.278386
     ],
     [
      -79.739602,
      35.275642
     ],
     [
      -79.737521,
      35.265322
     ],
     [
      -79.737119,
      35.264175
     ],
     [
      -79.728567,
      35.25203
     ],
     [
      -79.723241,
      35.247177
     ],
     [
      -79.720085,
      35.239211
     ],
     [
      -79.72012,
      35.238907
     ],
     [
      -79.721805,
      35.235155
     ],
     [
      -79.723401,
      35.228405
     ],
     [
      -79.723791,
      35.227622
     ],
     [
      -79.730654,
      35.218611
     ],
     [
      -79.730725,
      35.217959
     ],
     [
      -79.7303,
      35.214293
     ],
     [
      -79.72998,
      35.213337
     ],
     [
      -79.727338,
      35.208976
     ],
     [
      -79.727178,
      35.208382
     ],
     [
      -79.727613,
      35.176337
     ],
     [
      -79.727518,
      35.175547
     ],
     [
      -79.727136,
      35.174959
     ],
     [
      -79.723436,
      35.171556
     ],
     [
      -79.721284,
      35.170349
     ],
     [
      -79.720216,
      35.169554
     ],
     [
      -79.719552,
      35.168692
     ],
     [
      -79.719148,
      35.167799
     ],
     [
      -79.718783,
      35.166322
     ],
     [
      -79.71824,
      35.165304
     ],
     [
      -79.717637,
      35.163511
     ],
     [
      -79.716249,
      35.15285
     ],
     [
      -79.716325,
      35.152159
     ],
     [
      -79.718324,
      35.148612
     ],
     [
      -79.718904,
      35.143676
     ],
     [
      -79.719178,
      35.137404
     ],
     [
      -79.719072,
      35.136695
     ],
     [
      -79.716562,
      35.129409
     ],
     [
      -79.718254,
      35.112239
     ],
     [
      -79.761439,
      35.071261
     ]
    ]
   }
  },
  {
   "type": "Feature",
   "properties": {
    "company": "Norfolk Southern Railway (1883–1974)",
    "line": "Norfolk Southern (1883–1974): Carthage Branch",
    "id": "ns-pinehurst-carthage",
    "color": "#0E7C86",
    "mode": "intercity_rail",
    "avg_speed_kmh": 25,
    "speed_source": "ESTIMATE, not sourced: mixed train on a light branch; ~25 km/h assumed",
    "geometry_source": "OpenStreetMap via Overpass (mail.ru mirror, cached degree tiles) plus OpenHistoricalMap (CC0) for lifted grades, routed with opstrace.py: OSM ways tagged old_railway_operator=NS (OpenRailwayMap's mark for this pre-1982 Norfolk Southern) costed 1x, untagged track 1.25x, OHM ways 1.25x (2x if named for a successor), trails 3x, any other named operator 12x; waypoints from the research report's via lists, Douglas-Peucker 8 m, trim_reversals.",
    "geometry_quality": "Traced from OpenStreetMap, 11.5 mi against the documented 12.7 mi (Fowler line 18; '12.2 miles', Moore County News 1921), on old_railway_operator=NS abandoned ways, mostly now roads (Blues Siding Road, Legion Hut Road, etc.). No straight-line leg.",
    "segments": [
     {
      "start": 1913,
      "end": 1913,
      "headway_min": 1440,
      "note": "[ANCHOR] single proven year. Carthage & Pinehurst Railroad (1907), operated by the A&A and then the NS (lease 1913; the C&P owned no rolling stock). The 'Page road ... carries passengers to Carthage' (Southern Pines Tourist 26 Sep 1913). NS and C&P applied to abandon in Aug 1921 and the line was gone by Oct 1923, but when passengers stopped is not proven. Do not widen this anchor. Headway is an estimate (headway_min and avg_speed_kmh are estimates, NOT sourced).",
      "sources": [
       "Segment-level: the single year 1913 from the Southern Pines Tourist. headway_min and avg_speed_kmh are estimates, NOT sourced.",
       "Southern Pines Tourist 26 Sep 1913 p3 (the Page road carries passengers to Carthage, Pinehurst, Jackson Springs ... Asheboro) - https://newspapers.digitalnc.org/lccn/sn92061730/1913-09-26/ed-1/seq-3/",
       "Moore County News 4 Aug 1921 p1 (Carthage & Pinehurst abandonment application) - https://newspapers.digitalnc.org/lccn/sn92074101/1921-08-04/ed-1/seq-1/",
       "Durham Morning Herald 25 Oct 1923 p1 (Oriental and Columbia trains still running; Carthage branch discontinued) - https://newspapers.digitalnc.org/lccn/sn84020730/1923-10-25/ed-1/seq-1/"
      ]
     }
    ]
   },
   "geometry": {
    "type": "LineString",
    "coordinates": [
     [
      -79.460726,
      35.198282
     ],
     [
      -79.452893,
      35.206791
     ],
     [
      -79.452251,
      35.207767
     ],
     [
      -79.45168,
      35.209331
     ],
     [
      -79.451618,
      35.210737
     ],
     [
      -79.451348,
      35.210994
     ],
     [
      -79.451994,
      35.218764
     ],
     [
      -79.451341,
      35.224088
     ],
     [
      -79.450989,
      35.225962
     ],
     [
      -79.450722,
      35.226421
     ],
     [
      -79.449072,
      35.228153
     ],
     [
      -79.448231,
      35.229817
     ],
     [
      -79.448081,
      35.230397
     ],
     [
      -79.448104,
      35.2311
     ],
     [
      -79.449048,
      35.234239
     ],
     [
      -79.449076,
      35.234713
     ],
     [
      -79.448063,
      35.236592
     ],
     [
      -79.447427,
      35.238763
     ],
     [
      -79.447591,
      35.239335
     ],
     [
      -79.448558,
      35.240878
     ],
     [
      -79.448569,
      35.241875
     ],
     [
      -79.445529,
      35.249811
     ],
     [
      -79.442136,
      35.253914
     ],
     [
      -79.439559,
      35.263007
     ],
     [
      -79.438859,
      35.264485
     ],
     [
      -79.436232,
      35.268948
     ],
     [
      -79.434701,
      35.27361
     ],
     [
      -79.43389,
      35.27481
     ],
     [
      -79.432298,
      35.276631
     ],
     [
      -79.431723,
      35.277581
     ],
     [
      -79.430779,
      35.280616
     ],
     [
      -79.426591,
      35.289066
     ],
     [
      -79.426095,
      35.290894
     ],
     [
      -79.425839,
      35.293732
     ],
     [
      -79.427012,
      35.300476
     ],
     [
      -79.427008,
      35.301162
     ],
     [
      -79.426786,
      35.302035
     ],
     [
      -79.426241,
      35.302961
     ],
     [
      -79.422578,
      35.306778
     ],
     [
      -79.420486,
      35.308477
     ],
     [
      -79.42012,
      35.309082
     ],
     [
      -79.419653,
      35.310786
     ],
     [
      -79.419309,
      35.31126
     ],
     [
      -79.4178,
      35.312378
     ],
     [
      -79.417248,
      35.312998
     ],
     [
      -79.414624,
      35.317468
     ],
     [
      -79.414029,
      35.318083
     ],
     [
      -79.411711,
      35.319207
     ],
     [
      -79.410942,
      35.319893
     ],
     [
      -79.404464,
      35.328371
     ],
     [
      -79.404276,
      35.329057
     ],
     [
      -79.404406,
      35.329932
     ],
     [
      -79.407622,
      35.337061
     ],
     [
      -79.408318,
      35.337897
     ],
     [
      -79.409364,
      35.338666
     ],
     [
      -79.41043,
      35.339134
     ],
     [
      -79.411618,
      35.339301
     ],
     [
      -79.416947,
      35.339452
     ],
     [
      -79.417624,
      35.339887
     ],
     [
      -79.417993,
      35.340472
     ],
     [
      -79.417972,
      35.341107
     ],
     [
      -79.417603,
      35.341776
     ],
     [
      -79.415753,
      35.34318
     ]
    ]
   }
  },
  {
   "type": "Feature",
   "properties": {
    "company": "Norfolk Southern Railway (1883–1974)",
    "line": "Norfolk Southern (1883–1974): Goldsboro – Morehead City",
    "id": "ns-anc-goldsboro-morehead-city",
    "color": "#0E7C86",
    "mode": "intercity_rail",
    "avg_speed_kmh": 40,
    "speed_source": "ESTIMATE, not sourced: no timed schedule was read for this line; ~40 km/h assumed for a pre-war Southern regional main line with frequent stops",
    "geometry_source": "OpenStreetMap via Overpass (mail.ru mirror, cached degree tiles) plus OpenHistoricalMap (CC0) for lifted grades, routed with opstrace.py: OSM ways tagged old_railway_operator='Atlantic and East Carolina' / 'Beaufort and Morehead' (the A&NC line's later operators) costed 1x, untagged track 1.25x, OHM ways 1.25x (2x if named for a successor), trails 3x, any other named operator 12x; waypoints from the research report's via lists, Douglas-Peucker 8 m, trim_reversals.",
    "geometry_quality": "Traced from OpenStreetMap, 91.6 mi against the documented 96.1 mi (ICC valuation via Wikipedia), all on ways tagged old_railway_operator='Atlantic and East Carolina' (today NS's EC Line). No straight-line leg. Drawn on the surviving line, which may differ locally (Goldsboro, Kinston and New Bern station approaches) from the 1908-1932 alignment.",
    "segments": [
     {
      "start": 1908,
      "end": 1932,
      "headway_min": 720,
      "note": "The Atlantic & North Carolina ('Old Mullet'), leased 1 Sep 1904 to the Howland Improvement Co. (renamed the A&NC Company 1905), which was absorbed into the Norfolk & Southern consolidation of Nov 1906 - so the NS ran the trains, and this feature carries the NS colour. First CONFIRMED NS passenger year 1908 (N&S parlor car 'Vance' Goldsboro - Beaufort, Raleigh Evening Times 15 Jun 1908) and last CONFIRMED 1932 (Beaufort in the Feb 1932 Guide, per Wikipedia) - BOTH ENDS [OPEN]. NS still operated the line in July 1935 and the A&NC voted not to re-lease it in Aug 1935, but no 1933-35 NS passenger year is confirmed. Passenger service continued under the A&NC itself (1935-39) and the Atlantic & East Carolina (1939-) - other companies' eras, not drawn here. NS trains also in 1910, 1913, 1914 (trains 15/16; Goldsboro - New Bern - Norfolk Night Express) and 1924. Headway is an estimate (headway_min and avg_speed_kmh are estimates, NOT sourced).",
      "sources": [
       "Segment-level: start 1908 from the Raleigh Evening Times; end 1932 from the Feb 1932 Guide as cited by Wikipedia (both confirmed years, not lease dates). headway_min and avg_speed_kmh are estimates, NOT sourced.",
       "Raleigh Evening Times 15 Jun 1908 p2 (N&S No. 14 Washington - Greenville - Wilson - Raleigh; parlor car Goldsboro - Beaufort) - https://newspapers.digitalnc.org/lccn/sn92073024/1908-06-15/ed-1/seq-2/",
       "Washington Daily News 25 Jun 1910 p3 (NS public timetable Raleigh - Washington - New Bern - Beaufort) - https://newspapers.digitalnc.org/lccn/sn91000452/1910-06-25/ed-1/seq-3/",
       "News & Observer 3 Jul 1913 p5 (Norfolk Southern passenger train Goldsboro - Beaufort) - https://newspapers.digitalnc.org/lccn/sn85042104/1913-07-03/ed-1/seq-5/",
       "The State Journal (Raleigh) 3 Apr 1914 p11 (NS timetable in effect 11 Jan 1914) - https://newspapers.digitalnc.org/lccn/sn92073019/1914-04-03/ed-1/seq-11/",
       "Durham Morning Herald 18 Nov 1924 p18 (NS trains at New Bern, Kinston, Washington, Greenville, Wilson)",
       "Henderson Daily Dispatch 29 Jul 1935 p1 (A&NC 'now operated by the Norfolk Southern' but lease broken) - https://newspapers.digitalnc.org/lccn/sn91068401/1935-07-29/ed-1/seq-1/",
       "Beaufort News 8 Aug 1935 p1 (A&NC not re-leased to NS) - https://newspapers.digitalnc.org/lccn/sn91068210/1935-08-08/ed-1/seq-1/",
       "https://en.wikipedia.org/wiki/Atlantic_and_North_Carolina_Railroad",
       "https://en.wikipedia.org/wiki/Norfolk_Southern_Railway_(1942%E2%80%931982)"
      ]
     }
    ]
   },
   "geometry": {
    "type": "LineString",
    "coordinates": [
     [
      -77.984747,
      35.391145
     ],
     [
      -77.94834,
      35.384158
     ],
     [
      -77.945386,
      35.383561
     ],
     [
      -77.942259,
      35.382767
     ],
     [
      -77.939058,
      35.381683
     ],
     [
      -77.874185,
      35.356987
     ],
     [
      -77.872578,
      35.356286
     ],
     [
      -77.832026,
      35.335521
     ],
     [
      -77.828973,
      35.333745
     ],
     [
      -77.825557,
      35.331274
     ],
     [
      -77.80575,
      35.315424
     ],
     [
      -77.802762,
      35.313394
     ],
     [
      -77.800373,
      35.312038
     ],
     [
      -77.79758,
      35.310713
     ],
     [
      -77.793335,
      35.308999
     ],
     [
      -77.727437,
      35.282515
     ],
     [
      -77.720967,
      35.280022
     ],
     [
      -77.717933,
      35.279241
     ],
     [
      -77.714634,
      35.27872
     ],
     [
      -77.589588,
      35.266311
     ],
     [
      -77.585943,
      35.265746
     ],
     [
      -77.581702,
      35.264372
     ],
     [
      -77.580304,
      35.263727
     ],
     [
      -77.5794,
      35.26315
     ],
     [
      -77.575993,
      35.260257
     ],
     [
      -77.556857,
      35.242747
     ],
     [
      -77.5555,
      35.24177
     ],
     [
      -77.553477,
      35.24097
     ],
     [
      -77.496854,
      35.23103
     ],
     [
      -77.351223,
      35.194429
     ],
     [
      -77.265238,
      35.172666
     ],
     [
      -77.06789,
      35.122505
     ],
     [
      -77.045282,
      35.11673
     ],
     [
      -77.043802,
      35.11617
     ],
     [
      -77.0428,
      35.115367
     ],
     [
      -77.040673,
      35.112806
     ],
     [
      -77.040556,
      35.112464
     ],
     [
      -77.042109,
      35.103786
     ],
     [
      -77.040369,
      35.094663
     ],
     [
      -77.039816,
      35.092757
     ],
     [
      -76.97077,
      34.967285
     ],
     [
      -76.926546,
      34.886221
     ],
     [
      -76.873004,
      34.807046
     ],
     [
      -76.843361,
      34.762819
     ],
     [
      -76.841217,
      34.759844
     ],
     [
      -76.838746,
      34.757093
     ],
     [
      -76.835493,
      34.75427
     ],
     [
      -76.833667,
      34.752961
     ],
     [
      -76.831414,
      34.751554
     ],
     [
      -76.826952,
      34.74933
     ],
     [
      -76.762435,
      34.725856
     ],
     [
      -76.760169,
      34.72526
     ],
     [
      -76.757946,
      34.72491
     ],
     [
      -76.728317,
      34.722566
     ]
    ]
   }
  },
  {
   "type": "Feature",
   "properties": {
    "company": "Norfolk Southern Railway (1883–1974)",
    "line": "Norfolk Southern (1883–1974): Morehead City – Beaufort",
    "id": "ns-morehead-city-beaufort",
    "color": "#0E7C86",
    "mode": "intercity_rail",
    "avg_speed_kmh": 25,
    "speed_source": "ESTIMATE, not sourced: mixed train on a light branch; ~25 km/h assumed",
    "geometry_source": "OpenStreetMap via Overpass (mail.ru mirror, cached degree tiles) plus OpenHistoricalMap (CC0) for lifted grades, routed with opstrace.py: OSM ways tagged old_railway_operator='Atlantic and East Carolina' / 'Beaufort and Morehead' (the A&NC line's later operators) costed 1x, untagged track 1.25x, OHM ways 1.25x (2x if named for a successor), trails 3x, any other named operator 12x; waypoints from the research report's via lists, Douglas-Peucker 8 m, trim_reversals.",
    "geometry_quality": "Traced from OpenStreetMap, 3.0 mi against the documented 3 mi (1952 Guide), on ways tagged old_railway_operator='Beaufort and Morehead' / 'Atlantic and East Carolina' across the Newport River. No straight-line leg. Beaufort end 0.9 km from the town centre.",
    "segments": [
     {
      "start": 1908,
      "end": 1932,
      "headway_min": 720,
      "note": "Beaufort & Western (1905, predecessor, not drawn), absorbed into the N&S 1906. First CONFIRMED NS passenger year 1908 (Goldsboro - Beaufort parlor car) and last CONFIRMED 1932 (Beaufort in the Feb 1932 Guide per Wikipedia) - BOTH ENDS [OPEN]. Beaufort could only be reached over the A&NC, so NS through service ended with the A&NC lease in 1935 at the latest; the line was sold in 1937. A 1936 'rail bus' advertisement is system promotion and is not counted. Headway is an estimate (headway_min and avg_speed_kmh are estimates, NOT sourced).",
      "sources": [
       "Segment-level: start 1908 from the Raleigh Evening Times; end 1932 from the Feb 1932 Guide as cited by Wikipedia. headway_min and avg_speed_kmh are estimates, NOT sourced.",
       "Raleigh Evening Times 15 Jun 1908 p2 (N&S No. 14 Washington - Greenville - Wilson - Raleigh; parlor car Goldsboro - Beaufort) - https://newspapers.digitalnc.org/lccn/sn92073024/1908-06-15/ed-1/seq-2/",
       "Washington Daily News 25 Jun 1910 p3 (NS public timetable Raleigh - Washington - New Bern - Beaufort) - https://newspapers.digitalnc.org/lccn/sn91000452/1910-06-25/ed-1/seq-3/",
       "Roanoke Beacon (Plymouth) 3 Nov 1911 p5 (NS excursion fares; NS train Plymouth - Columbia) - https://newspapers.digitalnc.org/lccn/sn92074055/1911-11-03/ed-1/seq-5/",
       "https://en.wikipedia.org/wiki/Norfolk_Southern_Railway_(1942%E2%80%931982)",
       "https://web.archive.org/web/20080421020215/http://users.inna.net/~jaydeet/timeline.htm (NS timeline)",
       "Beaufort News 2 Jul 1936 p5 (NS rail-bus advertisement - system promotion, not evidence of NS trains at Beaufort) - https://newspapers.digitalnc.org/lccn/sn91068210/1936-07-02/ed-1/seq-5/"
      ]
     }
    ]
   },
   "geometry": {
    "type": "LineString",
    "coordinates": [
     [
      -76.72546,
      34.72234
     ],
     [
      -76.698079,
      34.720176
     ],
     [
      -76.67247,
      34.722226
     ]
    ]
   }
  },
  {
   "type": "Feature",
   "properties": {
    "company": "Norfolk Southern Railway (1883–1974)",
    "line": "Norfolk Southern (1883–1974): Virginia Beach Division (steam)",
    "id": "ns-virginia-beach-steam",
    "color": "#0E7C86",
    "mode": "intercity_rail",
    "avg_speed_kmh": 35,
    "speed_source": "ESTIMATE, not sourced: ~35 km/h assumed for the Virginia Beach electric/rail-car service; no timed schedule was read",
    "geometry_source": "OpenStreetMap via Overpass (mail.ru mirror, cached degree tiles) plus OpenHistoricalMap (CC0) for lifted grades, routed with opstrace.py: OSM ways tagged old_railway_operator=NS (OpenRailwayMap's mark for this pre-1982 Norfolk Southern) costed 1x, untagged track 1.25x, OHM ways 1.25x (2x if named for a successor), trails 3x, any other named operator 12x; waypoints from the research report's via lists, Douglas-Peucker 8 m, trim_reversals.",
    "geometry_quality": "Traced from OpenStreetMap, 18.3 mi Norfolk - Cavalier Hotel against the documented 20.1 mi from Norfolk Terminal Station (18.3 to the 17th Street depot; Fowler VA 74), 18.2 mi NS(1883). No straight-line leg. The Norfolk end is placed on the old NS right of way near Harbor Park (36.845 N, 76.273 W), roughly the Terminal Station site; the trace starts a little east of the station tracks, which accounts for part of the shortfall, and the Park Avenue / City Hall Avenue approaches of the earlier years are not drawn. Norfolk - Newtown Road is now The Tide light rail on the same right of way (a different company and era). The beach end follows the NS grade along the oceanfront to the Cavalier.",
    "segments": [
     {
      "start": 1900,
      "end": 1904,
      "headway_min": 120,
      "note": "The Norfolk, Virginia Beach & Southern (and its 1883-1896 forerunners - predecessors, not drawn) was absorbed by the N&S in January 1900 (NSHS; Wikipedia gives a 1 Nov 1899 purchase). Steam-worked until electrification in 1904; the electric years are a separate interurban feature on the same geometry. Headway is an estimate (headway_min and avg_speed_kmh are estimates, NOT sourced).",
      "sources": [
       "Segment-level: start 1900 from the N&S takeover (NSHS); end at the 1904 electrification (Fowler VA 74 'Electrified: 1904 > 1935'). headway_min and avg_speed_kmh are estimates, NOT sourced.",
       "https://norfolksouthernhs.org/briefNShistory.html (Norfolk Southern Historical Society, brief NS history)",
       "https://en.wikipedia.org/wiki/Norfolk_Southern_Railway_(1942%E2%80%931982)",
       "https://www.branchline.uk/jfpdf/virginiarrs.pdf (John Fowler, Virginia passenger stations)",
       "https://virginiaplaces.org/rail/norfolksouthernoriginal.html"
      ]
     }
    ]
   },
   "geometry": {
    "type": "LineString",
    "coordinates": [
     [
      -76.27296,
      36.844917
     ],
     [
      -76.272143,
      36.845165
     ],
     [
      -76.270986,
      36.845756
     ],
     [
      -76.270171,
      36.845914
     ],
     [
      -76.249606,
      36.846239
     ],
     [
      -76.247671,
      36.845952
     ],
     [
      -76.23284,
      36.84222
     ],
     [
      -76.230205,
      36.841811
     ],
     [
      -76.155218,
      36.840372
     ],
     [
      -76.019531,
      36.83837
     ],
     [
      -75.975958,
      36.837946
     ],
     [
      -75.974992,
      36.838341
     ],
     [
      -75.974284,
      36.839062
     ],
     [
      -75.974091,
      36.839835
     ],
     [
      -75.974176,
      36.840453
     ],
     [
      -75.980135,
      36.8624
     ]
    ]
   }
  },
  {
   "type": "Feature",
   "properties": {
    "company": "Norfolk Southern Railway (1883–1974)",
    "line": "Norfolk Southern (1883–1974): Virginia Beach Division (electric)",
    "id": "ns-virginia-beach-electric",
    "color": "#0E7C86",
    "mode": "interurban",
    "avg_speed_kmh": 35,
    "speed_source": "ESTIMATE, not sourced: ~35 km/h assumed for the Virginia Beach electric/rail-car service; no timed schedule was read",
    "geometry_source": "OpenStreetMap via Overpass (mail.ru mirror, cached degree tiles) plus OpenHistoricalMap (CC0) for lifted grades, routed with opstrace.py: OSM ways tagged old_railway_operator=NS (OpenRailwayMap's mark for this pre-1982 Norfolk Southern) costed 1x, untagged track 1.25x, OHM ways 1.25x (2x if named for a successor), trails 3x, any other named operator 12x; waypoints from the research report's via lists, Douglas-Peucker 8 m, trim_reversals.",
    "geometry_quality": "Traced from OpenStreetMap, 18.3 mi Norfolk - Cavalier Hotel against the documented 20.1 mi from Norfolk Terminal Station (18.3 to the 17th Street depot; Fowler VA 74), 18.2 mi NS(1883). No straight-line leg. The Norfolk end is placed on the old NS right of way near Harbor Park (36.845 N, 76.273 W), roughly the Terminal Station site; the trace starts a little east of the station tracks, which accounts for part of the shortfall, and the Park Avenue / City Hall Avenue approaches of the earlier years are not drawn. Norfolk - Newtown Road is now The Tide light rail on the same right of way (a different company and era). The beach end follows the NS grade along the oceanfront to the Cavalier.",
    "segments": [
     {
      "start": 1904,
      "end": 1935,
      "headway_min": 60,
      "note": "Electrified 1904 - 1935 (Fowler VA 74): an electric line linking Norfolk with the separate resort community of Virginia Beach, so interurban under Rule 7. Boxcab electrics hauled a through New York Pullman to the Cavalier Hotel in the 1920s-30s. Fowler's year letters a = 1915t, b = 1923t, c = 1933t fall in this span. The NS bus subsidiary's hourly Norfolk - Virginia Beach buses from 1926 are not rail and not counted. Headway is an estimate (headway_min and avg_speed_kmh are estimates, NOT sourced).",
      "sources": [
       "Segment-level: span from Fowler VA 74 ('Electrified: 1904 > 1935'; timetable letters 1915, 1923, 1933). headway_min and avg_speed_kmh are estimates, NOT sourced.",
       "https://www.branchline.uk/jfpdf/virginiarrs.pdf (John Fowler, Virginia passenger stations)",
       "https://en.wikipedia.org/wiki/Transportation_in_Virginia_Beach,_Virginia (citing Kutta, NRHS Bulletin 1983: Apr 1946 timetable)",
       "https://en.wikipedia.org/wiki/Norfolk_Southern_Railway_(1942%E2%80%931982)",
       "https://virginiaplaces.org/rail/norfolksouthernoriginal.html"
      ]
     }
    ]
   },
   "geometry": {
    "type": "LineString",
    "coordinates": [
     [
      -76.27296,
      36.844917
     ],
     [
      -76.272143,
      36.845165
     ],
     [
      -76.270986,
      36.845756
     ],
     [
      -76.270171,
      36.845914
     ],
     [
      -76.249606,
      36.846239
     ],
     [
      -76.247671,
      36.845952
     ],
     [
      -76.23284,
      36.84222
     ],
     [
      -76.230205,
      36.841811
     ],
     [
      -76.155218,
      36.840372
     ],
     [
      -76.019531,
      36.83837
     ],
     [
      -75.975958,
      36.837946
     ],
     [
      -75.974992,
      36.838341
     ],
     [
      -75.974284,
      36.839062
     ],
     [
      -75.974091,
      36.839835
     ],
     [
      -75.974176,
      36.840453
     ],
     [
      -75.980135,
      36.8624
     ]
    ]
   }
  },
  {
   "type": "Feature",
   "properties": {
    "company": "Norfolk Southern Railway (1883–1974)",
    "line": "Norfolk Southern (1883–1974): Virginia Beach Division (rail cars)",
    "id": "ns-virginia-beach-railcar",
    "color": "#0E7C86",
    "mode": "commuter_rail",
    "avg_speed_kmh": 35,
    "speed_source": "ESTIMATE, not sourced: ~35 km/h assumed for the Virginia Beach electric/rail-car service; no timed schedule was read",
    "geometry_source": "OpenStreetMap via Overpass (mail.ru mirror, cached degree tiles) plus OpenHistoricalMap (CC0) for lifted grades, routed with opstrace.py: OSM ways tagged old_railway_operator=NS (OpenRailwayMap's mark for this pre-1982 Norfolk Southern) costed 1x, untagged track 1.25x, OHM ways 1.25x (2x if named for a successor), trails 3x, any other named operator 12x; waypoints from the research report's via lists, Douglas-Peucker 8 m, trim_reversals.",
    "geometry_quality": "Traced from OpenStreetMap, 18.3 mi Norfolk - Cavalier Hotel against the documented 20.1 mi from Norfolk Terminal Station (18.3 to the 17th Street depot; Fowler VA 74), 18.2 mi NS(1883). No straight-line leg. The Norfolk end is placed on the old NS right of way near Harbor Park (36.845 N, 76.273 W), roughly the Terminal Station site; the trace starts a little east of the station tracks, which accounts for part of the shortfall, and the Park Avenue / City Hall Avenue approaches of the earlier years are not drawn. Norfolk - Newtown Road is now The Tide light rail on the same right of way (a different company and era). The beach end follows the NS grade along the oceanfront to the Cavalier.",
    "segments": [
     {
      "start": 1935,
      "end": 1947,
      "headway_min": 90,
      "note": "After de-electrification in 1935 the division was worked by gas-electric rail cars ('rail bus') - not electric, so not interurban. A timetable effective 28 Apr 1946 shows eleven round trips Terminal Station - Cavalier Hotel (Kutta, NRHS Bulletin 1983); Fowler d = 1946t. End 1947 per Wikipedia NS, Fowler 'cl. 1947' and virginiaplaces; Wikipedia's 'Transportation in Virginia Beach' says 1948 - conflict recorded, the earlier year drawn. Headway ~90 min from the 1946 eleven round trips (an approximation of an uneven timetable).",
      "sources": [
       "Segment-level: start at the 1935 end of electrification (Fowler VA 74); end 1947 (Wikipedia NS, Fowler, virginiaplaces; 1948 conflict recorded). Headway derived from the Apr 1946 timetable as cited by Wikipedia; avg_speed_kmh is an estimate, NOT sourced.",
       "https://www.branchline.uk/jfpdf/virginiarrs.pdf (John Fowler, Virginia passenger stations)",
       "https://en.wikipedia.org/wiki/Transportation_in_Virginia_Beach,_Virginia (citing Kutta, NRHS Bulletin 1983: Apr 1946 timetable)",
       "https://en.wikipedia.org/wiki/Norfolk_Southern_Railway_(1942%E2%80%931982)",
       "https://virginiaplaces.org/rail/norfolksouthernoriginal.html"
      ]
     }
    ]
   },
   "geometry": {
    "type": "LineString",
    "coordinates": [
     [
      -76.27296,
      36.844917
     ],
     [
      -76.272143,
      36.845165
     ],
     [
      -76.270986,
      36.845756
     ],
     [
      -76.270171,
      36.845914
     ],
     [
      -76.249606,
      36.846239
     ],
     [
      -76.247671,
      36.845952
     ],
     [
      -76.23284,
      36.84222
     ],
     [
      -76.230205,
      36.841811
     ],
     [
      -76.155218,
      36.840372
     ],
     [
      -76.019531,
      36.83837
     ],
     [
      -75.975958,
      36.837946
     ],
     [
      -75.974992,
      36.838341
     ],
     [
      -75.974284,
      36.839062
     ],
     [
      -75.974091,
      36.839835
     ],
     [
      -75.974176,
      36.840453
     ],
     [
      -75.980135,
      36.8624
     ]
    ]
   }
  },
  {
   "type": "Feature",
   "properties": {
    "company": "Norfolk Southern Railway (1883–1974)",
    "line": "Norfolk Southern (1883–1974): Cape Henry Division (north shore)",
    "id": "ns-cape-henry-north-shore",
    "color": "#0E7C86",
    "mode": "interurban",
    "avg_speed_kmh": 35,
    "speed_source": "ESTIMATE, not sourced: ~35 km/h assumed for the Virginia Beach electric/rail-car service; no timed schedule was read",
    "geometry_source": "OpenStreetMap via Overpass (mail.ru mirror, cached degree tiles) plus OpenHistoricalMap (CC0) for lifted grades, routed with opstrace.py: OSM ways tagged old_railway_operator=NS (OpenRailwayMap's mark for this pre-1982 Norfolk Southern) costed 1x, untagged track 1.25x, OHM ways 1.25x (2x if named for a successor), trails 3x, any other named operator 12x; waypoints from the research report's via lists, Douglas-Peucker 8 m, trim_reversals.",
    "geometry_quality": "Traced, 14.1 mi from Ballentine Place (Norfolk) to Cape Henry; no documented mileage exists (Fowler VA 75 gives no mileposts). By source: 7.0 mi OHM:(untagged), 3.4 mi NS(1883), 0.6 mi (untagged). APPROXIMATED: about 4.1 mi along the Bayside shore, 36.901 N, 76.145 W - 36.910 N, 76.071 W (past Bayville to Lynnhaven Inlet), is a straight line where the grade is not mapped. NOT DRAWN: the first ~2 mi into Norfolk - until 1919 street running from City Hall Avenue along Granby St / Princess Anne Road to Park Avenue, later via Terminal Station / South Junction - so the feature starts at Ballentine Place. The Diamond Springs end uses today's NS Diamond Springs lead, which may be a LATER alignment.",
    "segments": [
     {
      "start": 1904,
      "end": 1933,
      "headway_min": 120,
      "note": "The Chesapeake Transit Co. (electric, 1902-1904 - predecessor, not drawn) was bought by the N&S in 1904. Electric throughout these years (Fowler: 'electrified ? > 1935'), linking Norfolk with Cape Henry and Virginia Beach - interurban under Rule 7. Fowler's VA 75 year letters run a = 1915t, b = 1923t, c = 1933t and stop there: 1933 is the last CONFIRMED year on the north shore - an [OPEN] end, not a known end (the division 'cl. 1947'). Do not extend without evidence. Headway is an estimate (headway_min and avg_speed_kmh are estimates, NOT sourced).",
      "sources": [
       "Segment-level: start 1904 from the N&S purchase of the Chesapeake Transit (Wikipedia NS, virginiaplaces); end 1933 from Fowler VA 75's last year letter. headway_min and avg_speed_kmh are estimates, NOT sourced.",
       "https://www.branchline.uk/jfpdf/virginiarrs.pdf (John Fowler, Virginia passenger stations)",
       "https://en.wikipedia.org/wiki/Norfolk_Southern_Railway_(1942%E2%80%931982)",
       "https://en.wikipedia.org/wiki/Transportation_in_Virginia_Beach,_Virginia (citing Kutta, NRHS Bulletin 1983: Apr 1946 timetable)",
       "https://virginiaplaces.org/rail/norfolksouthernoriginal.html"
      ]
     }
    ]
   },
   "geometry": {
    "type": "LineString",
    "coordinates": [
     [
      -76.250197,
      36.862012
     ],
     [
      -76.24576,
      36.864478
     ],
     [
      -76.203412,
      36.882431
     ],
     [
      -76.201157,
      36.883485
     ],
     [
      -76.199653,
      36.884028
     ],
     [
      -76.187497,
      36.889192
     ],
     [
      -76.1854,
      36.889764
     ],
     [
      -76.16571,
      36.893028
     ],
     [
      -76.154486,
      36.896049
     ],
     [
      -76.146466,
      36.897633
     ],
     [
      -76.145927,
      36.898261
     ],
     [
      -76.145517,
      36.90021
     ],
     [
      -76.14503,
      36.900873
     ],
     [
      -76.14495,
      36.901358
     ],
     [
      -76.106537,
      36.907286
     ],
     [
      -76.070863,
      36.9103
     ],
     [
      -76.059721,
      36.912874
     ],
     [
      -76.058348,
      36.913338
     ],
     [
      -76.04822,
      36.917524
     ],
     [
      -76.04543,
      36.918965
     ],
     [
      -76.044229,
      36.920011
     ],
     [
      -76.041504,
      36.921709
     ],
     [
      -76.029444,
      36.927988
     ],
     [
      -76.028372,
      36.928314
     ],
     [
      -76.026655,
      36.928605
     ],
     [
      -76.023436,
      36.928777
     ],
     [
      -76.017407,
      36.928434
     ],
     [
      -76.01554,
      36.92785
     ]
    ]
   }
  },
  {
   "type": "Feature",
   "properties": {
    "company": "Norfolk Southern Railway (1883–1974)",
    "line": "Norfolk Southern (1883–1974): Cape Henry Division (beach, electric)",
    "id": "ns-cape-henry-beach-electric",
    "color": "#0E7C86",
    "mode": "interurban",
    "avg_speed_kmh": 35,
    "speed_source": "ESTIMATE, not sourced: ~35 km/h assumed for the Virginia Beach electric/rail-car service; no timed schedule was read",
    "geometry_source": "OpenStreetMap via Overpass (mail.ru mirror, cached degree tiles) plus OpenHistoricalMap (CC0) for lifted grades, routed with opstrace.py: OSM ways tagged old_railway_operator=NS (OpenRailwayMap's mark for this pre-1982 Norfolk Southern) costed 1x, untagged track 1.25x, OHM ways 1.25x (2x if named for a successor), trails 3x, any other named operator 12x; waypoints from the research report's via lists, Douglas-Peucker 8 m, trim_reversals.",
    "geometry_quality": "Traced, 4.7 mi Cape Henry - Cavalier Hotel; no documented mileage. Cape Henry - 36.876 N, 75.984 W is traced on old_railway_operator=NS abandoned ways (partly under Atlantic Avenue). APPROXIMATED: the last 0.9 mi into the Cavalier, joining the end of the Virginia Beach Division trace, is a straight line.",
    "segments": [
     {
      "start": 1904,
      "end": 1935,
      "headway_min": 120,
      "note": "The oceanfront section of the Chesapeake Transit's loop, N&S from 1904 and electric until 1935 (Fowler VA 75), so interurban under Rule 7. Headway is an estimate (headway_min and avg_speed_kmh are estimates, NOT sourced).",
      "sources": [
       "Segment-level: start 1904 from the N&S purchase of the Chesapeake Transit; end at the 1935 end of electrification (Fowler VA 74/75). headway_min and avg_speed_kmh are estimates, NOT sourced.",
       "https://www.branchline.uk/jfpdf/virginiarrs.pdf (John Fowler, Virginia passenger stations)",
       "https://en.wikipedia.org/wiki/Norfolk_Southern_Railway_(1942%E2%80%931982)",
       "https://virginiaplaces.org/rail/norfolksouthernoriginal.html"
      ]
     }
    ]
   },
   "geometry": {
    "type": "LineString",
    "coordinates": [
     [
      -76.007558,
      36.924797
     ],
     [
      -76.005476,
      36.923699
     ],
     [
      -76.001786,
      36.921281
     ],
     [
      -76.000133,
      36.920028
     ],
     [
      -75.996164,
      36.915842
     ],
     [
      -75.995541,
      36.914693
     ],
     [
      -75.994383,
      36.911124
     ],
     [
      -75.98964,
      36.89424
     ],
     [
      -75.983933,
      36.875498
     ],
     [
      -75.980135,
      36.8624
     ]
    ]
   }
  },
  {
   "type": "Feature",
   "properties": {
    "company": "Norfolk Southern Railway (1883–1974)",
    "line": "Norfolk Southern (1883–1974): Cape Henry Division (beach, rail cars)",
    "id": "ns-cape-henry-beach-railcar",
    "color": "#0E7C86",
    "mode": "commuter_rail",
    "avg_speed_kmh": 35,
    "speed_source": "ESTIMATE, not sourced: ~35 km/h assumed for the Virginia Beach electric/rail-car service; no timed schedule was read",
    "geometry_source": "OpenStreetMap via Overpass (mail.ru mirror, cached degree tiles) plus OpenHistoricalMap (CC0) for lifted grades, routed with opstrace.py: OSM ways tagged old_railway_operator=NS (OpenRailwayMap's mark for this pre-1982 Norfolk Southern) costed 1x, untagged track 1.25x, OHM ways 1.25x (2x if named for a successor), trails 3x, any other named operator 12x; waypoints from the research report's via lists, Douglas-Peucker 8 m, trim_reversals.",
    "geometry_quality": "Traced, 4.7 mi Cape Henry - Cavalier Hotel; no documented mileage. Cape Henry - 36.876 N, 75.984 W is traced on old_railway_operator=NS abandoned ways (partly under Atlantic Avenue). APPROXIMATED: the last 0.9 mi into the Cavalier, joining the end of the Virginia Beach Division trace, is a straight line.",
    "segments": [
     {
      "start": 1935,
      "end": 1946,
      "headway_min": 240,
      "note": "Not electric after 1935. In the Apr 1946 timetable train No. 65 ran on from the Cavalier to 122nd Street 'if passengers so desired' (Kutta 1983 via Wikipedia), so 1946 is the last CONFIRMED year - an [OPEN] end; the whole division 'cl. 1947'. This feature draws all the way to Cape Henry, beyond 122nd Street, so its north end may overstate the 1946 service by a couple of miles. Headway is an estimate (headway_min and avg_speed_kmh are estimates, NOT sourced).",
      "sources": [
       "Segment-level: start at the 1935 end of electrification (Fowler); end 1946 from the Apr 1946 timetable as cited by Wikipedia. headway_min and avg_speed_kmh are estimates, NOT sourced.",
       "https://www.branchline.uk/jfpdf/virginiarrs.pdf (John Fowler, Virginia passenger stations)",
       "https://en.wikipedia.org/wiki/Transportation_in_Virginia_Beach,_Virginia (citing Kutta, NRHS Bulletin 1983: Apr 1946 timetable)",
       "https://en.wikipedia.org/wiki/Norfolk_Southern_Railway_(1942%E2%80%931982)"
      ]
     }
    ]
   },
   "geometry": {
    "type": "LineString",
    "coordinates": [
     [
      -76.007558,
      36.924797
     ],
     [
      -76.005476,
      36.923699
     ],
     [
      -76.001786,
      36.921281
     ],
     [
      -76.000133,
      36.920028
     ],
     [
      -75.996164,
      36.915842
     ],
     [
      -75.995541,
      36.914693
     ],
     [
      -75.994383,
      36.911124
     ],
     [
      -75.98964,
      36.89424
     ],
     [
      -75.983933,
      36.875498
     ],
     [
      -75.980135,
      36.8624
     ]
    ]
   }
  }
 ]
}