{
 "type": "FeatureCollection",
 "metadata": {
  "note": "The electric interurban network the North Shore Railroad built in southern Marin County, California, and the Northwestern Pacific ran until 1941: third-rail (600 V DC) trains from the Sausalito ferry terminal, where boats connected to San Francisco, to Mill Valley, to San Rafael by two routes (via San Anselmo, and via the Baltimore Park cutoff and Green Brae), and to Fairfax and Manor. Opened 21 August 1903 (Mill Valley) and 17 October 1903 (San Rafael via San Anselmo); Green Brae route 1904; San Anselmo-Manor 1908; all service ended 28 February 1941. The four services are drawn as four routes, each the way a passenger rode it from Sausalito, so the Sausalito-San Anselmo trunk is drawn more than once - that overlap is real (trains for San Rafael and Manor ran coupled to San Anselmo). Each route is split at the 1907 merger into the Northwestern Pacific.",
  "colour_note": "North Shore Railroad #7FA650 (new, pre-reserved for this batch; checked unused anywhere in data/). Northwestern Pacific Railroad #386641, reused programmatically from data/northwestern_pacific_santa_rosa.geojson.",
  "ownership_note": "Rule 4 split at 1907, when the North Shore was merged into the Northwestern Pacific and NWP began running the trains. Deliberately NOT a split at April 1904, when E. H. Harriman (Southern Pacific) bought the North Shore: he owned the stock, but the North Shore kept operating its trains under its own name until 1907. Also not split at 1929, when the Southern Pacific bought the Santa Fe's half of the NWP: the NWP remained the operating company.",
  "scope_note": "Only electric passenger years are drawn. Deliberately left out: the North Pacific Coast's narrow-gauge steam service on the same lines before 1903 (a different topic, not sourced here); the planned but never-built electrification of San Rafael-San Quentin; NWP steam trains beyond Manor to Point Reyes and Cazadero; Tiburon-line trains (already in data/northwestern_pacific_santa_rosa.geojson); and the San Rafael-Sausalito trackage after 1941, which carried freight only until abandoned in 1972 (Rule 1). The Sausalito ferries are not rail and are not drawn.",
  "mode_note": "mode 'interurban' (Rule 7): electric multiple-unit trains linking separate towns - Sausalito, Mill Valley, Corte Madera, Larkspur, San Anselmo, Fairfax, San Rafael - on private right of way with a ferry connection; Wikipedia classes it as an interurban.",
  "geometry_quality": "All four routes are traced; there are no straight-line legs. About 70% of the drawn length is OSM ways tagged old_railway_operator=Northwestern Pacific Railroad (the abandoned grade, mostly rail-trails: Mill Valley - Sausalito Path, Larkspur Path, Corte Madera - Larkspur Path, Alto Tunnel) or the SMART main line on the old formation. The rest is OpenHistoricalMap (CC0) ways digitised from the USGS 1895/1897 topographic sheets - coarse but real: the Sausalito waterfront (1.7 mi), the Mill Valley branch (1.7 mi) and the San Anselmo-San Rafael branch (about 2 mi, the weakest piece). OHM dates were NOT used. Traced vs documented (1933 timetable) mileage: Mill Valley 5.2/5.2, San Rafael via San Anselmo 12.8/12.5, San Rafael via Green Brae 10.6/10.5, Manor 12.3/12.3 (cut to length). Despike/reversal/revisit checks run; 7 reversal vertices at fragment joins near San Anselmo removed.",
  "sources": [
   "https://en.wikipedia.org/wiki/Northwestern_Pacific_Railroad_interurban_lines",
   "https://en.wikipedia.org/wiki/North_Pacific_Coast_Railroad",
   "https://archive.org/details/sim_western-railroader-the-western-railfan_1954-08_17_10 (Walt Sievers, 'Electric Interurban Service of Marin County', Western Railroader vol.17 no.10, Aug 1954 - full text OCR on archive.org)",
   "http://wx4.org/to/foam/sp/maps/perryETT/1933-02-01NWP_Interurban59-SheldonPerry.pdf (NWP employee Time-Table No. 59, Interurban Trains, 1 Feb 1933 - image scan, read by eye)",
   "Trimble, Interurban Railways of the Bay Area (1977) pp.67-82; Demoro, Electric Railway Pioneer (1983); Duke, Electric Railways Around San Francisco Bay vol.2 (2000) - cited via Wikipedia, not seen directly",
   "OpenStreetMap ways tagged old_railway_operator=Northwestern Pacific Railroad and OSM route relation 6794233 'San Anselmo to Sausalito' (ODbL)",
   "OpenHistoricalMap ways 200221492, 200221493, 200221495, 200221496 (CC0; geometry only)"
  ],
  "not_yet_sourced": [
   "Mill Valley opening date: 21 Aug 1903 (Wikipedia/Trimble) vs 20 Aug 1903 (North Pacific Coast Railroad article/Demoro) - unresolved, both in 1903 so the drawn years are unaffected.",
   "Opening month of the Baltimore Park - Green Brae cutoff (Sievers says only 'by 1904').",
   "Opening month of San Anselmo - Manor electric service in 1908.",
   "Exact site of the North Shore's 1903-1904 San Rafael terminal (the old NPC station) before trains ran through to the CNW depot.",
   "Every headway before 1929 is an estimate; no North Shore or pre-1929 NWP timetable was checked. The Oct 1939 public timetable reprinted in Sievers (1954) was not transcribed.",
   "Whether the Mill Valley branch ran through service to San Francisco ferries every half hour all day in the 1910s-1920s peak era."
  ],
  "pulled": "20260930"
 },
 "features": [
  {
   "type": "Feature",
   "properties": {
    "company": "North Shore Railroad",
    "line": "North Shore: Sausalito – Mill Valley",
    "id": "nsrr-marin-sausalito-mill-valley",
    "color": "#7FA650",
    "mode": "interurban",
    "avg_speed_kmh": 45,
    "speed_source": "ESTIMATE carried back from the 1933 NWP timetable (5.2 mi Sausalito-Mill Valley in 11 min, about 45 km/h); no North Shore-era timetable was checked.",
    "geometry_quality": "Traced 5.2 mi against a documented 5.2 mi (1933 employee timetable: Sausalito 6.5, Almonte 9.9, Mill Valley 11.7 mi from San Francisco). Sausalito ferry terminal to Waldo (first ~1.7 mi): OpenHistoricalMap way 200221493 (CC0, digitised from the USGS Tamalpais 1897 topographic sheet) - real but coarse, about one vertex per 150-300 m along the Sausalito waterfront, which has been built over. Waldo to Almonte, Alto tunnel, Corte Madera and Baltimore Park: OSM ways tagged old_railway_operator=Northwestern Pacific Railroad (Mill Valley - Sausalito Path, Alto Tunnel, Corte Madera Pathway), i.e. the abandoned NWP grade itself. Almonte to the Mill Valley depot (Lytton Square), 1.7 mi: OpenHistoricalMap way 200221495, the OHM 1897-topo trace of the Mill Valley branch and the Mount Tamalpais scenic line beyond it, cut at the depot - real alignment but coarse (9 vertices); the branch grade is now Miller Avenue / housing and is not mapped in OSM. No straight-line legs; connectors between OSM fragments total under 0.1 mi. Milepost check against the 1933 employee timetable (distances from San Francisco; Sausalito = 6.5): traced Almonte 10.0 (TT 9.9), Mill Valley 11.7 (TT 11.7).",
    "segments": [
     {
      "start": 1903,
      "end": 1907,
      "headway_min": 30,
      "note": "The North Shore Railroad (the North Pacific Coast, renamed 7 March 1902 under John Martin and Eugene de Sabla) standard-gauged and electrified the Sausalito-San Anselmo main line and the Almonte-Mill Valley branch with 600 V DC third rail; electric revenue service began Sausalito-Mill Valley on 21 August 1903 (Wikipedia citing Trimble 1977 p.71; the North Pacific Coast article, citing Demoro 1983, gives 20 August - source conflict recorded). Trains met the Sausalito ferries to San Francisco. E. H. Harriman (Southern Pacific) bought the North Shore in April 1904, but the North Shore kept operating under its own name until it was merged into the Northwestern Pacific in 1907, so this feature keeps the North Shore colour to 1907. The pre-1903 narrow-gauge steam service on the branch (opened 1889) is not drawn. Headway is an ESTIMATE (trains timed to the Sausalito ferries, roughly half-hourly at peaks).",
      "sources": [
       "Segment-level: dates from Wikipedia (citing Trimble, Interurban Railways of the Bay Area, 1977, pp.67-74) and Sievers, Western Railroader Aug 1954; headway is an estimate, not sourced.",
       "https://en.wikipedia.org/wiki/Northwestern_Pacific_Railroad_interurban_lines",
       "https://en.wikipedia.org/wiki/North_Pacific_Coast_Railroad",
       "https://archive.org/details/sim_western-railroader-the-western-railfan_1954-08_17_10"
      ]
     }
    ]
   },
   "geometry": {
    "type": "LineString",
    "coordinates": [
     [
      -122.479449,
      37.856754
     ],
     [
      -122.481221,
      37.85785
     ],
     [
      -122.482705,
      37.858662
     ],
     [
      -122.485294,
      37.859778
     ],
     [
      -122.491488,
      37.862243
     ],
     [
      -122.492254,
      37.862823
     ],
     [
      -122.496969,
      37.866502
     ],
     [
      -122.503796,
      37.871904
     ],
     [
      -122.504334,
      37.871775
     ],
     [
      -122.504728,
      37.872112
     ],
     [
      -122.5052,
      37.872449
     ],
     [
      -122.505455,
      37.872598
     ],
     [
      -122.5056,
      37.872683
     ],
     [
      -122.50568,
      37.87274
     ],
     [
      -122.505719,
      37.872768
     ],
     [
      -122.506508,
      37.873191
     ],
     [
      -122.506571,
      37.873227
     ],
     [
      -122.506685,
      37.873297
     ],
     [
      -122.506755,
      37.873345
     ],
     [
      -122.50681,
      37.873387
     ],
     [
      -122.506844,
      37.873416
     ],
     [
      -122.506876,
      37.873444
     ],
     [
      -122.50691,
      37.873475
     ],
     [
      -122.506949,
      37.873511
     ],
     [
      -122.50699,
      37.873545
     ],
     [
      -122.507029,
      37.873577
     ],
     [
      -122.507071,
      37.873611
     ],
     [
      -122.507121,
      37.873649
     ],
     [
      -122.50717,
      37.873683
     ],
     [
      -122.507221,
      37.873717
     ],
     [
      -122.507276,
      37.873752
     ],
     [
      -122.507329,
      37.87379
     ],
     [
      -122.507403,
      37.873844
     ],
     [
      -122.507767,
      37.874123
     ],
     [
      -122.508269,
      37.874505
     ],
     [
      -122.509298,
      37.875296
     ],
     [
      -122.509993,
      37.875831
     ],
     [
      -122.510556,
      37.876262
     ],
     [
      -122.511137,
      37.876709
     ],
     [
      -122.512432,
      37.877704
     ],
     [
      -122.512883,
      37.878049
     ],
     [
      -122.513251,
      37.87833
     ],
     [
      -122.513496,
      37.878518
     ],
     [
      -122.513703,
      37.878678
     ],
     [
      -122.513924,
      37.878852
     ],
     [
      -122.514078,
      37.878977
     ],
     [
      -122.51423,
      37.879095
     ],
     [
      -122.514539,
      37.879329
     ],
     [
      -122.515185,
      37.879836
     ],
     [
      -122.515619,
      37.88017
     ],
     [
      -122.516975,
      37.881214
     ],
     [
      -122.517737,
      37.881799
     ],
     [
      -122.518028,
      37.882013
     ],
     [
      -122.518328,
      37.88223
     ],
     [
      -122.518687,
      37.882508
     ],
     [
      -122.51891,
      37.88268
     ],
     [
      -122.518937,
      37.882702
     ],
     [
      -122.519216,
      37.882917
     ],
     [
      -122.52064,
      37.884015
     ],
     [
      -122.520797,
      37.884131
     ],
     [
      -122.520869,
      37.884185
     ],
     [
      -122.521488,
      37.884681
     ],
     [
      -122.522238,
      37.885261
     ],
     [
      -122.522335,
      37.885334
     ],
     [
      -122.522893,
      37.885761
     ],
     [
      -122.523246,
      37.886027
     ],
     [
      -122.523594,
      37.886301
     ],
     [
      -122.523737,
      37.886427
     ],
     [
      -122.523853,
      37.886538
     ],
     [
      -122.524062,
      37.886763
     ],
     [
      -122.524263,
      37.887025
     ],
     [
      -122.524322,
      37.88712
     ],
     [
      -122.524374,
      37.887216
     ],
     [
      -122.524467,
      37.887414
     ],
     [
      -122.524575,
      37.887678
     ],
     [
      -122.524606,
      37.887787
     ],
     [
      -122.524664,
      37.88799
     ],
     [
      -122.524764,
      37.888357
     ],
     [
      -122.524835,
      37.888731
     ],
     [
      -122.524978,
      37.889571
     ],
     [
      -122.525017,
      37.889827
     ],
     [
      -122.525078,
      37.890182
     ],
     [
      -122.533806,
      37.895109
     ],
     [
      -122.536424,
      37.897157
     ],
     [
      -122.539552,
      37.900163
     ],
     [
      -122.543205,
      37.90352
     ],
     [
      -122.543735,
      37.903855
     ],
     [
      -122.546209,
      37.904719
     ],
     [
      -122.547275,
      37.905421
     ],
     [
      -122.547972,
      37.906149
     ]
    ]
   }
  },
  {
   "type": "Feature",
   "properties": {
    "company": "North Shore Railroad",
    "line": "North Shore: Sausalito – San Rafael (via San Anselmo)",
    "id": "nsrr-marin-sausalito-san-rafael-via-san-anselmo",
    "color": "#7FA650",
    "mode": "interurban",
    "avg_speed_kmh": 37,
    "speed_source": "ESTIMATE carried back from the 1933 NWP timetable (12.5 mi in 32 min for an all-stops train, about 37 km/h); no North Shore-era timetable was checked.",
    "geometry_quality": "Traced 12.8 mi against a documented 12.5 mi (1933 employee timetable: Sausalito 6.5, San Anselmo 16.5, West End 17.9, B Street 18.5, San Rafael 19.0). Sausalito ferry terminal to Waldo (first ~1.7 mi): OpenHistoricalMap way 200221493 (CC0, digitised from the USGS Tamalpais 1897 topographic sheet) - real but coarse, about one vertex per 150-300 m along the Sausalito waterfront, which has been built over. Waldo to Almonte, Alto tunnel, Corte Madera and Baltimore Park: OSM ways tagged old_railway_operator=Northwestern Pacific Railroad (Mill Valley - Sausalito Path, Alto Tunnel, Corte Madera Pathway), i.e. the abandoned NWP grade itself. Baltimore Park to San Anselmo: OSM NWP-tagged abandoned grade (Larkspur Path, Magnolia Avenue, College Avenue, Sylvan Lane and untagged NWP grade), with one 0.2 mi OHM fill near Ross where OSM has a gap. San Anselmo to San Rafael, about 2.7 mi traced against a documented 2.5: APPROXIMATE - OpenHistoricalMap way 200221496 (USGS 1897 topo, only 14 vertices for the whole San Anselmo-San Rafael-San Quentin branch), joined to a short OSM NWP fragment and the SMART main line for the last 0.4 mi into the San Rafael depot; expect the drawn line to sit up to ~100 m off the real grade through West End and B Street. Connectors between fragments total 0.4 mi, the longest 0.17 mi. Milepost check against the 1933 employee timetable (distances from San Francisco; Sausalito = 6.5): traced Almonte 10.0 (TT 9.9), Larkspur 13.3 (13.4), Ross 15.7 (15.5), San Anselmo 16.5 (16.5), San Rafael 19.3 (19.0). ERA CAVEAT for the North Shore feature: from October 1903 until the 1904 Baltimore Park cutoff the North Shore's San Rafael trains used the old North Pacific Coast San Rafael station, not the California Northwestern depot; this feature draws the post-1904 run-in to the CNW depot for the whole North Shore era (a difference of well under 1 mi at the end of the line). The exact 1903 terminal site is not sourced.",
    "segments": [
     {
      "start": 1903,
      "end": 1907,
      "headway_min": 30,
      "note": "Electric service from Sausalito over the newly double-tracked, dual-gauge main line through the Alto tunnel, Corte Madera, Larkspur, Kentfield and Ross to San Anselmo, then over the old North Pacific Coast San Rafael branch, began 17 October 1903 (Wikipedia citing Trimble p.71; North Pacific Coast article citing Demoro). It was the first third-rail electrification in California and used the first alternating-current track-circuit signals (Union Switch & Signal, Sausalito-San Anselmo, 1903 - Sievers). Harriman bought the North Shore in April 1904; it ran its own trains until merged into the Northwestern Pacific in 1907. Headway is an ESTIMATE.",
      "sources": [
       "Segment-level: dates from Wikipedia (citing Trimble 1977) and the North Pacific Coast Railroad article (citing Demoro 1983); headway is an estimate, not sourced.",
       "https://en.wikipedia.org/wiki/Northwestern_Pacific_Railroad_interurban_lines",
       "https://en.wikipedia.org/wiki/North_Pacific_Coast_Railroad",
       "https://archive.org/details/sim_western-railroader-the-western-railfan_1954-08_17_10"
      ]
     }
    ]
   },
   "geometry": {
    "type": "LineString",
    "coordinates": [
     [
      -122.479449,
      37.856754
     ],
     [
      -122.481221,
      37.85785
     ],
     [
      -122.482705,
      37.858662
     ],
     [
      -122.485294,
      37.859778
     ],
     [
      -122.491488,
      37.862243
     ],
     [
      -122.492254,
      37.862823
     ],
     [
      -122.496969,
      37.866502
     ],
     [
      -122.503796,
      37.871904
     ],
     [
      -122.504334,
      37.871775
     ],
     [
      -122.504728,
      37.872112
     ],
     [
      -122.5052,
      37.872449
     ],
     [
      -122.505455,
      37.872598
     ],
     [
      -122.5056,
      37.872683
     ],
     [
      -122.50568,
      37.87274
     ],
     [
      -122.505719,
      37.872768
     ],
     [
      -122.506508,
      37.873191
     ],
     [
      -122.506571,
      37.873227
     ],
     [
      -122.506685,
      37.873297
     ],
     [
      -122.506755,
      37.873345
     ],
     [
      -122.50681,
      37.873387
     ],
     [
      -122.506844,
      37.873416
     ],
     [
      -122.506876,
      37.873444
     ],
     [
      -122.50691,
      37.873475
     ],
     [
      -122.506949,
      37.873511
     ],
     [
      -122.50699,
      37.873545
     ],
     [
      -122.507029,
      37.873577
     ],
     [
      -122.507071,
      37.873611
     ],
     [
      -122.507121,
      37.873649
     ],
     [
      -122.50717,
      37.873683
     ],
     [
      -122.507221,
      37.873717
     ],
     [
      -122.507276,
      37.873752
     ],
     [
      -122.507329,
      37.87379
     ],
     [
      -122.507403,
      37.873844
     ],
     [
      -122.507767,
      37.874123
     ],
     [
      -122.508269,
      37.874505
     ],
     [
      -122.509298,
      37.875296
     ],
     [
      -122.509993,
      37.875831
     ],
     [
      -122.510556,
      37.876262
     ],
     [
      -122.511137,
      37.876709
     ],
     [
      -122.512432,
      37.877704
     ],
     [
      -122.512883,
      37.878049
     ],
     [
      -122.513251,
      37.87833
     ],
     [
      -122.513496,
      37.878518
     ],
     [
      -122.513703,
      37.878678
     ],
     [
      -122.513924,
      37.878852
     ],
     [
      -122.514078,
      37.878977
     ],
     [
      -122.51423,
      37.879095
     ],
     [
      -122.514539,
      37.879329
     ],
     [
      -122.515185,
      37.879836
     ],
     [
      -122.515619,
      37.88017
     ],
     [
      -122.516975,
      37.881214
     ],
     [
      -122.517737,
      37.881799
     ],
     [
      -122.518028,
      37.882013
     ],
     [
      -122.518328,
      37.88223
     ],
     [
      -122.518687,
      37.882508
     ],
     [
      -122.51891,
      37.88268
     ],
     [
      -122.518937,
      37.882702
     ],
     [
      -122.519216,
      37.882917
     ],
     [
      -122.52064,
      37.884015
     ],
     [
      -122.520797,
      37.884131
     ],
     [
      -122.520869,
      37.884185
     ],
     [
      -122.521488,
      37.884681
     ],
     [
      -122.522238,
      37.885261
     ],
     [
      -122.522335,
      37.885334
     ],
     [
      -122.522893,
      37.885761
     ],
     [
      -122.523246,
      37.886027
     ],
     [
      -122.523594,
      37.886301
     ],
     [
      -122.523737,
      37.886427
     ],
     [
      -122.523853,
      37.886538
     ],
     [
      -122.524062,
      37.886763
     ],
     [
      -122.524263,
      37.887025
     ],
     [
      -122.524322,
      37.88712
     ],
     [
      -122.524374,
      37.887216
     ],
     [
      -122.524467,
      37.887414
     ],
     [
      -122.524575,
      37.887678
     ],
     [
      -122.524606,
      37.887787
     ],
     [
      -122.524664,
      37.88799
     ],
     [
      -122.524764,
      37.888357
     ],
     [
      -122.524835,
      37.888731
     ],
     [
      -122.524978,
      37.889571
     ],
     [
      -122.525017,
      37.889827
     ],
     [
      -122.525078,
      37.890182
     ],
     [
      -122.525149,
      37.890607
     ],
     [
      -122.525228,
      37.89103
     ],
     [
      -122.525307,
      37.891545
     ],
     [
      -122.525346,
      37.891808
     ],
     [
      -122.52539,
      37.892073
     ],
     [
      -122.525412,
      37.892204
     ],
     [
      -122.525482,
      37.892611
     ],
     [
      -122.525568,
      37.893133
     ],
     [
      -122.525717,
      37.894026
     ],
     [
      -122.525878,
      37.895003
     ],
     [
      -122.525902,
      37.895174
     ],
     [
      -122.526068,
      37.896127
     ],
     [
      -122.526136,
      37.89665
     ],
     [
      -122.526161,
      37.896787
     ],
     [
      -122.526165,
      37.896898
     ],
     [
      -122.526165,
      37.896913
     ],
     [
      -122.526167,
      37.896968
     ],
     [
      -122.526176,
      37.897037
     ],
     [
      -122.526219,
      37.897158
     ],
     [
      -122.526237,
      37.897188
     ],
     [
      -122.526279,
      37.897318
     ],
     [
      -122.526313,
      37.897525
     ],
     [
      -122.526341,
      37.897843
     ],
     [
      -122.52647,
      37.898698
     ],
     [
      -122.526772,
      37.900525
     ],
     [
      -122.526777,
      37.90055
     ],
     [
      -122.526846,
      37.90095
     ],
     [
      -122.526909,
      37.901149
     ],
     [
      -122.526949,
      37.901347
     ],
     [
      -122.527015,
      37.901802
     ],
     [
      -122.52704,
      37.902149
     ],
     [
      -122.527023,
      37.902397
     ],
     [
      -122.526975,
      37.902655
     ],
     [
      -122.526888,
      37.902944
     ],
     [
      -122.526726,
      37.903281
     ],
     [
      -122.526508,
      37.903751
     ],
     [
      -122.526364,
      37.90407
     ],
     [
      -122.526269,
      37.904303
     ],
     [
      -122.526203,
      37.904563
     ],
     [
      -122.526178,
      37.904642
     ],
     [
      -122.526031,
      37.905618
     ],
     [
      -122.525946,
      37.906277
     ],
     [
      -122.525828,
      37.907149
     ],
     [
      -122.525779,
      37.907429
     ],
     [
      -122.525769,
      37.907496
     ],
     [
      -122.525614,
      37.908442
     ],
     [
      -122.52546,
      37.909025
     ],
     [
      -122.525255,
      37.909633
     ],
     [
      -122.524912,
      37.91039
     ],
     [
      -122.524854,
      37.91052
     ],
     [
      -122.524813,
      37.910606
     ],
     [
      -122.524193,
      37.911944
     ],
     [
      -122.52393,
      37.912522
     ],
     [
      -122.523786,
      37.912853
     ],
     [
      -122.523723,
      37.913032
     ],
     [
      -122.523674,
      37.913246
     ],
     [
      -122.523661,
      37.913374
     ],
     [
      -122.523682,
      37.913489
     ],
     [
      -122.523723,
      37.913662
     ],
     [
      -122.523799,
      37.913826
     ],
     [
      -122.523941,
      37.914106
     ],
     [
      -122.525412,
      37.916693
     ],
     [
      -122.5271,
      37.919661
     ],
     [
      -122.527724,
      37.920979
     ],
     [
      -122.528003,
      37.921567
     ],
     [
      -122.528081,
      37.921732
     ],
     [
      -122.528129,
      37.921833
     ],
     [
      -122.52816,
      37.921897
     ],
     [
      -122.528182,
      37.921943
     ],
     [
      -122.528481,
      37.922911
     ],
     [
      -122.528515,
      37.923119
     ],
     [
      -122.528535,
      37.92336
     ],
     [
      -122.528481,
      37.924499
     ],
     [
      -122.528523,
      37.924728
     ],
     [
      -122.528588,
      37.924966
     ],
     [
      -122.528673,
      37.925155
     ],
     [
      -122.528772,
      37.925363
     ],
     [
      -122.528954,
      37.925633
     ],
     [
      -122.529069,
      37.925803
     ],
     [
      -122.529185,
      37.925949
     ],
     [
      -122.529192,
      37.925956
     ],
     [
      -122.529377,
      37.926196
     ],
     [
      -122.52942,
      37.926254
     ],
     [
      -122.529423,
      37.92626
     ],
     [
      -122.529436,
      37.92628
     ],
     [
      -122.529445,
      37.926295
     ],
     [
      -122.529468,
      37.926332
     ],
     [
      -122.529524,
      37.92642
     ],
     [
      -122.5296,
      37.926516
     ],
     [
      -122.530219,
      37.927287
     ],
     [
      -122.530764,
      37.927978
     ],
     [
      -122.53104,
      37.92833
     ],
     [
      -122.531708,
      37.929291
     ],
     [
      -122.532021,
      37.929879
     ],
     [
      -122.532488,
      37.931232
     ],
     [
      -122.532507,
      37.931294
     ],
     [
      -122.532664,
      37.931774
     ],
     [
      -122.532712,
      37.931917
     ],
     [
      -122.532731,
      37.931975
     ],
     [
      -122.532987,
      37.932757
     ],
     [
      -122.533007,
      37.932819
     ],
     [
      -122.533016,
      37.932843
     ],
     [
      -122.533036,
      37.932896
     ],
     [
      -122.533058,
      37.932949
     ],
     [
      -122.533075,
      37.932999
     ],
     [
      -122.533094,
      37.933052
     ],
     [
      -122.533119,
      37.933127
     ],
     [
      -122.533579,
      37.934534
     ],
     [
      -122.533867,
      37.935413
     ],
     [
      -122.533889,
      37.935482
     ],
     [
      -122.533945,
      37.935654
     ],
     [
      -122.533987,
      37.935811
     ],
     [
      -122.534001,
      37.935867
     ],
     [
      -122.53402,
      37.935933
     ],
     [
      -122.534033,
      37.935973
     ],
     [
      -122.53404,
      37.935996
     ],
     [
      -122.534112,
      37.936239
     ],
     [
      -122.534238,
      37.936619
     ],
     [
      -122.534265,
      37.93671
     ],
     [
      -122.534309,
      37.936846
     ],
     [
      -122.534369,
      37.937027
     ],
     [
      -122.534521,
      37.937603
     ],
     [
      -122.534654,
      37.938038
     ],
     [
      -122.534778,
      37.938269
     ],
     [
      -122.534883,
      37.938417
     ],
     [
      -122.534964,
      37.93853
     ],
     [
      -122.535305,
      37.938791
     ],
     [
      -122.53571,
      37.939127
     ],
     [
      -122.535966,
      37.939354
     ],
     [
      -122.536164,
      37.939529
     ],
     [
      -122.536531,
      37.939836
     ],
     [
      -122.536751,
      37.94002
     ],
     [
      -122.537188,
      37.940367
     ],
     [
      -122.537448,
      37.940641
     ],
     [
      -122.538025,
      37.940925
     ],
     [
      -122.538494,
      37.941153
     ],
     [
      -122.538656,
      37.941258
     ],
     [
      -122.538716,
      37.941325
     ],
     [
      -122.538786,
      37.941398
     ],
     [
      -122.538794,
      37.941417
     ],
     [
      -122.538847,
      37.941522
     ],
     [
      -122.538851,
      37.94153
     ],
     [
      -122.538933,
      37.941689
     ],
     [
      -122.539009,
      37.941815
     ],
     [
      -122.539624,
      37.942698
     ],
     [
      -122.53976,
      37.942899
     ],
     [
      -122.53997,
      37.94311
     ],
     [
      -122.540311,
      37.943284
     ],
     [
      -122.542312,
      37.944485
     ],
     [
      -122.544371,
      37.945917
     ],
     [
      -122.546767,
      37.947138
     ],
     [
      -122.546849,
      37.947184
     ],
     [
      -122.546982,
      37.947259
     ],
     [
      -122.547081,
      37.947314
     ],
     [
      -122.54722,
      37.947393
     ],
     [
      -122.547305,
      37.947441
     ],
     [
      -122.547633,
      37.947628
     ],
     [
      -122.547673,
      37.947651
     ],
     [
      -122.547712,
      37.94767
     ],
     [
      -122.547801,
      37.94772
     ],
     [
      -122.548138,
      37.94791
     ],
     [
      -122.548462,
      37.948092
     ],
     [
      -122.5485,
      37.948113
     ],
     [
      -122.548632,
      37.948187
     ],
     [
      -122.549078,
      37.948439
     ],
     [
      -122.549274,
      37.948552
     ],
     [
      -122.549426,
      37.948723
     ],
     [
      -122.549494,
      37.948814
     ],
     [
      -122.549588,
      37.948982
     ],
     [
      -122.549625,
      37.949157
     ],
     [
      -122.549641,
      37.949338
     ],
     [
      -122.549656,
      37.949875
     ],
     [
      -122.54966,
      37.949947
     ],
     [
      -122.549681,
      37.950378
     ],
     [
      -122.549684,
      37.950441
     ],
     [
      -122.549687,
      37.9505
     ],
     [
      -122.549801,
      37.950853
     ],
     [
      -122.54998,
      37.951397
     ],
     [
      -122.552485,
      37.956346
     ],
     [
      -122.553007,
      37.957394
     ],
     [
      -122.553098,
      37.957611
     ],
     [
      -122.553087,
      37.95788
     ],
     [
      -122.55302,
      37.958014
     ],
     [
      -122.55294,
      37.958162
     ],
     [
      -122.552868,
      37.95835
     ],
     [
      -122.55286,
      37.958508
     ],
     [
      -122.552887,
      37.958605
     ],
     [
      -122.552927,
      37.958703
     ],
     [
      -122.553065,
      37.958846
     ],
     [
      -122.553216,
      37.958974
     ],
     [
      -122.55328,
      37.959029
     ],
     [
      -122.553827,
      37.959602
     ],
     [
      -122.554248,
      37.960059
     ],
     [
      -122.554628,
      37.960368
     ],
     [
      -122.555319,
      37.960884
     ],
     [
      -122.555943,
      37.961454
     ],
     [
      -122.556847,
      37.962293
     ],
     [
      -122.557127,
      37.962567
     ],
     [
      -122.55772,
      37.96312
     ],
     [
      -122.558181,
      37.963556
     ],
     [
      -122.558538,
      37.963932
     ],
     [
      -122.558861,
      37.964377
     ],
     [
      -122.559143,
      37.964843
     ],
     [
      -122.559286,
      37.965115
     ],
     [
      -122.559353,
      37.965306
     ],
     [
      -122.55922,
      37.965717
     ],
     [
      -122.559967,
      37.967255
     ],
     [
      -122.561519,
      37.971986
     ],
     [
      -122.561766,
      37.973044
     ],
     [
      -122.561825,
      37.973533
     ],
     [
      -122.561983,
      37.975022
     ],
     [
      -122.562002,
      37.975274
     ],
     [
      -122.562096,
      37.975619
     ],
     [
      -122.562178,
      37.975778
     ],
     [
      -122.562296,
      37.975952
     ],
     [
      -122.561234,
      37.976498
     ],
     [
      -122.553301,
      37.976399
     ],
     [
      -122.549361,
      37.976148
     ],
     [
      -122.540645,
      37.973953
     ],
     [
      -122.536207,
      37.972199
     ],
     [
      -122.535314,
      37.972005
     ],
     [
      -122.530549,
      37.971603
     ],
     [
      -122.529665,
      37.971244
     ],
     [
      -122.529077,
      37.970421
     ],
     [
      -122.528549,
      37.97002
     ],
     [
      -122.525893,
      37.96863
     ],
     [
      -122.525875,
      37.968634
     ],
     [
      -122.525852,
      37.968633
     ],
     [
      -122.525813,
      37.968626
     ],
     [
      -122.525777,
      37.968615
     ],
     [
      -122.525743,
      37.9686
     ],
     [
      -122.525691,
      37.968573
     ],
     [
      -122.525637,
      37.968544
     ],
     [
      -122.525578,
      37.968516
     ],
     [
      -122.525516,
      37.968491
     ],
     [
      -122.52545,
      37.968469
     ],
     [
      -122.525378,
      37.968448
     ],
     [
      -122.525308,
      37.968431
     ],
     [
      -122.525234,
      37.968417
     ],
     [
      -122.525164,
      37.968409
     ],
     [
      -122.525091,
      37.968404
     ],
     [
      -122.525019,
      37.968401
     ],
     [
      -122.524947,
      37.968403
     ],
     [
      -122.524878,
      37.968409
     ],
     [
      -122.524773,
      37.968424
     ],
     [
      -122.524707,
      37.968434
     ],
     [
      -122.524639,
      37.968449
     ],
     [
      -122.524583,
      37.968466
     ],
     [
      -122.52453,
      37.968486
     ],
     [
      -122.524478,
      37.968509
     ],
     [
      -122.524433,
      37.968535
     ],
     [
      -122.524384,
      37.96857
     ],
     [
      -122.524318,
      37.968623
     ],
     [
      -122.524256,
      37.968669
     ],
     [
      -122.524198,
      37.968711
     ],
     [
      -122.524139,
      37.968749
     ],
     [
      -122.524102,
      37.968774
     ],
     [
      -122.524027,
      37.968794
     ],
     [
      -122.523667,
      37.969048
     ],
     [
      -122.523404,
      37.969136
     ],
     [
      -122.523292,
      37.969173
     ],
     [
      -122.522954,
      37.969236
     ],
     [
      -122.522535,
      37.969236
     ],
     [
      -122.522303,
      37.969745
     ],
     [
      -122.522348,
      37.969794
     ],
     [
      -122.522393,
      37.969845
     ],
     [
      -122.522436,
      37.969895
     ],
     [
      -122.522475,
      37.969943
     ],
     [
      -122.522512,
      37.969991
     ],
     [
      -122.522543,
      37.970034
     ],
     [
      -122.522574,
      37.970079
     ],
     [
      -122.522604,
      37.970126
     ],
     [
      -122.522633,
      37.970173
     ],
     [
      -122.522663,
      37.970224
     ],
     [
      -122.522692,
      37.970282
     ],
     [
      -122.522721,
      37.970341
     ],
     [
      -122.522744,
      37.970391
     ],
     [
      -122.522764,
      37.97044
     ],
     [
      -122.522782,
      37.970487
     ],
     [
      -122.522798,
      37.970533
     ],
     [
      -122.52281,
      37.97057
     ],
     [
      -122.522821,
      37.970607
     ],
     [
      -122.52283,
      37.970642
     ],
     [
      -122.522839,
      37.970678
     ],
     [
      -122.522848,
      37.970719
     ],
     [
      -122.522857,
      37.97076
     ],
     [
      -122.522864,
      37.970803
     ],
     [
      -122.522871,
      37.970849
     ],
     [
      -122.522878,
      37.970906
     ],
     [
      -122.522882,
      37.970974
     ],
     [
      -122.522885,
      37.971041
     ],
     [
      -122.522885,
      37.971111
     ],
     [
      -122.522882,
      37.97117
     ],
     [
      -122.522876,
      37.971247
     ],
     [
      -122.522867,
      37.971317
     ],
     [
      -122.522859,
      37.971366
     ],
     [
      -122.522854,
      37.971395
     ],
     [
      -122.522847,
      37.971431
     ],
     [
      -122.52283,
      37.971503
     ],
     [
      -122.52281,
      37.971578
     ],
     [
      -122.522795,
      37.971637
     ],
     [
      -122.522754,
      37.971793
     ],
     [
      -122.522666,
      37.972127
     ],
     [
      -122.522609,
      37.972345
     ],
     [
      -122.522603,
      37.97237
     ],
     [
      -122.522586,
      37.972441
     ],
     [
      -122.522579,
      37.972474
     ],
     [
      -122.522568,
      37.972527
     ],
     [
      -122.522558,
      37.97258
     ],
     [
      -122.522549,
      37.972635
     ],
     [
      -122.52254,
      37.972696
     ],
     [
      -122.522524,
      37.972812
     ],
     [
      -122.522513,
      37.972881
     ],
     [
      -122.522499,
      37.972951
     ],
     [
      -122.522482,
      37.973028
     ],
     [
      -122.522443,
      37.973178
     ],
     [
      -122.522424,
      37.973252
     ],
     [
      -122.522402,
      37.973334
     ],
     [
      -122.522368,
      37.973465
     ]
    ]
   }
  },
  {
   "type": "Feature",
   "properties": {
    "company": "North Shore Railroad",
    "line": "North Shore: Sausalito – San Rafael (via Green Brae)",
    "id": "nsrr-marin-sausalito-san-rafael-via-green-brae",
    "color": "#7FA650",
    "mode": "interurban",
    "avg_speed_kmh": 50,
    "speed_source": "ESTIMATE carried back from the 1933 NWP timetable (10.5 mi in 18 min, about 56 km/h, for the limited-stop cutoff trains), reduced for the North Shore era; no North Shore-era timetable was checked.",
    "geometry_quality": "Traced 10.6 mi against a documented 10.5 mi (1933 employee timetable: Sausalito 6.5, Almonte 9.9, Baltimore Park 13.0, California Park 15.7, San Rafael 17.0). Sausalito ferry terminal to Waldo (first ~1.7 mi): OpenHistoricalMap way 200221493 (CC0, digitised from the USGS Tamalpais 1897 topographic sheet) - real but coarse, about one vertex per 150-300 m along the Sausalito waterfront, which has been built over. Waldo to Almonte, Alto tunnel, Corte Madera and Baltimore Park: OSM ways tagged old_railway_operator=Northwestern Pacific Railroad (Mill Valley - Sausalito Path, Alto Tunnel, Corte Madera Pathway), i.e. the abandoned NWP grade itself. The Baltimore Park cutoff east along Corte Madera Creek to the old California Northwestern line at Greenbrae: OSM abandoned NWP grade (Corte Madera - Larkspur Path). Greenbrae through the Cal Park Hill tunnel to the San Rafael depot: the active SMART main line (OSM 'Mainline Subdivision'). LATER-ALIGNMENT CAVEAT: SMART relaid this section in 2010-2019 on the old NWP formation and through the original Cal Park tunnel, so the drawn line is the historic alignment carried by modern track, not a survey of the 1904-1941 track. No straight-line legs. Milepost check against the 1933 employee timetable (distances from San Francisco; Sausalito = 6.5): traced Almonte 10.0 (TT 9.9), San Rafael 17.1 (17.0).",
    "segments": [
     {
      "start": 1904,
      "end": 1907,
      "headway_min": 60,
      "note": "After Harriman brought the North Shore and the rival California Northwestern under common control in 1904, a cutoff was built east from Baltimore Park (Larkspur) to the CNW line at Greenbrae, and the CNW was electrified from there through the Cal Park tunnel to San Rafael, letting North Shore trains use the CNW station there. Wikipedia (citing Sievers 1954) gives the new route as opened in 1904; Sievers says only that 'by 1904' the lines into San Rafael were electrified - the opening month is not sourced. North Shore trains ran it until the 1907 merger into the Northwestern Pacific. Headway is an ESTIMATE.",
      "sources": [
       "Segment-level: opening year from Wikipedia citing Sievers, Western Railroader Aug 1954 (year only); headway is an estimate, not sourced.",
       "https://en.wikipedia.org/wiki/Northwestern_Pacific_Railroad_interurban_lines",
       "https://archive.org/details/sim_western-railroader-the-western-railfan_1954-08_17_10"
      ]
     }
    ]
   },
   "geometry": {
    "type": "LineString",
    "coordinates": [
     [
      -122.479449,
      37.856754
     ],
     [
      -122.481221,
      37.85785
     ],
     [
      -122.482705,
      37.858662
     ],
     [
      -122.485294,
      37.859778
     ],
     [
      -122.491488,
      37.862243
     ],
     [
      -122.492254,
      37.862823
     ],
     [
      -122.496969,
      37.866502
     ],
     [
      -122.503796,
      37.871904
     ],
     [
      -122.504334,
      37.871775
     ],
     [
      -122.504728,
      37.872112
     ],
     [
      -122.5052,
      37.872449
     ],
     [
      -122.505455,
      37.872598
     ],
     [
      -122.5056,
      37.872683
     ],
     [
      -122.50568,
      37.87274
     ],
     [
      -122.505719,
      37.872768
     ],
     [
      -122.506508,
      37.873191
     ],
     [
      -122.506571,
      37.873227
     ],
     [
      -122.506685,
      37.873297
     ],
     [
      -122.506755,
      37.873345
     ],
     [
      -122.50681,
      37.873387
     ],
     [
      -122.506844,
      37.873416
     ],
     [
      -122.506876,
      37.873444
     ],
     [
      -122.50691,
      37.873475
     ],
     [
      -122.506949,
      37.873511
     ],
     [
      -122.50699,
      37.873545
     ],
     [
      -122.507029,
      37.873577
     ],
     [
      -122.507071,
      37.873611
     ],
     [
      -122.507121,
      37.873649
     ],
     [
      -122.50717,
      37.873683
     ],
     [
      -122.507221,
      37.873717
     ],
     [
      -122.507276,
      37.873752
     ],
     [
      -122.507329,
      37.87379
     ],
     [
      -122.507403,
      37.873844
     ],
     [
      -122.507767,
      37.874123
     ],
     [
      -122.508269,
      37.874505
     ],
     [
      -122.509298,
      37.875296
     ],
     [
      -122.509993,
      37.875831
     ],
     [
      -122.510556,
      37.876262
     ],
     [
      -122.511137,
      37.876709
     ],
     [
      -122.512432,
      37.877704
     ],
     [
      -122.512883,
      37.878049
     ],
     [
      -122.513251,
      37.87833
     ],
     [
      -122.513496,
      37.878518
     ],
     [
      -122.513703,
      37.878678
     ],
     [
      -122.513924,
      37.878852
     ],
     [
      -122.514078,
      37.878977
     ],
     [
      -122.51423,
      37.879095
     ],
     [
      -122.514539,
      37.879329
     ],
     [
      -122.515185,
      37.879836
     ],
     [
      -122.515619,
      37.88017
     ],
     [
      -122.516975,
      37.881214
     ],
     [
      -122.517737,
      37.881799
     ],
     [
      -122.518028,
      37.882013
     ],
     [
      -122.518328,
      37.88223
     ],
     [
      -122.518687,
      37.882508
     ],
     [
      -122.51891,
      37.88268
     ],
     [
      -122.518937,
      37.882702
     ],
     [
      -122.519216,
      37.882917
     ],
     [
      -122.52064,
      37.884015
     ],
     [
      -122.520797,
      37.884131
     ],
     [
      -122.520869,
      37.884185
     ],
     [
      -122.521488,
      37.884681
     ],
     [
      -122.522238,
      37.885261
     ],
     [
      -122.522335,
      37.885334
     ],
     [
      -122.522893,
      37.885761
     ],
     [
      -122.523246,
      37.886027
     ],
     [
      -122.523594,
      37.886301
     ],
     [
      -122.523737,
      37.886427
     ],
     [
      -122.523853,
      37.886538
     ],
     [
      -122.524062,
      37.886763
     ],
     [
      -122.524263,
      37.887025
     ],
     [
      -122.524322,
      37.88712
     ],
     [
      -122.524374,
      37.887216
     ],
     [
      -122.524467,
      37.887414
     ],
     [
      -122.524575,
      37.887678
     ],
     [
      -122.524606,
      37.887787
     ],
     [
      -122.524664,
      37.88799
     ],
     [
      -122.524764,
      37.888357
     ],
     [
      -122.524835,
      37.888731
     ],
     [
      -122.524978,
      37.889571
     ],
     [
      -122.525017,
      37.889827
     ],
     [
      -122.525078,
      37.890182
     ],
     [
      -122.525149,
      37.890607
     ],
     [
      -122.525228,
      37.89103
     ],
     [
      -122.525307,
      37.891545
     ],
     [
      -122.525346,
      37.891808
     ],
     [
      -122.52539,
      37.892073
     ],
     [
      -122.525412,
      37.892204
     ],
     [
      -122.525482,
      37.892611
     ],
     [
      -122.525568,
      37.893133
     ],
     [
      -122.525717,
      37.894026
     ],
     [
      -122.525878,
      37.895003
     ],
     [
      -122.525902,
      37.895174
     ],
     [
      -122.526068,
      37.896127
     ],
     [
      -122.526136,
      37.89665
     ],
     [
      -122.526161,
      37.896787
     ],
     [
      -122.526165,
      37.896898
     ],
     [
      -122.526165,
      37.896913
     ],
     [
      -122.526167,
      37.896968
     ],
     [
      -122.526176,
      37.897037
     ],
     [
      -122.526219,
      37.897158
     ],
     [
      -122.526237,
      37.897188
     ],
     [
      -122.526279,
      37.897318
     ],
     [
      -122.526313,
      37.897525
     ],
     [
      -122.526341,
      37.897843
     ],
     [
      -122.52647,
      37.898698
     ],
     [
      -122.526772,
      37.900525
     ],
     [
      -122.526777,
      37.90055
     ],
     [
      -122.526846,
      37.90095
     ],
     [
      -122.526909,
      37.901149
     ],
     [
      -122.526949,
      37.901347
     ],
     [
      -122.527015,
      37.901802
     ],
     [
      -122.52704,
      37.902149
     ],
     [
      -122.527023,
      37.902397
     ],
     [
      -122.526975,
      37.902655
     ],
     [
      -122.526888,
      37.902944
     ],
     [
      -122.526726,
      37.903281
     ],
     [
      -122.526508,
      37.903751
     ],
     [
      -122.526364,
      37.90407
     ],
     [
      -122.526269,
      37.904303
     ],
     [
      -122.526203,
      37.904563
     ],
     [
      -122.526178,
      37.904642
     ],
     [
      -122.526031,
      37.905618
     ],
     [
      -122.525946,
      37.906277
     ],
     [
      -122.525828,
      37.907149
     ],
     [
      -122.525779,
      37.907429
     ],
     [
      -122.525769,
      37.907496
     ],
     [
      -122.525614,
      37.908442
     ],
     [
      -122.52546,
      37.909025
     ],
     [
      -122.525255,
      37.909633
     ],
     [
      -122.524912,
      37.91039
     ],
     [
      -122.524854,
      37.91052
     ],
     [
      -122.524813,
      37.910606
     ],
     [
      -122.524193,
      37.911944
     ],
     [
      -122.52393,
      37.912522
     ],
     [
      -122.523786,
      37.912853
     ],
     [
      -122.523723,
      37.913032
     ],
     [
      -122.523674,
      37.913246
     ],
     [
      -122.523661,
      37.913374
     ],
     [
      -122.523682,
      37.913489
     ],
     [
      -122.523723,
      37.913662
     ],
     [
      -122.523799,
      37.913826
     ],
     [
      -122.523941,
      37.914106
     ],
     [
      -122.525412,
      37.916693
     ],
     [
      -122.5271,
      37.919661
     ],
     [
      -122.527724,
      37.920979
     ],
     [
      -122.528003,
      37.921567
     ],
     [
      -122.528081,
      37.921732
     ],
     [
      -122.528129,
      37.921833
     ],
     [
      -122.52816,
      37.921897
     ],
     [
      -122.528182,
      37.921943
     ],
     [
      -122.528481,
      37.922911
     ],
     [
      -122.528515,
      37.923119
     ],
     [
      -122.528535,
      37.92336
     ],
     [
      -122.528481,
      37.924499
     ],
     [
      -122.528523,
      37.924728
     ],
     [
      -122.528588,
      37.924966
     ],
     [
      -122.528673,
      37.925155
     ],
     [
      -122.528772,
      37.925363
     ],
     [
      -122.528954,
      37.925633
     ],
     [
      -122.529069,
      37.925803
     ],
     [
      -122.529185,
      37.925949
     ],
     [
      -122.529192,
      37.925956
     ],
     [
      -122.529377,
      37.926196
     ],
     [
      -122.52942,
      37.926254
     ],
     [
      -122.529423,
      37.92626
     ],
     [
      -122.529436,
      37.92628
     ],
     [
      -122.529445,
      37.926295
     ],
     [
      -122.529468,
      37.926332
     ],
     [
      -122.529524,
      37.92642
     ],
     [
      -122.5296,
      37.926516
     ],
     [
      -122.530219,
      37.927287
     ],
     [
      -122.530764,
      37.927978
     ],
     [
      -122.53104,
      37.92833
     ],
     [
      -122.531708,
      37.929291
     ],
     [
      -122.532021,
      37.929879
     ],
     [
      -122.532488,
      37.931232
     ],
     [
      -122.532481,
      37.931867
     ],
     [
      -122.532472,
      37.931911
     ],
     [
      -122.532379,
      37.932427
     ],
     [
      -122.532358,
      37.932463
     ],
     [
      -122.532326,
      37.932519
     ],
     [
      -122.532236,
      37.932697
     ],
     [
      -122.53211,
      37.932893
     ],
     [
      -122.53199,
      37.933056
     ],
     [
      -122.531811,
      37.933209
     ],
     [
      -122.531609,
      37.933348
     ],
     [
      -122.531393,
      37.933473
     ],
     [
      -122.531076,
      37.933599
     ],
     [
      -122.530883,
      37.933668
     ],
     [
      -122.530569,
      37.933723
     ],
     [
      -122.530385,
      37.933751
     ],
     [
      -122.529807,
      37.933803
     ],
     [
      -122.529305,
      37.933861
     ],
     [
      -122.52734,
      37.934078
     ],
     [
      -122.526287,
      37.934184
     ],
     [
      -122.523016,
      37.934514
     ],
     [
      -122.520947,
      37.934708
     ],
     [
      -122.520897,
      37.934713
     ],
     [
      -122.520645,
      37.93473
     ],
     [
      -122.519894,
      37.934815
     ],
     [
      -122.519344,
      37.934866
     ],
     [
      -122.519036,
      37.934888
     ],
     [
      -122.517813,
      37.935099
     ],
     [
      -122.517591,
      37.935151
     ],
     [
      -122.517345,
      37.935223
     ],
     [
      -122.516145,
      37.93569
     ],
     [
      -122.51549,
      37.935901
     ],
     [
      -122.515369,
      37.935963
     ],
     [
      -122.515258,
      37.936022
     ],
     [
      -122.515118,
      37.93611
     ],
     [
      -122.514988,
      37.936205
     ],
     [
      -122.514854,
      37.936311
     ],
     [
      -122.514721,
      37.936423
     ],
     [
      -122.514577,
      37.936565
     ],
     [
      -122.513725,
      37.93737
     ],
     [
      -122.513225,
      37.937954
     ],
     [
      -122.513158,
      37.938046
     ],
     [
      -122.513108,
      37.938134
     ],
     [
      -122.513074,
      37.938214
     ],
     [
      -122.513029,
      37.938356
     ],
     [
      -122.512995,
      37.938489
     ],
     [
      -122.512976,
      37.938599
     ],
     [
      -122.512964,
      37.938693
     ],
     [
      -122.512951,
      37.938786
     ],
     [
      -122.512943,
      37.938861
     ],
     [
      -122.512938,
      37.938938
     ],
     [
      -122.512934,
      37.939012
     ],
     [
      -122.512934,
      37.939082
     ],
     [
      -122.512936,
      37.939151
     ],
     [
      -122.51294,
      37.939219
     ],
     [
      -122.512948,
      37.93929
     ],
     [
      -122.512957,
      37.939357
     ],
     [
      -122.513026,
      37.939812
     ],
     [
      -122.513116,
      37.940385
     ],
     [
      -122.513301,
      37.941588
     ],
     [
      -122.513345,
      37.941893
     ],
     [
      -122.513576,
      37.943395
     ],
     [
      -122.513595,
      37.943521
     ],
     [
      -122.51368,
      37.944082
     ],
     [
      -122.513738,
      37.9446
     ],
     [
      -122.513752,
      37.945095
     ],
     [
      -122.513738,
      37.945225
     ],
     [
      -122.513716,
      37.945358
     ],
     [
      -122.513644,
      37.94568
     ],
     [
      -122.513581,
      37.945895
     ],
     [
      -122.513469,
      37.946174
     ],
     [
      -122.513315,
      37.94647
     ],
     [
      -122.51329,
      37.946578
     ],
     [
      -122.51328,
      37.946595
     ],
     [
      -122.513202,
      37.946732
     ],
     [
      -122.51307,
      37.946958
     ],
     [
      -122.512991,
      37.947088
     ],
     [
      -122.512858,
      37.947301
     ],
     [
      -122.512546,
      37.947812
     ],
     [
      -122.512305,
      37.948203
     ],
     [
      -122.512104,
      37.948521
     ],
     [
      -122.512029,
      37.948633
     ],
     [
      -122.511854,
      37.948898
     ],
     [
      -122.511537,
      37.949382
     ],
     [
      -122.51145,
      37.949513
     ],
     [
      -122.511292,
      37.949752
     ],
     [
      -122.511252,
      37.949813
     ],
     [
      -122.511202,
      37.949888
     ],
     [
      -122.511154,
      37.949957
     ],
     [
      -122.511104,
      37.950023
     ],
     [
      -122.511054,
      37.950086
     ],
     [
      -122.510999,
      37.950149
     ],
     [
      -122.510942,
      37.950212
     ],
     [
      -122.510885,
      37.95027
     ],
     [
      -122.510827,
      37.950328
     ],
     [
      -122.510335,
      37.950809
     ],
     [
      -122.50825,
      37.95285
     ],
     [
      -122.508173,
      37.952933
     ],
     [
      -122.508096,
      37.953022
     ],
     [
      -122.50803,
      37.953107
     ],
     [
      -122.507969,
      37.953191
     ],
     [
      -122.507923,
      37.953258
     ],
     [
      -122.507878,
      37.953326
     ],
     [
      -122.507839,
      37.953392
     ],
     [
      -122.507801,
      37.953457
     ],
     [
      -122.507768,
      37.953521
     ],
     [
      -122.507739,
      37.953579
     ],
     [
      -122.507708,
      37.953646
     ],
     [
      -122.507683,
      37.953705
     ],
     [
      -122.507658,
      37.953767
     ],
     [
      -122.507636,
      37.953826
     ],
     [
      -122.507616,
      37.953889
     ],
     [
      -122.507597,
      37.953949
     ],
     [
      -122.50758,
      37.954009
     ],
     [
      -122.507565,
      37.954072
     ],
     [
      -122.507551,
      37.954138
     ],
     [
      -122.507538,
      37.954206
     ],
     [
      -122.507527,
      37.954276
     ],
     [
      -122.507519,
      37.954345
     ],
     [
      -122.507512,
      37.954419
     ],
     [
      -122.507508,
      37.954488
     ],
     [
      -122.507506,
      37.954564
     ],
     [
      -122.507508,
      37.954642
     ],
     [
      -122.507511,
      37.954717
     ],
     [
      -122.507517,
      37.954798
     ],
     [
      -122.507528,
      37.954883
     ],
     [
      -122.50754,
      37.954966
     ],
     [
      -122.507557,
      37.955056
     ],
     [
      -122.507576,
      37.955141
     ],
     [
      -122.507598,
      37.955229
     ],
     [
      -122.50762,
      37.955314
     ],
     [
      -122.50765,
      37.955421
     ],
     [
      -122.507697,
      37.955583
     ],
     [
      -122.507806,
      37.955947
     ],
     [
      -122.507831,
      37.956034
     ],
     [
      -122.507857,
      37.956116
     ],
     [
      -122.507884,
      37.956199
     ],
     [
      -122.507914,
      37.95628
     ],
     [
      -122.507944,
      37.95636
     ],
     [
      -122.507976,
      37.956437
     ],
     [
      -122.508005,
      37.956504
     ],
     [
      -122.508037,
      37.95657
     ],
     [
      -122.50807,
      37.956632
     ],
     [
      -122.508101,
      37.956688
     ],
     [
      -122.508135,
      37.956747
     ],
     [
      -122.50817,
      37.956804
     ],
     [
      -122.508209,
      37.956864
     ],
     [
      -122.508253,
      37.956927
     ],
     [
      -122.508301,
      37.956993
     ],
     [
      -122.508349,
      37.957055
     ],
     [
      -122.508404,
      37.957124
     ],
     [
      -122.508459,
      37.957187
     ],
     [
      -122.508516,
      37.957249
     ],
     [
      -122.508576,
      37.957311
     ],
     [
      -122.508643,
      37.957378
     ],
     [
      -122.50883,
      37.95755
     ],
     [
      -122.508891,
      37.957607
     ],
     [
      -122.509275,
      37.957951
     ],
     [
      -122.509305,
      37.957978
     ],
     [
      -122.50935,
      37.958018
     ],
     [
      -122.510496,
      37.959011
     ],
     [
      -122.511774,
      37.960118
     ],
     [
      -122.511856,
      37.960189
     ],
     [
      -122.512053,
      37.960364
     ],
     [
      -122.512525,
      37.960784
     ],
     [
      -122.512964,
      37.961175
     ],
     [
      -122.513317,
      37.96149
     ],
     [
      -122.513515,
      37.961665
     ],
     [
      -122.514205,
      37.962281
     ],
     [
      -122.514674,
      37.962753
     ],
     [
      -122.514746,
      37.962823
     ],
     [
      -122.514831,
      37.962902
     ],
     [
      -122.514917,
      37.96298
     ],
     [
      -122.515,
      37.963054
     ],
     [
      -122.515556,
      37.963548
     ],
     [
      -122.516045,
      37.963977
     ],
     [
      -122.516097,
      37.964026
     ],
     [
      -122.516779,
      37.964636
     ],
     [
      -122.516937,
      37.964783
     ],
     [
      -122.517847,
      37.965577
     ],
     [
      -122.518218,
      37.965919
     ],
     [
      -122.518523,
      37.966221
     ],
     [
      -122.518973,
      37.966766
     ],
     [
      -122.519316,
      37.967129
     ],
     [
      -122.519395,
      37.967205
     ],
     [
      -122.519601,
      37.967394
     ],
     [
      -122.519822,
      37.967579
     ],
     [
      -122.520055,
      37.967754
     ],
     [
      -122.520299,
      37.967931
     ],
     [
      -122.520825,
      37.968313
     ],
     [
      -122.520984,
      37.968435
     ],
     [
      -122.521139,
      37.968562
     ],
     [
      -122.521276,
      37.96868
     ],
     [
      -122.521409,
      37.968803
     ],
     [
      -122.521563,
      37.968956
     ],
     [
      -122.521715,
      37.969114
     ],
     [
      -122.522,
      37.96942
     ],
     [
      -122.522158,
      37.969589
     ],
     [
      -122.522303,
      37.969745
     ],
     [
      -122.522348,
      37.969794
     ],
     [
      -122.522393,
      37.969845
     ],
     [
      -122.522436,
      37.969895
     ],
     [
      -122.522475,
      37.969943
     ],
     [
      -122.522512,
      37.969991
     ],
     [
      -122.522543,
      37.970034
     ],
     [
      -122.522574,
      37.970079
     ],
     [
      -122.522604,
      37.970126
     ],
     [
      -122.522633,
      37.970173
     ],
     [
      -122.522663,
      37.970224
     ],
     [
      -122.522692,
      37.970282
     ],
     [
      -122.522721,
      37.970341
     ],
     [
      -122.522744,
      37.970391
     ],
     [
      -122.522764,
      37.97044
     ],
     [
      -122.522782,
      37.970487
     ],
     [
      -122.522798,
      37.970533
     ],
     [
      -122.52281,
      37.97057
     ],
     [
      -122.522821,
      37.970607
     ],
     [
      -122.52283,
      37.970642
     ],
     [
      -122.522839,
      37.970678
     ],
     [
      -122.522848,
      37.970719
     ],
     [
      -122.522857,
      37.97076
     ],
     [
      -122.522864,
      37.970803
     ],
     [
      -122.522871,
      37.970849
     ],
     [
      -122.522878,
      37.970906
     ],
     [
      -122.522882,
      37.970974
     ],
     [
      -122.522885,
      37.971041
     ],
     [
      -122.522885,
      37.971111
     ],
     [
      -122.522882,
      37.97117
     ],
     [
      -122.522876,
      37.971247
     ],
     [
      -122.522867,
      37.971317
     ],
     [
      -122.522859,
      37.971366
     ],
     [
      -122.522854,
      37.971395
     ],
     [
      -122.522847,
      37.971431
     ],
     [
      -122.52283,
      37.971503
     ],
     [
      -122.52281,
      37.971578
     ],
     [
      -122.522795,
      37.971637
     ],
     [
      -122.522754,
      37.971793
     ],
     [
      -122.522666,
      37.972127
     ],
     [
      -122.522609,
      37.972345
     ],
     [
      -122.522603,
      37.97237
     ],
     [
      -122.522586,
      37.972441
     ],
     [
      -122.522579,
      37.972474
     ],
     [
      -122.522568,
      37.972527
     ],
     [
      -122.522558,
      37.97258
     ],
     [
      -122.522549,
      37.972635
     ],
     [
      -122.52254,
      37.972696
     ],
     [
      -122.522524,
      37.972812
     ],
     [
      -122.522513,
      37.972881
     ],
     [
      -122.522499,
      37.972951
     ],
     [
      -122.522482,
      37.973028
     ],
     [
      -122.522443,
      37.973178
     ],
     [
      -122.522424,
      37.973252
     ],
     [
      -122.522402,
      37.973334
     ],
     [
      -122.522368,
      37.973465
     ]
    ]
   }
  },
  {
   "type": "Feature",
   "properties": {
    "company": "Northwestern Pacific Railroad",
    "line": "Northwestern Pacific: Sausalito – Mill Valley",
    "id": "nwp-marin-sausalito-mill-valley",
    "color": "#386641",
    "mode": "interurban",
    "avg_speed_kmh": 45,
    "speed_source": "Computed from NWP employee Time-Table No. 59 (1 Feb 1933): Mill Valley to Sausalito 5.2 mi in 11 min (e.g. train 801, 5.45-5.56 am), about 45 km/h. Earlier years are assumed similar.",
    "geometry_quality": "Traced 5.2 mi against a documented 5.2 mi (1933 employee timetable: Sausalito 6.5, Almonte 9.9, Mill Valley 11.7 mi from San Francisco). Sausalito ferry terminal to Waldo (first ~1.7 mi): OpenHistoricalMap way 200221493 (CC0, digitised from the USGS Tamalpais 1897 topographic sheet) - real but coarse, about one vertex per 150-300 m along the Sausalito waterfront, which has been built over. Waldo to Almonte, Alto tunnel, Corte Madera and Baltimore Park: OSM ways tagged old_railway_operator=Northwestern Pacific Railroad (Mill Valley - Sausalito Path, Alto Tunnel, Corte Madera Pathway), i.e. the abandoned NWP grade itself. Almonte to the Mill Valley depot (Lytton Square), 1.7 mi: OpenHistoricalMap way 200221495, the OHM 1897-topo trace of the Mill Valley branch and the Mount Tamalpais scenic line beyond it, cut at the depot - real alignment but coarse (9 vertices); the branch grade is now Miller Avenue / housing and is not mapped in OSM. No straight-line legs; connectors between OSM fragments total under 0.1 mi. Milepost check against the 1933 employee timetable (distances from San Francisco; Sausalito = 6.5): traced Almonte 10.0 (TT 9.9), Mill Valley 11.7 (TT 11.7).",
    "segments": [
     {
      "start": 1907,
      "end": 1929,
      "headway_min": 30,
      "note": "The North Shore was merged into the Northwestern Pacific Railroad in 1907 (jointly owned by the Southern Pacific and the Santa Fe until 1929), which ran the electric service from then on. The Mill Valley branch also fed the Mount Tamalpais and Muir Woods Railway, whose trains left from the Mill Valley depot. Headway is an ESTIMATE (ferry-timed, roughly half-hourly at peaks).",
      "sources": [
       "Segment-level: dates from Wikipedia (citing Trimble 1977) and Sievers, Western Railroader Aug 1954; headway is an estimate, not sourced.",
       "https://en.wikipedia.org/wiki/Northwestern_Pacific_Railroad_interurban_lines",
       "https://en.wikipedia.org/wiki/North_Pacific_Coast_Railroad",
       "https://archive.org/details/sim_western-railroader-the-western-railfan_1954-08_17_10"
      ]
     },
     {
      "start": 1929,
      "end": 1941,
      "headway_min": 30,
      "note": "The Santa Fe sold its half of the NWP to the Southern Pacific in 1929; the SP invested in the interurbans - new Mission-style suburban depots and steel cars (St. Louis Car Co., 1929-30) - but the 1929 Mill Valley fire, the Depression, a 1934 fare rise and the May 1937 opening of the Golden Gate Bridge drained traffic. The California Railroad Commission approved abandonment on 3 October 1939, a Marin municipal-utility-district takeover lost at the polls on 7 November 1939, and the last electric trains ran on 28 February 1941 (Sievers 1954; Wikipedia citing Trimble p.74). The 1929 brush fire in Mill Valley and the closure of the connecting Mount Tamalpais railway that year hit this branch hardest. NWP employee Time-Table No. 59 (Interurban Trains), effective 1 Feb 1933, read from the page scans: Mill Valley trains left every 30 min from about 5.45 to 9.45 am and hourly through the middle of the day, each timed to a Sausalito ferry.",
      "sources": [
       "Segment-level: headway and running time read from NWP employee Time-Table No. 59, 1 Feb 1933 (the opening and closing dates from Wikipedia/Trimble and Sievers below).",
       "http://wx4.org/to/foam/sp/maps/perryETT/1933-02-01NWP_Interurban59-SheldonPerry.pdf",
       "https://en.wikipedia.org/wiki/Northwestern_Pacific_Railroad_interurban_lines",
       "https://archive.org/details/sim_western-railroader-the-western-railfan_1954-08_17_10"
      ]
     }
    ]
   },
   "geometry": {
    "type": "LineString",
    "coordinates": [
     [
      -122.479449,
      37.856754
     ],
     [
      -122.481221,
      37.85785
     ],
     [
      -122.482705,
      37.858662
     ],
     [
      -122.485294,
      37.859778
     ],
     [
      -122.491488,
      37.862243
     ],
     [
      -122.492254,
      37.862823
     ],
     [
      -122.496969,
      37.866502
     ],
     [
      -122.503796,
      37.871904
     ],
     [
      -122.504334,
      37.871775
     ],
     [
      -122.504728,
      37.872112
     ],
     [
      -122.5052,
      37.872449
     ],
     [
      -122.505455,
      37.872598
     ],
     [
      -122.5056,
      37.872683
     ],
     [
      -122.50568,
      37.87274
     ],
     [
      -122.505719,
      37.872768
     ],
     [
      -122.506508,
      37.873191
     ],
     [
      -122.506571,
      37.873227
     ],
     [
      -122.506685,
      37.873297
     ],
     [
      -122.506755,
      37.873345
     ],
     [
      -122.50681,
      37.873387
     ],
     [
      -122.506844,
      37.873416
     ],
     [
      -122.506876,
      37.873444
     ],
     [
      -122.50691,
      37.873475
     ],
     [
      -122.506949,
      37.873511
     ],
     [
      -122.50699,
      37.873545
     ],
     [
      -122.507029,
      37.873577
     ],
     [
      -122.507071,
      37.873611
     ],
     [
      -122.507121,
      37.873649
     ],
     [
      -122.50717,
      37.873683
     ],
     [
      -122.507221,
      37.873717
     ],
     [
      -122.507276,
      37.873752
     ],
     [
      -122.507329,
      37.87379
     ],
     [
      -122.507403,
      37.873844
     ],
     [
      -122.507767,
      37.874123
     ],
     [
      -122.508269,
      37.874505
     ],
     [
      -122.509298,
      37.875296
     ],
     [
      -122.509993,
      37.875831
     ],
     [
      -122.510556,
      37.876262
     ],
     [
      -122.511137,
      37.876709
     ],
     [
      -122.512432,
      37.877704
     ],
     [
      -122.512883,
      37.878049
     ],
     [
      -122.513251,
      37.87833
     ],
     [
      -122.513496,
      37.878518
     ],
     [
      -122.513703,
      37.878678
     ],
     [
      -122.513924,
      37.878852
     ],
     [
      -122.514078,
      37.878977
     ],
     [
      -122.51423,
      37.879095
     ],
     [
      -122.514539,
      37.879329
     ],
     [
      -122.515185,
      37.879836
     ],
     [
      -122.515619,
      37.88017
     ],
     [
      -122.516975,
      37.881214
     ],
     [
      -122.517737,
      37.881799
     ],
     [
      -122.518028,
      37.882013
     ],
     [
      -122.518328,
      37.88223
     ],
     [
      -122.518687,
      37.882508
     ],
     [
      -122.51891,
      37.88268
     ],
     [
      -122.518937,
      37.882702
     ],
     [
      -122.519216,
      37.882917
     ],
     [
      -122.52064,
      37.884015
     ],
     [
      -122.520797,
      37.884131
     ],
     [
      -122.520869,
      37.884185
     ],
     [
      -122.521488,
      37.884681
     ],
     [
      -122.522238,
      37.885261
     ],
     [
      -122.522335,
      37.885334
     ],
     [
      -122.522893,
      37.885761
     ],
     [
      -122.523246,
      37.886027
     ],
     [
      -122.523594,
      37.886301
     ],
     [
      -122.523737,
      37.886427
     ],
     [
      -122.523853,
      37.886538
     ],
     [
      -122.524062,
      37.886763
     ],
     [
      -122.524263,
      37.887025
     ],
     [
      -122.524322,
      37.88712
     ],
     [
      -122.524374,
      37.887216
     ],
     [
      -122.524467,
      37.887414
     ],
     [
      -122.524575,
      37.887678
     ],
     [
      -122.524606,
      37.887787
     ],
     [
      -122.524664,
      37.88799
     ],
     [
      -122.524764,
      37.888357
     ],
     [
      -122.524835,
      37.888731
     ],
     [
      -122.524978,
      37.889571
     ],
     [
      -122.525017,
      37.889827
     ],
     [
      -122.525078,
      37.890182
     ],
     [
      -122.533806,
      37.895109
     ],
     [
      -122.536424,
      37.897157
     ],
     [
      -122.539552,
      37.900163
     ],
     [
      -122.543205,
      37.90352
     ],
     [
      -122.543735,
      37.903855
     ],
     [
      -122.546209,
      37.904719
     ],
     [
      -122.547275,
      37.905421
     ],
     [
      -122.547972,
      37.906149
     ]
    ]
   }
  },
  {
   "type": "Feature",
   "properties": {
    "company": "Northwestern Pacific Railroad",
    "line": "Northwestern Pacific: Sausalito – San Rafael (via San Anselmo)",
    "id": "nwp-marin-sausalito-san-rafael-via-san-anselmo",
    "color": "#386641",
    "mode": "interurban",
    "avg_speed_kmh": 37,
    "speed_source": "Computed from NWP employee Time-Table No. 59 (1 Feb 1933): an all-stops train (No. 534) took 32 min Sausalito to San Rafael, 12.5 mi, about 37 km/h. Earlier years are assumed similar.",
    "geometry_quality": "Traced 12.8 mi against a documented 12.5 mi (1933 employee timetable: Sausalito 6.5, San Anselmo 16.5, West End 17.9, B Street 18.5, San Rafael 19.0). Sausalito ferry terminal to Waldo (first ~1.7 mi): OpenHistoricalMap way 200221493 (CC0, digitised from the USGS Tamalpais 1897 topographic sheet) - real but coarse, about one vertex per 150-300 m along the Sausalito waterfront, which has been built over. Waldo to Almonte, Alto tunnel, Corte Madera and Baltimore Park: OSM ways tagged old_railway_operator=Northwestern Pacific Railroad (Mill Valley - Sausalito Path, Alto Tunnel, Corte Madera Pathway), i.e. the abandoned NWP grade itself. Baltimore Park to San Anselmo: OSM NWP-tagged abandoned grade (Larkspur Path, Magnolia Avenue, College Avenue, Sylvan Lane and untagged NWP grade), with one 0.2 mi OHM fill near Ross where OSM has a gap. San Anselmo to San Rafael, about 2.7 mi traced against a documented 2.5: APPROXIMATE - OpenHistoricalMap way 200221496 (USGS 1897 topo, only 14 vertices for the whole San Anselmo-San Rafael-San Quentin branch), joined to a short OSM NWP fragment and the SMART main line for the last 0.4 mi into the San Rafael depot; expect the drawn line to sit up to ~100 m off the real grade through West End and B Street. Connectors between fragments total 0.4 mi, the longest 0.17 mi. Milepost check against the 1933 employee timetable (distances from San Francisco; Sausalito = 6.5): traced Almonte 10.0 (TT 9.9), Larkspur 13.3 (13.4), Ross 15.7 (15.5), San Anselmo 16.5 (16.5), San Rafael 19.3 (19.0).",
    "segments": [
     {
      "start": 1907,
      "end": 1929,
      "headway_min": 30,
      "note": "The North Shore was merged into the Northwestern Pacific Railroad in 1907 (jointly owned by the Southern Pacific and the Santa Fe until 1929), which ran the electric service from then on. From 1908 trains for San Rafael and for Fairfax/Manor ran coupled between Sausalito and San Anselmo and were split there (tower No. 4), with southbound trains combined the same way (Duke 2000 p.118, via Wikipedia). Headway is an ESTIMATE.",
      "sources": [
       "Segment-level: dates from Wikipedia (citing Trimble 1977) and Sievers, Western Railroader Aug 1954; headway is an estimate, not sourced.",
       "https://en.wikipedia.org/wiki/Northwestern_Pacific_Railroad_interurban_lines",
       "https://en.wikipedia.org/wiki/North_Pacific_Coast_Railroad",
       "https://archive.org/details/sim_western-railroader-the-western-railfan_1954-08_17_10"
      ]
     },
     {
      "start": 1929,
      "end": 1941,
      "headway_min": 60,
      "note": "The Santa Fe sold its half of the NWP to the Southern Pacific in 1929; the SP invested in the interurbans - new Mission-style suburban depots and steel cars (St. Louis Car Co., 1929-30) - but the 1929 Mill Valley fire, the Depression, a 1934 fare rise and the May 1937 opening of the Golden Gate Bridge drained traffic. The California Railroad Commission approved abandonment on 3 October 1939, a Marin municipal-utility-district takeover lost at the polls on 7 November 1939, and the last electric trains ran on 28 February 1941 (Sievers 1954; Wikipedia citing Trimble p.74). NWP employee Time-Table No. 59 (Interurban Trains), effective 1 Feb 1933, read from the page scans: about 26 trains a day each way via San Anselmo, half-hourly in the commuter peaks and roughly hourly otherwise, all timed to the Sausalito ferries; stops Corte Madera, Baltimore Park, Larkspur, Kentfield, Ross, San Anselmo, West End, B Street, San Rafael.",
      "sources": [
       "Segment-level: headway and running time read from NWP employee Time-Table No. 59, 1 Feb 1933 (the opening and closing dates from Wikipedia/Trimble and Sievers below).",
       "http://wx4.org/to/foam/sp/maps/perryETT/1933-02-01NWP_Interurban59-SheldonPerry.pdf",
       "https://en.wikipedia.org/wiki/Northwestern_Pacific_Railroad_interurban_lines",
       "https://archive.org/details/sim_western-railroader-the-western-railfan_1954-08_17_10"
      ]
     }
    ]
   },
   "geometry": {
    "type": "LineString",
    "coordinates": [
     [
      -122.479449,
      37.856754
     ],
     [
      -122.481221,
      37.85785
     ],
     [
      -122.482705,
      37.858662
     ],
     [
      -122.485294,
      37.859778
     ],
     [
      -122.491488,
      37.862243
     ],
     [
      -122.492254,
      37.862823
     ],
     [
      -122.496969,
      37.866502
     ],
     [
      -122.503796,
      37.871904
     ],
     [
      -122.504334,
      37.871775
     ],
     [
      -122.504728,
      37.872112
     ],
     [
      -122.5052,
      37.872449
     ],
     [
      -122.505455,
      37.872598
     ],
     [
      -122.5056,
      37.872683
     ],
     [
      -122.50568,
      37.87274
     ],
     [
      -122.505719,
      37.872768
     ],
     [
      -122.506508,
      37.873191
     ],
     [
      -122.506571,
      37.873227
     ],
     [
      -122.506685,
      37.873297
     ],
     [
      -122.506755,
      37.873345
     ],
     [
      -122.50681,
      37.873387
     ],
     [
      -122.506844,
      37.873416
     ],
     [
      -122.506876,
      37.873444
     ],
     [
      -122.50691,
      37.873475
     ],
     [
      -122.506949,
      37.873511
     ],
     [
      -122.50699,
      37.873545
     ],
     [
      -122.507029,
      37.873577
     ],
     [
      -122.507071,
      37.873611
     ],
     [
      -122.507121,
      37.873649
     ],
     [
      -122.50717,
      37.873683
     ],
     [
      -122.507221,
      37.873717
     ],
     [
      -122.507276,
      37.873752
     ],
     [
      -122.507329,
      37.87379
     ],
     [
      -122.507403,
      37.873844
     ],
     [
      -122.507767,
      37.874123
     ],
     [
      -122.508269,
      37.874505
     ],
     [
      -122.509298,
      37.875296
     ],
     [
      -122.509993,
      37.875831
     ],
     [
      -122.510556,
      37.876262
     ],
     [
      -122.511137,
      37.876709
     ],
     [
      -122.512432,
      37.877704
     ],
     [
      -122.512883,
      37.878049
     ],
     [
      -122.513251,
      37.87833
     ],
     [
      -122.513496,
      37.878518
     ],
     [
      -122.513703,
      37.878678
     ],
     [
      -122.513924,
      37.878852
     ],
     [
      -122.514078,
      37.878977
     ],
     [
      -122.51423,
      37.879095
     ],
     [
      -122.514539,
      37.879329
     ],
     [
      -122.515185,
      37.879836
     ],
     [
      -122.515619,
      37.88017
     ],
     [
      -122.516975,
      37.881214
     ],
     [
      -122.517737,
      37.881799
     ],
     [
      -122.518028,
      37.882013
     ],
     [
      -122.518328,
      37.88223
     ],
     [
      -122.518687,
      37.882508
     ],
     [
      -122.51891,
      37.88268
     ],
     [
      -122.518937,
      37.882702
     ],
     [
      -122.519216,
      37.882917
     ],
     [
      -122.52064,
      37.884015
     ],
     [
      -122.520797,
      37.884131
     ],
     [
      -122.520869,
      37.884185
     ],
     [
      -122.521488,
      37.884681
     ],
     [
      -122.522238,
      37.885261
     ],
     [
      -122.522335,
      37.885334
     ],
     [
      -122.522893,
      37.885761
     ],
     [
      -122.523246,
      37.886027
     ],
     [
      -122.523594,
      37.886301
     ],
     [
      -122.523737,
      37.886427
     ],
     [
      -122.523853,
      37.886538
     ],
     [
      -122.524062,
      37.886763
     ],
     [
      -122.524263,
      37.887025
     ],
     [
      -122.524322,
      37.88712
     ],
     [
      -122.524374,
      37.887216
     ],
     [
      -122.524467,
      37.887414
     ],
     [
      -122.524575,
      37.887678
     ],
     [
      -122.524606,
      37.887787
     ],
     [
      -122.524664,
      37.88799
     ],
     [
      -122.524764,
      37.888357
     ],
     [
      -122.524835,
      37.888731
     ],
     [
      -122.524978,
      37.889571
     ],
     [
      -122.525017,
      37.889827
     ],
     [
      -122.525078,
      37.890182
     ],
     [
      -122.525149,
      37.890607
     ],
     [
      -122.525228,
      37.89103
     ],
     [
      -122.525307,
      37.891545
     ],
     [
      -122.525346,
      37.891808
     ],
     [
      -122.52539,
      37.892073
     ],
     [
      -122.525412,
      37.892204
     ],
     [
      -122.525482,
      37.892611
     ],
     [
      -122.525568,
      37.893133
     ],
     [
      -122.525717,
      37.894026
     ],
     [
      -122.525878,
      37.895003
     ],
     [
      -122.525902,
      37.895174
     ],
     [
      -122.526068,
      37.896127
     ],
     [
      -122.526136,
      37.89665
     ],
     [
      -122.526161,
      37.896787
     ],
     [
      -122.526165,
      37.896898
     ],
     [
      -122.526165,
      37.896913
     ],
     [
      -122.526167,
      37.896968
     ],
     [
      -122.526176,
      37.897037
     ],
     [
      -122.526219,
      37.897158
     ],
     [
      -122.526237,
      37.897188
     ],
     [
      -122.526279,
      37.897318
     ],
     [
      -122.526313,
      37.897525
     ],
     [
      -122.526341,
      37.897843
     ],
     [
      -122.52647,
      37.898698
     ],
     [
      -122.526772,
      37.900525
     ],
     [
      -122.526777,
      37.90055
     ],
     [
      -122.526846,
      37.90095
     ],
     [
      -122.526909,
      37.901149
     ],
     [
      -122.526949,
      37.901347
     ],
     [
      -122.527015,
      37.901802
     ],
     [
      -122.52704,
      37.902149
     ],
     [
      -122.527023,
      37.902397
     ],
     [
      -122.526975,
      37.902655
     ],
     [
      -122.526888,
      37.902944
     ],
     [
      -122.526726,
      37.903281
     ],
     [
      -122.526508,
      37.903751
     ],
     [
      -122.526364,
      37.90407
     ],
     [
      -122.526269,
      37.904303
     ],
     [
      -122.526203,
      37.904563
     ],
     [
      -122.526178,
      37.904642
     ],
     [
      -122.526031,
      37.905618
     ],
     [
      -122.525946,
      37.906277
     ],
     [
      -122.525828,
      37.907149
     ],
     [
      -122.525779,
      37.907429
     ],
     [
      -122.525769,
      37.907496
     ],
     [
      -122.525614,
      37.908442
     ],
     [
      -122.52546,
      37.909025
     ],
     [
      -122.525255,
      37.909633
     ],
     [
      -122.524912,
      37.91039
     ],
     [
      -122.524854,
      37.91052
     ],
     [
      -122.524813,
      37.910606
     ],
     [
      -122.524193,
      37.911944
     ],
     [
      -122.52393,
      37.912522
     ],
     [
      -122.523786,
      37.912853
     ],
     [
      -122.523723,
      37.913032
     ],
     [
      -122.523674,
      37.913246
     ],
     [
      -122.523661,
      37.913374
     ],
     [
      -122.523682,
      37.913489
     ],
     [
      -122.523723,
      37.913662
     ],
     [
      -122.523799,
      37.913826
     ],
     [
      -122.523941,
      37.914106
     ],
     [
      -122.525412,
      37.916693
     ],
     [
      -122.5271,
      37.919661
     ],
     [
      -122.527724,
      37.920979
     ],
     [
      -122.528003,
      37.921567
     ],
     [
      -122.528081,
      37.921732
     ],
     [
      -122.528129,
      37.921833
     ],
     [
      -122.52816,
      37.921897
     ],
     [
      -122.528182,
      37.921943
     ],
     [
      -122.528481,
      37.922911
     ],
     [
      -122.528515,
      37.923119
     ],
     [
      -122.528535,
      37.92336
     ],
     [
      -122.528481,
      37.924499
     ],
     [
      -122.528523,
      37.924728
     ],
     [
      -122.528588,
      37.924966
     ],
     [
      -122.528673,
      37.925155
     ],
     [
      -122.528772,
      37.925363
     ],
     [
      -122.528954,
      37.925633
     ],
     [
      -122.529069,
      37.925803
     ],
     [
      -122.529185,
      37.925949
     ],
     [
      -122.529192,
      37.925956
     ],
     [
      -122.529377,
      37.926196
     ],
     [
      -122.52942,
      37.926254
     ],
     [
      -122.529423,
      37.92626
     ],
     [
      -122.529436,
      37.92628
     ],
     [
      -122.529445,
      37.926295
     ],
     [
      -122.529468,
      37.926332
     ],
     [
      -122.529524,
      37.92642
     ],
     [
      -122.5296,
      37.926516
     ],
     [
      -122.530219,
      37.927287
     ],
     [
      -122.530764,
      37.927978
     ],
     [
      -122.53104,
      37.92833
     ],
     [
      -122.531708,
      37.929291
     ],
     [
      -122.532021,
      37.929879
     ],
     [
      -122.532488,
      37.931232
     ],
     [
      -122.532507,
      37.931294
     ],
     [
      -122.532664,
      37.931774
     ],
     [
      -122.532712,
      37.931917
     ],
     [
      -122.532731,
      37.931975
     ],
     [
      -122.532987,
      37.932757
     ],
     [
      -122.533007,
      37.932819
     ],
     [
      -122.533016,
      37.932843
     ],
     [
      -122.533036,
      37.932896
     ],
     [
      -122.533058,
      37.932949
     ],
     [
      -122.533075,
      37.932999
     ],
     [
      -122.533094,
      37.933052
     ],
     [
      -122.533119,
      37.933127
     ],
     [
      -122.533579,
      37.934534
     ],
     [
      -122.533867,
      37.935413
     ],
     [
      -122.533889,
      37.935482
     ],
     [
      -122.533945,
      37.935654
     ],
     [
      -122.533987,
      37.935811
     ],
     [
      -122.534001,
      37.935867
     ],
     [
      -122.53402,
      37.935933
     ],
     [
      -122.534033,
      37.935973
     ],
     [
      -122.53404,
      37.935996
     ],
     [
      -122.534112,
      37.936239
     ],
     [
      -122.534238,
      37.936619
     ],
     [
      -122.534265,
      37.93671
     ],
     [
      -122.534309,
      37.936846
     ],
     [
      -122.534369,
      37.937027
     ],
     [
      -122.534521,
      37.937603
     ],
     [
      -122.534654,
      37.938038
     ],
     [
      -122.534778,
      37.938269
     ],
     [
      -122.534883,
      37.938417
     ],
     [
      -122.534964,
      37.93853
     ],
     [
      -122.535305,
      37.938791
     ],
     [
      -122.53571,
      37.939127
     ],
     [
      -122.535966,
      37.939354
     ],
     [
      -122.536164,
      37.939529
     ],
     [
      -122.536531,
      37.939836
     ],
     [
      -122.536751,
      37.94002
     ],
     [
      -122.537188,
      37.940367
     ],
     [
      -122.537448,
      37.940641
     ],
     [
      -122.538025,
      37.940925
     ],
     [
      -122.538494,
      37.941153
     ],
     [
      -122.538656,
      37.941258
     ],
     [
      -122.538716,
      37.941325
     ],
     [
      -122.538786,
      37.941398
     ],
     [
      -122.538794,
      37.941417
     ],
     [
      -122.538847,
      37.941522
     ],
     [
      -122.538851,
      37.94153
     ],
     [
      -122.538933,
      37.941689
     ],
     [
      -122.539009,
      37.941815
     ],
     [
      -122.539624,
      37.942698
     ],
     [
      -122.53976,
      37.942899
     ],
     [
      -122.53997,
      37.94311
     ],
     [
      -122.540311,
      37.943284
     ],
     [
      -122.542312,
      37.944485
     ],
     [
      -122.544371,
      37.945917
     ],
     [
      -122.546767,
      37.947138
     ],
     [
      -122.546849,
      37.947184
     ],
     [
      -122.546982,
      37.947259
     ],
     [
      -122.547081,
      37.947314
     ],
     [
      -122.54722,
      37.947393
     ],
     [
      -122.547305,
      37.947441
     ],
     [
      -122.547633,
      37.947628
     ],
     [
      -122.547673,
      37.947651
     ],
     [
      -122.547712,
      37.94767
     ],
     [
      -122.547801,
      37.94772
     ],
     [
      -122.548138,
      37.94791
     ],
     [
      -122.548462,
      37.948092
     ],
     [
      -122.5485,
      37.948113
     ],
     [
      -122.548632,
      37.948187
     ],
     [
      -122.549078,
      37.948439
     ],
     [
      -122.549274,
      37.948552
     ],
     [
      -122.549426,
      37.948723
     ],
     [
      -122.549494,
      37.948814
     ],
     [
      -122.549588,
      37.948982
     ],
     [
      -122.549625,
      37.949157
     ],
     [
      -122.549641,
      37.949338
     ],
     [
      -122.549656,
      37.949875
     ],
     [
      -122.54966,
      37.949947
     ],
     [
      -122.549681,
      37.950378
     ],
     [
      -122.549684,
      37.950441
     ],
     [
      -122.549687,
      37.9505
     ],
     [
      -122.549801,
      37.950853
     ],
     [
      -122.54998,
      37.951397
     ],
     [
      -122.552485,
      37.956346
     ],
     [
      -122.553007,
      37.957394
     ],
     [
      -122.553098,
      37.957611
     ],
     [
      -122.553087,
      37.95788
     ],
     [
      -122.55302,
      37.958014
     ],
     [
      -122.55294,
      37.958162
     ],
     [
      -122.552868,
      37.95835
     ],
     [
      -122.55286,
      37.958508
     ],
     [
      -122.552887,
      37.958605
     ],
     [
      -122.552927,
      37.958703
     ],
     [
      -122.553065,
      37.958846
     ],
     [
      -122.553216,
      37.958974
     ],
     [
      -122.55328,
      37.959029
     ],
     [
      -122.553827,
      37.959602
     ],
     [
      -122.554248,
      37.960059
     ],
     [
      -122.554628,
      37.960368
     ],
     [
      -122.555319,
      37.960884
     ],
     [
      -122.555943,
      37.961454
     ],
     [
      -122.556847,
      37.962293
     ],
     [
      -122.557127,
      37.962567
     ],
     [
      -122.55772,
      37.96312
     ],
     [
      -122.558181,
      37.963556
     ],
     [
      -122.558538,
      37.963932
     ],
     [
      -122.558861,
      37.964377
     ],
     [
      -122.559143,
      37.964843
     ],
     [
      -122.559286,
      37.965115
     ],
     [
      -122.559353,
      37.965306
     ],
     [
      -122.55922,
      37.965717
     ],
     [
      -122.559967,
      37.967255
     ],
     [
      -122.561519,
      37.971986
     ],
     [
      -122.561766,
      37.973044
     ],
     [
      -122.561825,
      37.973533
     ],
     [
      -122.561983,
      37.975022
     ],
     [
      -122.562002,
      37.975274
     ],
     [
      -122.562096,
      37.975619
     ],
     [
      -122.562178,
      37.975778
     ],
     [
      -122.562296,
      37.975952
     ],
     [
      -122.561234,
      37.976498
     ],
     [
      -122.553301,
      37.976399
     ],
     [
      -122.549361,
      37.976148
     ],
     [
      -122.540645,
      37.973953
     ],
     [
      -122.536207,
      37.972199
     ],
     [
      -122.535314,
      37.972005
     ],
     [
      -122.530549,
      37.971603
     ],
     [
      -122.529665,
      37.971244
     ],
     [
      -122.529077,
      37.970421
     ],
     [
      -122.528549,
      37.97002
     ],
     [
      -122.525893,
      37.96863
     ],
     [
      -122.525875,
      37.968634
     ],
     [
      -122.525852,
      37.968633
     ],
     [
      -122.525813,
      37.968626
     ],
     [
      -122.525777,
      37.968615
     ],
     [
      -122.525743,
      37.9686
     ],
     [
      -122.525691,
      37.968573
     ],
     [
      -122.525637,
      37.968544
     ],
     [
      -122.525578,
      37.968516
     ],
     [
      -122.525516,
      37.968491
     ],
     [
      -122.52545,
      37.968469
     ],
     [
      -122.525378,
      37.968448
     ],
     [
      -122.525308,
      37.968431
     ],
     [
      -122.525234,
      37.968417
     ],
     [
      -122.525164,
      37.968409
     ],
     [
      -122.525091,
      37.968404
     ],
     [
      -122.525019,
      37.968401
     ],
     [
      -122.524947,
      37.968403
     ],
     [
      -122.524878,
      37.968409
     ],
     [
      -122.524773,
      37.968424
     ],
     [
      -122.524707,
      37.968434
     ],
     [
      -122.524639,
      37.968449
     ],
     [
      -122.524583,
      37.968466
     ],
     [
      -122.52453,
      37.968486
     ],
     [
      -122.524478,
      37.968509
     ],
     [
      -122.524433,
      37.968535
     ],
     [
      -122.524384,
      37.96857
     ],
     [
      -122.524318,
      37.968623
     ],
     [
      -122.524256,
      37.968669
     ],
     [
      -122.524198,
      37.968711
     ],
     [
      -122.524139,
      37.968749
     ],
     [
      -122.524102,
      37.968774
     ],
     [
      -122.524027,
      37.968794
     ],
     [
      -122.523667,
      37.969048
     ],
     [
      -122.523404,
      37.969136
     ],
     [
      -122.523292,
      37.969173
     ],
     [
      -122.522954,
      37.969236
     ],
     [
      -122.522535,
      37.969236
     ],
     [
      -122.522303,
      37.969745
     ],
     [
      -122.522348,
      37.969794
     ],
     [
      -122.522393,
      37.969845
     ],
     [
      -122.522436,
      37.969895
     ],
     [
      -122.522475,
      37.969943
     ],
     [
      -122.522512,
      37.969991
     ],
     [
      -122.522543,
      37.970034
     ],
     [
      -122.522574,
      37.970079
     ],
     [
      -122.522604,
      37.970126
     ],
     [
      -122.522633,
      37.970173
     ],
     [
      -122.522663,
      37.970224
     ],
     [
      -122.522692,
      37.970282
     ],
     [
      -122.522721,
      37.970341
     ],
     [
      -122.522744,
      37.970391
     ],
     [
      -122.522764,
      37.97044
     ],
     [
      -122.522782,
      37.970487
     ],
     [
      -122.522798,
      37.970533
     ],
     [
      -122.52281,
      37.97057
     ],
     [
      -122.522821,
      37.970607
     ],
     [
      -122.52283,
      37.970642
     ],
     [
      -122.522839,
      37.970678
     ],
     [
      -122.522848,
      37.970719
     ],
     [
      -122.522857,
      37.97076
     ],
     [
      -122.522864,
      37.970803
     ],
     [
      -122.522871,
      37.970849
     ],
     [
      -122.522878,
      37.970906
     ],
     [
      -122.522882,
      37.970974
     ],
     [
      -122.522885,
      37.971041
     ],
     [
      -122.522885,
      37.971111
     ],
     [
      -122.522882,
      37.97117
     ],
     [
      -122.522876,
      37.971247
     ],
     [
      -122.522867,
      37.971317
     ],
     [
      -122.522859,
      37.971366
     ],
     [
      -122.522854,
      37.971395
     ],
     [
      -122.522847,
      37.971431
     ],
     [
      -122.52283,
      37.971503
     ],
     [
      -122.52281,
      37.971578
     ],
     [
      -122.522795,
      37.971637
     ],
     [
      -122.522754,
      37.971793
     ],
     [
      -122.522666,
      37.972127
     ],
     [
      -122.522609,
      37.972345
     ],
     [
      -122.522603,
      37.97237
     ],
     [
      -122.522586,
      37.972441
     ],
     [
      -122.522579,
      37.972474
     ],
     [
      -122.522568,
      37.972527
     ],
     [
      -122.522558,
      37.97258
     ],
     [
      -122.522549,
      37.972635
     ],
     [
      -122.52254,
      37.972696
     ],
     [
      -122.522524,
      37.972812
     ],
     [
      -122.522513,
      37.972881
     ],
     [
      -122.522499,
      37.972951
     ],
     [
      -122.522482,
      37.973028
     ],
     [
      -122.522443,
      37.973178
     ],
     [
      -122.522424,
      37.973252
     ],
     [
      -122.522402,
      37.973334
     ],
     [
      -122.522368,
      37.973465
     ]
    ]
   }
  },
  {
   "type": "Feature",
   "properties": {
    "company": "Northwestern Pacific Railroad",
    "line": "Northwestern Pacific: Sausalito – San Rafael (via Green Brae)",
    "id": "nwp-marin-sausalito-san-rafael-via-green-brae",
    "color": "#386641",
    "mode": "interurban",
    "avg_speed_kmh": 56,
    "speed_source": "Computed from NWP employee Time-Table No. 59 (1 Feb 1933): San Rafael to Sausalito 10.5 mi in 18 min (train 901, 6.40-6.58 am) with stops only at California Park, Baltimore Park and Almonte, about 56 km/h.",
    "geometry_quality": "Traced 10.6 mi against a documented 10.5 mi (1933 employee timetable: Sausalito 6.5, Almonte 9.9, Baltimore Park 13.0, California Park 15.7, San Rafael 17.0). Sausalito ferry terminal to Waldo (first ~1.7 mi): OpenHistoricalMap way 200221493 (CC0, digitised from the USGS Tamalpais 1897 topographic sheet) - real but coarse, about one vertex per 150-300 m along the Sausalito waterfront, which has been built over. Waldo to Almonte, Alto tunnel, Corte Madera and Baltimore Park: OSM ways tagged old_railway_operator=Northwestern Pacific Railroad (Mill Valley - Sausalito Path, Alto Tunnel, Corte Madera Pathway), i.e. the abandoned NWP grade itself. The Baltimore Park cutoff east along Corte Madera Creek to the old California Northwestern line at Greenbrae: OSM abandoned NWP grade (Corte Madera - Larkspur Path). Greenbrae through the Cal Park Hill tunnel to the San Rafael depot: the active SMART main line (OSM 'Mainline Subdivision'). LATER-ALIGNMENT CAVEAT: SMART relaid this section in 2010-2019 on the old NWP formation and through the original Cal Park tunnel, so the drawn line is the historic alignment carried by modern track, not a survey of the 1904-1941 track. No straight-line legs. Milepost check against the 1933 employee timetable (distances from San Francisco; Sausalito = 6.5): traced Almonte 10.0 (TT 9.9), San Rafael 17.1 (17.0).",
    "segments": [
     {
      "start": 1907,
      "end": 1929,
      "headway_min": 60,
      "note": "The North Shore was merged into the Northwestern Pacific Railroad in 1907 (jointly owned by the Southern Pacific and the Santa Fe until 1929), which ran the electric service from then on. The Green Brae route was also the NWP's steam-train route between Sausalito and San Rafael (Sievers). Headway is an ESTIMATE.",
      "sources": [
       "Segment-level: dates from Wikipedia (citing Trimble 1977) and Sievers, Western Railroader Aug 1954; headway is an estimate, not sourced.",
       "https://en.wikipedia.org/wiki/Northwestern_Pacific_Railroad_interurban_lines",
       "https://en.wikipedia.org/wiki/North_Pacific_Coast_Railroad",
       "https://archive.org/details/sim_western-railroader-the-western-railfan_1954-08_17_10"
      ]
     },
     {
      "start": 1929,
      "end": 1941,
      "headway_min": 60,
      "note": "The Santa Fe sold its half of the NWP to the Southern Pacific in 1929; the SP invested in the interurbans - new Mission-style suburban depots and steel cars (St. Louis Car Co., 1929-30) - but the 1929 Mill Valley fire, the Depression, a 1934 fare rise and the May 1937 opening of the Golden Gate Bridge drained traffic. The California Railroad Commission approved abandonment on 3 October 1939, a Marin municipal-utility-district takeover lost at the polls on 7 November 1939, and the last electric trains ran on 28 February 1941 (Sievers 1954; Wikipedia citing Trimble p.74). NWP employee Time-Table No. 59 (Interurban Trains), effective 1 Feb 1933, read from the page scans: the Green Brae cutoff carried about 10 trains a day each way, concentrated in the commuter hours (southbound 6.40 am to 6.10 pm from San Rafael); the 60-minute headway is a rounded average of a peak-only service.",
      "sources": [
       "Segment-level: headway and running time read from NWP employee Time-Table No. 59, 1 Feb 1933 (the opening and closing dates from Wikipedia/Trimble and Sievers below).",
       "http://wx4.org/to/foam/sp/maps/perryETT/1933-02-01NWP_Interurban59-SheldonPerry.pdf",
       "https://en.wikipedia.org/wiki/Northwestern_Pacific_Railroad_interurban_lines",
       "https://archive.org/details/sim_western-railroader-the-western-railfan_1954-08_17_10"
      ]
     }
    ]
   },
   "geometry": {
    "type": "LineString",
    "coordinates": [
     [
      -122.479449,
      37.856754
     ],
     [
      -122.481221,
      37.85785
     ],
     [
      -122.482705,
      37.858662
     ],
     [
      -122.485294,
      37.859778
     ],
     [
      -122.491488,
      37.862243
     ],
     [
      -122.492254,
      37.862823
     ],
     [
      -122.496969,
      37.866502
     ],
     [
      -122.503796,
      37.871904
     ],
     [
      -122.504334,
      37.871775
     ],
     [
      -122.504728,
      37.872112
     ],
     [
      -122.5052,
      37.872449
     ],
     [
      -122.505455,
      37.872598
     ],
     [
      -122.5056,
      37.872683
     ],
     [
      -122.50568,
      37.87274
     ],
     [
      -122.505719,
      37.872768
     ],
     [
      -122.506508,
      37.873191
     ],
     [
      -122.506571,
      37.873227
     ],
     [
      -122.506685,
      37.873297
     ],
     [
      -122.506755,
      37.873345
     ],
     [
      -122.50681,
      37.873387
     ],
     [
      -122.506844,
      37.873416
     ],
     [
      -122.506876,
      37.873444
     ],
     [
      -122.50691,
      37.873475
     ],
     [
      -122.506949,
      37.873511
     ],
     [
      -122.50699,
      37.873545
     ],
     [
      -122.507029,
      37.873577
     ],
     [
      -122.507071,
      37.873611
     ],
     [
      -122.507121,
      37.873649
     ],
     [
      -122.50717,
      37.873683
     ],
     [
      -122.507221,
      37.873717
     ],
     [
      -122.507276,
      37.873752
     ],
     [
      -122.507329,
      37.87379
     ],
     [
      -122.507403,
      37.873844
     ],
     [
      -122.507767,
      37.874123
     ],
     [
      -122.508269,
      37.874505
     ],
     [
      -122.509298,
      37.875296
     ],
     [
      -122.509993,
      37.875831
     ],
     [
      -122.510556,
      37.876262
     ],
     [
      -122.511137,
      37.876709
     ],
     [
      -122.512432,
      37.877704
     ],
     [
      -122.512883,
      37.878049
     ],
     [
      -122.513251,
      37.87833
     ],
     [
      -122.513496,
      37.878518
     ],
     [
      -122.513703,
      37.878678
     ],
     [
      -122.513924,
      37.878852
     ],
     [
      -122.514078,
      37.878977
     ],
     [
      -122.51423,
      37.879095
     ],
     [
      -122.514539,
      37.879329
     ],
     [
      -122.515185,
      37.879836
     ],
     [
      -122.515619,
      37.88017
     ],
     [
      -122.516975,
      37.881214
     ],
     [
      -122.517737,
      37.881799
     ],
     [
      -122.518028,
      37.882013
     ],
     [
      -122.518328,
      37.88223
     ],
     [
      -122.518687,
      37.882508
     ],
     [
      -122.51891,
      37.88268
     ],
     [
      -122.518937,
      37.882702
     ],
     [
      -122.519216,
      37.882917
     ],
     [
      -122.52064,
      37.884015
     ],
     [
      -122.520797,
      37.884131
     ],
     [
      -122.520869,
      37.884185
     ],
     [
      -122.521488,
      37.884681
     ],
     [
      -122.522238,
      37.885261
     ],
     [
      -122.522335,
      37.885334
     ],
     [
      -122.522893,
      37.885761
     ],
     [
      -122.523246,
      37.886027
     ],
     [
      -122.523594,
      37.886301
     ],
     [
      -122.523737,
      37.886427
     ],
     [
      -122.523853,
      37.886538
     ],
     [
      -122.524062,
      37.886763
     ],
     [
      -122.524263,
      37.887025
     ],
     [
      -122.524322,
      37.88712
     ],
     [
      -122.524374,
      37.887216
     ],
     [
      -122.524467,
      37.887414
     ],
     [
      -122.524575,
      37.887678
     ],
     [
      -122.524606,
      37.887787
     ],
     [
      -122.524664,
      37.88799
     ],
     [
      -122.524764,
      37.888357
     ],
     [
      -122.524835,
      37.888731
     ],
     [
      -122.524978,
      37.889571
     ],
     [
      -122.525017,
      37.889827
     ],
     [
      -122.525078,
      37.890182
     ],
     [
      -122.525149,
      37.890607
     ],
     [
      -122.525228,
      37.89103
     ],
     [
      -122.525307,
      37.891545
     ],
     [
      -122.525346,
      37.891808
     ],
     [
      -122.52539,
      37.892073
     ],
     [
      -122.525412,
      37.892204
     ],
     [
      -122.525482,
      37.892611
     ],
     [
      -122.525568,
      37.893133
     ],
     [
      -122.525717,
      37.894026
     ],
     [
      -122.525878,
      37.895003
     ],
     [
      -122.525902,
      37.895174
     ],
     [
      -122.526068,
      37.896127
     ],
     [
      -122.526136,
      37.89665
     ],
     [
      -122.526161,
      37.896787
     ],
     [
      -122.526165,
      37.896898
     ],
     [
      -122.526165,
      37.896913
     ],
     [
      -122.526167,
      37.896968
     ],
     [
      -122.526176,
      37.897037
     ],
     [
      -122.526219,
      37.897158
     ],
     [
      -122.526237,
      37.897188
     ],
     [
      -122.526279,
      37.897318
     ],
     [
      -122.526313,
      37.897525
     ],
     [
      -122.526341,
      37.897843
     ],
     [
      -122.52647,
      37.898698
     ],
     [
      -122.526772,
      37.900525
     ],
     [
      -122.526777,
      37.90055
     ],
     [
      -122.526846,
      37.90095
     ],
     [
      -122.526909,
      37.901149
     ],
     [
      -122.526949,
      37.901347
     ],
     [
      -122.527015,
      37.901802
     ],
     [
      -122.52704,
      37.902149
     ],
     [
      -122.527023,
      37.902397
     ],
     [
      -122.526975,
      37.902655
     ],
     [
      -122.526888,
      37.902944
     ],
     [
      -122.526726,
      37.903281
     ],
     [
      -122.526508,
      37.903751
     ],
     [
      -122.526364,
      37.90407
     ],
     [
      -122.526269,
      37.904303
     ],
     [
      -122.526203,
      37.904563
     ],
     [
      -122.526178,
      37.904642
     ],
     [
      -122.526031,
      37.905618
     ],
     [
      -122.525946,
      37.906277
     ],
     [
      -122.525828,
      37.907149
     ],
     [
      -122.525779,
      37.907429
     ],
     [
      -122.525769,
      37.907496
     ],
     [
      -122.525614,
      37.908442
     ],
     [
      -122.52546,
      37.909025
     ],
     [
      -122.525255,
      37.909633
     ],
     [
      -122.524912,
      37.91039
     ],
     [
      -122.524854,
      37.91052
     ],
     [
      -122.524813,
      37.910606
     ],
     [
      -122.524193,
      37.911944
     ],
     [
      -122.52393,
      37.912522
     ],
     [
      -122.523786,
      37.912853
     ],
     [
      -122.523723,
      37.913032
     ],
     [
      -122.523674,
      37.913246
     ],
     [
      -122.523661,
      37.913374
     ],
     [
      -122.523682,
      37.913489
     ],
     [
      -122.523723,
      37.913662
     ],
     [
      -122.523799,
      37.913826
     ],
     [
      -122.523941,
      37.914106
     ],
     [
      -122.525412,
      37.916693
     ],
     [
      -122.5271,
      37.919661
     ],
     [
      -122.527724,
      37.920979
     ],
     [
      -122.528003,
      37.921567
     ],
     [
      -122.528081,
      37.921732
     ],
     [
      -122.528129,
      37.921833
     ],
     [
      -122.52816,
      37.921897
     ],
     [
      -122.528182,
      37.921943
     ],
     [
      -122.528481,
      37.922911
     ],
     [
      -122.528515,
      37.923119
     ],
     [
      -122.528535,
      37.92336
     ],
     [
      -122.528481,
      37.924499
     ],
     [
      -122.528523,
      37.924728
     ],
     [
      -122.528588,
      37.924966
     ],
     [
      -122.528673,
      37.925155
     ],
     [
      -122.528772,
      37.925363
     ],
     [
      -122.528954,
      37.925633
     ],
     [
      -122.529069,
      37.925803
     ],
     [
      -122.529185,
      37.925949
     ],
     [
      -122.529192,
      37.925956
     ],
     [
      -122.529377,
      37.926196
     ],
     [
      -122.52942,
      37.926254
     ],
     [
      -122.529423,
      37.92626
     ],
     [
      -122.529436,
      37.92628
     ],
     [
      -122.529445,
      37.926295
     ],
     [
      -122.529468,
      37.926332
     ],
     [
      -122.529524,
      37.92642
     ],
     [
      -122.5296,
      37.926516
     ],
     [
      -122.530219,
      37.927287
     ],
     [
      -122.530764,
      37.927978
     ],
     [
      -122.53104,
      37.92833
     ],
     [
      -122.531708,
      37.929291
     ],
     [
      -122.532021,
      37.929879
     ],
     [
      -122.532488,
      37.931232
     ],
     [
      -122.532481,
      37.931867
     ],
     [
      -122.532472,
      37.931911
     ],
     [
      -122.532379,
      37.932427
     ],
     [
      -122.532358,
      37.932463
     ],
     [
      -122.532326,
      37.932519
     ],
     [
      -122.532236,
      37.932697
     ],
     [
      -122.53211,
      37.932893
     ],
     [
      -122.53199,
      37.933056
     ],
     [
      -122.531811,
      37.933209
     ],
     [
      -122.531609,
      37.933348
     ],
     [
      -122.531393,
      37.933473
     ],
     [
      -122.531076,
      37.933599
     ],
     [
      -122.530883,
      37.933668
     ],
     [
      -122.530569,
      37.933723
     ],
     [
      -122.530385,
      37.933751
     ],
     [
      -122.529807,
      37.933803
     ],
     [
      -122.529305,
      37.933861
     ],
     [
      -122.52734,
      37.934078
     ],
     [
      -122.526287,
      37.934184
     ],
     [
      -122.523016,
      37.934514
     ],
     [
      -122.520947,
      37.934708
     ],
     [
      -122.520897,
      37.934713
     ],
     [
      -122.520645,
      37.93473
     ],
     [
      -122.519894,
      37.934815
     ],
     [
      -122.519344,
      37.934866
     ],
     [
      -122.519036,
      37.934888
     ],
     [
      -122.517813,
      37.935099
     ],
     [
      -122.517591,
      37.935151
     ],
     [
      -122.517345,
      37.935223
     ],
     [
      -122.516145,
      37.93569
     ],
     [
      -122.51549,
      37.935901
     ],
     [
      -122.515369,
      37.935963
     ],
     [
      -122.515258,
      37.936022
     ],
     [
      -122.515118,
      37.93611
     ],
     [
      -122.514988,
      37.936205
     ],
     [
      -122.514854,
      37.936311
     ],
     [
      -122.514721,
      37.936423
     ],
     [
      -122.514577,
      37.936565
     ],
     [
      -122.513725,
      37.93737
     ],
     [
      -122.513225,
      37.937954
     ],
     [
      -122.513158,
      37.938046
     ],
     [
      -122.513108,
      37.938134
     ],
     [
      -122.513074,
      37.938214
     ],
     [
      -122.513029,
      37.938356
     ],
     [
      -122.512995,
      37.938489
     ],
     [
      -122.512976,
      37.938599
     ],
     [
      -122.512964,
      37.938693
     ],
     [
      -122.512951,
      37.938786
     ],
     [
      -122.512943,
      37.938861
     ],
     [
      -122.512938,
      37.938938
     ],
     [
      -122.512934,
      37.939012
     ],
     [
      -122.512934,
      37.939082
     ],
     [
      -122.512936,
      37.939151
     ],
     [
      -122.51294,
      37.939219
     ],
     [
      -122.512948,
      37.93929
     ],
     [
      -122.512957,
      37.939357
     ],
     [
      -122.513026,
      37.939812
     ],
     [
      -122.513116,
      37.940385
     ],
     [
      -122.513301,
      37.941588
     ],
     [
      -122.513345,
      37.941893
     ],
     [
      -122.513576,
      37.943395
     ],
     [
      -122.513595,
      37.943521
     ],
     [
      -122.51368,
      37.944082
     ],
     [
      -122.513738,
      37.9446
     ],
     [
      -122.513752,
      37.945095
     ],
     [
      -122.513738,
      37.945225
     ],
     [
      -122.513716,
      37.945358
     ],
     [
      -122.513644,
      37.94568
     ],
     [
      -122.513581,
      37.945895
     ],
     [
      -122.513469,
      37.946174
     ],
     [
      -122.513315,
      37.94647
     ],
     [
      -122.51329,
      37.946578
     ],
     [
      -122.51328,
      37.946595
     ],
     [
      -122.513202,
      37.946732
     ],
     [
      -122.51307,
      37.946958
     ],
     [
      -122.512991,
      37.947088
     ],
     [
      -122.512858,
      37.947301
     ],
     [
      -122.512546,
      37.947812
     ],
     [
      -122.512305,
      37.948203
     ],
     [
      -122.512104,
      37.948521
     ],
     [
      -122.512029,
      37.948633
     ],
     [
      -122.511854,
      37.948898
     ],
     [
      -122.511537,
      37.949382
     ],
     [
      -122.51145,
      37.949513
     ],
     [
      -122.511292,
      37.949752
     ],
     [
      -122.511252,
      37.949813
     ],
     [
      -122.511202,
      37.949888
     ],
     [
      -122.511154,
      37.949957
     ],
     [
      -122.511104,
      37.950023
     ],
     [
      -122.511054,
      37.950086
     ],
     [
      -122.510999,
      37.950149
     ],
     [
      -122.510942,
      37.950212
     ],
     [
      -122.510885,
      37.95027
     ],
     [
      -122.510827,
      37.950328
     ],
     [
      -122.510335,
      37.950809
     ],
     [
      -122.50825,
      37.95285
     ],
     [
      -122.508173,
      37.952933
     ],
     [
      -122.508096,
      37.953022
     ],
     [
      -122.50803,
      37.953107
     ],
     [
      -122.507969,
      37.953191
     ],
     [
      -122.507923,
      37.953258
     ],
     [
      -122.507878,
      37.953326
     ],
     [
      -122.507839,
      37.953392
     ],
     [
      -122.507801,
      37.953457
     ],
     [
      -122.507768,
      37.953521
     ],
     [
      -122.507739,
      37.953579
     ],
     [
      -122.507708,
      37.953646
     ],
     [
      -122.507683,
      37.953705
     ],
     [
      -122.507658,
      37.953767
     ],
     [
      -122.507636,
      37.953826
     ],
     [
      -122.507616,
      37.953889
     ],
     [
      -122.507597,
      37.953949
     ],
     [
      -122.50758,
      37.954009
     ],
     [
      -122.507565,
      37.954072
     ],
     [
      -122.507551,
      37.954138
     ],
     [
      -122.507538,
      37.954206
     ],
     [
      -122.507527,
      37.954276
     ],
     [
      -122.507519,
      37.954345
     ],
     [
      -122.507512,
      37.954419
     ],
     [
      -122.507508,
      37.954488
     ],
     [
      -122.507506,
      37.954564
     ],
     [
      -122.507508,
      37.954642
     ],
     [
      -122.507511,
      37.954717
     ],
     [
      -122.507517,
      37.954798
     ],
     [
      -122.507528,
      37.954883
     ],
     [
      -122.50754,
      37.954966
     ],
     [
      -122.507557,
      37.955056
     ],
     [
      -122.507576,
      37.955141
     ],
     [
      -122.507598,
      37.955229
     ],
     [
      -122.50762,
      37.955314
     ],
     [
      -122.50765,
      37.955421
     ],
     [
      -122.507697,
      37.955583
     ],
     [
      -122.507806,
      37.955947
     ],
     [
      -122.507831,
      37.956034
     ],
     [
      -122.507857,
      37.956116
     ],
     [
      -122.507884,
      37.956199
     ],
     [
      -122.507914,
      37.95628
     ],
     [
      -122.507944,
      37.95636
     ],
     [
      -122.507976,
      37.956437
     ],
     [
      -122.508005,
      37.956504
     ],
     [
      -122.508037,
      37.95657
     ],
     [
      -122.50807,
      37.956632
     ],
     [
      -122.508101,
      37.956688
     ],
     [
      -122.508135,
      37.956747
     ],
     [
      -122.50817,
      37.956804
     ],
     [
      -122.508209,
      37.956864
     ],
     [
      -122.508253,
      37.956927
     ],
     [
      -122.508301,
      37.956993
     ],
     [
      -122.508349,
      37.957055
     ],
     [
      -122.508404,
      37.957124
     ],
     [
      -122.508459,
      37.957187
     ],
     [
      -122.508516,
      37.957249
     ],
     [
      -122.508576,
      37.957311
     ],
     [
      -122.508643,
      37.957378
     ],
     [
      -122.50883,
      37.95755
     ],
     [
      -122.508891,
      37.957607
     ],
     [
      -122.509275,
      37.957951
     ],
     [
      -122.509305,
      37.957978
     ],
     [
      -122.50935,
      37.958018
     ],
     [
      -122.510496,
      37.959011
     ],
     [
      -122.511774,
      37.960118
     ],
     [
      -122.511856,
      37.960189
     ],
     [
      -122.512053,
      37.960364
     ],
     [
      -122.512525,
      37.960784
     ],
     [
      -122.512964,
      37.961175
     ],
     [
      -122.513317,
      37.96149
     ],
     [
      -122.513515,
      37.961665
     ],
     [
      -122.514205,
      37.962281
     ],
     [
      -122.514674,
      37.962753
     ],
     [
      -122.514746,
      37.962823
     ],
     [
      -122.514831,
      37.962902
     ],
     [
      -122.514917,
      37.96298
     ],
     [
      -122.515,
      37.963054
     ],
     [
      -122.515556,
      37.963548
     ],
     [
      -122.516045,
      37.963977
     ],
     [
      -122.516097,
      37.964026
     ],
     [
      -122.516779,
      37.964636
     ],
     [
      -122.516937,
      37.964783
     ],
     [
      -122.517847,
      37.965577
     ],
     [
      -122.518218,
      37.965919
     ],
     [
      -122.518523,
      37.966221
     ],
     [
      -122.518973,
      37.966766
     ],
     [
      -122.519316,
      37.967129
     ],
     [
      -122.519395,
      37.967205
     ],
     [
      -122.519601,
      37.967394
     ],
     [
      -122.519822,
      37.967579
     ],
     [
      -122.520055,
      37.967754
     ],
     [
      -122.520299,
      37.967931
     ],
     [
      -122.520825,
      37.968313
     ],
     [
      -122.520984,
      37.968435
     ],
     [
      -122.521139,
      37.968562
     ],
     [
      -122.521276,
      37.96868
     ],
     [
      -122.521409,
      37.968803
     ],
     [
      -122.521563,
      37.968956
     ],
     [
      -122.521715,
      37.969114
     ],
     [
      -122.522,
      37.96942
     ],
     [
      -122.522158,
      37.969589
     ],
     [
      -122.522303,
      37.969745
     ],
     [
      -122.522348,
      37.969794
     ],
     [
      -122.522393,
      37.969845
     ],
     [
      -122.522436,
      37.969895
     ],
     [
      -122.522475,
      37.969943
     ],
     [
      -122.522512,
      37.969991
     ],
     [
      -122.522543,
      37.970034
     ],
     [
      -122.522574,
      37.970079
     ],
     [
      -122.522604,
      37.970126
     ],
     [
      -122.522633,
      37.970173
     ],
     [
      -122.522663,
      37.970224
     ],
     [
      -122.522692,
      37.970282
     ],
     [
      -122.522721,
      37.970341
     ],
     [
      -122.522744,
      37.970391
     ],
     [
      -122.522764,
      37.97044
     ],
     [
      -122.522782,
      37.970487
     ],
     [
      -122.522798,
      37.970533
     ],
     [
      -122.52281,
      37.97057
     ],
     [
      -122.522821,
      37.970607
     ],
     [
      -122.52283,
      37.970642
     ],
     [
      -122.522839,
      37.970678
     ],
     [
      -122.522848,
      37.970719
     ],
     [
      -122.522857,
      37.97076
     ],
     [
      -122.522864,
      37.970803
     ],
     [
      -122.522871,
      37.970849
     ],
     [
      -122.522878,
      37.970906
     ],
     [
      -122.522882,
      37.970974
     ],
     [
      -122.522885,
      37.971041
     ],
     [
      -122.522885,
      37.971111
     ],
     [
      -122.522882,
      37.97117
     ],
     [
      -122.522876,
      37.971247
     ],
     [
      -122.522867,
      37.971317
     ],
     [
      -122.522859,
      37.971366
     ],
     [
      -122.522854,
      37.971395
     ],
     [
      -122.522847,
      37.971431
     ],
     [
      -122.52283,
      37.971503
     ],
     [
      -122.52281,
      37.971578
     ],
     [
      -122.522795,
      37.971637
     ],
     [
      -122.522754,
      37.971793
     ],
     [
      -122.522666,
      37.972127
     ],
     [
      -122.522609,
      37.972345
     ],
     [
      -122.522603,
      37.97237
     ],
     [
      -122.522586,
      37.972441
     ],
     [
      -122.522579,
      37.972474
     ],
     [
      -122.522568,
      37.972527
     ],
     [
      -122.522558,
      37.97258
     ],
     [
      -122.522549,
      37.972635
     ],
     [
      -122.52254,
      37.972696
     ],
     [
      -122.522524,
      37.972812
     ],
     [
      -122.522513,
      37.972881
     ],
     [
      -122.522499,
      37.972951
     ],
     [
      -122.522482,
      37.973028
     ],
     [
      -122.522443,
      37.973178
     ],
     [
      -122.522424,
      37.973252
     ],
     [
      -122.522402,
      37.973334
     ],
     [
      -122.522368,
      37.973465
     ]
    ]
   }
  },
  {
   "type": "Feature",
   "properties": {
    "company": "Northwestern Pacific Railroad",
    "line": "Northwestern Pacific: Sausalito – Manor (via Fairfax)",
    "id": "nwp-marin-sausalito-manor",
    "color": "#386641",
    "mode": "interurban",
    "avg_speed_kmh": 40,
    "speed_source": "Computed from NWP employee Time-Table No. 59 (1 Feb 1933): about 27-30 min Sausalito to Manor, 12.3 mi, about 40 km/h. Earlier years are assumed similar.",
    "geometry_quality": "Traced 12.3 mi, cut at 12.3 mi, against a documented 12.3 mi (1933 employee timetable: Sausalito 6.5, San Anselmo 16.5, Fairfax 18.3, Manor 18.8). Sausalito ferry terminal to Waldo (first ~1.7 mi): OpenHistoricalMap way 200221493 (CC0, digitised from the USGS Tamalpais 1897 topographic sheet) - real but coarse, about one vertex per 150-300 m along the Sausalito waterfront, which has been built over. Waldo to Almonte, Alto tunnel, Corte Madera and Baltimore Park: OSM ways tagged old_railway_operator=Northwestern Pacific Railroad (Mill Valley - Sausalito Path, Alto Tunnel, Corte Madera Pathway), i.e. the abandoned NWP grade itself. Baltimore Park to San Anselmo as on the San Rafael route; San Anselmo to Fairfax and Manor: OSM NWP-tagged abandoned grade (Center Boulevard, Broadway, Sir Francis Drake Boulevard). The Manor end is placed by timetable distance (0.5 mi beyond Fairfax), not by a located station site. Connectors under 0.1 mi. Milepost check against the 1933 employee timetable (distances from San Francisco; Sausalito = 6.5): traced Almonte 10.0 (TT 9.9), San Anselmo 16.5 (16.5), Fairfax 18.3 (18.3).",
    "segments": [
     {
      "start": 1908,
      "end": 1929,
      "headway_min": 30,
      "note": "Under NWP control the former North Shore main line was electrified from San Anselmo through Fairfax to Manor in 1908 (Sievers; Wikipedia); Manor trains ran coupled to San Rafael trains between Sausalito and San Anselmo. Steam trains continued beyond Manor on the narrow-gauge line to Point Reyes and Cazadero; that service is not part of this layer. The 1908 opening month is not sourced. Headway is an ESTIMATE.",
      "sources": [
       "Segment-level: opening year from Sievers, Western Railroader Aug 1954 and Wikipedia; headway is an estimate, not sourced.",
       "https://en.wikipedia.org/wiki/Northwestern_Pacific_Railroad_interurban_lines",
       "https://archive.org/details/sim_western-railroader-the-western-railfan_1954-08_17_10"
      ]
     },
     {
      "start": 1929,
      "end": 1941,
      "headway_min": 60,
      "note": "The Santa Fe sold its half of the NWP to the Southern Pacific in 1929; the SP invested in the interurbans - new Mission-style suburban depots and steel cars (St. Louis Car Co., 1929-30) - but the 1929 Mill Valley fire, the Depression, a 1934 fare rise and the May 1937 opening of the Golden Gate Bridge drained traffic. The California Railroad Commission approved abandonment on 3 October 1939, a Marin municipal-utility-district takeover lost at the polls on 7 November 1939, and the last electric trains ran on 28 February 1941 (Sievers 1954; Wikipedia citing Trimble p.74). NWP employee Time-Table No. 59 (Interurban Trains), effective 1 Feb 1933, read from the page scans: Fairfax-Manor trains ran roughly hourly, more often at the peaks, dividing from San Rafael trains at San Anselmo.",
      "sources": [
       "Segment-level: headway and running time read from NWP employee Time-Table No. 59, 1 Feb 1933 (the opening and closing dates from Wikipedia/Trimble and Sievers below).",
       "http://wx4.org/to/foam/sp/maps/perryETT/1933-02-01NWP_Interurban59-SheldonPerry.pdf",
       "https://en.wikipedia.org/wiki/Northwestern_Pacific_Railroad_interurban_lines",
       "https://archive.org/details/sim_western-railroader-the-western-railfan_1954-08_17_10"
      ]
     }
    ]
   },
   "geometry": {
    "type": "LineString",
    "coordinates": [
     [
      -122.479449,
      37.856754
     ],
     [
      -122.481221,
      37.85785
     ],
     [
      -122.482705,
      37.858662
     ],
     [
      -122.485294,
      37.859778
     ],
     [
      -122.491488,
      37.862243
     ],
     [
      -122.492254,
      37.862823
     ],
     [
      -122.496969,
      37.866502
     ],
     [
      -122.503796,
      37.871904
     ],
     [
      -122.504334,
      37.871775
     ],
     [
      -122.504728,
      37.872112
     ],
     [
      -122.5052,
      37.872449
     ],
     [
      -122.505455,
      37.872598
     ],
     [
      -122.5056,
      37.872683
     ],
     [
      -122.50568,
      37.87274
     ],
     [
      -122.505719,
      37.872768
     ],
     [
      -122.506508,
      37.873191
     ],
     [
      -122.506571,
      37.873227
     ],
     [
      -122.506685,
      37.873297
     ],
     [
      -122.506755,
      37.873345
     ],
     [
      -122.50681,
      37.873387
     ],
     [
      -122.506844,
      37.873416
     ],
     [
      -122.506876,
      37.873444
     ],
     [
      -122.50691,
      37.873475
     ],
     [
      -122.506949,
      37.873511
     ],
     [
      -122.50699,
      37.873545
     ],
     [
      -122.507029,
      37.873577
     ],
     [
      -122.507071,
      37.873611
     ],
     [
      -122.507121,
      37.873649
     ],
     [
      -122.50717,
      37.873683
     ],
     [
      -122.507221,
      37.873717
     ],
     [
      -122.507276,
      37.873752
     ],
     [
      -122.507329,
      37.87379
     ],
     [
      -122.507403,
      37.873844
     ],
     [
      -122.507767,
      37.874123
     ],
     [
      -122.508269,
      37.874505
     ],
     [
      -122.509298,
      37.875296
     ],
     [
      -122.509993,
      37.875831
     ],
     [
      -122.510556,
      37.876262
     ],
     [
      -122.511137,
      37.876709
     ],
     [
      -122.512432,
      37.877704
     ],
     [
      -122.512883,
      37.878049
     ],
     [
      -122.513251,
      37.87833
     ],
     [
      -122.513496,
      37.878518
     ],
     [
      -122.513703,
      37.878678
     ],
     [
      -122.513924,
      37.878852
     ],
     [
      -122.514078,
      37.878977
     ],
     [
      -122.51423,
      37.879095
     ],
     [
      -122.514539,
      37.879329
     ],
     [
      -122.515185,
      37.879836
     ],
     [
      -122.515619,
      37.88017
     ],
     [
      -122.516975,
      37.881214
     ],
     [
      -122.517737,
      37.881799
     ],
     [
      -122.518028,
      37.882013
     ],
     [
      -122.518328,
      37.88223
     ],
     [
      -122.518687,
      37.882508
     ],
     [
      -122.51891,
      37.88268
     ],
     [
      -122.518937,
      37.882702
     ],
     [
      -122.519216,
      37.882917
     ],
     [
      -122.52064,
      37.884015
     ],
     [
      -122.520797,
      37.884131
     ],
     [
      -122.520869,
      37.884185
     ],
     [
      -122.521488,
      37.884681
     ],
     [
      -122.522238,
      37.885261
     ],
     [
      -122.522335,
      37.885334
     ],
     [
      -122.522893,
      37.885761
     ],
     [
      -122.523246,
      37.886027
     ],
     [
      -122.523594,
      37.886301
     ],
     [
      -122.523737,
      37.886427
     ],
     [
      -122.523853,
      37.886538
     ],
     [
      -122.524062,
      37.886763
     ],
     [
      -122.524263,
      37.887025
     ],
     [
      -122.524322,
      37.88712
     ],
     [
      -122.524374,
      37.887216
     ],
     [
      -122.524467,
      37.887414
     ],
     [
      -122.524575,
      37.887678
     ],
     [
      -122.524606,
      37.887787
     ],
     [
      -122.524664,
      37.88799
     ],
     [
      -122.524764,
      37.888357
     ],
     [
      -122.524835,
      37.888731
     ],
     [
      -122.524978,
      37.889571
     ],
     [
      -122.525017,
      37.889827
     ],
     [
      -122.525078,
      37.890182
     ],
     [
      -122.525149,
      37.890607
     ],
     [
      -122.525228,
      37.89103
     ],
     [
      -122.525307,
      37.891545
     ],
     [
      -122.525346,
      37.891808
     ],
     [
      -122.52539,
      37.892073
     ],
     [
      -122.525412,
      37.892204
     ],
     [
      -122.525482,
      37.892611
     ],
     [
      -122.525568,
      37.893133
     ],
     [
      -122.525717,
      37.894026
     ],
     [
      -122.525878,
      37.895003
     ],
     [
      -122.525902,
      37.895174
     ],
     [
      -122.526068,
      37.896127
     ],
     [
      -122.526136,
      37.89665
     ],
     [
      -122.526161,
      37.896787
     ],
     [
      -122.526165,
      37.896898
     ],
     [
      -122.526165,
      37.896913
     ],
     [
      -122.526167,
      37.896968
     ],
     [
      -122.526176,
      37.897037
     ],
     [
      -122.526219,
      37.897158
     ],
     [
      -122.526237,
      37.897188
     ],
     [
      -122.526279,
      37.897318
     ],
     [
      -122.526313,
      37.897525
     ],
     [
      -122.526341,
      37.897843
     ],
     [
      -122.52647,
      37.898698
     ],
     [
      -122.526772,
      37.900525
     ],
     [
      -122.526777,
      37.90055
     ],
     [
      -122.526846,
      37.90095
     ],
     [
      -122.526909,
      37.901149
     ],
     [
      -122.526949,
      37.901347
     ],
     [
      -122.527015,
      37.901802
     ],
     [
      -122.52704,
      37.902149
     ],
     [
      -122.527023,
      37.902397
     ],
     [
      -122.526975,
      37.902655
     ],
     [
      -122.526888,
      37.902944
     ],
     [
      -122.526726,
      37.903281
     ],
     [
      -122.526508,
      37.903751
     ],
     [
      -122.526364,
      37.90407
     ],
     [
      -122.526269,
      37.904303
     ],
     [
      -122.526203,
      37.904563
     ],
     [
      -122.526178,
      37.904642
     ],
     [
      -122.526031,
      37.905618
     ],
     [
      -122.525946,
      37.906277
     ],
     [
      -122.525828,
      37.907149
     ],
     [
      -122.525779,
      37.907429
     ],
     [
      -122.525769,
      37.907496
     ],
     [
      -122.525614,
      37.908442
     ],
     [
      -122.52546,
      37.909025
     ],
     [
      -122.525255,
      37.909633
     ],
     [
      -122.524912,
      37.91039
     ],
     [
      -122.524854,
      37.91052
     ],
     [
      -122.524813,
      37.910606
     ],
     [
      -122.524193,
      37.911944
     ],
     [
      -122.52393,
      37.912522
     ],
     [
      -122.523786,
      37.912853
     ],
     [
      -122.523723,
      37.913032
     ],
     [
      -122.523674,
      37.913246
     ],
     [
      -122.523661,
      37.913374
     ],
     [
      -122.523682,
      37.913489
     ],
     [
      -122.523723,
      37.913662
     ],
     [
      -122.523799,
      37.913826
     ],
     [
      -122.523941,
      37.914106
     ],
     [
      -122.525412,
      37.916693
     ],
     [
      -122.5271,
      37.919661
     ],
     [
      -122.527724,
      37.920979
     ],
     [
      -122.528003,
      37.921567
     ],
     [
      -122.528081,
      37.921732
     ],
     [
      -122.528129,
      37.921833
     ],
     [
      -122.52816,
      37.921897
     ],
     [
      -122.528182,
      37.921943
     ],
     [
      -122.528481,
      37.922911
     ],
     [
      -122.528515,
      37.923119
     ],
     [
      -122.528535,
      37.92336
     ],
     [
      -122.528481,
      37.924499
     ],
     [
      -122.528523,
      37.924728
     ],
     [
      -122.528588,
      37.924966
     ],
     [
      -122.528673,
      37.925155
     ],
     [
      -122.528772,
      37.925363
     ],
     [
      -122.528954,
      37.925633
     ],
     [
      -122.529069,
      37.925803
     ],
     [
      -122.529185,
      37.925949
     ],
     [
      -122.529192,
      37.925956
     ],
     [
      -122.529377,
      37.926196
     ],
     [
      -122.52942,
      37.926254
     ],
     [
      -122.529423,
      37.92626
     ],
     [
      -122.529436,
      37.92628
     ],
     [
      -122.529445,
      37.926295
     ],
     [
      -122.529468,
      37.926332
     ],
     [
      -122.529524,
      37.92642
     ],
     [
      -122.5296,
      37.926516
     ],
     [
      -122.530219,
      37.927287
     ],
     [
      -122.530764,
      37.927978
     ],
     [
      -122.53104,
      37.92833
     ],
     [
      -122.531708,
      37.929291
     ],
     [
      -122.532021,
      37.929879
     ],
     [
      -122.532488,
      37.931232
     ],
     [
      -122.532507,
      37.931294
     ],
     [
      -122.532664,
      37.931774
     ],
     [
      -122.532712,
      37.931917
     ],
     [
      -122.532731,
      37.931975
     ],
     [
      -122.532987,
      37.932757
     ],
     [
      -122.533007,
      37.932819
     ],
     [
      -122.533016,
      37.932843
     ],
     [
      -122.533036,
      37.932896
     ],
     [
      -122.533058,
      37.932949
     ],
     [
      -122.533075,
      37.932999
     ],
     [
      -122.533094,
      37.933052
     ],
     [
      -122.533119,
      37.933127
     ],
     [
      -122.533579,
      37.934534
     ],
     [
      -122.533867,
      37.935413
     ],
     [
      -122.533889,
      37.935482
     ],
     [
      -122.533945,
      37.935654
     ],
     [
      -122.533987,
      37.935811
     ],
     [
      -122.534001,
      37.935867
     ],
     [
      -122.53402,
      37.935933
     ],
     [
      -122.534033,
      37.935973
     ],
     [
      -122.53404,
      37.935996
     ],
     [
      -122.534112,
      37.936239
     ],
     [
      -122.534238,
      37.936619
     ],
     [
      -122.534265,
      37.93671
     ],
     [
      -122.534309,
      37.936846
     ],
     [
      -122.534369,
      37.937027
     ],
     [
      -122.534521,
      37.937603
     ],
     [
      -122.534654,
      37.938038
     ],
     [
      -122.534778,
      37.938269
     ],
     [
      -122.534883,
      37.938417
     ],
     [
      -122.534964,
      37.93853
     ],
     [
      -122.535305,
      37.938791
     ],
     [
      -122.53571,
      37.939127
     ],
     [
      -122.535966,
      37.939354
     ],
     [
      -122.536164,
      37.939529
     ],
     [
      -122.536531,
      37.939836
     ],
     [
      -122.536751,
      37.94002
     ],
     [
      -122.537188,
      37.940367
     ],
     [
      -122.537448,
      37.940641
     ],
     [
      -122.538025,
      37.940925
     ],
     [
      -122.538494,
      37.941153
     ],
     [
      -122.538656,
      37.941258
     ],
     [
      -122.538716,
      37.941325
     ],
     [
      -122.538786,
      37.941398
     ],
     [
      -122.538794,
      37.941417
     ],
     [
      -122.538847,
      37.941522
     ],
     [
      -122.538851,
      37.94153
     ],
     [
      -122.538933,
      37.941689
     ],
     [
      -122.539009,
      37.941815
     ],
     [
      -122.539624,
      37.942698
     ],
     [
      -122.53976,
      37.942899
     ],
     [
      -122.53997,
      37.94311
     ],
     [
      -122.540311,
      37.943284
     ],
     [
      -122.542312,
      37.944485
     ],
     [
      -122.544371,
      37.945917
     ],
     [
      -122.546767,
      37.947138
     ],
     [
      -122.546849,
      37.947184
     ],
     [
      -122.546982,
      37.947259
     ],
     [
      -122.547081,
      37.947314
     ],
     [
      -122.54722,
      37.947393
     ],
     [
      -122.547305,
      37.947441
     ],
     [
      -122.547633,
      37.947628
     ],
     [
      -122.547673,
      37.947651
     ],
     [
      -122.547712,
      37.94767
     ],
     [
      -122.547801,
      37.94772
     ],
     [
      -122.548138,
      37.94791
     ],
     [
      -122.548462,
      37.948092
     ],
     [
      -122.5485,
      37.948113
     ],
     [
      -122.548632,
      37.948187
     ],
     [
      -122.549078,
      37.948439
     ],
     [
      -122.549274,
      37.948552
     ],
     [
      -122.549426,
      37.948723
     ],
     [
      -122.549494,
      37.948814
     ],
     [
      -122.549588,
      37.948982
     ],
     [
      -122.549625,
      37.949157
     ],
     [
      -122.549641,
      37.949338
     ],
     [
      -122.549656,
      37.949875
     ],
     [
      -122.54966,
      37.949947
     ],
     [
      -122.549681,
      37.950378
     ],
     [
      -122.549684,
      37.950441
     ],
     [
      -122.549687,
      37.9505
     ],
     [
      -122.549801,
      37.950853
     ],
     [
      -122.54998,
      37.951397
     ],
     [
      -122.552485,
      37.956346
     ],
     [
      -122.553007,
      37.957394
     ],
     [
      -122.553098,
      37.957611
     ],
     [
      -122.553087,
      37.95788
     ],
     [
      -122.55302,
      37.958014
     ],
     [
      -122.55294,
      37.958162
     ],
     [
      -122.552868,
      37.95835
     ],
     [
      -122.55286,
      37.958508
     ],
     [
      -122.552887,
      37.958605
     ],
     [
      -122.552927,
      37.958703
     ],
     [
      -122.553065,
      37.958846
     ],
     [
      -122.553216,
      37.958974
     ],
     [
      -122.55328,
      37.959029
     ],
     [
      -122.553827,
      37.959602
     ],
     [
      -122.554248,
      37.960059
     ],
     [
      -122.554628,
      37.960368
     ],
     [
      -122.555319,
      37.960884
     ],
     [
      -122.555943,
      37.961454
     ],
     [
      -122.556847,
      37.962293
     ],
     [
      -122.557127,
      37.962567
     ],
     [
      -122.55772,
      37.96312
     ],
     [
      -122.558181,
      37.963556
     ],
     [
      -122.558538,
      37.963932
     ],
     [
      -122.558861,
      37.964377
     ],
     [
      -122.559143,
      37.964843
     ],
     [
      -122.559286,
      37.965115
     ],
     [
      -122.559353,
      37.965306
     ],
     [
      -122.55922,
      37.965717
     ],
     [
      -122.559967,
      37.967255
     ],
     [
      -122.561519,
      37.971986
     ],
     [
      -122.561766,
      37.973044
     ],
     [
      -122.561825,
      37.973533
     ],
     [
      -122.561983,
      37.975022
     ],
     [
      -122.562002,
      37.975274
     ],
     [
      -122.562096,
      37.975619
     ],
     [
      -122.562178,
      37.975778
     ],
     [
      -122.562296,
      37.975952
     ],
     [
      -122.562738,
      37.976291
     ],
     [
      -122.56277,
      37.976311
     ],
     [
      -122.562993,
      37.97646
     ],
     [
      -122.563495,
      37.976797
     ],
     [
      -122.563556,
      37.97683
     ],
     [
      -122.564073,
      37.976965
     ],
     [
      -122.564909,
      37.977134
     ],
     [
      -122.567376,
      37.977571
     ],
     [
      -122.567541,
      37.9776
     ],
     [
      -122.567667,
      37.977622
     ],
     [
      -122.568683,
      37.97781
     ],
     [
      -122.568928,
      37.977879
     ],
     [
      -122.569106,
      37.977955
     ],
     [
      -122.571771,
      37.979364
     ],
     [
      -122.571847,
      37.979402
     ],
     [
      -122.571944,
      37.97945
     ],
     [
      -122.574732,
      37.980918
     ],
     [
      -122.576819,
      37.982053
     ],
     [
      -122.577542,
      37.982478
     ],
     [
      -122.580427,
      37.984342
     ],
     [
      -122.581045,
      37.984742
     ],
     [
      -122.582059,
      37.985402
     ],
     [
      -122.582541,
      37.985707
     ],
     [
      -122.582632,
      37.985745
     ],
     [
      -122.582753,
      37.985787
     ],
     [
      -122.58278,
      37.985798
     ],
     [
      -122.582827,
      37.985818
     ],
     [
      -122.58297,
      37.985873
     ],
     [
      -122.583126,
      37.985928
     ],
     [
      -122.583421,
      37.986011
     ],
     [
      -122.583685,
      37.986074
     ],
     [
      -122.584359,
      37.986251
     ],
     [
      -122.584578,
      37.986318
     ],
     [
      -122.584907,
      37.986453
     ],
     [
      -122.58506,
      37.986516
     ],
     [
      -122.585169,
      37.98656
     ],
     [
      -122.585196,
      37.98657
     ],
     [
      -122.585527,
      37.986663
     ],
     [
      -122.585945,
      37.986751
     ],
     [
      -122.58638,
      37.986813
     ],
     [
      -122.587204,
      37.986883
     ],
     [
      -122.587323,
      37.986901
     ],
     [
      -122.587439,
      37.986915
     ],
     [
      -122.587476,
      37.986918
     ],
     [
      -122.587679,
      37.986937
     ],
     [
      -122.588369,
      37.987001
     ],
     [
      -122.588408,
      37.987005
     ],
     [
      -122.588806,
      37.987042
     ],
     [
      -122.588915,
      37.987053
     ],
     [
      -122.589026,
      37.98707
     ],
     [
      -122.589397,
      37.987107
     ],
     [
      -122.589528,
      37.987126
     ],
     [
      -122.589614,
      37.987135
     ],
     [
      -122.590049,
      37.987223
     ],
     [
      -122.59012,
      37.987238
     ],
     [
      -122.590375,
      37.987352
     ],
     [
      -122.590471,
      37.987395
     ],
     [
      -122.590518,
      37.987426
     ],
     [
      -122.590682,
      37.987544
     ],
     [
      -122.590867,
      37.98772
     ],
     [
      -122.591093,
      37.987935
     ],
     [
      -122.591283,
      37.988386
     ],
     [
      -122.591406,
      37.988688
     ],
     [
      -122.591529,
      37.988968
     ],
     [
      -122.591571,
      37.989052
     ],
     [
      -122.591604,
      37.989121
     ],
     [
      -122.591655,
      37.989239
     ],
     [
      -122.591734,
      37.98943
     ],
     [
      -122.591803,
      37.989623
     ],
     [
      -122.591943,
      37.989965
     ],
     [
      -122.591954,
      37.990222
     ],
     [
      -122.591993,
      37.990313
     ],
     [
      -122.592029,
      37.990364
     ],
     [
      -122.592094,
      37.990421
     ],
     [
      -122.592245,
      37.990601
     ],
     [
      -122.592461,
      37.990823
     ],
     [
      -122.592563,
      37.991035
     ],
     [
      -122.592904,
      37.991664
     ],
     [
      -122.592984,
      37.991813
     ],
     [
      -122.593475,
      37.992487
     ],
     [
      -122.593941,
      37.99313
     ],
     [
      -122.593979,
      37.993182
     ]
    ]
   }
  }
 ]
}