{
 "type": "FeatureCollection",
 "metadata": {
  "name": "Ocean Shore Railroad",
  "pulled": "20260930",
  "note": "The Ocean Shore Railway (incorporated 18 May 1905; reorganised as the Ocean Shore Railroad on 9 October 1911 after its 1909 bankruptcy and 1911 sale to bondholders) set out to build a double-track electric railway from San Francisco to Santa Cruz along the San Mateo coast. The 1906 earthquake threw much of the new grade into the sea and the line was never joined: it ran as two disconnected steam railroads - the Northern Division from 12th and Mission Streets, San Francisco, to Tobin (1907) and on to Tunitas Glen (1908), and the Southern Division from Santa Cruz to Scott Creek (1906) and Swanton (1908) - with a Stanley Steamer auto stage over the 26-mile Tunitas-Swanton gap (not drawn). Only the franchise section on San Francisco streets was electrified (600 V DC, worked by electric locomotives); everywhere else, including Santa Cruz, was steam and later gasoline motor cars. All passenger service ended with an employees' walkout on 16 August 1920; abandonment was approved in October 1920.",
  "mode_note": "Northern Division = commuter_rail: a steam railroad (electric locomotives only for the city street section) carrying San Francisco suburban, real-estate and excursion traffic with several trains a day and theatre trains; it was not an electric car line between communities, so not interurban despite its electric-railway charter and Wikipedia's \"interurban railways\" category. Southern Division = intercity_rail: a rural steam branch with one or two trains a day, later mixed with log traffic.",
  "ownership_note": "One company and one colour (#1695A3, pre-reserved for this railroad). The 1911 change from Ocean Shore Railway to Ocean Shore Railroad was a sale at foreclosure to the same bondholders, who kept running the same trains with the same staff and equipment; it is recorded as a segment boundary, not a Rule 4 split. The Scott Creek Railway (1908) was a paper subsidiary worked with Ocean Shore equipment and is not a separate company here. The Municipal Railway's 1917 emergency steam trains over the Army Street-Daly City part of the line lasted weeks and are recorded as context only.",
  "geometry_quality": "Northern Division 38.6 mi traced vs 38.0 mi documented; Southern Division 15.7 mi traced vs 15.5 mi documented. Real period geometry: OpenHistoricalMap way 200014102 (from the 1915 USGS San Mateo sheet) for Palmetto Avenue to Montara, 15.7 mi; OSM ways tagged old_railway_operator=Ocean Shore Railway/Railroad or otherwise railway=abandoned for Montara-Tunitas and Scott-Swanton. Proxies (labelled per feature): San Francisco streets including Alemany Boulevard, which is the railroad's own paved-over right of way (7.0 mi, of which 0.14 mi straight line and 0.75 mi Bayshore Boulevard stand-in); Half Moon Bay Coastal Trail and Highway 1 (5.8 mi); the parallel SP Santa Cruz Branch from Natural Bridges to Davenport (9.1 mi). The Devil's Slide section is drawn on its pre-1916 alignment for all years. All lines checked for reversals, revisits and single-vertex spikes (none).",
  "not_yet_sourced": [
   "Running times and timetables for any year - no Ocean Shore public timetable was found online; all avg_speed_kmh values and every headway except 1906 (south) and 1912 (north) are estimates.",
   "Exact Southern Division frequency 1908-1920 and whether passengers were carried only on mixed trains.",
   "Opening date of Scott-Swanton: Brandt (1954) implies May 1906, Whaley (santacruztrains.com) June-July 1908. 1908 used.",
   "Start date of the Tunitas-Swanton auto stage: 1908 (Brandt) vs 1914 (Whaley).",
   "Formal abandonment of the south end: 24 Oct 1920 (Brandt) vs 23 Oct 1920 (Whaley).",
   "The line from Army and Potrero to the shops (via San Bruno/Holladay Avenues) and the post-1916 Devil's Slide relocation are not mapped; both are drawn approximately.",
   "Jim Fergusson's branchline.uk California station list (cited by the Wikipedia route map) returned 403 Forbidden, so station-by-station timetable years were not checked."
  ],
  "sources": [
   "Brandt, Rudolph. \"Ocean Shore: Reaches the Beaches.\" The Western Railroader 15:7 (issue 151), 1954 - full OCR on archive.org; the main source for dates, electrification and service. https://archive.org/details/sim_western-railroader-the-western-railfan_1952_15_7",
   "Wikipedia, Ocean Shore Railroad. https://en.wikipedia.org/wiki/Ocean_Shore_Railroad",
   "Wikipedia route-map template with mileposts (citing Fergusson's station list and the 1911 Chevalier map). https://en.wikipedia.org/wiki/Template:Ocean_Shore_Railroad",
   "Derek Whaley, Santa Cruz Trains: Railroads: Ocean Shore Railway/Railroad. https://www.santacruztrains.com/2018/02/railroads-ocean-shore-railway-railroad.html",
   "Derek Whaley, Santa Cruz Trains: Railroads: Scott Creek Railway. https://www.santacruztrains.com/2020/10/railroads-scott-creek-railway.html",
   "Derek Whaley, Santa Cruz Trains: Stations: Santa Cruz (Ocean Shore). https://www.santacruztrains.com/2020/07/stations-santa-cruz-ocean-shore.html",
   "Derek Whaley, Santa Cruz Trains: Scott & Scott Junction. https://www.santacruztrains.com/2014/08/scott-scott-junction.html",
   "OpenHistoricalMap way 200014102 \"Ocean Shore Railroad\" (CC0), geometry only. https://www.openhistoricalmap.org/way/200014102",
   "OpenStreetMap contributors (ODbL) - abandoned-railway, road and SP Santa Cruz Branch geometry via Overpass."
  ],
  "excluded": "Not drawn: the Tunitas-Swanton auto stage; freight-only switching of the Potrero district trackage by Muni, SP and WP after August 1920 and the Western Pacific-operated remnant used into the 1980s; the San Vicente Lumber Company's private operation of the south end 1920-1923 and its Little Creek logging line; the unbuilt Golden Gate Park branch and the unbuilt Tunitas-Pigeon Point grade."
 },
 "features": [
  {
   "type": "Feature",
   "properties": {
    "company": "Ocean Shore Railroad",
    "line": "Ocean Shore: Northern Division (San Francisco – Tobin)",
    "id": "osrr-north-sf-tobin",
    "color": "#1695A3",
    "mode": "commuter_rail",
    "avg_speed_kmh": 30,
    "speed_source": "ESTIMATE. No Ocean Shore public timetable with running times was found (Brandt 1954 gives train counts, not times). 30 km/h (about 19 mph) allows for the electric-locomotive street running on 12th Street, Florida Street and Potrero Avenue, an engine change at the shops, and steam running on a curving cliffside line.",
    "geometry_quality": "Traced 18.5 mi against a documented 18.1 mi (Wikipedia route-map template mileposts: 12th & Mission 0.0, Sixteenth Street 0.8, Twenty-Fourth Street 1.9, Shops 2.5, Onondaga 5.4, Palmetto 7.1, Daly City 7.6, Mussel Rock 11.9, Salada 14.3, Rockaway 16.6, Pedro Valley/Tobin 18.1). Intermediate checks against those mileposts fall within 0.25 mi: Daly City 7.7, Mussel Rock 12.1, Salada 14.1, Rockaway 16.7. SAN FRANCISCO, 7.0 mi, APPROXIMATED ON TODAY'S STREETS: 12th & Mission to Army & Potrero (2.2 mi) is routed on the franchise streets Brandt names - 12th Street, Florida Street, Mariposa Street, Potrero Avenue - over the OSM road graph (0.17 mi of the start runs on 11th/Harrison/Bryant connectors because 12th Street no longer meets Division directly); a 0.14 mi STRAIGHT LINE bridges Potrero Avenue to Bayshore Boulevard across the US-101 interchange; Bayshore Boulevard (0.75 mi) STANDS IN for the line's real route from Army Street past San Bruno and Holladay Avenues to the shops, which does not survive and is not mapped; Alemany Boulevard (3.8 mi, OSM road geometry) is the Ocean Shore's own right of way, which the city bought and paved (Brandt 1954), so it is a good proxy for the alignment from the shops to Palmetto Avenue. PALMETTO AVENUE TO TOBIN, 11.7 mi: OpenHistoricalMap way 200014102 (CC0), digitised from the USGS San Mateo 1915 topographic sheet - real period geometry through Daly City, Thornton, Mussel Rock, Salada, Rockaway and the Pedro Valley cut. OHM dates were not used.",
    "segments": [
     {
      "start": 1907,
      "end": 1912,
      "headway_min": 300,
      "note": "The first passenger train ran from 12th and Mission Streets to Tobin (later Pedro Valley) on 2 October 1907 - two coaches behind engine 2, 125 passengers. The company had meant to wait for a through line to Santa Cruz but opened early for revenue after the 1906 earthquake and the 1907 panic. Within San Francisco the franchise required electric haulage: the line from 12th and Mission out 12th Street, Florida Street and Potrero Avenue to the shops near the later Alemany/Bayshore junction (about MP 2.5) was wired at 600 V DC and trains were worked there by electric locomotives 51-53 (51 in service March 1907); steam took over at the shops for the rest of the line. Weekend crowds were so heavy that benches were fitted to flat cars. The Ocean Shore Railway went bankrupt in late 1909 (receiver Fred Stratton) and was sold to its bondholders on 17 January 1911, reincorporating as the Ocean Shore Railroad on 9 October 1911; trains ran throughout. Saturday-night theatre trains were added on 26 October 1910. Headway is an ESTIMATE (no timetable found for these years; Brandt says trains ran \"not always on schedule\").",
      "sources": [
       "Segment-level: Brandt, \"Ocean Shore: Reaches the Beaches\", The Western Railroader 15:7 (1954), pp. 4-10 - 12th & Mission terminal, franchise and electric-haulage requirement, 600 V DC, motor 51, 2 Oct 1907 first train to Tobin, bankruptcy, 1911 sale, theatre trains.",
       "https://archive.org/details/sim_western-railroader-the-western-railfan_1952_15_7",
       "https://en.wikipedia.org/wiki/Ocean_Shore_Railroad",
       "https://www.santacruztrains.com/2018/02/railroads-ocean-shore-railway-railroad.html"
      ]
     },
     {
      "start": 1912,
      "end": 1920,
      "headway_min": 240,
      "note": "By March 1912 general manager Lee Landis had established a daily service of four trains each way, running on time for the first time, and the line showed a profit of $18,700 for 1912. From 1915 the Municipal Railway's H Potrero streetcars ran over Ocean Shore track on Potrero Avenue (Muni laid a parallel track from 18th to 25th Streets). In the United Railroads strike of August-October 1917 Ocean Shore trains carried Union Iron Works shipyard specials, and from 18 September 1917 the Municipal Railway itself ran 42 daily steam trains with leased Ocean Shore equipment from Army and Potrero to Daly City - a short Muni operation recorded here as context, not drawn as a separate company. Earnings fell nearly 50 percent in 1917 under jitney competition; two gasoline motor cars went into service on the north end in November 1918. The company applied to abandon the north end on 12 August 1920; four days later (16 August) all operating employees walked out and no Ocean Shore train ran again. Abandonment was approved 10 October 1920. Afterwards Muni, then SP and WP, switched the Potrero industrial trackage for freight only - not drawn (Rule 1). Headway 240 is Brandt's 1912 four-trains-each-way figure carried forward; the 1917-1920 frequency is an ESTIMATE.",
      "sources": [
       "Segment-level: Brandt 1954, pp. 12-18 - four daily trains each way (March 1912), H line over Potrero Avenue (1915), 1917 Muni emergency service, gas motor cars Nov 1918, 16 Aug 1920 walkout, 10 Oct 1920 abandonment. The walkout is corroborated by the San Francisco Examiner, 17 Aug 1920, p. 11 (\"Ocean Shore Trains Quit Indefinitely\"), cited by Wikipedia; that article itself was not read.",
       "https://archive.org/details/sim_western-railroader-the-western-railfan_1952_15_7",
       "https://en.wikipedia.org/wiki/Ocean_Shore_Railroad",
       "https://www.newspapers.com/article/the-san-francisco-examiner-20-08-17-exam/63049331/"
      ]
     }
    ]
   },
   "geometry": {
    "type": "LineString",
    "coordinates": [
     [
      -122.418865,
      37.772492
     ],
     [
      -122.418765,
      37.772509
     ],
     [
      -122.418752,
      37.772507
     ],
     [
      -122.418677,
      37.772492
     ],
     [
      -122.418589,
      37.772458
     ],
     [
      -122.418498,
      37.772399
     ],
     [
      -122.41845,
      37.772238
     ],
     [
      -122.41832,
      37.772253
     ],
     [
      -122.418193,
      37.772252
     ],
     [
      -122.418145,
      37.772251
     ],
     [
      -122.418095,
      37.772238
     ],
     [
      -122.417991,
      37.772193
     ],
     [
      -122.417045,
      37.771783
     ],
     [
      -122.416939,
      37.771737
     ],
     [
      -122.416827,
      37.771689
     ],
     [
      -122.41619,
      37.771411
     ],
     [
      -122.415119,
      37.770945
     ],
     [
      -122.415003,
      37.770895
     ],
     [
      -122.414899,
      37.77085
     ],
     [
      -122.414341,
      37.770607
     ],
     [
      -122.414128,
      37.770513
     ],
     [
      -122.413892,
      37.770403
     ],
     [
      -122.413761,
      37.770345
     ],
     [
      -122.413717,
      37.770324
     ],
     [
      -122.413688,
      37.770311
     ],
     [
      -122.413546,
      37.770245
     ],
     [
      -122.413478,
      37.770222
     ],
     [
      -122.413449,
      37.770216
     ],
     [
      -122.413419,
      37.770214
     ],
     [
      -122.413375,
      37.770212
     ],
     [
      -122.413345,
      37.77021
     ],
     [
      -122.413325,
      37.770207
     ],
     [
      -122.4133,
      37.770197
     ],
     [
      -122.41321,
      37.770156
     ],
     [
      -122.413188,
      37.770147
     ],
     [
      -122.413076,
      37.770099
     ],
     [
      -122.412987,
      37.770209
     ],
     [
      -122.41296,
      37.770239
     ],
     [
      -122.412797,
      37.770405
     ],
     [
      -122.412699,
      37.770486
     ],
     [
      -122.412577,
      37.770567
     ],
     [
      -122.412478,
      37.770644
     ],
     [
      -122.412373,
      37.770587
     ],
     [
      -122.412184,
      37.77044
     ],
     [
      -122.412047,
      37.770322
     ],
     [
      -122.411991,
      37.770277
     ],
     [
      -122.411884,
      37.770189
     ],
     [
      -122.411547,
      37.769915
     ],
     [
      -122.411483,
      37.769863
     ],
     [
      -122.411285,
      37.769705
     ],
     [
      -122.41127,
      37.769694
     ],
     [
      -122.411183,
      37.769624
     ],
     [
      -122.411102,
      37.769564
     ],
     [
      -122.411035,
      37.76951
     ],
     [
      -122.410875,
      37.76943
     ],
     [
      -122.410872,
      37.769334
     ],
     [
      -122.410863,
      37.769265
     ],
     [
      -122.410858,
      37.769224
     ],
     [
      -122.410833,
      37.769019
     ],
     [
      -122.410951,
      37.769003
     ],
     [
      -122.41098,
      37.768999
     ],
     [
      -122.411135,
      37.76897
     ],
     [
      -122.411311,
      37.768922
     ],
     [
      -122.411767,
      37.768603
     ],
     [
      -122.411741,
      37.768329
     ],
     [
      -122.41173,
      37.768199
     ],
     [
      -122.411723,
      37.768123
     ],
     [
      -122.411707,
      37.767993
     ],
     [
      -122.41169,
      37.767853
     ],
     [
      -122.411678,
      37.767753
     ],
     [
      -122.411663,
      37.767588
     ],
     [
      -122.411638,
      37.767309
     ],
     [
      -122.411609,
      37.76699
     ],
     [
      -122.411596,
      37.766846
     ],
     [
      -122.411586,
      37.766756
     ],
     [
      -122.411528,
      37.766179
     ],
     [
      -122.411513,
      37.766018
     ],
     [
      -122.411507,
      37.765977
     ],
     [
      -122.411497,
      37.765854
     ],
     [
      -122.41151,
      37.765658
     ],
     [
      -122.411489,
      37.765557
     ],
     [
      -122.411469,
      37.765459
     ],
     [
      -122.411418,
      37.76493
     ],
     [
      -122.411416,
      37.764909
     ],
     [
      -122.411356,
      37.764333
     ],
     [
      -122.411345,
      37.764263
     ],
     [
      -122.411334,
      37.764191
     ],
     [
      -122.411241,
      37.763065
     ],
     [
      -122.411132,
      37.762992
     ],
     [
      -122.410382,
      37.763031
     ],
     [
      -122.410263,
      37.763038
     ],
     [
      -122.41013,
      37.763046
     ],
     [
      -122.40997,
      37.763056
     ],
     [
      -122.409409,
      37.76309
     ],
     [
      -122.409298,
      37.763097
     ],
     [
      -122.409237,
      37.7631
     ],
     [
      -122.40844,
      37.763149
     ],
     [
      -122.408327,
      37.763156
     ],
     [
      -122.408192,
      37.763164
     ],
     [
      -122.40749,
      37.763207
     ],
     [
      -122.407255,
      37.763145
     ],
     [
      -122.407235,
      37.762932
     ],
     [
      -122.407156,
      37.762024
     ],
     [
      -122.407148,
      37.761943
     ],
     [
      -122.407142,
      37.761875
     ],
     [
      -122.407121,
      37.761653
     ],
     [
      -122.407086,
      37.761295
     ],
     [
      -122.407048,
      37.760908
     ],
     [
      -122.407032,
      37.760744
     ],
     [
      -122.407024,
      37.760669
     ],
     [
      -122.407018,
      37.7606
     ],
     [
      -122.406997,
      37.760368
     ],
     [
      -122.406904,
      37.759456
     ],
     [
      -122.406899,
      37.759376
     ],
     [
      -122.406892,
      37.759307
     ],
     [
      -122.406873,
      37.759084
     ],
     [
      -122.406769,
      37.758022
     ],
     [
      -122.406751,
      37.757846
     ],
     [
      -122.406745,
      37.75778
     ],
     [
      -122.406738,
      37.757711
     ],
     [
      -122.406726,
      37.757568
     ],
     [
      -122.40671,
      37.757393
     ],
     [
      -122.406697,
      37.757215
     ],
     [
      -122.406661,
      37.756928
     ],
     [
      -122.406651,
      37.756846
     ],
     [
      -122.406645,
      37.756764
     ],
     [
      -122.406601,
      37.756237
     ],
     [
      -122.406595,
      37.756176
     ],
     [
      -122.406588,
      37.7561
     ],
     [
      -122.4065,
      37.755189
     ],
     [
      -122.406449,
      37.754652
     ],
     [
      -122.406442,
      37.754581
     ],
     [
      -122.406423,
      37.754377
     ],
     [
      -122.406415,
      37.754298
     ],
     [
      -122.406406,
      37.75421
     ],
     [
      -122.406343,
      37.753561
     ],
     [
      -122.406321,
      37.753325
     ],
     [
      -122.406298,
      37.753081
     ],
     [
      -122.406291,
      37.753002
     ],
     [
      -122.406286,
      37.752929
     ],
     [
      -122.406251,
      37.752529
     ],
     [
      -122.406184,
      37.751817
     ],
     [
      -122.406179,
      37.751739
     ],
     [
      -122.406174,
      37.751665
     ],
     [
      -122.406172,
      37.751632
     ],
     [
      -122.406145,
      37.751382
     ],
     [
      -122.406109,
      37.751026
     ],
     [
      -122.406105,
      37.750996
     ],
     [
      -122.4061,
      37.750963
     ],
     [
      -122.406092,
      37.750932
     ],
     [
      -122.406082,
      37.750902
     ],
     [
      -122.406069,
      37.750872
     ],
     [
      -122.406055,
      37.750844
     ],
     [
      -122.40577,
      37.750304
     ],
     [
      -122.405555,
      37.749895
     ],
     [
      -122.405482,
      37.749755
     ],
     [
      -122.405465,
      37.749726
     ],
     [
      -122.403888,
      37.748151
     ],
     [
      -122.403873,
      37.748123
     ],
     [
      -122.403859,
      37.748093
     ],
     [
      -122.403846,
      37.748061
     ],
     [
      -122.403832,
      37.748028
     ],
     [
      -122.403821,
      37.747996
     ],
     [
      -122.403813,
      37.747964
     ],
     [
      -122.403805,
      37.747932
     ],
     [
      -122.4038,
      37.747901
     ],
     [
      -122.403796,
      37.747867
     ],
     [
      -122.403794,
      37.747833
     ],
     [
      -122.403793,
      37.747801
     ],
     [
      -122.403796,
      37.747769
     ],
     [
      -122.4038,
      37.747737
     ],
     [
      -122.403807,
      37.747706
     ],
     [
      -122.403815,
      37.747674
     ],
     [
      -122.403823,
      37.747642
     ],
     [
      -122.403833,
      37.747609
     ],
     [
      -122.403843,
      37.747579
     ],
     [
      -122.403865,
      37.747515
     ],
     [
      -122.403888,
      37.747452
     ],
     [
      -122.403911,
      37.747388
     ],
     [
      -122.404313,
      37.746327
     ],
     [
      -122.404354,
      37.746189
     ],
     [
      -122.404372,
      37.746131
     ],
     [
      -122.404382,
      37.746079
     ],
     [
      -122.404382,
      37.746025
     ],
     [
      -122.404375,
      37.745961
     ],
     [
      -122.404257,
      37.745528
     ],
     [
      -122.404241,
      37.745448
     ],
     [
      -122.404228,
      37.74537
     ],
     [
      -122.40422,
      37.745277
     ],
     [
      -122.404221,
      37.74518
     ],
     [
      -122.404236,
      37.745092
     ],
     [
      -122.404263,
      37.745003
     ],
     [
      -122.40428,
      37.74496
     ],
     [
      -122.40454,
      37.744298
     ],
     [
      -122.404581,
      37.744211
     ],
     [
      -122.404628,
      37.744126
     ],
     [
      -122.404682,
      37.744038
     ],
     [
      -122.404741,
      37.743952
     ],
     [
      -122.404803,
      37.743863
     ],
     [
      -122.404866,
      37.743775
     ],
     [
      -122.404927,
      37.743692
     ],
     [
      -122.405012,
      37.743574
     ],
     [
      -122.405175,
      37.74335
     ],
     [
      -122.405288,
      37.743192
     ],
     [
      -122.405339,
      37.74311
     ],
     [
      -122.405399,
      37.743004
     ],
     [
      -122.405451,
      37.742916
     ],
     [
      -122.405475,
      37.742879
     ],
     [
      -122.405505,
      37.742832
     ],
     [
      -122.405641,
      37.742647
     ],
     [
      -122.405728,
      37.742527
     ],
     [
      -122.405829,
      37.742388
     ],
     [
      -122.406034,
      37.74211
     ],
     [
      -122.406104,
      37.742016
     ],
     [
      -122.406349,
      37.741684
     ],
     [
      -122.406394,
      37.741625
     ],
     [
      -122.406451,
      37.741546
     ],
     [
      -122.406504,
      37.741474
     ],
     [
      -122.406544,
      37.741419
     ],
     [
      -122.406583,
      37.741364
     ],
     [
      -122.406643,
      37.741271
     ],
     [
      -122.406695,
      37.741181
     ],
     [
      -122.406745,
      37.741086
     ],
     [
      -122.406788,
      37.740994
     ],
     [
      -122.406828,
      37.7409
     ],
     [
      -122.406864,
      37.740806
     ],
     [
      -122.406896,
      37.740711
     ],
     [
      -122.406925,
      37.740611
     ],
     [
      -122.406948,
      37.740511
     ],
     [
      -122.406966,
      37.740413
     ],
     [
      -122.406979,
      37.740313
     ],
     [
      -122.406991,
      37.740208
     ],
     [
      -122.407042,
      37.739656
     ],
     [
      -122.407048,
      37.739579
     ],
     [
      -122.407056,
      37.739491
     ],
     [
      -122.407071,
      37.739332
     ],
     [
      -122.407088,
      37.739151
     ],
     [
      -122.4071,
      37.739022
     ],
     [
      -122.407107,
      37.73891
     ],
     [
      -122.407112,
      37.738809
     ],
     [
      -122.407112,
      37.738703
     ],
     [
      -122.407108,
      37.738603
     ],
     [
      -122.407099,
      37.738504
     ],
     [
      -122.407034,
      37.738095
     ],
     [
      -122.407032,
      37.738085
     ],
     [
      -122.407028,
      37.738059
     ],
     [
      -122.407019,
      37.738006
     ],
     [
      -122.406999,
      37.737892
     ],
     [
      -122.407052,
      37.737877
     ],
     [
      -122.407077,
      37.73787
     ],
     [
      -122.407131,
      37.737853
     ],
     [
      -122.407175,
      37.737833
     ],
     [
      -122.407218,
      37.737809
     ],
     [
      -122.407257,
      37.737774
     ],
     [
      -122.407282,
      37.737733
     ],
     [
      -122.407291,
      37.737691
     ],
     [
      -122.407285,
      37.737646
     ],
     [
      -122.407253,
      37.737572
     ],
     [
      -122.407155,
      37.737351
     ],
     [
      -122.407071,
      37.737161
     ],
     [
      -122.407031,
      37.737046
     ],
     [
      -122.407007,
      37.73692
     ],
     [
      -122.406999,
      37.736831
     ],
     [
      -122.406999,
      37.736715
     ],
     [
      -122.407014,
      37.736629
     ],
     [
      -122.407042,
      37.736536
     ],
     [
      -122.407098,
      37.736405
     ],
     [
      -122.407149,
      37.736336
     ],
     [
      -122.407175,
      37.736293
     ],
     [
      -122.40727,
      37.736199
     ],
     [
      -122.407315,
      37.736157
     ],
     [
      -122.407474,
      37.736046
     ],
     [
      -122.40752,
      37.736021
     ],
     [
      -122.407572,
      37.735999
     ],
     [
      -122.407632,
      37.735982
     ],
     [
      -122.407692,
      37.735969
     ],
     [
      -122.407826,
      37.735949
     ],
     [
      -122.408205,
      37.735891
     ],
     [
      -122.408334,
      37.735872
     ],
     [
      -122.408419,
      37.735859
     ],
     [
      -122.408481,
      37.73585
     ],
     [
      -122.408571,
      37.735837
     ],
     [
      -122.408666,
      37.735819
     ],
     [
      -122.408746,
      37.735802
     ],
     [
      -122.408815,
      37.735785
     ],
     [
      -122.408886,
      37.735765
     ],
     [
      -122.408972,
      37.735739
     ],
     [
      -122.409051,
      37.735715
     ],
     [
      -122.409126,
      37.735689
     ],
     [
      -122.409195,
      37.735662
     ],
     [
      -122.409265,
      37.735633
     ],
     [
      -122.409338,
      37.735601
     ],
     [
      -122.409407,
      37.735568
     ],
     [
      -122.409477,
      37.735531
     ],
     [
      -122.409543,
      37.735494
     ],
     [
      -122.409609,
      37.735453
     ],
     [
      -122.409666,
      37.735417
     ],
     [
      -122.409729,
      37.735376
     ],
     [
      -122.409846,
      37.735298
     ],
     [
      -122.410517,
      37.734845
     ],
     [
      -122.410615,
      37.734784
     ],
     [
      -122.4107,
      37.734735
     ],
     [
      -122.410835,
      37.734661
     ],
     [
      -122.411039,
      37.73455
     ],
     [
      -122.411172,
      37.734479
     ],
     [
      -122.411273,
      37.734426
     ],
     [
      -122.411355,
      37.734385
     ],
     [
      -122.411435,
      37.734344
     ],
     [
      -122.411472,
      37.734325
     ],
     [
      -122.411509,
      37.734305
     ],
     [
      -122.411545,
      37.734282
     ],
     [
      -122.411581,
      37.734259
     ],
     [
      -122.41165,
      37.734213
     ],
     [
      -122.41172,
      37.734167
     ],
     [
      -122.411787,
      37.734121
     ],
     [
      -122.411849,
      37.734078
     ],
     [
      -122.411909,
      37.734035
     ],
     [
      -122.412156,
      37.733858
     ],
     [
      -122.412216,
      37.733816
     ],
     [
      -122.412284,
      37.733769
     ],
     [
      -122.412346,
      37.733729
     ],
     [
      -122.412546,
      37.733616
     ],
     [
      -122.412614,
      37.733582
     ],
     [
      -122.412683,
      37.73355
     ],
     [
      -122.412762,
      37.733515
     ],
     [
      -122.412832,
      37.733485
     ],
     [
      -122.413714,
      37.733103
     ],
     [
      -122.413803,
      37.733063
     ],
     [
      -122.413878,
      37.733025
     ],
     [
      -122.413945,
      37.732986
     ],
     [
      -122.414017,
      37.732938
     ],
     [
      -122.414074,
      37.732894
     ],
     [
      -122.414132,
      37.732846
     ],
     [
      -122.414187,
      37.732793
     ],
     [
      -122.414228,
      37.732744
     ],
     [
      -122.414261,
      37.732702
     ],
     [
      -122.414291,
      37.732657
     ],
     [
      -122.414323,
      37.732606
     ],
     [
      -122.414361,
      37.732546
     ],
     [
      -122.414616,
      37.732107
     ],
     [
      -122.414657,
      37.73204
     ],
     [
      -122.414702,
      37.731975
     ],
     [
      -122.414751,
      37.731916
     ],
     [
      -122.414802,
      37.731861
     ],
     [
      -122.414855,
      37.731809
     ],
     [
      -122.414915,
      37.731757
     ],
     [
      -122.414981,
      37.731706
     ],
     [
      -122.415044,
      37.731664
     ],
     [
      -122.415116,
      37.731621
     ],
     [
      -122.415193,
      37.731582
     ],
     [
      -122.415275,
      37.731547
     ],
     [
      -122.41537,
      37.731512
     ],
     [
      -122.415455,
      37.731487
     ],
     [
      -122.415539,
      37.731467
     ],
     [
      -122.415619,
      37.731452
     ],
     [
      -122.415701,
      37.731442
     ],
     [
      -122.415787,
      37.731434
     ],
     [
      -122.415895,
      37.731431
     ],
     [
      -122.415969,
      37.731433
     ],
     [
      -122.416046,
      37.731439
     ],
     [
      -122.416138,
      37.731449
     ],
     [
      -122.416811,
      37.731519
     ],
     [
      -122.416974,
      37.731537
     ],
     [
      -122.417161,
      37.731555
     ],
     [
      -122.417337,
      37.731569
     ],
     [
      -122.417496,
      37.73158
     ],
     [
      -122.41775,
      37.731595
     ],
     [
      -122.418702,
      37.731648
     ],
     [
      -122.418972,
      37.731663
     ],
     [
      -122.419447,
      37.731678
     ],
     [
      -122.419848,
      37.731665
     ],
     [
      -122.42009,
      37.731645
     ],
     [
      -122.420365,
      37.731617
     ],
     [
      -122.420617,
      37.731561
     ],
     [
      -122.42099,
      37.73148
     ],
     [
      -122.421402,
      37.731404
     ],
     [
      -122.421746,
      37.731347
     ],
     [
      -122.421937,
      37.731316
     ],
     [
      -122.422237,
      37.731273
     ],
     [
      -122.422875,
      37.7312
     ],
     [
      -122.422963,
      37.731189
     ],
     [
      -122.423273,
      37.731158
     ],
     [
      -122.423512,
      37.731142
     ],
     [
      -122.423947,
      37.731115
     ],
     [
      -122.424368,
      37.731098
     ],
     [
      -122.424781,
      37.731089
     ],
     [
      -122.425217,
      37.731083
     ],
     [
      -122.425476,
      37.731083
     ],
     [
      -122.425729,
      37.731089
     ],
     [
      -122.426181,
      37.731124
     ],
     [
      -122.426325,
      37.731142
     ],
     [
      -122.426562,
      37.731172
     ],
     [
      -122.426642,
      37.731185
     ],
     [
      -122.427588,
      37.73133
     ],
     [
      -122.427797,
      37.731358
     ],
     [
      -122.42796,
      37.731367
     ],
     [
      -122.428107,
      37.731364
     ],
     [
      -122.428265,
      37.731344
     ],
     [
      -122.428433,
      37.731306
     ],
     [
      -122.429435,
      37.731015
     ],
     [
      -122.429512,
      37.730997
     ],
     [
      -122.429576,
      37.730982
     ],
     [
      -122.429635,
      37.730969
     ],
     [
      -122.429807,
      37.73092
     ],
     [
      -122.429924,
      37.730886
     ],
     [
      -122.430182,
      37.73082
     ],
     [
      -122.430965,
      37.730593
     ],
     [
      -122.431155,
      37.730542
     ],
     [
      -122.431277,
      37.730508
     ],
     [
      -122.432382,
      37.73019
     ],
     [
      -122.432561,
      37.730136
     ],
     [
      -122.432723,
      37.730075
     ],
     [
      -122.432877,
      37.730012
     ],
     [
      -122.433061,
      37.729926
     ],
     [
      -122.43319,
      37.729849
     ],
     [
      -122.433309,
      37.729766
     ],
     [
      -122.433404,
      37.729704
     ],
     [
      -122.433463,
      37.729664
     ],
     [
      -122.433632,
      37.729538
     ],
     [
      -122.433691,
      37.729487
     ],
     [
      -122.433765,
      37.729424
     ],
     [
      -122.43387,
      37.729325
     ],
     [
      -122.433919,
      37.729278
     ],
     [
      -122.433969,
      37.729223
     ],
     [
      -122.434394,
      37.728765
     ],
     [
      -122.434446,
      37.728708
     ],
     [
      -122.434489,
      37.72866
     ],
     [
      -122.434893,
      37.728199
     ],
     [
      -122.434933,
      37.728153
     ],
     [
      -122.43498,
      37.728102
     ],
     [
      -122.435453,
      37.727587
     ],
     [
      -122.435522,
      37.727511
     ],
     [
      -122.435574,
      37.727432
     ],
     [
      -122.435638,
      37.7273
     ],
     [
      -122.435808,
      37.727024
     ],
     [
      -122.435932,
      37.726795
     ],
     [
      -122.435971,
      37.726711
     ],
     [
      -122.435997,
      37.726646
     ],
     [
      -122.436136,
      37.726381
     ],
     [
      -122.436322,
      37.72607
     ],
     [
      -122.436619,
      37.725408
     ],
     [
      -122.436932,
      37.724842
     ],
     [
      -122.436967,
      37.724779
     ],
     [
      -122.436987,
      37.724743
     ],
     [
      -122.437113,
      37.724521
     ],
     [
      -122.437225,
      37.724303
     ],
     [
      -122.437299,
      37.724052
     ],
     [
      -122.437307,
      37.723991
     ],
     [
      -122.437329,
      37.723809
     ],
     [
      -122.437342,
      37.723715
     ],
     [
      -122.43738,
      37.723627
     ],
     [
      -122.437426,
      37.723518
     ],
     [
      -122.437504,
      37.723334
     ],
     [
      -122.437545,
      37.723238
     ],
     [
      -122.437729,
      37.722943
     ],
     [
      -122.437996,
      37.722514
     ],
     [
      -122.438312,
      37.722007
     ],
     [
      -122.438491,
      37.72172
     ],
     [
      -122.438535,
      37.721662
     ],
     [
      -122.438593,
      37.721584
     ],
     [
      -122.438621,
      37.721535
     ],
     [
      -122.438631,
      37.721518
     ],
     [
      -122.43873,
      37.721358
     ],
     [
      -122.439256,
      37.720506
     ],
     [
      -122.439451,
      37.720192
     ],
     [
      -122.439674,
      37.719929
     ],
     [
      -122.439892,
      37.71972
     ],
     [
      -122.440144,
      37.7195
     ],
     [
      -122.441234,
      37.718643
     ],
     [
      -122.441299,
      37.718592
     ],
     [
      -122.441348,
      37.718554
     ],
     [
      -122.442209,
      37.717876
     ],
     [
      -122.442313,
      37.717795
     ],
     [
      -122.442411,
      37.717723
     ],
     [
      -122.442803,
      37.717422
     ],
     [
      -122.442871,
      37.71737
     ],
     [
      -122.443352,
      37.716991
     ],
     [
      -122.443416,
      37.716941
     ],
     [
      -122.443471,
      37.716897
     ],
     [
      -122.444489,
      37.716098
     ],
     [
      -122.444541,
      37.716057
     ],
     [
      -122.444606,
      37.716006
     ],
     [
      -122.444812,
      37.715844
     ],
     [
      -122.445158,
      37.715596
     ],
     [
      -122.445409,
      37.715459
     ],
     [
      -122.445731,
      37.715309
     ],
     [
      -122.44583,
      37.715264
     ],
     [
      -122.445961,
      37.715204
     ],
     [
      -122.44716,
      37.714663
     ],
     [
      -122.447235,
      37.714629
     ],
     [
      -122.447336,
      37.714583
     ],
     [
      -122.44892,
      37.713862
     ],
     [
      -122.448984,
      37.713833
     ],
     [
      -122.44965,
      37.713536
     ],
     [
      -122.450119,
      37.713312
     ],
     [
      -122.450564,
      37.71306
     ],
     [
      -122.450903,
      37.712832
     ],
     [
      -122.451266,
      37.71256
     ],
     [
      -122.451868,
      37.712086
     ],
     [
      -122.451921,
      37.712043
     ],
     [
      -122.451995,
      37.711986
     ],
     [
      -122.452493,
      37.711596
     ],
     [
      -122.45277,
      37.711413
     ],
     [
      -122.453048,
      37.711242
     ],
     [
      -122.453116,
      37.711198
     ],
     [
      -122.453185,
      37.711161
     ],
     [
      -122.453564,
      37.710957
     ],
     [
      -122.453808,
      37.710838
     ],
     [
      -122.453961,
      37.710767
     ],
     [
      -122.454102,
      37.710702
     ],
     [
      -122.454248,
      37.710644
     ],
     [
      -122.454417,
      37.710582
     ],
     [
      -122.454572,
      37.71053
     ],
     [
      -122.454746,
      37.71048
     ],
     [
      -122.454836,
      37.710455
     ],
     [
      -122.454923,
      37.710431
     ],
     [
      -122.454991,
      37.710421
     ],
     [
      -122.455057,
      37.710397
     ],
     [
      -122.455213,
      37.710354
     ],
     [
      -122.455365,
      37.710316
     ],
     [
      -122.455517,
      37.710282
     ],
     [
      -122.455686,
      37.710247
     ],
     [
      -122.45584,
      37.710216
     ],
     [
      -122.456009,
      37.710184
     ],
     [
      -122.456171,
      37.710161
     ],
     [
      -122.456338,
      37.71014
     ],
     [
      -122.456503,
      37.71012
     ],
     [
      -122.456663,
      37.710103
     ],
     [
      -122.457058,
      37.710061
     ],
     [
      -122.457245,
      37.710037
     ],
     [
      -122.457348,
      37.710031
     ],
     [
      -122.457512,
      37.710023
     ],
     [
      -122.457671,
      37.710017
     ],
     [
      -122.457719,
      37.710017
     ],
     [
      -122.457752,
      37.710017
     ],
     [
      -122.457838,
      37.710015
     ],
     [
      -122.458043,
      37.710016
     ],
     [
      -122.458918,
      37.710027
     ],
     [
      -122.459472,
      37.710034
     ],
     [
      -122.459641,
      37.710044
     ],
     [
      -122.461455,
      37.710929
     ],
     [
      -122.462675,
      37.711441
     ],
     [
      -122.463947,
      37.711731
     ],
     [
      -122.465451,
      37.711889
     ],
     [
      -122.466261,
      37.711818
     ],
     [
      -122.467263,
      37.711522
     ],
     [
      -122.468608,
      37.710913
     ],
     [
      -122.470679,
      37.709736
     ],
     [
      -122.471309,
      37.709127
     ],
     [
      -122.471545,
      37.708715
     ],
     [
      -122.471829,
      37.707746
     ],
     [
      -122.471884,
      37.704943
     ],
     [
      -122.471915,
      37.697532
     ],
     [
      -122.472172,
      37.696656
     ],
     [
      -122.472809,
      37.69612
     ],
     [
      -122.473594,
      37.695881
     ],
     [
      -122.47462,
      37.695813
     ],
     [
      -122.477431,
      37.695876
     ],
     [
      -122.482361,
      37.695994
     ],
     [
      -122.4833,
      37.696092
     ],
     [
      -122.484352,
      37.696509
     ],
     [
      -122.485556,
      37.697192
     ],
     [
      -122.486419,
      37.697718
     ],
     [
      -122.486849,
      37.698238
     ],
     [
      -122.48789,
      37.699604
     ],
     [
      -122.488341,
      37.699956
     ],
     [
      -122.488832,
      37.700188
     ],
     [
      -122.489307,
      37.700308
     ],
     [
      -122.489878,
      37.700313
     ],
     [
      -122.4905,
      37.700138
     ],
     [
      -122.495649,
      37.698101
     ],
     [
      -122.496087,
      37.6979
     ],
     [
      -122.496292,
      37.697474
     ],
     [
      -122.496333,
      37.696931
     ],
     [
      -122.496319,
      37.69576
     ],
     [
      -122.496316,
      37.695496
     ],
     [
      -122.496395,
      37.695088
     ],
     [
      -122.496946,
      37.693498
     ],
     [
      -122.497059,
      37.692997
     ],
     [
      -122.497065,
      37.692555
     ],
     [
      -122.496938,
      37.691225
     ],
     [
      -122.496295,
      37.688595
     ],
     [
      -122.496161,
      37.687677
     ],
     [
      -122.496113,
      37.686979
     ],
     [
      -122.496199,
      37.686306
     ],
     [
      -122.496252,
      37.685964
     ],
     [
      -122.496247,
      37.685581
     ],
     [
      -122.496174,
      37.68513
     ],
     [
      -122.49592,
      37.6843
     ],
     [
      -122.495655,
      37.683589
     ],
     [
      -122.495552,
      37.683125
     ],
     [
      -122.495371,
      37.680351
     ],
     [
      -122.495359,
      37.678758
     ],
     [
      -122.495284,
      37.678149
     ],
     [
      -122.495097,
      37.677594
     ],
     [
      -122.495034,
      37.677267
     ],
     [
      -122.495029,
      37.676902
     ],
     [
      -122.495047,
      37.676302
     ],
     [
      -122.495046,
      37.675728
     ],
     [
      -122.494932,
      37.675105
     ],
     [
      -122.494538,
      37.673946
     ],
     [
      -122.49351,
      37.671876
     ],
     [
      -122.493363,
      37.671459
     ],
     [
      -122.493302,
      37.671157
     ],
     [
      -122.493288,
      37.670786
     ],
     [
      -122.49436,
      37.667968
     ],
     [
      -122.494549,
      37.667372
     ],
     [
      -122.494655,
      37.666983
     ],
     [
      -122.494655,
      37.66659
     ],
     [
      -122.493609,
      37.664684
     ],
     [
      -122.493224,
      37.664288
     ],
     [
      -122.492282,
      37.663501
     ],
     [
      -122.492024,
      37.663156
     ],
     [
      -122.491921,
      37.662768
     ],
     [
      -122.491946,
      37.662344
     ],
     [
      -122.492107,
      37.661848
     ],
     [
      -122.492198,
      37.661508
     ],
     [
      -122.492224,
      37.661111
     ],
     [
      -122.49143,
      37.65625
     ],
     [
      -122.491227,
      37.655577
     ],
     [
      -122.490887,
      37.654892
     ],
     [
      -122.489458,
      37.652343
     ],
     [
      -122.489186,
      37.651748
     ],
     [
      -122.489137,
      37.651369
     ],
     [
      -122.489207,
      37.650754
     ],
     [
      -122.489445,
      37.650131
     ],
     [
      -122.492178,
      37.646177
     ],
     [
      -122.492384,
      37.645655
     ],
     [
      -122.492388,
      37.645238
     ],
     [
      -122.492327,
      37.644712
     ],
     [
      -122.491935,
      37.643804
     ],
     [
      -122.490926,
      37.642134
     ],
     [
      -122.490669,
      37.641433
     ],
     [
      -122.490539,
      37.640833
     ],
     [
      -122.490032,
      37.634166
     ],
     [
      -122.489716,
      37.628893
     ],
     [
      -122.489625,
      37.627222
     ],
     [
      -122.489451,
      37.62648
     ],
     [
      -122.489037,
      37.625765
     ],
     [
      -122.488364,
      37.625046
     ],
     [
      -122.486409,
      37.623354
     ],
     [
      -122.485914,
      37.622827
     ],
     [
      -122.485682,
      37.622407
     ],
     [
      -122.48548,
      37.621694
     ],
     [
      -122.485688,
      37.616907
     ],
     [
      -122.485835,
      37.616283
     ],
     [
      -122.48626,
      37.615657
     ],
     [
      -122.486797,
      37.61513
     ],
     [
      -122.48826,
      37.614055
     ],
     [
      -122.492204,
      37.611574
     ],
     [
      -122.495454,
      37.609303
     ],
     [
      -122.497422,
      37.608117
     ],
     [
      -122.499024,
      37.607288
     ],
     [
      -122.50083,
      37.607514
     ],
     [
      -122.501402,
      37.607352
     ],
     [
      -122.501351,
      37.605302
     ],
     [
      -122.499626,
      37.60417
     ],
     [
      -122.499507,
      37.602591
     ],
     [
      -122.499589,
      37.602123
     ],
     [
      -122.501178,
      37.59966
     ],
     [
      -122.503981,
      37.59705
     ],
     [
      -122.505183,
      37.596208
     ],
     [
      -122.506131,
      37.595824
     ],
     [
      -122.507021,
      37.595634
     ],
     [
      -122.50796,
      37.595674
     ],
     [
      -122.509115,
      37.596048
     ],
     [
      -122.512522,
      37.59732
     ],
     [
      -122.513002,
      37.59738
     ],
     [
      -122.513375,
      37.597343
     ],
     [
      -122.513628,
      37.597065
     ],
     [
      -122.514753,
      37.595347
     ],
     [
      -122.515382,
      37.594888
     ]
    ]
   }
  },
  {
   "type": "Feature",
   "properties": {
    "company": "Ocean Shore Railroad",
    "line": "Ocean Shore: Northern Division (Tobin – Tunitas Glen)",
    "id": "osrr-north-tobin-tunitas",
    "color": "#1695A3",
    "mode": "commuter_rail",
    "avg_speed_kmh": 30,
    "speed_source": "ESTIMATE; see osrr-north-sf-tobin. No running times found.",
    "geometry_quality": "Traced 20.1 mi against a documented 19.9 mi (Pedro Valley MP 18.1 to Tunitas MP 38.0, Wikipedia route-map template). Checks: Montara 22.9 (MP 22.8), Princeton 26.2 (MP 26.0), Half Moon Bay 30.2 (MP 30.2). Tobin to Montara (4.1 mi) is OpenHistoricalMap way 200014102, digitised from the USGS San Mateo 1915 sheet - i.e. the ORIGINAL pre-1916 alignment round San Pedro Point and Devil's Slide. LATER-ERA CAVEAT: after the January 1916 slide nearly a mile at Devil's Slide was relocated (Brandt), and the 1916-1920 segment is drawn on the 1915 alignment because the relocation is not mapped. Montara to Tunitas Glen (16.0 mi) is routed by Dijkstra over OSM: 5.6 mi on ways tagged old_railway_operator=Ocean Shore Railway (Cabrillo Highway through Montara-Moss Beach and El Granada, the Coastal Trail grade at Miramar and Half Moon Bay), 4.6 mi on untagged railway=abandoned ways (mostly one 3.0 mi way from Purisima to Lobitos and the pieces from Lobitos to Tunitas), and 5.8 mi of PROXY: 2.8 mi on the Half Moon Bay Coastal Trail, 2.1 mi on Highway 1 (chiefly Moss Beach to Princeton past the airport, where the grade is not mapped) and 0.8 mi on service roads and tracks - these run beside, not on, the railroad. The line ends at the south end of the last mapped grade near Tunitas Creek; the exact Tunitas Glen terminal site is not mapped.",
    "segments": [
     {
      "start": 1908,
      "end": 1912,
      "headway_min": 300,
      "note": "Extended south from Tobin in 1908 through the Devil's Slide cliffs and the Pedro Point tunnel: the rails reached Granada (El Granada, the railroad's own planned town) on 23 June 1908, Half Moon Bay in mid-October and Tunitas Glen by the end of 1908 - the farthest south the Northern Division ever got. A 26-mile gap remained to the Southern Division; grading went on toward Pigeon Point but no track was laid. Through passengers rode a Stanley Steamer auto stage between Tunitas Glen and Swanton (Brandt places it from the 1908 opening, santacruztrains.com from 1914 - a SOURCE CONFLICT, recorded not resolved). The stage leg is NOT drawn. Because the 1908 openings were staggered, Granada-Tunitas carried no trains for part of 1908. Headway is an ESTIMATE.",
      "sources": [
       "Segment-level: Brandt 1954, p. 8 - Granada 23 June 1908, Half Moon Bay mid-October 1908, Tunitas Glen by end of 1908, Stanley Steamer shuttle to Swanton. Whaley (santacruztrains.com) - Tunitas Glen late 1908 as the maximum extent; autobus from 1914.",
       "https://archive.org/details/sim_western-railroader-the-western-railfan_1952_15_7",
       "https://www.santacruztrains.com/2018/02/railroads-ocean-shore-railway-railroad.html",
       "https://en.wikipedia.org/wiki/Ocean_Shore_Railroad"
      ]
     },
     {
      "start": 1912,
      "end": 1916,
      "headway_min": 240,
      "note": "Four trains each way daily from March 1912 (Brandt). Large picnic and excursion traffic - the San Francisco mail carriers' picnic of 9 June 1912 to Princeton used nearly every engine on the line. A combined landslide and washout on 15 January 1916 stopped all trains south of Pedro Valley. Headway from Brandt's 1912 figure.",
      "sources": [
       "Segment-level: Brandt 1954, pp. 12-14 - four trains daily (1912), 9 June 1912 picnic traffic, 15 Jan 1916 washout.",
       "https://archive.org/details/sim_western-railroader-the-western-railfan_1952_15_7",
       "https://en.wikipedia.org/wiki/Ocean_Shore_Railroad"
      ]
     },
     {
      "start": 1916,
      "end": 1920,
      "headway_min": 240,
      "note": "Service south of Pedro Valley resumed to Tunitas on 4 March 1916 after nearly a mile of roadbed at Devil's Slide was relocated at a cost of $300,000 (the geometry here still shows the pre-relocation 1915 alignment - see geometry_quality). Gasoline motor cars from November 1918. Service ended with the employees' walkout of 16 August 1920; abandonment of the north end was approved 10 October 1920. Artichoke growers offered to have SP lease the line; SP declined. Headway is an ESTIMATE carried forward from 1912.",
      "sources": [
       "Segment-level: Brandt 1954, pp. 14-18 - 4 Mar 1916 resumption and Devil's Slide relocation, motor cars, 16 Aug 1920 walkout, 10 Oct 1920 abandonment.",
       "https://archive.org/details/sim_western-railroader-the-western-railfan_1952_15_7",
       "https://en.wikipedia.org/wiki/Ocean_Shore_Railroad",
       "https://www.newspapers.com/article/the-san-francisco-examiner-20-08-17-exam/63049331/"
      ]
     }
    ]
   },
   "geometry": {
    "type": "LineString",
    "coordinates": [
     [
      -122.515382,
      37.594888
     ],
     [
      -122.516128,
      37.594623
     ],
     [
      -122.516971,
      37.594436
     ],
     [
      -122.517976,
      37.594339
     ],
     [
      -122.519604,
      37.594267
     ],
     [
      -122.519835,
      37.594236
     ],
     [
      -122.52003,
      37.594104
     ],
     [
      -122.520124,
      37.593746
     ],
     [
      -122.520076,
      37.593417
     ],
     [
      -122.519756,
      37.593135
     ],
     [
      -122.517599,
      37.591536
     ],
     [
      -122.516669,
      37.590609
     ],
     [
      -122.516417,
      37.590125
     ],
     [
      -122.516425,
      37.589421
     ],
     [
      -122.516813,
      37.588026
     ],
     [
      -122.516806,
      37.58736
     ],
     [
      -122.516661,
      37.586747
     ],
     [
      -122.516395,
      37.586185
     ],
     [
      -122.516316,
      37.585783
     ],
     [
      -122.516397,
      37.585412
     ],
     [
      -122.516536,
      37.585144
     ],
     [
      -122.516559,
      37.584867
     ],
     [
      -122.516415,
      37.584579
     ],
     [
      -122.516367,
      37.584155
     ],
     [
      -122.516357,
      37.583799
     ],
     [
      -122.516513,
      37.583481
     ],
     [
      -122.516719,
      37.583115
     ],
     [
      -122.517186,
      37.581861
     ],
     [
      -122.517376,
      37.581115
     ],
     [
      -122.517368,
      37.580776
     ],
     [
      -122.517236,
      37.580123
     ],
     [
      -122.517266,
      37.579717
     ],
     [
      -122.51738,
      37.579427
     ],
     [
      -122.517775,
      37.578481
     ],
     [
      -122.517865,
      37.578012
     ],
     [
      -122.517762,
      37.577317
     ],
     [
      -122.517585,
      37.576653
     ],
     [
      -122.517541,
      37.575867
     ],
     [
      -122.517643,
      37.575411
     ],
     [
      -122.517937,
      37.574886
     ],
     [
      -122.518042,
      37.574504
     ],
     [
      -122.518005,
      37.574007
     ],
     [
      -122.516454,
      37.571694
     ],
     [
      -122.516366,
      37.571372
     ],
     [
      -122.516404,
      37.571011
     ],
     [
      -122.516572,
      37.570523
     ],
     [
      -122.516555,
      37.570284
     ],
     [
      -122.516047,
      37.569626
     ],
     [
      -122.515557,
      37.569133
     ],
     [
      -122.514931,
      37.568773
     ],
     [
      -122.511412,
      37.568012
     ],
     [
      -122.511018,
      37.567786
     ],
     [
      -122.510796,
      37.567554
     ],
     [
      -122.510672,
      37.567221
     ],
     [
      -122.510748,
      37.566871
     ],
     [
      -122.511911,
      37.564695
     ],
     [
      -122.513355,
      37.562686
     ],
     [
      -122.513527,
      37.56232
     ],
     [
      -122.513636,
      37.561932
     ],
     [
      -122.513644,
      37.560519
     ],
     [
      -122.513709,
      37.560146
     ],
     [
      -122.513847,
      37.559761
     ],
     [
      -122.514414,
      37.559003
     ],
     [
      -122.51451,
      37.558602
     ],
     [
      -122.514394,
      37.558239
     ],
     [
      -122.513429,
      37.557104
     ],
     [
      -122.513209,
      37.556624
     ],
     [
      -122.513054,
      37.556086
     ],
     [
      -122.512699,
      37.554457
     ],
     [
      -122.512616,
      37.553881
     ],
     [
      -122.512263,
      37.550335
     ],
     [
      -122.512075,
      37.547015
     ],
     [
      -122.512178,
      37.546405
     ],
     [
      -122.512617,
      37.545802
     ],
     [
      -122.513672,
      37.545405
     ],
     [
      -122.514015,
      37.545569
     ],
     [
      -122.514125,
      37.54541
     ],
     [
      -122.514351,
      37.545083
     ],
     [
      -122.514388,
      37.545029
     ],
     [
      -122.514821,
      37.544366
     ],
     [
      -122.514887,
      37.544265
     ],
     [
      -122.515145,
      37.543889
     ],
     [
      -122.515598,
      37.543242
     ],
     [
      -122.515738,
      37.543023
     ],
     [
      -122.51585,
      37.542825
     ],
     [
      -122.51596,
      37.542589
     ],
     [
      -122.516054,
      37.542357
     ],
     [
      -122.516124,
      37.542137
     ],
     [
      -122.516135,
      37.542104
     ],
     [
      -122.516171,
      37.541983
     ],
     [
      -122.5162,
      37.541883
     ],
     [
      -122.516269,
      37.541653
     ],
     [
      -122.516481,
      37.540905
     ],
     [
      -122.516514,
      37.540795
     ],
     [
      -122.516662,
      37.540317
     ],
     [
      -122.516765,
      37.539985
     ],
     [
      -122.516904,
      37.539484
     ],
     [
      -122.517317,
      37.538014
     ],
     [
      -122.51739,
      37.537757
     ],
     [
      -122.517458,
      37.537509
     ],
     [
      -122.51751,
      37.537317
     ],
     [
      -122.517575,
      37.53711
     ],
     [
      -122.517714,
      37.536568
     ],
     [
      -122.517795,
      37.536198
     ],
     [
      -122.517854,
      37.535817
     ],
     [
      -122.517886,
      37.535566
     ],
     [
      -122.517892,
      37.535489
     ],
     [
      -122.517907,
      37.5353
     ],
     [
      -122.517913,
      37.534926
     ],
     [
      -122.517899,
      37.534552
     ],
     [
      -122.517859,
      37.534141
     ],
     [
      -122.517795,
      37.53371
     ],
     [
      -122.517701,
      37.533273
     ],
     [
      -122.517569,
      37.532825
     ],
     [
      -122.517417,
      37.532408
     ],
     [
      -122.517213,
      37.531951
     ],
     [
      -122.517014,
      37.531565
     ],
     [
      -122.5168,
      37.531202
     ],
     [
      -122.516585,
      37.530854
     ],
     [
      -122.516457,
      37.530676
     ],
     [
      -122.516323,
      37.530506
     ],
     [
      -122.516176,
      37.530328
     ],
     [
      -122.51602,
      37.530152
     ],
     [
      -122.515755,
      37.529861
     ],
     [
      -122.515512,
      37.529606
     ],
     [
      -122.514932,
      37.529023
     ],
     [
      -122.514623,
      37.528706
     ],
     [
      -122.514382,
      37.528464
     ],
     [
      -122.513712,
      37.52779
     ],
     [
      -122.513398,
      37.527471
     ],
     [
      -122.513206,
      37.527279
     ],
     [
      -122.512809,
      37.526876
     ],
     [
      -122.512203,
      37.526264
     ],
     [
      -122.511986,
      37.526044
     ],
     [
      -122.511615,
      37.525666
     ],
     [
      -122.511401,
      37.525453
     ],
     [
      -122.510984,
      37.525027
     ],
     [
      -122.510768,
      37.524809
     ],
     [
      -122.510592,
      37.524631
     ],
     [
      -122.510382,
      37.524415
     ],
     [
      -122.510204,
      37.524235
     ],
     [
      -122.510081,
      37.524111
     ],
     [
      -122.50996,
      37.52399
     ],
     [
      -122.509845,
      37.523877
     ],
     [
      -122.509529,
      37.523556
     ],
     [
      -122.509356,
      37.523382
     ],
     [
      -122.509257,
      37.523282
     ],
     [
      -122.509112,
      37.523137
     ],
     [
      -122.508976,
      37.523006
     ],
     [
      -122.508854,
      37.522889
     ],
     [
      -122.508688,
      37.522735
     ],
     [
      -122.508531,
      37.522591
     ],
     [
      -122.508384,
      37.522459
     ],
     [
      -122.508214,
      37.522311
     ],
     [
      -122.508057,
      37.522179
     ],
     [
      -122.507881,
      37.522034
     ],
     [
      -122.507656,
      37.521857
     ],
     [
      -122.507421,
      37.521676
     ],
     [
      -122.507237,
      37.52154
     ],
     [
      -122.507054,
      37.521406
     ],
     [
      -122.50689,
      37.521292
     ],
     [
      -122.506727,
      37.521182
     ],
     [
      -122.506604,
      37.521102
     ],
     [
      -122.506496,
      37.521031
     ],
     [
      -122.506385,
      37.520959
     ],
     [
      -122.506171,
      37.520825
     ],
     [
      -122.506004,
      37.520722
     ],
     [
      -122.5056,
      37.520483
     ],
     [
      -122.504719,
      37.520002
     ],
     [
      -122.50408,
      37.519658
     ],
     [
      -122.502341,
      37.518729
     ],
     [
      -122.501711,
      37.518392
     ],
     [
      -122.496301,
      37.515497
     ],
     [
      -122.495615,
      37.515127
     ],
     [
      -122.494974,
      37.514779
     ],
     [
      -122.494722,
      37.514645
     ],
     [
      -122.494473,
      37.514492
     ],
     [
      -122.494267,
      37.514359
     ],
     [
      -122.494246,
      37.514346
     ],
     [
      -122.494225,
      37.514332
     ],
     [
      -122.49391,
      37.514126
     ],
     [
      -122.493719,
      37.513992
     ],
     [
      -122.493081,
      37.513528
     ],
     [
      -122.492008,
      37.512741
     ],
     [
      -122.489932,
      37.511203
     ],
     [
      -122.489618,
      37.510975
     ],
     [
      -122.489359,
      37.510787
     ],
     [
      -122.488899,
      37.510454
     ],
     [
      -122.488199,
      37.509953
     ],
     [
      -122.488076,
      37.509865
     ],
     [
      -122.487544,
      37.509474
     ],
     [
      -122.487191,
      37.509203
     ],
     [
      -122.48572,
      37.508075
     ],
     [
      -122.485383,
      37.507825
     ],
     [
      -122.484984,
      37.507529
     ],
     [
      -122.484791,
      37.507384
     ],
     [
      -122.484531,
      37.507191
     ],
     [
      -122.484234,
      37.506973
     ],
     [
      -122.483935,
      37.506764
     ],
     [
      -122.483614,
      37.506548
     ],
     [
      -122.483378,
      37.506405
     ],
     [
      -122.482969,
      37.50614
     ],
     [
      -122.482748,
      37.506006
     ],
     [
      -122.482318,
      37.505765
     ],
     [
      -122.482008,
      37.505598
     ],
     [
      -122.481578,
      37.505392
     ],
     [
      -122.481207,
      37.505218
     ],
     [
      -122.481129,
      37.505184
     ],
     [
      -122.480837,
      37.505057
     ],
     [
      -122.480223,
      37.5048
     ],
     [
      -122.47896,
      37.504263
     ],
     [
      -122.478838,
      37.504211
     ],
     [
      -122.478408,
      37.50403
     ],
     [
      -122.47807,
      37.50389
     ],
     [
      -122.476202,
      37.503169
     ],
     [
      -122.475752,
      37.502995
     ],
     [
      -122.47558,
      37.502929
     ],
     [
      -122.475478,
      37.502889
     ],
     [
      -122.47523,
      37.502793
     ],
     [
      -122.474558,
      37.502533
     ],
     [
      -122.474065,
      37.502342
     ],
     [
      -122.473418,
      37.502093
     ],
     [
      -122.472538,
      37.501753
     ],
     [
      -122.471992,
      37.501543
     ],
     [
      -122.471891,
      37.501503
     ],
     [
      -122.471277,
      37.501265
     ],
     [
      -122.470139,
      37.500815
     ],
     [
      -122.46919,
      37.500451
     ],
     [
      -122.468737,
      37.500277
     ],
     [
      -122.468236,
      37.500079
     ],
     [
      -122.467549,
      37.499822
     ],
     [
      -122.467601,
      37.499741
     ],
     [
      -122.467631,
      37.499645
     ],
     [
      -122.467504,
      37.499538
     ],
     [
      -122.467403,
      37.499483
     ],
     [
      -122.467327,
      37.499453
     ],
     [
      -122.467167,
      37.499419
     ],
     [
      -122.467035,
      37.499387
     ],
     [
      -122.46692,
      37.499344
     ],
     [
      -122.464624,
      37.497955
     ],
     [
      -122.464431,
      37.497838
     ],
     [
      -122.464227,
      37.49772
     ],
     [
      -122.46367,
      37.497413
     ],
     [
      -122.463567,
      37.497361
     ],
     [
      -122.463465,
      37.497316
     ],
     [
      -122.463345,
      37.497278
     ],
     [
      -122.463149,
      37.497231
     ],
     [
      -122.463028,
      37.497199
     ],
     [
      -122.462907,
      37.497157
     ],
     [
      -122.462798,
      37.497106
     ],
     [
      -122.462687,
      37.497046
     ],
     [
      -122.462579,
      37.496978
     ],
     [
      -122.462468,
      37.496901
     ],
     [
      -122.462427,
      37.496882
     ],
     [
      -122.462381,
      37.496869
     ],
     [
      -122.462333,
      37.496869
     ],
     [
      -122.462285,
      37.496884
     ],
     [
      -122.462239,
      37.496888
     ],
     [
      -122.462194,
      37.496882
     ],
     [
      -122.462153,
      37.496865
     ],
     [
      -122.462091,
      37.496825
     ],
     [
      -122.461767,
      37.496619
     ],
     [
      -122.461162,
      37.496106
     ],
     [
      -122.459489,
      37.494805
     ],
     [
      -122.458634,
      37.493912
     ],
     [
      -122.458168,
      37.493276
     ],
     [
      -122.457891,
      37.492801
     ],
     [
      -122.456457,
      37.490406
     ],
     [
      -122.456012,
      37.48977
     ],
     [
      -122.455909,
      37.489626
     ],
     [
      -122.455854,
      37.48959
     ],
     [
      -122.455784,
      37.489578
     ],
     [
      -122.455608,
      37.489609
     ],
     [
      -122.455512,
      37.48959
     ],
     [
      -122.45535,
      37.489456
     ],
     [
      -122.455045,
      37.489029
     ],
     [
      -122.454855,
      37.488829
     ],
     [
      -122.45451,
      37.488491
     ],
     [
      -122.454285,
      37.488253
     ],
     [
      -122.454089,
      37.488069
     ],
     [
      -122.453939,
      37.487934
     ],
     [
      -122.451951,
      37.485535
     ],
     [
      -122.451842,
      37.485573
     ],
     [
      -122.451567,
      37.485137
     ],
     [
      -122.451211,
      37.484396
     ],
     [
      -122.451144,
      37.483466
     ],
     [
      -122.450842,
      37.483007
     ],
     [
      -122.450499,
      37.482782
     ],
     [
      -122.450298,
      37.482536
     ],
     [
      -122.450194,
      37.482403
     ],
     [
      -122.449813,
      37.482135
     ],
     [
      -122.449759,
      37.482064
     ],
     [
      -122.449666,
      37.481793
     ],
     [
      -122.449649,
      37.48168
     ],
     [
      -122.44963,
      37.481436
     ],
     [
      -122.449618,
      37.48136
     ],
     [
      -122.449597,
      37.481302
     ],
     [
      -122.449555,
      37.48125
     ],
     [
      -122.449517,
      37.481217
     ],
     [
      -122.449268,
      37.48103
     ],
     [
      -122.44919,
      37.48097
     ],
     [
      -122.449139,
      37.4809
     ],
     [
      -122.44911,
      37.480819
     ],
     [
      -122.449101,
      37.480714
     ],
     [
      -122.44912,
      37.480574
     ],
     [
      -122.449164,
      37.480435
     ],
     [
      -122.449338,
      37.480092
     ],
     [
      -122.449366,
      37.480017
     ],
     [
      -122.449371,
      37.479959
     ],
     [
      -122.449361,
      37.479911
     ],
     [
      -122.449316,
      37.47983
     ],
     [
      -122.449228,
      37.479722
     ],
     [
      -122.448763,
      37.479246
     ],
     [
      -122.448494,
      37.47862
     ],
     [
      -122.448454,
      37.478556
     ],
     [
      -122.448409,
      37.478502
     ],
     [
      -122.448349,
      37.478435
     ],
     [
      -122.448184,
      37.478302
     ],
     [
      -122.448072,
      37.478202
     ],
     [
      -122.447705,
      37.477736
     ],
     [
      -122.447611,
      37.477595
     ],
     [
      -122.447565,
      37.477505
     ],
     [
      -122.447535,
      37.477407
     ],
     [
      -122.447524,
      37.477362
     ],
     [
      -122.447522,
      37.477307
     ],
     [
      -122.447535,
      37.477231
     ],
     [
      -122.447653,
      37.47692
     ],
     [
      -122.447664,
      37.476841
     ],
     [
      -122.447655,
      37.476773
     ],
     [
      -122.447635,
      37.476704
     ],
     [
      -122.447587,
      37.476633
     ],
     [
      -122.447363,
      37.476371
     ],
     [
      -122.447317,
      37.476321
     ],
     [
      -122.447211,
      37.476173
     ],
     [
      -122.447016,
      37.475865
     ],
     [
      -122.446897,
      37.475698
     ],
     [
      -122.446818,
      37.475607
     ],
     [
      -122.446741,
      37.475529
     ],
     [
      -122.446609,
      37.475338
     ],
     [
      -122.446091,
      37.4743
     ],
     [
      -122.445989,
      37.474096
     ],
     [
      -122.445992,
      37.473996
     ],
     [
      -122.44604,
      37.473931
     ],
     [
      -122.446948,
      37.473086
     ],
     [
      -122.446967,
      37.473063
     ],
     [
      -122.446974,
      37.473033
     ],
     [
      -122.446964,
      37.472965
     ],
     [
      -122.446917,
      37.472893
     ],
     [
      -122.446838,
      37.47284
     ],
     [
      -122.446646,
      37.472719
     ],
     [
      -122.446493,
      37.472537
     ],
     [
      -122.446339,
      37.472324
     ],
     [
      -122.446196,
      37.472084
     ],
     [
      -122.445935,
      37.471193
     ],
     [
      -122.445886,
      37.471092
     ],
     [
      -122.445805,
      37.471003
     ],
     [
      -122.44564,
      37.470872
     ],
     [
      -122.445595,
      37.470802
     ],
     [
      -122.445564,
      37.470733
     ],
     [
      -122.445559,
      37.470652
     ],
     [
      -122.44558,
      37.470295
     ],
     [
      -122.445449,
      37.470386
     ],
     [
      -122.444275,
      37.466839
     ],
     [
      -122.44369,
      37.465116
     ],
     [
      -122.44371,
      37.464414
     ],
     [
      -122.443706,
      37.464332
     ],
     [
      -122.443671,
      37.464113
     ],
     [
      -122.443634,
      37.463898
     ],
     [
      -122.443563,
      37.463661
     ],
     [
      -122.443565,
      37.463605
     ],
     [
      -122.443531,
      37.463597
     ],
     [
      -122.443298,
      37.462965
     ],
     [
      -122.442898,
      37.4619
     ],
     [
      -122.442543,
      37.460978
     ],
     [
      -122.442387,
      37.460456
     ],
     [
      -122.442156,
      37.459849
     ],
     [
      -122.441896,
      37.459151
     ],
     [
      -122.441625,
      37.458356
     ],
     [
      -122.441314,
      37.457563
     ],
     [
      -122.441022,
      37.4565
     ],
     [
      -122.440853,
      37.45589
     ],
     [
      -122.439251,
      37.450767
     ],
     [
      -122.438064,
      37.446581
     ],
     [
      -122.437824,
      37.444623
     ],
     [
      -122.43783,
      37.444296
     ],
     [
      -122.437773,
      37.444142
     ],
     [
      -122.437733,
      37.443828
     ],
     [
      -122.437566,
      37.443286
     ],
     [
      -122.437557,
      37.443174
     ],
     [
      -122.437659,
      37.443105
     ],
     [
      -122.437727,
      37.443019
     ],
     [
      -122.437823,
      37.442857
     ],
     [
      -122.437938,
      37.442687
     ],
     [
      -122.438436,
      37.442203
     ],
     [
      -122.438575,
      37.441859
     ],
     [
      -122.438673,
      37.441787
     ],
     [
      -122.438823,
      37.441768
     ],
     [
      -122.439063,
      37.441777
     ],
     [
      -122.439287,
      37.441834
     ],
     [
      -122.439494,
      37.441852
     ],
     [
      -122.439629,
      37.441843
     ],
     [
      -122.439722,
      37.441793
     ],
     [
      -122.439985,
      37.441628
     ],
     [
      -122.44006,
      37.441573
     ],
     [
      -122.440278,
      37.441514
     ],
     [
      -122.440428,
      37.441481
     ],
     [
      -122.440545,
      37.441448
     ],
     [
      -122.440736,
      37.441393
     ],
     [
      -122.440887,
      37.441375
     ],
     [
      -122.44109,
      37.441354
     ],
     [
      -122.441361,
      37.441327
     ],
     [
      -122.441632,
      37.441308
     ],
     [
      -122.441883,
      37.441271
     ],
     [
      -122.442064,
      37.441218
     ],
     [
      -122.442283,
      37.441147
     ],
     [
      -122.442901,
      37.441033
     ],
     [
      -122.443015,
      37.440991
     ],
     [
      -122.443069,
      37.440956
     ],
     [
      -122.443101,
      37.440907
     ],
     [
      -122.443106,
      37.440818
     ],
     [
      -122.443103,
      37.440722
     ],
     [
      -122.443072,
      37.440609
     ],
     [
      -122.443037,
      37.440531
     ],
     [
      -122.442998,
      37.440502
     ],
     [
      -122.442944,
      37.44048
     ],
     [
      -122.442906,
      37.440452
     ],
     [
      -122.442906,
      37.440421
     ],
     [
      -122.44292,
      37.440381
     ],
     [
      -122.442946,
      37.440324
     ],
     [
      -122.442942,
      37.440267
     ],
     [
      -122.442912,
      37.440219
     ],
     [
      -122.442887,
      37.44019
     ],
     [
      -122.442885,
      37.440161
     ],
     [
      -122.442905,
      37.44013
     ],
     [
      -122.442915,
      37.440067
     ],
     [
      -122.442866,
      37.439981
     ],
     [
      -122.442821,
      37.439926
     ],
     [
      -122.442755,
      37.439898
     ],
     [
      -122.442746,
      37.439867
     ],
     [
      -122.442756,
      37.439697
     ],
     [
      -122.442758,
      37.439469
     ],
     [
      -122.442776,
      37.439343
     ],
     [
      -122.442845,
      37.439286
     ],
     [
      -122.442843,
      37.439201
     ],
     [
      -122.442795,
      37.439088
     ],
     [
      -122.442748,
      37.438779
     ],
     [
      -122.44265,
      37.438477
     ],
     [
      -122.442619,
      37.4382
     ],
     [
      -122.442513,
      37.437728
     ],
     [
      -122.442462,
      37.437679
     ],
     [
      -122.442405,
      37.437667
     ],
     [
      -122.441868,
      37.437732
     ],
     [
      -122.441468,
      37.437815
     ],
     [
      -122.441193,
      37.437823
     ],
     [
      -122.44102,
      37.437827
     ],
     [
      -122.440819,
      37.437854
     ],
     [
      -122.440501,
      37.437921
     ],
     [
      -122.440427,
      37.437936
     ],
     [
      -122.440381,
      37.437933
     ],
     [
      -122.440346,
      37.437917
     ],
     [
      -122.440316,
      37.437864
     ],
     [
      -122.44026,
      37.437614
     ],
     [
      -122.440254,
      37.437572
     ],
     [
      -122.440495,
      37.437545
     ],
     [
      -122.440528,
      37.437541
     ],
     [
      -122.440591,
      37.43749
     ],
     [
      -122.440621,
      37.437441
     ],
     [
      -122.44063,
      37.437341
     ],
     [
      -122.440624,
      37.437296
     ],
     [
      -122.440578,
      37.437218
     ],
     [
      -122.4405,
      37.437151
     ],
     [
      -122.440451,
      37.437089
     ],
     [
      -122.440392,
      37.436982
     ],
     [
      -122.440367,
      37.436927
     ],
     [
      -122.440353,
      37.436865
     ],
     [
      -122.44036,
      37.436763
     ],
     [
      -122.440371,
      37.436631
     ],
     [
      -122.440386,
      37.436555
     ],
     [
      -122.440415,
      37.436479
     ],
     [
      -122.440506,
      37.43636
     ],
     [
      -122.4406,
      37.436222
     ],
     [
      -122.440684,
      37.436007
     ],
     [
      -122.4407,
      37.435952
     ],
     [
      -122.440697,
      37.435879
     ],
     [
      -122.440699,
      37.435799
     ],
     [
      -122.440728,
      37.435751
     ],
     [
      -122.440856,
      37.435538
     ],
     [
      -122.4409,
      37.43546
     ],
     [
      -122.440932,
      37.435403
     ],
     [
      -122.441065,
      37.435047
     ],
     [
      -122.441062,
      37.435013
     ],
     [
      -122.441114,
      37.434966
     ],
     [
      -122.441178,
      37.434925
     ],
     [
      -122.441258,
      37.434873
     ],
     [
      -122.441326,
      37.434843
     ],
     [
      -122.441393,
      37.434826
     ],
     [
      -122.44145,
      37.434821
     ],
     [
      -122.441554,
      37.434834
     ],
     [
      -122.441646,
      37.434831
     ],
     [
      -122.441711,
      37.434821
     ],
     [
      -122.441765,
      37.434793
     ],
     [
      -122.441811,
      37.43477
     ],
     [
      -122.44185,
      37.434719
     ],
     [
      -122.441871,
      37.434654
     ],
     [
      -122.441889,
      37.434476
     ],
     [
      -122.441897,
      37.434352
     ],
     [
      -122.441889,
      37.434169
     ],
     [
      -122.44189,
      37.434001
     ],
     [
      -122.441936,
      37.43388
     ],
     [
      -122.442073,
      37.433779
     ],
     [
      -122.442271,
      37.433708
     ],
     [
      -122.442367,
      37.433583
     ],
     [
      -122.442352,
      37.433399
     ],
     [
      -122.442258,
      37.433242
     ],
     [
      -122.442079,
      37.433163
     ],
     [
      -122.441911,
      37.433119
     ],
     [
      -122.441871,
      37.433011
     ],
     [
      -122.441744,
      37.432915
     ],
     [
      -122.441614,
      37.432831
     ],
     [
      -122.441457,
      37.432762
     ],
     [
      -122.441188,
      37.432705
     ],
     [
      -122.440843,
      37.432519
     ],
     [
      -122.440661,
      37.432404
     ],
     [
      -122.440567,
      37.432227
     ],
     [
      -122.440455,
      37.432097
     ],
     [
      -122.440318,
      37.431859
     ],
     [
      -122.440189,
      37.431695
     ],
     [
      -122.440112,
      37.431525
     ],
     [
      -122.439998,
      37.431374
     ],
     [
      -122.439931,
      37.43119
     ],
     [
      -122.439863,
      37.431061
     ],
     [
      -122.439726,
      37.430891
     ],
     [
      -122.439661,
      37.430684
     ],
     [
      -122.439624,
      37.430551
     ],
     [
      -122.439573,
      37.430453
     ],
     [
      -122.439538,
      37.430312
     ],
     [
      -122.439477,
      37.430244
     ],
     [
      -122.439133,
      37.430264
     ],
     [
      -122.438715,
      37.430337
     ],
     [
      -122.438594,
      37.430344
     ],
     [
      -122.43859,
      37.430311
     ],
     [
      -122.438603,
      37.429811
     ],
     [
      -122.438612,
      37.429749
     ],
     [
      -122.438649,
      37.429715
     ],
     [
      -122.438734,
      37.42964
     ],
     [
      -122.438764,
      37.429582
     ],
     [
      -122.438776,
      37.429536
     ],
     [
      -122.438738,
      37.42946
     ],
     [
      -122.438708,
      37.429423
     ],
     [
      -122.438689,
      37.429328
     ],
     [
      -122.438717,
      37.42929
     ],
     [
      -122.438714,
      37.429171
     ],
     [
      -122.438683,
      37.429004
     ],
     [
      -122.438746,
      37.428833
     ],
     [
      -122.438761,
      37.428652
     ],
     [
      -122.43881,
      37.42851
     ],
     [
      -122.438872,
      37.428419
     ],
     [
      -122.438993,
      37.428386
     ],
     [
      -122.439049,
      37.428304
     ],
     [
      -122.439107,
      37.428199
     ],
     [
      -122.439198,
      37.428067
     ],
     [
      -122.439222,
      37.427963
     ],
     [
      -122.439209,
      37.427886
     ],
     [
      -122.439167,
      37.427838
     ],
     [
      -122.439139,
      37.427778
     ],
     [
      -122.439145,
      37.427702
     ],
     [
      -122.43917,
      37.427637
     ],
     [
      -122.439158,
      37.427587
     ],
     [
      -122.439105,
      37.427518
     ],
     [
      -122.439085,
      37.427431
     ],
     [
      -122.439081,
      37.42735
     ],
     [
      -122.439103,
      37.427156
     ],
     [
      -122.439049,
      37.427013
     ],
     [
      -122.438916,
      37.426811
     ],
     [
      -122.438721,
      37.426604
     ],
     [
      -122.438325,
      37.426309
     ],
     [
      -122.43769,
      37.425752
     ],
     [
      -122.437586,
      37.425638
     ],
     [
      -122.437451,
      37.425547
     ],
     [
      -122.437236,
      37.425432
     ],
     [
      -122.437185,
      37.425389
     ],
     [
      -122.437135,
      37.425334
     ],
     [
      -122.437049,
      37.425246
     ],
     [
      -122.436953,
      37.425208
     ],
     [
      -122.43689,
      37.425215
     ],
     [
      -122.436827,
      37.42523
     ],
     [
      -122.436753,
      37.425268
     ],
     [
      -122.43667,
      37.425283
     ],
     [
      -122.436598,
      37.425278
     ],
     [
      -122.43649,
      37.425241
     ],
     [
      -122.436069,
      37.425159
     ],
     [
      -122.435515,
      37.425157
     ],
     [
      -122.435137,
      37.42514
     ],
     [
      -122.434563,
      37.425129
     ],
     [
      -122.433999,
      37.425118
     ],
     [
      -122.433525,
      37.425117
     ],
     [
      -122.433263,
      37.425112
     ],
     [
      -122.433098,
      37.425125
     ],
     [
      -122.432574,
      37.425104
     ],
     [
      -122.432542,
      37.425131
     ],
     [
      -122.432523,
      37.425213
     ],
     [
      -122.432532,
      37.4253
     ],
     [
      -122.432739,
      37.425452
     ],
     [
      -122.432868,
      37.425493
     ],
     [
      -122.433031,
      37.425718
     ],
     [
      -122.433058,
      37.425802
     ],
     [
      -122.433042,
      37.425886
     ],
     [
      -122.432934,
      37.426106
     ],
     [
      -122.432935,
      37.426177
     ],
     [
      -122.432997,
      37.426341
     ],
     [
      -122.432943,
      37.426358
     ],
     [
      -122.432662,
      37.426283
     ],
     [
      -122.432484,
      37.426208
     ],
     [
      -122.432363,
      37.426192
     ],
     [
      -122.432088,
      37.426131
     ],
     [
      -122.431946,
      37.42609
     ],
     [
      -122.431694,
      37.425965
     ],
     [
      -122.431521,
      37.425931
     ],
     [
      -122.431131,
      37.425862
     ],
     [
      -122.430947,
      37.425858
     ],
     [
      -122.430859,
      37.425833
     ],
     [
      -122.430737,
      37.425757
     ],
     [
      -122.425719,
      37.410763
     ],
     [
      -122.423913,
      37.40535
     ],
     [
      -122.421655,
      37.402083
     ],
     [
      -122.419078,
      37.393942
     ],
     [
      -122.41851,
      37.392443
     ],
     [
      -122.418133,
      37.391789
     ],
     [
      -122.416667,
      37.389928
     ],
     [
      -122.415085,
      37.387868
     ],
     [
      -122.414673,
      37.387418
     ],
     [
      -122.412673,
      37.384672
     ],
     [
      -122.412478,
      37.384414
     ],
     [
      -122.411821,
      37.383618
     ],
     [
      -122.411387,
      37.383063
     ],
     [
      -122.411285,
      37.382932
     ],
     [
      -122.41099,
      37.382477
     ],
     [
      -122.410926,
      37.38238
     ],
     [
      -122.41091,
      37.382355
     ],
     [
      -122.410461,
      37.381749
     ],
     [
      -122.410168,
      37.381375
     ],
     [
      -122.409987,
      37.381106
     ],
     [
      -122.409604,
      37.380527
     ],
     [
      -122.409251,
      37.380022
     ],
     [
      -122.408905,
      37.379531
     ],
     [
      -122.406664,
      37.376015
     ],
     [
      -122.406449,
      37.37565
     ],
     [
      -122.406302,
      37.375281
     ],
     [
      -122.406205,
      37.374956
     ],
     [
      -122.406095,
      37.374304
     ],
     [
      -122.405942,
      37.371168
     ],
     [
      -122.405876,
      37.370339
     ],
     [
      -122.405829,
      37.369739
     ],
     [
      -122.405793,
      37.369499
     ],
     [
      -122.405766,
      37.36935
     ],
     [
      -122.405745,
      37.36909
     ],
     [
      -122.405713,
      37.368615
     ],
     [
      -122.40567,
      37.36804
     ],
     [
      -122.405245,
      37.363617
     ]
    ]
   }
  },
  {
   "type": "Feature",
   "properties": {
    "company": "Ocean Shore Railroad",
    "line": "Ocean Shore: Southern Division (Santa Cruz – Scott)",
    "id": "osrr-south-santacruz-scott",
    "color": "#1695A3",
    "mode": "intercity_rail",
    "avg_speed_kmh": 25,
    "speed_source": "ESTIMATE. No running times found; 25 km/h reflects a lightly built steam line with many trestles and, after 1908, mixed trains carrying logs.",
    "geometry_quality": "Traced 13.5 mi against a documented 12.8 mi to Scott (MP 12.8) / 13.4 mi to Scott Junction (Wikipedia route-map template: Garfield Avenue 0.9, Wilders 3.5, Davenport 10.8). The line is drawn to the south junction of Swanton Road and Highway 1, the Swanton Berry Farm vicinity that santacruztrains.com gives for Scott, so it is best read against the 13.4 mi Scott Junction figure. Santa Cruz streets (1.8 mi): from the West Cliff Drive/Bay Street depot site out Delaware Avenue on OSM road geometry - the line ran out Delaware Avenue (Brandt), but in its own right of way, not necessarily on the street centreline. Natural Bridges to Davenport (9.1 mi) is a PROXY drawn on the surviving Southern Pacific Santa Cruz Branch (OSM railway=rail): the Ocean Shore paralleled the SP Coast Line from just east of Wilder Ranch to Davenport, \"on the ocean side throughout\" (santacruztrains.com), typically a few hundred feet away - its own grade is not mapped. Two OSM points pin it: the Liddell Creek and San Vicente Creek culvert-tunnels (old_railway_operator=Ocean Shore Railroad, themselves tagged location-approximate), spliced in (0.14 mi). Davenport to Scott (1.9 mi) is Highway 1 on ways tagged abandoned:railway=rail - Highway 1 follows the Ocean Shore grade here (santacruztrains.com). 0.4 mi of path and 0.2 mi of trunk road connectors.",
    "segments": [
     {
      "start": 1906,
      "end": 1911,
      "headway_min": 480,
      "note": "Track was laid from Santa Cruz to Davenport between late October 1905 and early 1906, passing under Bay Street and out Delaware Avenue, and on toward Scott Creek during 1906. A special on 18 May 1906 carried 105 University of California civil-engineering students to their summer camp near Swanton; regular service began 15 June 1906 with two trains daily each way. The Santa Cruz terminal was a temporary shelter on West Cliff Drive above the SP yard and later a small depot beside Bay Street; the grand viaduct into downtown was never built. This division was steam-operated throughout - Brandt states the San Francisco street section was the only part of the Ocean Shore ever electrified. (The company paid two instalments toward buying the Santa Cruz Union Traction streetcars in February 1906 but defaulted after the earthquake; it never ran them.) The SP-owned Coast Line Railway, completed to Davenport in 1907, took the cement-plant traffic. Headway 480 is two trains each way in about 16 hours (Brandt, June 1906).",
      "sources": [
       "Segment-level: Brandt 1954, pp. 4-6 - Delaware Avenue route, 18 May 1906 special, regular service 15 June 1906 with two daily trains each way, only the SF section electrified, Union Traction instalments. Whaley (santacruztrains.com) - track laying Oct 1905-Jan 1906, Scott Creek reached late 1906, West Cliff shelter and Bay Street depot.",
       "https://archive.org/details/sim_western-railroader-the-western-railfan_1952_15_7",
       "https://www.santacruztrains.com/2018/02/railroads-ocean-shore-railway-railroad.html",
       "https://www.santacruztrains.com/2020/07/stations-santa-cruz-ocean-shore.html",
       "https://en.wikipedia.org/wiki/Ocean_Shore_Railroad"
      ]
     },
     {
      "start": 1911,
      "end": 1920,
      "headway_min": 720,
      "note": "Ocean Shore Railroad era (bondholders' company from 1911). Passenger business here \"came to a crawl\" after 1908 (santacruztrains.com) but was kept up to the end; the photographic record shows mixed trains of logs and passengers. Tickets for the Swanton-Tunitas auto stage were sold at the Bay Street depot. The company applied to abandon the south end on 27 July 1920; the 16 August 1920 walkout ended all Ocean Shore service, and abandonment was approved 24 October 1920 (Brandt; santacruztrains.com says 23 October - a one-day conflict, recorded). Three days later the San Vicente Lumber Company bought the whole south-end trackage and ran it privately as a logging line for about three years - freight only, NOT drawn (Rule 1). Headway 720 is an ESTIMATE (roughly one mixed train each way); no timetable found.",
      "sources": [
       "Segment-level: Brandt 1954, pp. 17-19 - 27 Jul 1920 application, 16 Aug 1920 walkout, 24 Oct 1920 approval, sale to San Vicente Lumber Co.; p. 21 photo caption \"Mixed train of logs and passengers on southern division\". Whaley (santacruztrains.com) - passenger service declining but maintained to the end; formal abandonment 23 Oct 1920.",
       "https://archive.org/details/sim_western-railroader-the-western-railfan_1952_15_7",
       "https://www.santacruztrains.com/2018/02/railroads-ocean-shore-railway-railroad.html",
       "https://www.santacruztrains.com/2020/07/stations-santa-cruz-ocean-shore.html"
      ]
     }
    ]
   },
   "geometry": {
    "type": "LineString",
    "coordinates": [
     [
      -122.029126,
      36.960531
     ],
     [
      -122.029097,
      36.960459
     ],
     [
      -122.029098,
      36.960437
     ],
     [
      -122.029135,
      36.959775
     ],
     [
      -122.029212,
      36.95896
     ],
     [
      -122.029225,
      36.958884
     ],
     [
      -122.029229,
      36.958871
     ],
     [
      -122.029251,
      36.958806
     ],
     [
      -122.029343,
      36.958752
     ],
     [
      -122.029347,
      36.958743
     ],
     [
      -122.02937,
      36.958694
     ],
     [
      -122.029439,
      36.958589
     ],
     [
      -122.029515,
      36.958495
     ],
     [
      -122.029579,
      36.958424
     ],
     [
      -122.029669,
      36.958356
     ],
     [
      -122.02978,
      36.958286
     ],
     [
      -122.0299,
      36.958227
     ],
     [
      -122.030011,
      36.958183
     ],
     [
      -122.030131,
      36.958153
     ],
     [
      -122.03047,
      36.9581
     ],
     [
      -122.031029,
      36.95801
     ],
     [
      -122.031202,
      36.957982
     ],
     [
      -122.031668,
      36.957906
     ],
     [
      -122.032392,
      36.957801
     ],
     [
      -122.03284,
      36.957745
     ],
     [
      -122.033114,
      36.957709
     ],
     [
      -122.033273,
      36.957687
     ],
     [
      -122.033639,
      36.957638
     ],
     [
      -122.033668,
      36.957636
     ],
     [
      -122.033758,
      36.957574
     ],
     [
      -122.033849,
      36.957562
     ],
     [
      -122.033969,
      36.957546
     ],
     [
      -122.034341,
      36.957497
     ],
     [
      -122.034937,
      36.957412
     ],
     [
      -122.035975,
      36.957284
     ],
     [
      -122.037115,
      36.957125
     ],
     [
      -122.03764,
      36.957054
     ],
     [
      -122.037684,
      36.957048
     ],
     [
      -122.037719,
      36.957044
     ],
     [
      -122.037758,
      36.957038
     ],
     [
      -122.037862,
      36.956989
     ],
     [
      -122.037945,
      36.956978
     ],
     [
      -122.037977,
      36.956974
     ],
     [
      -122.037991,
      36.956972
     ],
     [
      -122.038158,
      36.95695
     ],
     [
      -122.039564,
      36.956761
     ],
     [
      -122.039831,
      36.956726
     ],
     [
      -122.040254,
      36.95667
     ],
     [
      -122.04043,
      36.956646
     ],
     [
      -122.040878,
      36.956587
     ],
     [
      -122.041005,
      36.956593
     ],
     [
      -122.04196,
      36.956474
     ],
     [
      -122.042808,
      36.956361
     ],
     [
      -122.042887,
      36.956349
     ],
     [
      -122.04299,
      36.956338
     ],
     [
      -122.043058,
      36.956328
     ],
     [
      -122.045037,
      36.956039
     ],
     [
      -122.045148,
      36.956024
     ],
     [
      -122.04525,
      36.956011
     ],
     [
      -122.045331,
      36.956001
     ],
     [
      -122.045401,
      36.955992
     ],
     [
      -122.045504,
      36.95598
     ],
     [
      -122.045876,
      36.955937
     ],
     [
      -122.046308,
      36.955888
     ],
     [
      -122.047359,
      36.95577
     ],
     [
      -122.048012,
      36.955705
     ],
     [
      -122.048396,
      36.955667
     ],
     [
      -122.04848,
      36.95566
     ],
     [
      -122.048601,
      36.95565
     ],
     [
      -122.048784,
      36.955632
     ],
     [
      -122.049008,
      36.955608
     ],
     [
      -122.049425,
      36.955565
     ],
     [
      -122.049624,
      36.955544
     ],
     [
      -122.049838,
      36.95552
     ],
     [
      -122.049964,
      36.955506
     ],
     [
      -122.050105,
      36.955494
     ],
     [
      -122.050304,
      36.955474
     ],
     [
      -122.050754,
      36.955395
     ],
     [
      -122.050945,
      36.955391
     ],
     [
      -122.051133,
      36.955388
     ],
     [
      -122.051175,
      36.955383
     ],
     [
      -122.051579,
      36.95534
     ],
     [
      -122.051667,
      36.955331
     ],
     [
      -122.051964,
      36.9553
     ],
     [
      -122.052074,
      36.955289
     ],
     [
      -122.052743,
      36.955214
     ],
     [
      -122.052919,
      36.955197
     ],
     [
      -122.053133,
      36.955176
     ],
     [
      -122.053279,
      36.955163
     ],
     [
      -122.053859,
      36.955106
     ],
     [
      -122.054243,
      36.95506
     ],
     [
      -122.054363,
      36.955048
     ],
     [
      -122.054914,
      36.954983
     ],
     [
      -122.055004,
      36.954975
     ],
     [
      -122.055342,
      36.95494
     ],
     [
      -122.057024,
      36.954742
     ],
     [
      -122.057716,
      36.954674
     ],
     [
      -122.0586,
      36.954587
     ],
     [
      -122.058802,
      36.95457
     ],
     [
      -122.05916,
      36.954529
     ],
     [
      -122.059512,
      36.954501
     ],
     [
      -122.059626,
      36.954491
     ],
     [
      -122.059433,
      36.954873
     ],
     [
      -122.059436,
      36.954931
     ],
     [
      -122.059478,
      36.955014
     ],
     [
      -122.059549,
      36.955086
     ],
     [
      -122.05968,
      36.955197
     ],
     [
      -122.059807,
      36.955264
     ],
     [
      -122.059928,
      36.955354
     ],
     [
      -122.060004,
      36.955414
     ],
     [
      -122.060053,
      36.955482
     ],
     [
      -122.060069,
      36.955545
     ],
     [
      -122.060063,
      36.955653
     ],
     [
      -122.060012,
      36.955852
     ],
     [
      -122.059979,
      36.955956
     ],
     [
      -122.05993,
      36.956055
     ],
     [
      -122.059829,
      36.956159
     ],
     [
      -122.059509,
      36.956409
     ],
     [
      -122.059447,
      36.956473
     ],
     [
      -122.059429,
      36.956507
     ],
     [
      -122.059382,
      36.956636
     ],
     [
      -122.059365,
      36.956716
     ],
     [
      -122.05935,
      36.956903
     ],
     [
      -122.059343,
      36.957066
     ],
     [
      -122.059277,
      36.957223
     ],
     [
      -122.059208,
      36.957341
     ],
     [
      -122.059178,
      36.957423
     ],
     [
      -122.059213,
      36.957594
     ],
     [
      -122.059217,
      36.957799
     ],
     [
      -122.059194,
      36.957969
     ],
     [
      -122.059121,
      36.958098
     ],
     [
      -122.059021,
      36.958218
     ],
     [
      -122.058998,
      36.958268
     ],
     [
      -122.058989,
      36.958323
     ],
     [
      -122.059,
      36.958346
     ],
     [
      -122.059066,
      36.958339
     ],
     [
      -122.060185,
      36.95822
     ],
     [
      -122.060215,
      36.958217
     ],
     [
      -122.06198,
      36.95803
     ],
     [
      -122.062553,
      36.957969
     ],
     [
      -122.063486,
      36.957871
     ],
     [
      -122.06387,
      36.957829
     ],
     [
      -122.065289,
      36.95774
     ],
     [
      -122.065957,
      36.957733
     ],
     [
      -122.066623,
      36.957738
     ],
     [
      -122.068066,
      36.957811
     ],
     [
      -122.068757,
      36.957881
     ],
     [
      -122.069601,
      36.957974
     ],
     [
      -122.070694,
      36.958075
     ],
     [
      -122.071576,
      36.958156
     ],
     [
      -122.075334,
      36.958526
     ],
     [
      -122.076263,
      36.958615
     ],
     [
      -122.080238,
      36.959005
     ],
     [
      -122.080295,
      36.95901
     ],
     [
      -122.081346,
      36.959114
     ],
     [
      -122.081502,
      36.95913
     ],
     [
      -122.084341,
      36.959411
     ],
     [
      -122.085508,
      36.959507
     ],
     [
      -122.087817,
      36.959698
     ],
     [
      -122.089627,
      36.959846
     ],
     [
      -122.090101,
      36.959897
     ],
     [
      -122.09022,
      36.959908
     ],
     [
      -122.090542,
      36.959941
     ],
     [
      -122.09064,
      36.959952
     ],
     [
      -122.091852,
      36.960068
     ],
     [
      -122.09199,
      36.960083
     ],
     [
      -122.093862,
      36.960295
     ],
     [
      -122.095646,
      36.960506
     ],
     [
      -122.09788,
      36.960724
     ],
     [
      -122.100108,
      36.960943
     ],
     [
      -122.101942,
      36.961124
     ],
     [
      -122.102858,
      36.961212
     ],
     [
      -122.103768,
      36.961303
     ],
     [
      -122.104045,
      36.961333
     ],
     [
      -122.104314,
      36.961369
     ],
     [
      -122.104855,
      36.961452
     ],
     [
      -122.105273,
      36.961539
     ],
     [
      -122.105687,
      36.961638
     ],
     [
      -122.10656,
      36.961901
     ],
     [
      -122.108926,
      36.962955
     ],
     [
      -122.112536,
      36.964603
     ],
     [
      -122.114687,
      36.965603
     ],
     [
      -122.116837,
      36.966598
     ],
     [
      -122.122036,
      36.969031
     ],
     [
      -122.124524,
      36.970158
     ],
     [
      -122.124576,
      36.970181
     ],
     [
      -122.128522,
      36.972004
     ],
     [
      -122.131722,
      36.973488
     ],
     [
      -122.131762,
      36.973506
     ],
     [
      -122.131792,
      36.97352
     ],
     [
      -122.131814,
      36.97353
     ],
     [
      -122.132357,
      36.973803
     ],
     [
      -122.132742,
      36.97402
     ],
     [
      -122.133101,
      36.974242
     ],
     [
      -122.133492,
      36.974527
     ],
     [
      -122.133862,
      36.974823
     ],
     [
      -122.134152,
      36.975104
     ],
     [
      -122.134428,
      36.975391
     ],
     [
      -122.13464,
      36.97564
     ],
     [
      -122.134831,
      36.975902
     ],
     [
      -122.135205,
      36.976431
     ],
     [
      -122.136482,
      36.978214
     ],
     [
      -122.136895,
      36.97871
     ],
     [
      -122.137346,
      36.979149
     ],
     [
      -122.1377,
      36.979418
     ],
     [
      -122.13807,
      36.979681
     ],
     [
      -122.138884,
      36.980121
     ],
     [
      -122.139224,
      36.980275
     ],
     [
      -122.139355,
      36.980326
     ],
     [
      -122.13962,
      36.980421
     ],
     [
      -122.140287,
      36.980627
     ],
     [
      -122.141374,
      36.980955
     ],
     [
      -122.143912,
      36.981721
     ],
     [
      -122.145028,
      36.982101
     ],
     [
      -122.146186,
      36.982528
     ],
     [
      -122.146317,
      36.982578
     ],
     [
      -122.146528,
      36.982662
     ],
     [
      -122.148037,
      36.983295
     ],
     [
      -122.151046,
      36.984668
     ],
     [
      -122.152861,
      36.985509
     ],
     [
      -122.154654,
      36.986325
     ],
     [
      -122.155943,
      36.98691
     ],
     [
      -122.156207,
      36.987033
     ],
     [
      -122.16238,
      36.989867
     ],
     [
      -122.16474,
      36.990964
     ],
     [
      -122.166312,
      36.991713
     ],
     [
      -122.16713,
      36.992153
     ],
     [
      -122.168082,
      36.992665
     ],
     [
      -122.168336,
      36.992807
     ],
     [
      -122.17049,
      36.994031
     ],
     [
      -122.172686,
      36.995259
     ],
     [
      -122.177217,
      36.997827
     ],
     [
      -122.177995,
      36.998374
     ],
     [
      -122.178396,
      36.998697
     ],
     [
      -122.17879,
      36.99903
     ],
     [
      -122.179523,
      36.999701
     ],
     [
      -122.180772,
      37.000903
     ],
     [
      -122.180737,
      37.000929
     ],
     [
      -122.180657,
      37.000924
     ],
     [
      -122.180475,
      37.000793
     ],
     [
      -122.180167,
      37.000856
     ],
     [
      -122.181296,
      37.000806
     ],
     [
      -122.181267,
      37.000868
     ],
     [
      -122.181013,
      37.000871
     ],
     [
      -122.180974,
      37.000898
     ],
     [
      -122.180911,
      37.000909
     ],
     [
      -122.180881,
      37.00095
     ],
     [
      -122.180804,
      37.000868
     ],
     [
      -122.180772,
      37.000903
     ],
     [
      -122.181715,
      37.001799
     ],
     [
      -122.185124,
      37.005009
     ],
     [
      -122.186025,
      37.005849
     ],
     [
      -122.186808,
      37.006473
     ],
     [
      -122.187608,
      37.007011
     ],
     [
      -122.188222,
      37.007372
     ],
     [
      -122.188822,
      37.007678
     ],
     [
      -122.189275,
      37.007893
     ],
     [
      -122.189968,
      37.008224
     ],
     [
      -122.190118,
      37.008289
     ],
     [
      -122.191169,
      37.008768
     ],
     [
      -122.193114,
      37.009671
     ],
     [
      -122.194902,
      37.010495
     ],
     [
      -122.19489,
      37.010446
     ],
     [
      -122.194889,
      37.010407
     ],
     [
      -122.194802,
      37.010353
     ],
     [
      -122.19468,
      37.0103
     ],
     [
      -122.194616,
      37.01009
     ],
     [
      -122.194567,
      37.010047
     ],
     [
      -122.194426,
      37.009926
     ],
     [
      -122.194387,
      37.0099
     ],
     [
      -122.194402,
      37.009848
     ],
     [
      -122.194412,
      37.0098
     ],
     [
      -122.194257,
      37.009685
     ],
     [
      -122.19413,
      37.009653
     ],
     [
      -122.194008,
      37.009479
     ],
     [
      -122.192658,
      37.009858
     ],
     [
      -122.193114,
      37.009671
     ],
     [
      -122.194902,
      37.010495
     ],
     [
      -122.195868,
      37.010947
     ],
     [
      -122.196587,
      37.011276
     ],
     [
      -122.196901,
      37.011437
     ],
     [
      -122.197278,
      37.011656
     ],
     [
      -122.197477,
      37.01179
     ],
     [
      -122.197892,
      37.012123
     ],
     [
      -122.199322,
      37.01339
     ],
     [
      -122.199485,
      37.013533
     ],
     [
      -122.199913,
      37.013773
     ],
     [
      -122.200058,
      37.013858
     ],
     [
      -122.200168,
      37.013925
     ],
     [
      -122.200276,
      37.013995
     ],
     [
      -122.200382,
      37.014067
     ],
     [
      -122.200485,
      37.01414
     ],
     [
      -122.200676,
      37.014283
     ],
     [
      -122.200868,
      37.014436
     ],
     [
      -122.201015,
      37.014558
     ],
     [
      -122.201116,
      37.014644
     ],
     [
      -122.201283,
      37.014789
     ],
     [
      -122.201392,
      37.014885
     ],
     [
      -122.201811,
      37.015256
     ],
     [
      -122.201957,
      37.015387
     ],
     [
      -122.202061,
      37.01548
     ],
     [
      -122.202161,
      37.015569
     ],
     [
      -122.202279,
      37.015674
     ],
     [
      -122.202384,
      37.015767
     ],
     [
      -122.202496,
      37.015867
     ],
     [
      -122.202715,
      37.016062
     ],
     [
      -122.204268,
      37.017433
     ],
     [
      -122.204311,
      37.017472
     ],
     [
      -122.205694,
      37.018697
     ],
     [
      -122.205808,
      37.018797
     ],
     [
      -122.205928,
      37.018902
     ],
     [
      -122.206035,
      37.018997
     ],
     [
      -122.206479,
      37.01939
     ],
     [
      -122.206697,
      37.019581
     ],
     [
      -122.207025,
      37.019873
     ],
     [
      -122.20706,
      37.019904
     ],
     [
      -122.207096,
      37.019937
     ],
     [
      -122.207164,
      37.019998
     ],
     [
      -122.207306,
      37.02012
     ],
     [
      -122.207437,
      37.020236
     ],
     [
      -122.207571,
      37.020354
     ],
     [
      -122.20764,
      37.020418
     ],
     [
      -122.207713,
      37.020488
     ],
     [
      -122.207916,
      37.020674
     ],
     [
      -122.208136,
      37.020891
     ],
     [
      -122.208328,
      37.021082
     ],
     [
      -122.208463,
      37.021218
     ],
     [
      -122.208637,
      37.021393
     ],
     [
      -122.208764,
      37.021522
     ],
     [
      -122.20889,
      37.021651
     ],
     [
      -122.209618,
      37.022398
     ],
     [
      -122.209768,
      37.022551
     ],
     [
      -122.210525,
      37.023332
     ],
     [
      -122.210804,
      37.023612
     ],
     [
      -122.211603,
      37.02443
     ],
     [
      -122.211732,
      37.024558
     ],
     [
      -122.211934,
      37.024761
     ],
     [
      -122.212132,
      37.024966
     ],
     [
      -122.212333,
      37.025175
     ],
     [
      -122.212537,
      37.025384
     ],
     [
      -122.212741,
      37.025593
     ],
     [
      -122.212841,
      37.025696
     ],
     [
      -122.212941,
      37.025799
     ],
     [
      -122.213046,
      37.025903
     ],
     [
      -122.213147,
      37.026006
     ],
     [
      -122.213299,
      37.026157
     ],
     [
      -122.213442,
      37.026301
     ],
     [
      -122.213695,
      37.026544
     ],
     [
      -122.213919,
      37.026746
     ],
     [
      -122.214049,
      37.026863
     ],
     [
      -122.214209,
      37.027006
     ],
     [
      -122.214327,
      37.027105
     ],
     [
      -122.214436,
      37.027198
     ],
     [
      -122.214559,
      37.027298
     ],
     [
      -122.214668,
      37.027384
     ],
     [
      -122.214785,
      37.027478
     ],
     [
      -122.214902,
      37.027569
     ],
     [
      -122.215159,
      37.027759
     ],
     [
      -122.21539,
      37.027924
     ],
     [
      -122.215511,
      37.028007
     ],
     [
      -122.21582,
      37.028215
     ],
     [
      -122.216004,
      37.028335
     ],
     [
      -122.216186,
      37.028455
     ],
     [
      -122.216402,
      37.028587
     ],
     [
      -122.216604,
      37.028713
     ],
     [
      -122.216747,
      37.028803
     ],
     [
      -122.21687,
      37.02888
     ],
     [
      -122.217,
      37.02896
     ],
     [
      -122.217129,
      37.02904
     ],
     [
      -122.217259,
      37.029122
     ],
     [
      -122.217516,
      37.029283
     ],
     [
      -122.217648,
      37.029364
     ],
     [
      -122.21791,
      37.029526
     ],
     [
      -122.218548,
      37.029925
     ],
     [
      -122.218688,
      37.030014
     ],
     [
      -122.218814,
      37.030092
     ],
     [
      -122.218873,
      37.030128
     ],
     [
      -122.218948,
      37.030176
     ],
     [
      -122.219079,
      37.030258
     ],
     [
      -122.219206,
      37.030337
     ],
     [
      -122.219337,
      37.030417
     ],
     [
      -122.219601,
      37.030584
     ],
     [
      -122.219861,
      37.030747
     ],
     [
      -122.220116,
      37.030906
     ],
     [
      -122.22038,
      37.031071
     ],
     [
      -122.220764,
      37.031311
     ],
     [
      -122.220893,
      37.031391
     ],
     [
      -122.221028,
      37.031475
     ],
     [
      -122.22116,
      37.031558
     ],
     [
      -122.221275,
      37.031629
     ],
     [
      -122.222011,
      37.032088
     ],
     [
      -122.223723,
      37.033156
     ]
    ]
   }
  },
  {
   "type": "Feature",
   "properties": {
    "company": "Ocean Shore Railroad",
    "line": "Ocean Shore: Southern Division (Scott – Swanton)",
    "id": "osrr-south-scott-swanton",
    "color": "#1695A3",
    "mode": "intercity_rail",
    "avg_speed_kmh": 20,
    "speed_source": "ESTIMATE. Short creek-side extension worked by mixed and log trains; no running times found.",
    "geometry_quality": "Traced 2.24 mi against a documented 2.1-2.7 mi (Wikipedia route-map template: Scott 12.8 / Scott Junction 13.4 to Swanton 15.5; santacruztrains.com: \"two miles up the creek\"). Entirely on OSM abandoned-railway geometry up Scott Creek: 0.4 mi on a way named \"Ocean Shore Railway\", 0.7 mi of Swanton Road built on the grade, and 1.1 mi of untagged railway=abandoned ways. Ends at the Little Creek confluence (Swanton); the San Vicente Lumber Co. logging line continuing up Little Creek is not drawn.",
    "segments": [
     {
      "start": 1908,
      "end": 1920,
      "headway_min": 720,
      "note": "Built in 1908 for the San Vicente Lumber Company's Rancho San Vicente timber: the Ocean Shore amended its articles on 19 June 1908 to add an extension from just beyond Scott to Swanton at the foot of Little Creek, and the last spike was driven on 9 July 1908. The Ocean Shore's Scott Creek Railway subsidiary held part of it during a right-of-way dispute; it was worked with Ocean Shore equipment throughout. Ocean Shore trains ran to Swanton until the end: santacruztrains.com records the last run on 16 August 1920. Swanton was also the southern end of the Stanley Steamer auto stage to Tunitas Glen (not drawn). SOURCE CONFLICT: Brandt (1954) says tracklaying was \"completed from Santa Cruz to Swanton\" by May 1906 and the 18 May 1906 special ran to the summer school \"near Swanton\"; Whaley's later and more detailed account dates the Scott-Swanton track to June-July 1908. This feature follows Whaley; the 1906 special may have stopped at Scott Creek. Headway is an ESTIMATE.",
      "sources": [
       "Segment-level: Whaley, \"Railroads: Scott Creek Railway\" (santacruztrains.com) - 19 Jun 1908 amendment, 9 Jul 1908 last spike; santacruztrains.com Swanton page (via search snippet; page now 404) - last run 16 Aug 1920. Conflicting 1906 date in Brandt 1954, p. 5.",
       "https://www.santacruztrains.com/2020/10/railroads-scott-creek-railway.html",
       "https://www.santacruztrains.com/2014/08/scott-scott-junction.html",
       "https://archive.org/details/sim_western-railroader-the-western-railfan_1952_15_7"
      ]
     }
    ]
   },
   "geometry": {
    "type": "LineString",
    "coordinates": [
     [
      -122.223723,
      37.033156
     ],
     [
      -122.225311,
      37.034199
     ],
     [
      -122.225927,
      37.034674
     ],
     [
      -122.226232,
      37.034963
     ],
     [
      -122.22645,
      37.035264
     ],
     [
      -122.226783,
      37.035861
     ],
     [
      -122.227211,
      37.03688
     ],
     [
      -122.22734,
      37.037403
     ],
     [
      -122.227355,
      37.037797
     ],
     [
      -122.227215,
      37.038616
     ],
     [
      -122.227132,
      37.038931
     ],
     [
      -122.227035,
      37.039077
     ],
     [
      -122.226758,
      37.039745
     ],
     [
      -122.226711,
      37.040029
     ],
     [
      -122.226807,
      37.04055
     ],
     [
      -122.226804,
      37.040759
     ],
     [
      -122.226568,
      37.041301
     ],
     [
      -122.226052,
      37.042228
     ],
     [
      -122.225797,
      37.042538
     ],
     [
      -122.225636,
      37.042742
     ],
     [
      -122.225553,
      37.042831
     ],
     [
      -122.225372,
      37.043214
     ],
     [
      -122.225055,
      37.044141
     ],
     [
      -122.225211,
      37.050191
     ],
     [
      -122.225267,
      37.050723
     ],
     [
      -122.225351,
      37.051339
     ],
     [
      -122.225445,
      37.051777
     ],
     [
      -122.225574,
      37.052358
     ],
     [
      -122.225666,
      37.052828
     ],
     [
      -122.225674,
      37.053002
     ],
     [
      -122.225659,
      37.053211
     ],
     [
      -122.22563,
      37.053624
     ],
     [
      -122.22562,
      37.054117
     ],
     [
      -122.225619,
      37.054467
     ],
     [
      -122.225585,
      37.054663
     ],
     [
      -122.225161,
      37.056393
     ],
     [
      -122.225132,
      37.056603
     ],
     [
      -122.225134,
      37.056835
     ],
     [
      -122.225201,
      37.057244
     ],
     [
      -122.225593,
      37.059631
     ],
     [
      -122.225664,
      37.05992
     ],
     [
      -122.225778,
      37.0602
     ],
     [
      -122.225871,
      37.060321
     ],
     [
      -122.226019,
      37.060415
     ],
     [
      -122.226915,
      37.061027
     ],
     [
      -122.227054,
      37.061151
     ],
     [
      -122.227204,
      37.061329
     ],
     [
      -122.227263,
      37.06146
     ],
     [
      -122.227274,
      37.061588
     ],
     [
      -122.227234,
      37.062029
     ],
     [
      -122.227196,
      37.062151
     ],
     [
      -122.227105,
      37.062322
     ],
     [
      -122.226966,
      37.062525
     ],
     [
      -122.226775,
      37.06278
     ],
     [
      -122.226732,
      37.062877
     ],
     [
      -122.226719,
      37.062964
     ],
     [
      -122.226743,
      37.063093
     ],
     [
      -122.226893,
      37.063401
     ]
    ]
   }
  }
 ]
}