{
 "type": "FeatureCollection",
 "metadata": {
  "note": "The Sacramento Northern Railway and its predecessors: the Northern Electric Railway (Chico – Sacramento, the 'North End', third rail) and the Oakland and Antioch / Oakland, Antioch and Eastern / San Francisco–Sacramento Railroad (Oakland – Sacramento, the 'South End', catenary), merged under Western Pacific control into the Sacramento Northern Railway on 1 January 1929. At 183 mi San Francisco – Chico it was among the longest interurban routes in North America, crossing Suisun Bay by train ferry. Passenger service only (Rule 1): Sacramento – West Pittsburg ended 26 August 1940, Chico – Sacramento and the North End branches 31 October 1940, the South End Bay Area locals 30 June / 1 July 1941, and the Chico streetcars 15 December 1947. Freight ran on parts of the system until the SN was absorbed into Union Pacific in 1983 and is not drawn. Horsecar operation (the Chico and Marysville horse railways the Chico Electric Railway rebuilt) is not drawn (Rule 5).",
  "colour_note": "Colours were pre-assigned by the coordinator: Northern Electric #5C4D9E, Oakland, Antioch and Eastern / San Francisco–Sacramento #3C8DBC, Sacramento Northern #2E5EAA. JUDGMENTS: (1) the Sacramento Northern Railroad (1918–1925) and the Sacramento Northern Railway (1925–1983) are treated as one company — the same name, the same trains, a WP-ordered corporate transfer — and share #2E5EAA. (2) Western Pacific bought control of the SN Railroad in 1922 and of the SF–Sacramento in 1927, but both kept running their trains under their own names until the 1929 merger and the SN thereafter ran as a separate WP subsidiary, so no feature is coloured as Western Pacific. (3) The Oakland and Antioch Railway (1909–1913), the Oakland, Antioch and Eastern (1911–1920) and the San Francisco–Sacramento Railroad (1920–1929) are one corporate lineage — leased, then reorganised out of receivership — and share #3C8DBC; they are split into separate features by name so each label says who ran the trains, but the colour does not change. (4) Lines owned by dummy or nominally independent companies but operated by the NERY or OA&E (Sacramento & Woodland, Marysville & Colusa Branch, San Ramon Valley RR, Sacramento Valley Electric) take the operator's colour. Rule 4 splits: Northern Electric → Sacramento Northern at the 28 June 1918 sale; OA&E → SF–S at the 1920 reorganisation; SF–S → SN at the 1 January 1929 merger.",
  "mode_note": "All intercity lines are mode 'interurban' (Rule 7: electric lines linking separate communities). The Chico Esplanade streetcar and the Sacramento – Swanston suburban line, both inside one built-up area, are 'streetcar'. The Mallard – Chipps Island car-ferry crossing is drawn as a short straight leg inside the Pittsburg – Sacramento features because trains rode the ferry intact.",
  "sources": [
   "https://en.wikipedia.org/wiki/Sacramento_Northern_Railway - system history, openings, the 1918/1925/1929 corporate changes, the June 1939 service pattern, the end dates of 1938 (Oroville), 1940 and 1941, branches (Danville, Vaca Valley, Dixon, Hamilton City, Colusa).",
   "https://www.wplives.org/sn/history.html - Garth G. Groff, 'A Brief History of the Sacramento Northern' (Feather River Rail Society, 2011): exact dates for the 1918 sale, 1922 WP control, 4 Nov 1925 SN Railway, 1 Aug 1927 SF–S sale, 1 Jan 1929 merger, 15 Jan 1939 Bay Bridge, 26 Aug 1940, 31 Oct 1940, 30 Jun 1941 and 15 Dec 1947.",
   "https://www.wplives.org/sn/chico.html - Groff, 'Chico and Its Streetcar Lines'.",
   "https://www.wplives.org/sn/woodland.html - Groff, 'The Woodland Branch'.",
   "https://www.wplives.org/sn/scoot.html - Groff, 'Suburban Service from Sacramento' (Swanston, Elverta).",
   "https://www.wplives.org/sn/walwood.html - Robert A. Campbell, 'The OA&E Walwood Branch'.",
   "https://en.wikipedia.org/wiki/Northern_Electric_Railway%E2%80%94Marysville_and_Colusa_Branch - Marysville and Colusa Branch: 22.39 mi, 13 June 1913 opening, 31 Oct 1940 end.",
   "https://en.wikipedia.org/wiki/Sacramento_Valley_Electric_Railroad - Dixon Branch: 11.8 mi, 10 Oct 1914 – 9 Aug 1917.",
   "https://ldsgenealogy.com/CA/books/The-history-of-Contra-Costa-County-California-part-29.htm - The History of Contra Costa County (1917): Oakland & Antioch and OA&E incorporation, opening dates and branch lengths.",
   "https://eastbayhillsproject.hyperarts.com/?p=31812 and https://eastbayhillsproject.org/?p=43492 - East Bay Hills Project: 1913 opening dates, the 26 Aug 1940 and July 1941 last runs, Colusa Jct.",
   "https://patch.com/california/danville/ev--toonerville-trolley-and-model-trains - Danville branch 1914–1924.",
   "https://files.cpuc.ca.gov/LegacyCPUCDecisionsAndResolutions/Decisions/Decisions_D11601_to_D25900/D18442_19270601_A4418.pdf - California Railroad Commission Decision 18442 (1 June 1927) on the Hamilton Branch.",
   "Geometry: OpenStreetMap (ODbL) via Overpass — ways tagged old_railway_operator=SN, untagged rail, SacRT light rail and named streets; OpenHistoricalMap (CC0) Sacramento Northern ways for the Oakland hills and the Montezuma Hills. OHM dates were not used."
  ],
  "geometry_quality": "Most of the system is real-traced from OSM ways tagged old_railway_operator=SN and OpenHistoricalMap SN ways. Labelled approximations: street-grid sections in Chico, Yuba City, Sacramento, Woodland and Oakland's Shafter Avenue; the whole Danville, Walwood and Swanston (modern SacRT) lines; straight lines for the Dixon branch (11.6 mi), the Saranap – Crest Avenue hill crossing (2.0 mi), Diablo (0.7 mi), Oroville's lost Feather River crossing (1.0 mi) and the Mallard – Chipps ferry (0.5 mi). Each feature's geometry_quality gives its traced length against the documented mileage. Every trace passed reversal and revisit checks.",
  "branches_deliberately_omitted": [
   "Hamilton City Branch (Northern Electric, Chico – Hamilton City, 11.1 mi): opened to passengers 13 September 1907; crossed the Sacramento River on a seasonal pile trestle and pontoon span; last operation over the whole branch December 1913 (Railroad Commission Decision 18442, 1927). Passenger years are sourced (1907–1913) but no grade survives in OSM or OHM and its route out of Chico (west from the SP depot, later the Ninth Street line) was not located, so drawing it would be almost all ruled line. Left for a future pass.",
   "Key System trackage west of 40th & Shafter (to the Key Mole 1913–1939, to the Transbay Terminal over the Bay Bridge 1939–1941): SN trains ran through over Key System tracks without intermediate stops. Not drawn here; it belongs with the Key System layer, which another session is building.",
   "Marysville – Yuba City streetcars (replaced by buses 16 February 1942) and the SN's Sacramento city streetcar lines (sold to Sacramento City Lines in 1943): routes and start dates not found.",
   "Vaca Valley line's Willotta leg; the 1930 Creed connection; the Holland, Clarksburg and Chico airport lines; the Shasta Southern (Hamilton City – Monroeville): freight-only or passenger status not established.",
   "Dixon branch (Rio Vista Junction – Dixon) spur of 1913 mentioned by Wikipedia as 'abandoned after a year or two' is taken to be the same line as the Sacramento Valley Electric Dixon Branch; drawn once."
  ],
  "not_yet_sourced": [
   "Every headway and avg_speed_kmh is an estimate except where a segment note cites a count (Woodland 1939–40, Chico streetcar 15/30 min, the June 1939 and January 1941 main-line patterns). A 1920s or 1930s public timetable (Official Guide or SN folder) would settle them.",
   "Bay Point – Walnut Creek opening: May 1911 (1917 county history) vs 1910 (Wikipedia/Hilton & Due). Walnut Creek – Lafayette opening year (1911 or 1912).",
   "Sacramento opening of the OA&E: September 1913 (county history, East Bay Hills Project) vs 3 September 1914 (Wikipedia).",
   "Danville branch end: 1924 (Hilton & Due, local histories) vs 1920 (Groff).",
   "Swanston end: 1932 (Trimble via Wikipedia) vs 1933 (Groff's account of the subsidy withdrawal).",
   "Walwood branch: end of passenger service unknown (last evidence September 1916; gone by 1920).",
   "Oroville branch: exact junction, mileage and Oroville terminal location.",
   "Northern Electric 1918 sale: 28 June (Groff) vs 30 June (Wikipedia Colusa article).",
   "Exact Chico – Durham private right-of-way south of 20th Street, the Yuba City street route (Bridge Street) and the pre-1925 Sacramento routes to the 8th & J depot."
  ],
  "pulled": "20260930"
 },
 "features": [
  {
   "type": "Feature",
   "properties": {
    "company": "Northern Electric Railway",
    "line": "Northern Electric: Chico – Sacramento",
    "id": "sacn-ner-chico-sacramento",
    "color": "#5C4D9E",
    "mode": "interurban",
    "avg_speed_kmh": 55,
    "speed_source": "ESTIMATE. No North End running time was checked. The fastest 1939 train took 5 h 43 min over the 183 mi Chico–San Francisco through route (Wikipedia, citing Hilton & Due), about 32 mph including street running, the Suisun Bay ferry and Key System trackage; open-country running on the third-rail North End was faster, so ~55 km/h (34 mph) is used.",
    "geometry_quality": "Traced 90.18 mi against a documented 93 mi Chico–Sacramento route (Wikipedia: 'original 93-mile route'). About 77.6 mi follows OpenStreetMap ways tagged old_railway_operator=SN (abandoned grade, the 'Sacramento Northern Bike Trail' and 'Sacramento Northern Railway' ways). APPROXIMATED, about 12.6 mi in all: (1) 4.7 mi from the Chico depot at 1st and Main south to the first surviving grade north of Durham is drawn on today's streets (Main Street, Park Avenue, Midway) — the cars did run down Main Street and Park Avenue, but the private right of way south of 20th Street is not mapped and Midway stands in for it; (2) 1.9 mi through Yuba City to the Feather River is drawn on Yuba City streets (the line ran in Bridge Street; the drawn path may be a block or two off), then crosses the river on the mapped rail bridge; (3) about 3.4 mi south of Marysville follows untagged OSM rail beside the SN grade; (4) about 2.6 mi in Sacramento — the American River crossing to D Street on untagged OSM rail, then the street route on D, 15th and I Streets to the Union Traction Depot at 11th–12th and I — is on today's street grid. The Sacramento end is drawn to the 1925 Union Traction Depot for all years; before 1925 trains used the Northern Electric's own depot at 8th and J Streets, a few blocks west, which is not drawn separately. Gridley station check: the drawn line passes 2.7 km west of downtown Gridley, consistent with the interurban running west of the Southern Pacific town; not independently verified.",
    "segments": [
     {
      "start": 1907,
      "end": 1918,
      "headway_min": 90,
      "note": "Northern Electric Railway main line, Chico – Durham – Live Oak – Yuba City – Marysville – East Nicolaus – Rio Linda – Sacramento, 600 V DC with uncovered third rail in open country and trolley wire on city streets. NERY's first interurban, Chico – Oroville, opened in 1906 (drawn as its own feature); the line was pushed south through Marysville to Sacramento, with full service beginning 1 September 1907. Express trains carried names such as the Bay Cities Limited and The Steamer Special, the latter connecting at Sacramento with river steamers to San Francisco; parlor car Bidwell entered express service in January 1915. The NERY went bankrupt in 1914 and was sold to the new Sacramento Northern Railroad on 28 June 1918, where this feature ends. Headway is an ESTIMATE, not taken from a timetable.",
      "sources": [
       "Segment-level: the 1 September 1907 full-service date is from the Wikipedia article (citing the Sacramento Evening Bee, 2 September 1907); the 1906–07 construction sequence, express train names and the 28 June 1918 sale are from Garth Groff's brief history on wplives.org. Headway not sourced.",
       "https://en.wikipedia.org/wiki/Sacramento_Northern_Railway",
       "https://www.wplives.org/sn/history.html"
      ]
     }
    ]
   },
   "geometry": {
    "type": "LineString",
    "coordinates": [
     [
      -121.841175,
      39.731081
     ],
     [
      -121.835015,
      39.725621
     ],
     [
      -121.832465,
      39.724393
     ],
     [
      -121.814596,
      39.714441
     ],
     [
      -121.809271,
      39.7089
     ],
     [
      -121.799096,
      39.694253
     ],
     [
      -121.795944,
      39.678384
     ],
     [
      -121.796044,
      39.677104
     ],
     [
      -121.795823,
      39.677031
     ],
     [
      -121.796458,
      39.676106
     ],
     [
      -121.799027,
      39.673829
     ],
     [
      -121.799331,
      39.673101
     ],
     [
      -121.801568,
      39.653391
     ],
     [
      -121.801123,
      39.651331
     ],
     [
      -121.799266,
      39.646338
     ],
     [
      -121.798963,
      39.645917
     ],
     [
      -121.796602,
      39.643831
     ],
     [
      -121.795727,
      39.642771
     ],
     [
      -121.791105,
      39.630477
     ],
     [
      -121.790413,
      39.629455
     ],
     [
      -121.732062,
      39.570536
     ],
     [
      -121.730128,
      39.568962
     ],
     [
      -121.725968,
      39.566073
     ],
     [
      -121.66202,
      39.522236
     ],
     [
      -121.661147,
      39.521294
     ],
     [
      -121.652158,
      39.509939
     ],
     [
      -121.651415,
      39.508451
     ],
     [
      -121.650995,
      39.505647
     ],
     [
      -121.651051,
      39.500967
     ],
     [
      -121.650948,
      39.500475
     ],
     [
      -121.650748,
      39.481912
     ],
     [
      -121.650201,
      39.466956
     ],
     [
      -121.649617,
      39.435457
     ],
     [
      -121.648951,
      39.415616
     ],
     [
      -121.649126,
      39.41312
     ],
     [
      -121.650596,
      39.403693
     ],
     [
      -121.653133,
      39.389772
     ],
     [
      -121.654324,
      39.387615
     ],
     [
      -121.660687,
      39.381775
     ],
     [
      -121.661975,
      39.38003
     ],
     [
      -121.662465,
      39.378545
     ],
     [
      -121.662344,
      39.367062
     ],
     [
      -121.662468,
      39.354453
     ],
     [
      -121.662294,
      39.343361
     ],
     [
      -121.662457,
      39.323389
     ],
     [
      -121.662318,
      39.301643
     ],
     [
      -121.66248,
      39.294395
     ],
     [
      -121.662696,
      39.292951
     ],
     [
      -121.663462,
      39.289885
     ],
     [
      -121.665657,
      39.283245
     ],
     [
      -121.665696,
      39.282006
     ],
     [
      -121.66555,
      39.280645
     ],
     [
      -121.664134,
      39.276257
     ],
     [
      -121.661851,
      39.270514
     ],
     [
      -121.661747,
      39.26962
     ],
     [
      -121.662128,
      39.151068
     ],
     [
      -121.661892,
      39.150095
     ],
     [
      -121.66153,
      39.149489
     ],
     [
      -121.660485,
      39.148423
     ],
     [
      -121.659426,
      39.147804
     ],
     [
      -121.635587,
      39.139189
     ],
     [
      -121.635382,
      39.139306
     ],
     [
      -121.635285,
      39.140704
     ],
     [
      -121.634642,
      39.14071
     ],
     [
      -121.634663,
      39.141642
     ],
     [
      -121.634548,
      39.141839
     ],
     [
      -121.634279,
      39.141758
     ],
     [
      -121.624533,
      39.141531
     ],
     [
      -121.621021,
      39.141298
     ],
     [
      -121.619211,
      39.140672
     ],
     [
      -121.617781,
      39.14059
     ],
     [
      -121.615317,
      39.135394
     ],
     [
      -121.60993,
      39.137258
     ],
     [
      -121.610045,
      39.137541
     ],
     [
      -121.608244,
      39.138166
     ],
     [
      -121.608259,
      39.138378
     ],
     [
      -121.607386,
      39.138661
     ],
     [
      -121.607217,
      39.138412
     ],
     [
      -121.603987,
      39.139006
     ],
     [
      -121.600238,
      39.139226
     ],
     [
      -121.599571,
      39.139007
     ],
     [
      -121.598086,
      39.137587
     ],
     [
      -121.591408,
      39.133127
     ],
     [
      -121.590838,
      39.132076
     ],
     [
      -121.587864,
      39.122962
     ],
     [
      -121.579543,
      39.102817
     ],
     [
      -121.543294,
      39.012927
     ],
     [
      -121.543053,
      39.011629
     ],
     [
      -121.543659,
      38.941596
     ],
     [
      -121.543583,
      38.896202
     ],
     [
      -121.543966,
      38.857963
     ],
     [
      -121.5431,
      38.854598
     ],
     [
      -121.541691,
      38.851914
     ],
     [
      -121.488296,
      38.758995
     ],
     [
      -121.468016,
      38.723395
     ],
     [
      -121.460809,
      38.711087
     ],
     [
      -121.460307,
      38.70999
     ],
     [
      -121.457769,
      38.705565
     ],
     [
      -121.457787,
      38.705213
     ],
     [
      -121.457607,
      38.704884
     ],
     [
      -121.457332,
      38.704637
     ],
     [
      -121.456028,
      38.702527
     ],
     [
      -121.454346,
      38.699586
     ],
     [
      -121.453341,
      38.698226
     ],
     [
      -121.452892,
      38.6971
     ],
     [
      -121.449681,
      38.691093
     ],
     [
      -121.449213,
      38.69063
     ],
     [
      -121.447925,
      38.688298
     ],
     [
      -121.447496,
      38.686543
     ],
     [
      -121.447501,
      38.621084
     ],
     [
      -121.447605,
      38.619708
     ],
     [
      -121.447981,
      38.618426
     ],
     [
      -121.448651,
      38.617156
     ],
     [
      -121.449272,
      38.61634
     ],
     [
      -121.450241,
      38.615406
     ],
     [
      -121.451203,
      38.614711
     ],
     [
      -121.467941,
      38.605669
     ],
     [
      -121.477595,
      38.583408
     ],
     [
      -121.483705,
      38.585035
     ],
     [
      -121.486083,
      38.579555
     ],
     [
      -121.490366,
      38.580698
     ]
    ]
   }
  },
  {
   "type": "Feature",
   "properties": {
    "company": "Sacramento Northern",
    "line": "Sacramento Northern: Chico – Sacramento",
    "id": "sacn-sn-chico-sacramento",
    "color": "#2E5EAA",
    "mode": "interurban",
    "avg_speed_kmh": 55,
    "speed_source": "ESTIMATE. No North End running time was checked. The fastest 1939 train took 5 h 43 min over the 183 mi Chico–San Francisco through route (Wikipedia, citing Hilton & Due), about 32 mph including street running, the Suisun Bay ferry and Key System trackage; open-country running on the third-rail North End was faster, so ~55 km/h (34 mph) is used.",
    "geometry_quality": "Traced 90.18 mi against a documented 93 mi Chico–Sacramento route (Wikipedia: 'original 93-mile route'). About 77.6 mi follows OpenStreetMap ways tagged old_railway_operator=SN (abandoned grade, the 'Sacramento Northern Bike Trail' and 'Sacramento Northern Railway' ways). APPROXIMATED, about 12.6 mi in all: (1) 4.7 mi from the Chico depot at 1st and Main south to the first surviving grade north of Durham is drawn on today's streets (Main Street, Park Avenue, Midway) — the cars did run down Main Street and Park Avenue, but the private right of way south of 20th Street is not mapped and Midway stands in for it; (2) 1.9 mi through Yuba City to the Feather River is drawn on Yuba City streets (the line ran in Bridge Street; the drawn path may be a block or two off), then crosses the river on the mapped rail bridge; (3) about 3.4 mi south of Marysville follows untagged OSM rail beside the SN grade; (4) about 2.6 mi in Sacramento — the American River crossing to D Street on untagged OSM rail, then the street route on D, 15th and I Streets to the Union Traction Depot at 11th–12th and I — is on today's street grid. The Sacramento end is drawn to the 1925 Union Traction Depot for all years; before 1925 trains used the Northern Electric's own depot at 8th and J Streets, a few blocks west, which is not drawn separately. Gridley station check: the drawn line passes 2.7 km west of downtown Gridley, consistent with the interurban running west of the Southern Pacific town; not independently verified.",
    "segments": [
     {
      "start": 1918,
      "end": 1928,
      "headway_min": 90,
      "note": "Sacramento Northern Railroad (bought the Northern Electric 28 June 1918). Western Pacific took control in 1922; on 4 November 1925 the property passed to the Sacramento Northern Railway, the WP subsidiary formed to group WP's interurbans. Both companies ran the trains under the Sacramento Northern name, so this feature keeps the SN colour throughout (see metadata colour_note). From 1925 trains used the new Union Traction Depot at 11th–12th and I Streets in Sacramento. 'Elverta Scoots', suburban cars on this line between Sacramento and Elverta (11 mi), ran from 1924 until 1931 over the southern end of this same track. Headway is an ESTIMATE, not taken from a timetable.",
      "sources": [
       "Segment-level: the 1918 sale, 1922 WP control, the 4 November 1925 transfer to the Sacramento Northern Railway and the 1925 Union Traction Depot are from Garth Groff's brief history (wplives.org); the Elverta Scoot dates (1924–1931) are from his 'Suburban Service from Sacramento' page. Headway not sourced.",
       "https://www.wplives.org/sn/history.html",
       "https://www.wplives.org/sn/scoot.html",
       "https://en.wikipedia.org/wiki/Sacramento_Northern_Railway"
      ]
     },
     {
      "start": 1928,
      "end": 1940,
      "headway_min": 180,
      "note": "After the 1 January 1929 merger with the San Francisco–Sacramento Railroad, through trains ran Chico – Sacramento – Oakland – (from 15 January 1939) San Francisco over the Bay Bridge; dual-voltage ex-OA&E motors worked through, while the third-rail-only Niles cars stayed north of Sacramento. In June 1939 the through service was down to three weekday trains Chico – San Francisco (the Comet and Meteor names belong to these runs). The last passenger train between Chico and Sacramento ran on 31 October 1940. Freight continued for decades and is not drawn. The 180-minute headway is an ESTIMATE averaging the 1930s decline; the only counted figure is the June 1939 three-trains-a-day service.",
      "sources": [
       "Segment-level: the 1 January 1929 merger, the 15 January 1939 Bay Bridge service and the 31 October 1940 last Chico–Sacramento train are from Garth Groff's brief history (wplives.org); the June 1939 three-train service and the end in late October 1940 are from the Wikipedia article (citing Hilton & Due and the Chico Enterprise, 31 October 1940).",
       "https://www.wplives.org/sn/history.html",
       "https://en.wikipedia.org/wiki/Sacramento_Northern_Railway"
      ]
     }
    ]
   },
   "geometry": {
    "type": "LineString",
    "coordinates": [
     [
      -121.841175,
      39.731081
     ],
     [
      -121.835015,
      39.725621
     ],
     [
      -121.832465,
      39.724393
     ],
     [
      -121.814596,
      39.714441
     ],
     [
      -121.809271,
      39.7089
     ],
     [
      -121.799096,
      39.694253
     ],
     [
      -121.795944,
      39.678384
     ],
     [
      -121.796044,
      39.677104
     ],
     [
      -121.795823,
      39.677031
     ],
     [
      -121.796458,
      39.676106
     ],
     [
      -121.799027,
      39.673829
     ],
     [
      -121.799331,
      39.673101
     ],
     [
      -121.801568,
      39.653391
     ],
     [
      -121.801123,
      39.651331
     ],
     [
      -121.799266,
      39.646338
     ],
     [
      -121.798963,
      39.645917
     ],
     [
      -121.796602,
      39.643831
     ],
     [
      -121.795727,
      39.642771
     ],
     [
      -121.791105,
      39.630477
     ],
     [
      -121.790413,
      39.629455
     ],
     [
      -121.732062,
      39.570536
     ],
     [
      -121.730128,
      39.568962
     ],
     [
      -121.725968,
      39.566073
     ],
     [
      -121.66202,
      39.522236
     ],
     [
      -121.661147,
      39.521294
     ],
     [
      -121.652158,
      39.509939
     ],
     [
      -121.651415,
      39.508451
     ],
     [
      -121.650995,
      39.505647
     ],
     [
      -121.651051,
      39.500967
     ],
     [
      -121.650948,
      39.500475
     ],
     [
      -121.650748,
      39.481912
     ],
     [
      -121.650201,
      39.466956
     ],
     [
      -121.649617,
      39.435457
     ],
     [
      -121.648951,
      39.415616
     ],
     [
      -121.649126,
      39.41312
     ],
     [
      -121.650596,
      39.403693
     ],
     [
      -121.653133,
      39.389772
     ],
     [
      -121.654324,
      39.387615
     ],
     [
      -121.660687,
      39.381775
     ],
     [
      -121.661975,
      39.38003
     ],
     [
      -121.662465,
      39.378545
     ],
     [
      -121.662344,
      39.367062
     ],
     [
      -121.662468,
      39.354453
     ],
     [
      -121.662294,
      39.343361
     ],
     [
      -121.662457,
      39.323389
     ],
     [
      -121.662318,
      39.301643
     ],
     [
      -121.66248,
      39.294395
     ],
     [
      -121.662696,
      39.292951
     ],
     [
      -121.663462,
      39.289885
     ],
     [
      -121.665657,
      39.283245
     ],
     [
      -121.665696,
      39.282006
     ],
     [
      -121.66555,
      39.280645
     ],
     [
      -121.664134,
      39.276257
     ],
     [
      -121.661851,
      39.270514
     ],
     [
      -121.661747,
      39.26962
     ],
     [
      -121.662128,
      39.151068
     ],
     [
      -121.661892,
      39.150095
     ],
     [
      -121.66153,
      39.149489
     ],
     [
      -121.660485,
      39.148423
     ],
     [
      -121.659426,
      39.147804
     ],
     [
      -121.635587,
      39.139189
     ],
     [
      -121.635382,
      39.139306
     ],
     [
      -121.635285,
      39.140704
     ],
     [
      -121.634642,
      39.14071
     ],
     [
      -121.634663,
      39.141642
     ],
     [
      -121.634548,
      39.141839
     ],
     [
      -121.634279,
      39.141758
     ],
     [
      -121.624533,
      39.141531
     ],
     [
      -121.621021,
      39.141298
     ],
     [
      -121.619211,
      39.140672
     ],
     [
      -121.617781,
      39.14059
     ],
     [
      -121.615317,
      39.135394
     ],
     [
      -121.60993,
      39.137258
     ],
     [
      -121.610045,
      39.137541
     ],
     [
      -121.608244,
      39.138166
     ],
     [
      -121.608259,
      39.138378
     ],
     [
      -121.607386,
      39.138661
     ],
     [
      -121.607217,
      39.138412
     ],
     [
      -121.603987,
      39.139006
     ],
     [
      -121.600238,
      39.139226
     ],
     [
      -121.599571,
      39.139007
     ],
     [
      -121.598086,
      39.137587
     ],
     [
      -121.591408,
      39.133127
     ],
     [
      -121.590838,
      39.132076
     ],
     [
      -121.587864,
      39.122962
     ],
     [
      -121.579543,
      39.102817
     ],
     [
      -121.543294,
      39.012927
     ],
     [
      -121.543053,
      39.011629
     ],
     [
      -121.543659,
      38.941596
     ],
     [
      -121.543583,
      38.896202
     ],
     [
      -121.543966,
      38.857963
     ],
     [
      -121.5431,
      38.854598
     ],
     [
      -121.541691,
      38.851914
     ],
     [
      -121.488296,
      38.758995
     ],
     [
      -121.468016,
      38.723395
     ],
     [
      -121.460809,
      38.711087
     ],
     [
      -121.460307,
      38.70999
     ],
     [
      -121.457769,
      38.705565
     ],
     [
      -121.457787,
      38.705213
     ],
     [
      -121.457607,
      38.704884
     ],
     [
      -121.457332,
      38.704637
     ],
     [
      -121.456028,
      38.702527
     ],
     [
      -121.454346,
      38.699586
     ],
     [
      -121.453341,
      38.698226
     ],
     [
      -121.452892,
      38.6971
     ],
     [
      -121.449681,
      38.691093
     ],
     [
      -121.449213,
      38.69063
     ],
     [
      -121.447925,
      38.688298
     ],
     [
      -121.447496,
      38.686543
     ],
     [
      -121.447501,
      38.621084
     ],
     [
      -121.447605,
      38.619708
     ],
     [
      -121.447981,
      38.618426
     ],
     [
      -121.448651,
      38.617156
     ],
     [
      -121.449272,
      38.61634
     ],
     [
      -121.450241,
      38.615406
     ],
     [
      -121.451203,
      38.614711
     ],
     [
      -121.467941,
      38.605669
     ],
     [
      -121.477595,
      38.583408
     ],
     [
      -121.483705,
      38.585035
     ],
     [
      -121.486083,
      38.579555
     ],
     [
      -121.490366,
      38.580698
     ]
    ]
   }
  },
  {
   "type": "Feature",
   "properties": {
    "company": "Northern Electric Railway",
    "line": "Northern Electric: Chico – Oroville",
    "id": "sacn-ner-chico-oroville",
    "color": "#5C4D9E",
    "mode": "interurban",
    "avg_speed_kmh": 45,
    "speed_source": "ESTIMATE. No running time for this branch was checked; ~40 km/h assumed for a lightly-built single-track interurban branch with local stops.",
    "geometry_quality": "Traced 24.74 mi against a documented 25 mi ('a 25-mile line between Oroville and Chico', Groff). Chico to Oroville Junction shares the main-line geometry (including its 4.7 mi street-grid approximation out of Chico, see the main-line feature); Oroville Junction to the Feather River follows OSM ways tagged old_railway_operator=SN. The last 0.96 mi, across the Feather River into downtown Oroville (Montgomery and Myers Streets), is a STRAIGHT LINE: the bridge washed out and nothing survives; the Oroville terminal's exact site was not checked.",
    "segments": [
     {
      "start": 1906,
      "end": 1907,
      "headway_min": 90,
      "note": "The Northern Electric's first interurban line, Chico – Oroville, opened on 25 April 1906 (Wikipedia) — before the main line south of Oroville Junction existed. From 1907, when through service to Sacramento began, Chico – Oroville Junction became part of the main line and Oroville was served by the branch drawn separately. Headway is an ESTIMATE, not taken from a timetable.",
      "sources": [
       "Segment-level: the 25 April 1906 opening is from the Wikipedia article (citing the Sacramento Evening Bee of that date); the 25-mile Chico–Oroville length and 1906 opening are also in Groff's brief history.",
       "https://en.wikipedia.org/wiki/Sacramento_Northern_Railway",
       "https://www.wplives.org/sn/history.html"
      ]
     }
    ]
   },
   "geometry": {
    "type": "LineString",
    "coordinates": [
     [
      -121.841175,
      39.731081
     ],
     [
      -121.835015,
      39.725621
     ],
     [
      -121.832465,
      39.724393
     ],
     [
      -121.814596,
      39.714441
     ],
     [
      -121.809271,
      39.7089
     ],
     [
      -121.799096,
      39.694253
     ],
     [
      -121.795944,
      39.678384
     ],
     [
      -121.796044,
      39.677104
     ],
     [
      -121.795823,
      39.677031
     ],
     [
      -121.796458,
      39.676106
     ],
     [
      -121.799027,
      39.673829
     ],
     [
      -121.799331,
      39.673101
     ],
     [
      -121.801568,
      39.653391
     ],
     [
      -121.801123,
      39.651331
     ],
     [
      -121.799266,
      39.646338
     ],
     [
      -121.798963,
      39.645917
     ],
     [
      -121.796602,
      39.643831
     ],
     [
      -121.795727,
      39.642771
     ],
     [
      -121.790872,
      39.630063
     ],
     [
      -121.790055,
      39.629071
     ],
     [
      -121.770601,
      39.609506
     ],
     [
      -121.767271,
      39.605988
     ],
     [
      -121.732062,
      39.570536
     ],
     [
      -121.730845,
      39.569489
     ],
     [
      -121.66202,
      39.522236
     ],
     [
      -121.661147,
      39.521294
     ],
     [
      -121.653136,
      39.511117
     ],
     [
      -121.652175,
      39.510188
     ],
     [
      -121.65135,
      39.50981
     ],
     [
      -121.649692,
      39.509586
     ],
     [
      -121.646606,
      39.50955
     ],
     [
      -121.632659,
      39.509815
     ],
     [
      -121.631864,
      39.509695
     ],
     [
      -121.613047,
      39.509881
     ],
     [
      -121.609167,
      39.509771
     ],
     [
      -121.600541,
      39.508903
     ],
     [
      -121.597246,
      39.507294
     ],
     [
      -121.595866,
      39.506886
     ],
     [
      -121.587598,
      39.506873
     ],
     [
      -121.586763,
      39.506781
     ],
     [
      -121.581538,
      39.504042
     ],
     [
      -121.58074,
      39.503786
     ],
     [
      -121.580003,
      39.503713
     ],
     [
      -121.57679,
      39.504019
     ],
     [
      -121.576063,
      39.504188
     ],
     [
      -121.570338,
      39.506081
     ],
     [
      -121.555563,
      39.514043
     ]
    ]
   }
  },
  {
   "type": "Feature",
   "properties": {
    "company": "Northern Electric Railway",
    "line": "Northern Electric: Oroville Branch",
    "id": "sacn-ner-oroville-branch",
    "color": "#5C4D9E",
    "mode": "interurban",
    "avg_speed_kmh": 40,
    "speed_source": "ESTIMATE. No running time for this branch was checked; ~40 km/h assumed for a lightly-built single-track interurban branch with local stops.",
    "geometry_quality": "Traced 5.4 mi from Oroville Junction (where it leaves the drawn main line) to downtown Oroville. No branch mileage was found to compare with. All but the last 0.96 mi follows OSM ways tagged old_railway_operator=SN; that last leg, across the Feather River into downtown Oroville, is a STRAIGHT LINE because the bridge washed out in 1938 and the terminal site was not checked.",
    "segments": [
     {
      "start": 1907,
      "end": 1918,
      "headway_min": 120,
      "note": "Oroville Junction – Oroville, the stub of the original 1906 Chico – Oroville line left as a branch once the main line ran south from Oroville Junction to Marysville and Sacramento (full service 1 September 1907). Northern Electric until its sale on 28 June 1918. Headway is an ESTIMATE, not taken from a timetable.",
      "sources": [
       "NOT SOURCED AT SEGMENT LEVEL: the branch's existence and the 1906/1907 dates follow from the Wikipedia article and Groff's history, but no source naming the branch's service level or the exact junction was checked.",
       "https://en.wikipedia.org/wiki/Sacramento_Northern_Railway",
       "https://www.wplives.org/sn/history.html"
      ]
     }
    ]
   },
   "geometry": {
    "type": "LineString",
    "coordinates": [
     [
      -121.651032,
      39.509725
     ],
     [
      -121.649692,
      39.509586
     ],
     [
      -121.646606,
      39.50955
     ],
     [
      -121.632659,
      39.509815
     ],
     [
      -121.631864,
      39.509695
     ],
     [
      -121.613047,
      39.509881
     ],
     [
      -121.609167,
      39.509771
     ],
     [
      -121.600541,
      39.508903
     ],
     [
      -121.597246,
      39.507294
     ],
     [
      -121.595866,
      39.506886
     ],
     [
      -121.587598,
      39.506873
     ],
     [
      -121.586763,
      39.506781
     ],
     [
      -121.581538,
      39.504042
     ],
     [
      -121.58074,
      39.503786
     ],
     [
      -121.580003,
      39.503713
     ],
     [
      -121.57679,
      39.504019
     ],
     [
      -121.576063,
      39.504188
     ],
     [
      -121.570338,
      39.506081
     ],
     [
      -121.555563,
      39.514043
     ]
    ]
   }
  },
  {
   "type": "Feature",
   "properties": {
    "company": "Sacramento Northern",
    "line": "Sacramento Northern: Oroville Branch",
    "id": "sacn-sn-oroville-branch",
    "color": "#2E5EAA",
    "mode": "interurban",
    "avg_speed_kmh": 40,
    "speed_source": "ESTIMATE. No running time for this branch was checked; ~40 km/h assumed for a lightly-built single-track interurban branch with local stops.",
    "geometry_quality": "Traced 5.4 mi from Oroville Junction (where it leaves the drawn main line) to downtown Oroville. No branch mileage was found to compare with. All but the last 0.96 mi follows OSM ways tagged old_railway_operator=SN; that last leg, across the Feather River into downtown Oroville, is a STRAIGHT LINE because the bridge washed out in 1938 and the terminal site was not checked.",
    "segments": [
     {
      "start": 1918,
      "end": 1938,
      "headway_min": 120,
      "note": "Sacramento Northern Railroad / Railway years. Rail service to Oroville ended in 1938 after the bridge into the town center washed out (Wikipedia, citing Trimble and Hilton & Due). Freight after that date, if any, is not drawn. Headway is an ESTIMATE, not taken from a timetable.",
      "sources": [
       "Segment-level: the 1938 end of Oroville service after the bridge washout is from the Wikipedia article (citing Trimble 2005 p.15 and Hilton & Due p.400). Headway not sourced.",
       "https://en.wikipedia.org/wiki/Sacramento_Northern_Railway"
      ]
     }
    ]
   },
   "geometry": {
    "type": "LineString",
    "coordinates": [
     [
      -121.651032,
      39.509725
     ],
     [
      -121.649692,
      39.509586
     ],
     [
      -121.646606,
      39.50955
     ],
     [
      -121.632659,
      39.509815
     ],
     [
      -121.631864,
      39.509695
     ],
     [
      -121.613047,
      39.509881
     ],
     [
      -121.609167,
      39.509771
     ],
     [
      -121.600541,
      39.508903
     ],
     [
      -121.597246,
      39.507294
     ],
     [
      -121.595866,
      39.506886
     ],
     [
      -121.587598,
      39.506873
     ],
     [
      -121.586763,
      39.506781
     ],
     [
      -121.581538,
      39.504042
     ],
     [
      -121.58074,
      39.503786
     ],
     [
      -121.580003,
      39.503713
     ],
     [
      -121.57679,
      39.504019
     ],
     [
      -121.576063,
      39.504188
     ],
     [
      -121.570338,
      39.506081
     ],
     [
      -121.555563,
      39.514043
     ]
    ]
   }
  },
  {
   "type": "Feature",
   "properties": {
    "company": "Northern Electric Railway",
    "line": "Northern Electric: Colusa Branch",
    "id": "sacn-ner-colusa-branch",
    "color": "#5C4D9E",
    "mode": "interurban",
    "avg_speed_kmh": 40,
    "speed_source": "ESTIMATE. No running time for this branch was checked; ~40 km/h assumed for a lightly-built single-track interurban branch with local stops.",
    "geometry_quality": "Traced 22.02 mi against a documented 22.39 mi Colusa Junction – Colusa (Wikipedia). Follows OSM ways tagged old_railway_operator=SN (named 'Sacramento Northern Railway') for its whole length, from the junction on the main line north of Yuba City through Sutter, Tarke and Meridian (crossing the Sacramento River on the shared rail/road bridge) to Market and 13th Streets in Colusa, where the cars turned on a balloon loop; the loop itself (0.6 mi of SN-tagged track past 13th Street) is not drawn.",
    "segments": [
     {
      "start": 1913,
      "end": 1918,
      "headway_min": 120,
      "note": "Marysville and Colusa Branch, built by a nominally independent company (incorporated 6 June 1910) and leased to and operated by the Northern Electric; construction began December 1911 and the line was completed and opened 13 June 1913 (Wikipedia citing Hilton & Due; East Bay Hills Project citing Demoro). Northern Electric until the 1918 sale. Headway is an ESTIMATE, not taken from a timetable.",
      "sources": [
       "Segment-level: the 13 June 1913 opening and the lease to the Northern Electric are from the Wikipedia branch article (citing Hilton & Due p.398) and the East Bay Hills Project page (citing Demoro). Headway not sourced.",
       "https://en.wikipedia.org/wiki/Northern_Electric_Railway%E2%80%94Marysville_and_Colusa_Branch",
       "https://eastbayhillsproject.org/?p=43492"
      ]
     }
    ]
   },
   "geometry": {
    "type": "LineString",
    "coordinates": [
     [
      -121.662477,
      39.14982
     ],
     [
      -121.663328,
      39.149128
     ],
     [
      -121.663935,
      39.148834
     ],
     [
      -121.6648,
      39.148693
     ],
     [
      -121.671173,
      39.148701
     ],
     [
      -121.67193,
      39.148602
     ],
     [
      -121.816783,
      39.150367
     ],
     [
      -121.818855,
      39.150096
     ],
     [
      -121.83641,
      39.146466
     ],
     [
      -121.842998,
      39.145264
     ],
     [
      -121.844521,
      39.14511
     ],
     [
      -121.945405,
      39.14582
     ],
     [
      -121.947976,
      39.146084
     ],
     [
      -121.950253,
      39.146854
     ],
     [
      -121.952146,
      39.148045
     ],
     [
      -121.988464,
      39.188846
     ],
     [
      -121.990184,
      39.190958
     ],
     [
      -121.99118,
      39.192687
     ],
     [
      -121.991784,
      39.194544
     ],
     [
      -121.992054,
      39.196587
     ],
     [
      -121.99203,
      39.19929
     ],
     [
      -121.991358,
      39.204778
     ],
     [
      -121.991579,
      39.206144
     ],
     [
      -121.992203,
      39.207617
     ],
     [
      -121.993221,
      39.208985
     ],
     [
      -121.994649,
      39.210208
     ],
     [
      -121.996416,
      39.211177
     ],
     [
      -121.998491,
      39.21184
     ],
     [
      -122.019047,
      39.216603
     ]
    ]
   }
  },
  {
   "type": "Feature",
   "properties": {
    "company": "Sacramento Northern",
    "line": "Sacramento Northern: Colusa Branch",
    "id": "sacn-sn-colusa-branch",
    "color": "#2E5EAA",
    "mode": "interurban",
    "avg_speed_kmh": 40,
    "speed_source": "ESTIMATE. No running time for this branch was checked; ~40 km/h assumed for a lightly-built single-track interurban branch with local stops.",
    "geometry_quality": "Traced 22.02 mi against a documented 22.39 mi Colusa Junction – Colusa (Wikipedia). Follows OSM ways tagged old_railway_operator=SN (named 'Sacramento Northern Railway') for its whole length, from the junction on the main line north of Yuba City through Sutter, Tarke and Meridian (crossing the Sacramento River on the shared rail/road bridge) to Market and 13th Streets in Colusa, where the cars turned on a balloon loop; the loop itself (0.6 mi of SN-tagged track past 13th Street) is not drawn.",
    "segments": [
     {
      "start": 1918,
      "end": 1940,
      "headway_min": 150,
      "note": "Sacramento Northern years (the Northern Electric was sold on 28/30 June 1918). Passenger service on the Colusa Branch ended on 31 October 1940, the same day as Chico – Sacramento service. Freight continued on parts of the branch into the 1980s–2000s and is not drawn. Headway is an ESTIMATE, not taken from a timetable.",
      "sources": [
       "Segment-level: the 31 October 1940 end of passenger service is from the Wikipedia branch article (citing Hilton & Due p.400). Headway not sourced.",
       "https://en.wikipedia.org/wiki/Northern_Electric_Railway%E2%80%94Marysville_and_Colusa_Branch"
      ]
     }
    ]
   },
   "geometry": {
    "type": "LineString",
    "coordinates": [
     [
      -121.662477,
      39.14982
     ],
     [
      -121.663328,
      39.149128
     ],
     [
      -121.663935,
      39.148834
     ],
     [
      -121.6648,
      39.148693
     ],
     [
      -121.671173,
      39.148701
     ],
     [
      -121.67193,
      39.148602
     ],
     [
      -121.816783,
      39.150367
     ],
     [
      -121.818855,
      39.150096
     ],
     [
      -121.83641,
      39.146466
     ],
     [
      -121.842998,
      39.145264
     ],
     [
      -121.844521,
      39.14511
     ],
     [
      -121.945405,
      39.14582
     ],
     [
      -121.947976,
      39.146084
     ],
     [
      -121.950253,
      39.146854
     ],
     [
      -121.952146,
      39.148045
     ],
     [
      -121.988464,
      39.188846
     ],
     [
      -121.990184,
      39.190958
     ],
     [
      -121.99118,
      39.192687
     ],
     [
      -121.991784,
      39.194544
     ],
     [
      -121.992054,
      39.196587
     ],
     [
      -121.99203,
      39.19929
     ],
     [
      -121.991358,
      39.204778
     ],
     [
      -121.991579,
      39.206144
     ],
     [
      -121.992203,
      39.207617
     ],
     [
      -121.993221,
      39.208985
     ],
     [
      -121.994649,
      39.210208
     ],
     [
      -121.996416,
      39.211177
     ],
     [
      -121.998491,
      39.21184
     ],
     [
      -122.019047,
      39.216603
     ]
    ]
   }
  },
  {
   "type": "Feature",
   "properties": {
    "company": "Northern Electric Railway",
    "line": "Northern Electric: Woodland Branch",
    "id": "sacn-ner-woodland-branch",
    "color": "#5C4D9E",
    "mode": "interurban",
    "avg_speed_kmh": 45,
    "speed_source": "ESTIMATE. No running time for this branch was checked; ~40 km/h assumed for a lightly-built single-track interurban branch with local stops.",
    "geometry_quality": "Traced 19.01 mi from the Union Traction Depot in Sacramento to the Woodland depot at Main and Second Streets, against a documented 16 mi from West Sacramento to Woodland plus roughly 1.5 mi of Sacramento street running. Sacramento streets (I/J and 8th Streets to Capitol Mall, then the Tower Bridge — the M Street bridge of 1911 stood on the same site until the Tower Bridge replaced it in 1935) are drawn on today's street and light-rail geometry, about 2.7 mi, and may be a block off; West Sacramento to Woodland follows OSM ways tagged old_railway_operator=SN (the active 'Woodland' line, now Sierra Northern) — 16.7 mi; the last 0.6 mi is drawn down Woodland's Main Street. Before 1925 trains started at the 8th and J Street depot rather than the Union Traction Depot.",
    "segments": [
     {
      "start": 1912,
      "end": 1918,
      "headway_min": 60,
      "note": "Built by the Sacramento & Woodland Railway (incorporated 20 July 1911), a dummy company controlled by the Northern Electric, which ran the trains. Grand opening 4 July 1912 with an eight-car free train; regular service from 15 July 1912. Through trains initially ran Chico – Sacramento – Woodland until the 1914 bankruptcy. Overhead wire on Sacramento and Woodland streets, third rail between. Headway is an ESTIMATE, not taken from a timetable.",
      "sources": [
       "Segment-level: the 20 July 1911 incorporation, the 4 July / 15 July 1912 openings and the through Chico–Woodland running are from Garth Groff's 'The Woodland Branch' (wplives.org). Headway not sourced.",
       "https://www.wplives.org/sn/woodland.html",
       "https://en.wikipedia.org/wiki/Sacramento_Northern_Railway"
      ]
     }
    ]
   },
   "geometry": {
    "type": "LineString",
    "coordinates": [
     [
      -121.490366,
      38.580698
     ],
     [
      -121.491266,
      38.578648
     ],
     [
      -121.491564,
      38.578597
     ],
     [
      -121.49262,
      38.578875
     ],
     [
      -121.496496,
      38.579962
     ],
     [
      -121.496509,
      38.58031
     ],
     [
      -121.495927,
      38.581578
     ],
     [
      -121.495693,
      38.582123
     ],
     [
      -121.49648,
      38.580385
     ],
     [
      -121.49767,
      38.577616
     ],
     [
      -121.506918,
      38.580195
     ],
     [
      -121.511543,
      38.581368
     ],
     [
      -121.511787,
      38.57983
     ],
     [
      -121.513758,
      38.579446
     ],
     [
      -121.515112,
      38.57934
     ],
     [
      -121.515487,
      38.579444
     ],
     [
      -121.515367,
      38.579741
     ],
     [
      -121.515843,
      38.579966
     ],
     [
      -121.51542,
      38.58103
     ],
     [
      -121.515476,
      38.581623
     ],
     [
      -121.516003,
      38.582307
     ],
     [
      -121.516535,
      38.582709
     ],
     [
      -121.532304,
      38.586977
     ],
     [
      -121.535918,
      38.588215
     ],
     [
      -121.538427,
      38.589247
     ],
     [
      -121.54089,
      38.590354
     ],
     [
      -121.542467,
      38.591305
     ],
     [
      -121.546521,
      38.594217
     ],
     [
      -121.549844,
      38.597083
     ],
     [
      -121.560009,
      38.607154
     ],
     [
      -121.616171,
      38.663581
     ],
     [
      -121.619141,
      38.666204
     ],
     [
      -121.630079,
      38.674803
     ],
     [
      -121.631444,
      38.675636
     ],
     [
      -121.632986,
      38.67628
     ],
     [
      -121.634972,
      38.676756
     ],
     [
      -121.636921,
      38.676908
     ],
     [
      -121.762738,
      38.677549
     ],
     [
      -121.764522,
      38.677423
     ],
     [
      -121.771902,
      38.677444
     ]
    ]
   }
  },
  {
   "type": "Feature",
   "properties": {
    "company": "Sacramento Northern",
    "line": "Sacramento Northern: Woodland Branch",
    "id": "sacn-sn-woodland-branch",
    "color": "#2E5EAA",
    "mode": "interurban",
    "avg_speed_kmh": 45,
    "speed_source": "ESTIMATE. No running time for this branch was checked; ~40 km/h assumed for a lightly-built single-track interurban branch with local stops.",
    "geometry_quality": "Traced 19.01 mi from the Union Traction Depot in Sacramento to the Woodland depot at Main and Second Streets, against a documented 16 mi from West Sacramento to Woodland plus roughly 1.5 mi of Sacramento street running. Sacramento streets (I/J and 8th Streets to Capitol Mall, then the Tower Bridge — the M Street bridge of 1911 stood on the same site until the Tower Bridge replaced it in 1935) are drawn on today's street and light-rail geometry, about 2.7 mi, and may be a block off; West Sacramento to Woodland follows OSM ways tagged old_railway_operator=SN (the active 'Woodland' line, now Sierra Northern) — 16.7 mi; the last 0.6 mi is drawn down Woodland's Main Street. Before 1925 trains started at the 8th and J Street depot rather than the Union Traction Depot.",
    "segments": [
     {
      "start": 1918,
      "end": 1940,
      "headway_min": 180,
      "note": "Sacramento Northern years. Local Sacramento – Woodland service: as late as 1939 eight weekday round trips; cut to four round trips in March 1940 (Sunday service restored at three after protests); all passenger trains ended 31 October 1940. The branch stayed in freight service (today Sierra Northern) and is not drawn after 1940. The 180-minute headway reflects eight round trips over a ~16-hour day in 1939 and is an approximation.",
      "sources": [
       "Segment-level: the 1939 eight round trips, the March 1940 cut to four and the 31 October 1940 end are from Garth Groff's 'The Woodland Branch' (wplives.org).",
       "https://www.wplives.org/sn/woodland.html"
      ]
     }
    ]
   },
   "geometry": {
    "type": "LineString",
    "coordinates": [
     [
      -121.490366,
      38.580698
     ],
     [
      -121.491266,
      38.578648
     ],
     [
      -121.491564,
      38.578597
     ],
     [
      -121.49262,
      38.578875
     ],
     [
      -121.496496,
      38.579962
     ],
     [
      -121.496509,
      38.58031
     ],
     [
      -121.495927,
      38.581578
     ],
     [
      -121.495693,
      38.582123
     ],
     [
      -121.49648,
      38.580385
     ],
     [
      -121.49767,
      38.577616
     ],
     [
      -121.506918,
      38.580195
     ],
     [
      -121.511543,
      38.581368
     ],
     [
      -121.511787,
      38.57983
     ],
     [
      -121.513758,
      38.579446
     ],
     [
      -121.515112,
      38.57934
     ],
     [
      -121.515487,
      38.579444
     ],
     [
      -121.515367,
      38.579741
     ],
     [
      -121.515843,
      38.579966
     ],
     [
      -121.51542,
      38.58103
     ],
     [
      -121.515476,
      38.581623
     ],
     [
      -121.516003,
      38.582307
     ],
     [
      -121.516535,
      38.582709
     ],
     [
      -121.532304,
      38.586977
     ],
     [
      -121.535918,
      38.588215
     ],
     [
      -121.538427,
      38.589247
     ],
     [
      -121.54089,
      38.590354
     ],
     [
      -121.542467,
      38.591305
     ],
     [
      -121.546521,
      38.594217
     ],
     [
      -121.549844,
      38.597083
     ],
     [
      -121.560009,
      38.607154
     ],
     [
      -121.616171,
      38.663581
     ],
     [
      -121.619141,
      38.666204
     ],
     [
      -121.630079,
      38.674803
     ],
     [
      -121.631444,
      38.675636
     ],
     [
      -121.632986,
      38.67628
     ],
     [
      -121.634972,
      38.676756
     ],
     [
      -121.636921,
      38.676908
     ],
     [
      -121.762738,
      38.677549
     ],
     [
      -121.764522,
      38.677423
     ],
     [
      -121.771902,
      38.677444
     ]
    ]
   }
  },
  {
   "type": "Feature",
   "properties": {
    "company": "Northern Electric Railway",
    "line": "Northern Electric: Sacramento – Swanston",
    "id": "sacn-ner-swanston",
    "color": "#5C4D9E",
    "mode": "streetcar",
    "avg_speed_kmh": 20,
    "speed_source": "ESTIMATE. Typical city streetcar speed; no running time checked.",
    "geometry_quality": "Traced 3.71 mi from the Union Traction Depot to the Swanston light-rail stop, against a documented route length of 'about seven miles' (Groff) measured from the original 8th and J Street depot. Drawn on the MODERN SacRT Blue Line (light-rail ways on 12th Street and Del Paso Boulevard through Globe, Arden/Del Paso and Royal Oaks to Swanston) — a LATER ALIGNMENT than this feature's era: Wikipedia says SacRT reactivated the Swanston line, but how closely the 1987 light-rail tracks follow the 1914 interurban line street by street was not checked. Street sections may be a block off.",
    "segments": [
     {
      "start": 1914,
      "end": 1918,
      "headway_min": 30,
      "note": "Suburban service to Swanston (North Sacramento) began in 1914, subsidised by the North Sacramento Land Company, which agreed to make up any fare deficits. Run with ex-Los Angeles-type streetcars 21 and 22 from the 8th and J depot. Tagged streetcar rather than interurban under Rule 7: a suburban car line inside the Sacramento built-up area. Headway is an ESTIMATE, not taken from a timetable.",
      "sources": [
       "Segment-level: the 1914 start, the developer subsidy and the cars used are from Garth Groff's 'Suburban Service from Sacramento' (wplives.org). Headway not sourced.",
       "https://www.wplives.org/sn/scoot.html",
       "https://en.wikipedia.org/wiki/Sacramento_Northern_Railway"
      ]
     }
    ]
   },
   "geometry": {
    "type": "LineString",
    "coordinates": [
     [
      -121.490366,
      38.580698
     ],
     [
      -121.485965,
      38.590414
     ],
     [
      -121.482292,
      38.592278
     ],
     [
      -121.480315,
      38.59305
     ],
     [
      -121.478835,
      38.59386
     ],
     [
      -121.478352,
      38.594295
     ],
     [
      -121.477415,
      38.595758
     ],
     [
      -121.474682,
      38.59756
     ],
     [
      -121.468863,
      38.599949
     ],
     [
      -121.468099,
      38.60069
     ],
     [
      -121.467514,
      38.601964
     ],
     [
      -121.466768,
      38.602561
     ],
     [
      -121.459074,
      38.606219
     ],
     [
      -121.458567,
      38.606352
     ],
     [
      -121.455429,
      38.606407
     ],
     [
      -121.455442,
      38.606294
     ],
     [
      -121.448527,
      38.606268
     ],
     [
      -121.444361,
      38.605212
     ],
     [
      -121.443371,
      38.605114
     ],
     [
      -121.44298,
      38.605157
     ],
     [
      -121.44282,
      38.605284
     ],
     [
      -121.442646,
      38.605234
     ],
     [
      -121.44189,
      38.605571
     ],
     [
      -121.439845,
      38.607399
     ]
    ]
   }
  },
  {
   "type": "Feature",
   "properties": {
    "company": "Sacramento Northern",
    "line": "Sacramento Northern: Sacramento – Swanston",
    "id": "sacn-sn-swanston",
    "color": "#2E5EAA",
    "mode": "streetcar",
    "avg_speed_kmh": 20,
    "speed_source": "ESTIMATE. Typical city streetcar speed; no running time checked.",
    "geometry_quality": "Traced 3.71 mi from the Union Traction Depot to the Swanston light-rail stop, against a documented route length of 'about seven miles' (Groff) measured from the original 8th and J Street depot. Drawn on the MODERN SacRT Blue Line (light-rail ways on 12th Street and Del Paso Boulevard through Globe, Arden/Del Paso and Royal Oaks to Swanston) — a LATER ALIGNMENT than this feature's era: Wikipedia says SacRT reactivated the Swanston line, but how closely the 1987 light-rail tracks follow the 1914 interurban line street by street was not checked. Street sections may be a block off.",
    "segments": [
     {
      "start": 1918,
      "end": 1932,
      "headway_min": 60,
      "note": "Sacramento Northern years; from 1925 trains left from the Union Traction Depot. By the early 1930s down to six round trips a day; when the developer withdrew its subsidy passenger service was quickly abandoned. SOURCE CONFLICT on the end: Wikipedia (citing Trimble) gives 1914–1932; Groff says the land company had sold most lots in 1933 and then withdrew the subsidy. The drawn end is 1932, the earlier of the two. The 60-minute headway is an ESTIMATE; only the early-1930s six round trips a day is sourced.",
      "sources": [
       "Segment-level: the 1925 terminal change, the six daily round trips and the subsidy withdrawal are from Groff's 'Suburban Service from Sacramento'; the 1932 end is from the Wikipedia article (citing Trimble 2005 p.27).",
       "https://www.wplives.org/sn/scoot.html",
       "https://en.wikipedia.org/wiki/Sacramento_Northern_Railway"
      ]
     }
    ]
   },
   "geometry": {
    "type": "LineString",
    "coordinates": [
     [
      -121.490366,
      38.580698
     ],
     [
      -121.485965,
      38.590414
     ],
     [
      -121.482292,
      38.592278
     ],
     [
      -121.480315,
      38.59305
     ],
     [
      -121.478835,
      38.59386
     ],
     [
      -121.478352,
      38.594295
     ],
     [
      -121.477415,
      38.595758
     ],
     [
      -121.474682,
      38.59756
     ],
     [
      -121.468863,
      38.599949
     ],
     [
      -121.468099,
      38.60069
     ],
     [
      -121.467514,
      38.601964
     ],
     [
      -121.466768,
      38.602561
     ],
     [
      -121.459074,
      38.606219
     ],
     [
      -121.458567,
      38.606352
     ],
     [
      -121.455429,
      38.606407
     ],
     [
      -121.455442,
      38.606294
     ],
     [
      -121.448527,
      38.606268
     ],
     [
      -121.444361,
      38.605212
     ],
     [
      -121.443371,
      38.605114
     ],
     [
      -121.44298,
      38.605157
     ],
     [
      -121.44282,
      38.605284
     ],
     [
      -121.442646,
      38.605234
     ],
     [
      -121.44189,
      38.605571
     ],
     [
      -121.439845,
      38.607399
     ]
    ]
   }
  },
  {
   "type": "Feature",
   "properties": {
    "company": "Northern Electric Railway",
    "line": "Northern Electric: Vacaville – Suisun",
    "id": "sacn-ner-vacaville-branch",
    "color": "#5C4D9E",
    "mode": "interurban",
    "avg_speed_kmh": 40,
    "speed_source": "ESTIMATE. No running time for this branch was checked; ~40 km/h assumed for a lightly-built single-track interurban branch with local stops.",
    "geometry_quality": "Traced 10.19 mi Vacaville – Fairfield. No documented mileage was found for comparison. 7.5 mi follows OSM ways tagged old_railway_operator=SN; 2.6 mi south of Vacaville follows an abandoned OSM way named 'Vacaville' that is tagged old_railway_operator=SF&NP — almost certainly a mistag (the San Francisco & North Pacific never reached Vacaville), and its line matches the SN branch heading for Fairfield, but it is flagged here because the tag says otherwise. The drawn line ends at the SN grade's end in Fairfield, 0.4 km from central Fairfield; the continuation into Suisun was not traced. The Willotta leg (west toward Cordelia) is NOT drawn: whether passengers rode it was not established. Drawn alignment is the pre-1930 isolated branch; the 1930 Creed connection and the 1942 relocation round Travis AFB are freight-era and not drawn.",
    "segments": [
     {
      "start": 1914,
      "end": 1918,
      "headway_min": 120,
      "note": "The isolated Vaca Valley line, built on the franchise of the Vallejo and Northern Railroad (which the Northern Electric acquired in 1909) as the first piece of a planned Woodland – Vallejo route. Opened 16 May 1914; third-rail powered; never connected to the rest of the system in its passenger years. Northern Electric until the 1918 sale. Headway is an ESTIMATE, not taken from a timetable.",
      "sources": [
       "Segment-level: the 1909 acquisition, the 16 May 1914 opening and third-rail power are from the Wikipedia article's Vallejo and Northern / Vaca Valley Line sections (citing the San Francisco Daily Journal of Commerce, 16 May 1914, and Hilton & Due). Headway not sourced.",
       "https://en.wikipedia.org/wiki/Sacramento_Northern_Railway"
      ]
     }
    ]
   },
   "geometry": {
    "type": "LineString",
    "coordinates": [
     [
      -121.98608,
      38.356406
     ],
     [
      -121.986068,
      38.352997
     ],
     [
      -121.985791,
      38.351813
     ],
     [
      -121.961911,
      38.303575
     ],
     [
      -121.961569,
      38.302366
     ],
     [
      -121.96175,
      38.300949
     ],
     [
      -121.96213,
      38.299895
     ],
     [
      -121.962921,
      38.298877
     ],
     [
      -121.963741,
      38.298099
     ],
     [
      -121.969464,
      38.294385
     ],
     [
      -121.971816,
      38.29299
     ],
     [
      -121.974058,
      38.29189
     ],
     [
      -122.045871,
      38.260615
     ],
     [
      -122.046532,
      38.260042
     ],
     [
      -122.047176,
      38.258994
     ],
     [
      -122.047433,
      38.257884
     ],
     [
      -122.047383,
      38.256889
     ],
     [
      -122.046993,
      38.256093
     ],
     [
      -122.04589,
      38.254935
     ],
     [
      -122.043251,
      38.251455
     ]
    ]
   }
  },
  {
   "type": "Feature",
   "properties": {
    "company": "Sacramento Northern",
    "line": "Sacramento Northern: Vacaville – Suisun",
    "id": "sacn-sn-vacaville-branch",
    "color": "#2E5EAA",
    "mode": "interurban",
    "avg_speed_kmh": 40,
    "speed_source": "ESTIMATE. No running time for this branch was checked; ~40 km/h assumed for a lightly-built single-track interurban branch with local stops.",
    "geometry_quality": "Traced 10.19 mi Vacaville – Fairfield. No documented mileage was found for comparison. 7.5 mi follows OSM ways tagged old_railway_operator=SN; 2.6 mi south of Vacaville follows an abandoned OSM way named 'Vacaville' that is tagged old_railway_operator=SF&NP — almost certainly a mistag (the San Francisco & North Pacific never reached Vacaville), and its line matches the SN branch heading for Fairfield, but it is flagged here because the tag says otherwise. The drawn line ends at the SN grade's end in Fairfield, 0.4 km from central Fairfield; the continuation into Suisun was not traced. The Willotta leg (west toward Cordelia) is NOT drawn: whether passengers rode it was not established. Drawn alignment is the pre-1930 isolated branch; the 1930 Creed connection and the 1942 relocation round Travis AFB are freight-era and not drawn.",
    "segments": [
     {
      "start": 1918,
      "end": 1926,
      "headway_min": 120,
      "note": "Sacramento Northern years. Served by combination cars 103, 104 and 22 (the last rebuilt for this branch in 1920) until passenger service was abandoned in 1926. The branch was joined to the main line at Creed in 1930 and stayed in freight service; none of that is drawn. Headway is an ESTIMATE, not taken from a timetable.",
      "sources": [
       "Segment-level: the 1926 end of passenger service and the cars used are from the Wikipedia article (citing Hilton & Due p.400); car 22's 1920 rebuild is from Groff's Chico page. Headway not sourced.",
       "https://en.wikipedia.org/wiki/Sacramento_Northern_Railway",
       "https://www.wplives.org/sn/chico.html"
      ]
     }
    ]
   },
   "geometry": {
    "type": "LineString",
    "coordinates": [
     [
      -121.98608,
      38.356406
     ],
     [
      -121.986068,
      38.352997
     ],
     [
      -121.985791,
      38.351813
     ],
     [
      -121.961911,
      38.303575
     ],
     [
      -121.961569,
      38.302366
     ],
     [
      -121.96175,
      38.300949
     ],
     [
      -121.96213,
      38.299895
     ],
     [
      -121.962921,
      38.298877
     ],
     [
      -121.963741,
      38.298099
     ],
     [
      -121.969464,
      38.294385
     ],
     [
      -121.971816,
      38.29299
     ],
     [
      -121.974058,
      38.29189
     ],
     [
      -122.045871,
      38.260615
     ],
     [
      -122.046532,
      38.260042
     ],
     [
      -122.047176,
      38.258994
     ],
     [
      -122.047433,
      38.257884
     ],
     [
      -122.047383,
      38.256889
     ],
     [
      -122.046993,
      38.256093
     ],
     [
      -122.04589,
      38.254935
     ],
     [
      -122.043251,
      38.251455
     ]
    ]
   }
  },
  {
   "type": "Feature",
   "properties": {
    "company": "Northern Electric Railway",
    "line": "Northern Electric: Chico Streetcar (Esplanade)",
    "id": "sacn-ner-chico-esplanade",
    "color": "#5C4D9E",
    "mode": "streetcar",
    "avg_speed_kmh": 15,
    "speed_source": "ESTIMATE. Typical city streetcar speed; no running time checked.",
    "geometry_quality": "Traced 1.87 mi along the Esplanade and Main Street from Chico Vecino to the depot at 1st and Main. Drawn on today's street geometry (OSM roads named Esplanade and Main Street); the track ran in these streets, but the exact end of track at Chico Vecino was not located — the drawn end is near East 11th Avenue / Rio Lindo Avenue. Groff gives about 2.7 mi of local track after the 1920s cutbacks, which includes the 16th Street line not drawn here.",
    "segments": [
     {
      "start": 1906,
      "end": 1918,
      "headway_min": 15,
      "note": "Chico city streetcar along the Esplanade from Chico Vecino to downtown — part of the original Chico Electric Railway main track (regular service from 2 January 1905), which the Northern Electric bought in November 1905. The Chico Electric's own months of operation are not drawn (a different company, under a year). The 15-minute headway is the figure Groff gives for the service before the 1931 cut. The Broadway, Mulberry and Chapmantown routes (removed in the 1920s), the 5th Street and Chestnut Street lines and the 16th Street line to Diamond Match are not drawn.",
      "sources": [
       "Segment-level: the 1905 opening, the November 1905 sale to the Northern Electric, the Esplanade route and the 15-minute headway are from Garth Groff's 'Chico and Its Streetcar Lines' (wplives.org).",
       "https://www.wplives.org/sn/chico.html",
       "https://www.wplives.org/sn/history.html"
      ]
     }
    ]
   },
   "geometry": {
    "type": "LineString",
    "coordinates": [
     [
      -121.841175,
      39.731081
     ],
     [
      -121.841883,
      39.731703
     ],
     [
      -121.842292,
      39.732772
     ],
     [
      -121.84293,
      39.733882
     ],
     [
      -121.853339,
      39.748348
     ],
     [
      -121.854926,
      39.750178
     ],
     [
      -121.858969,
      39.754335
     ]
    ]
   }
  },
  {
   "type": "Feature",
   "properties": {
    "company": "Sacramento Northern",
    "line": "Sacramento Northern: Chico Streetcar (Esplanade)",
    "id": "sacn-sn-chico-esplanade",
    "color": "#2E5EAA",
    "mode": "streetcar",
    "avg_speed_kmh": 15,
    "speed_source": "ESTIMATE. Typical city streetcar speed; no running time checked.",
    "geometry_quality": "Traced 1.87 mi along the Esplanade and Main Street from Chico Vecino to the depot at 1st and Main. Drawn on today's street geometry (OSM roads named Esplanade and Main Street); the track ran in these streets, but the exact end of track at Chico Vecino was not located — the drawn end is near East 11th Avenue / Rio Lindo Avenue. Groff gives about 2.7 mi of local track after the 1920s cutbacks, which includes the 16th Street line not drawn here.",
    "segments": [
     {
      "start": 1918,
      "end": 1931,
      "headway_min": 15,
      "note": "Sacramento Northern years; Birney safety cars 60 and 61 bought for Chico in 1918.",
      "sources": [
       "Segment-level: the 1918 Birney purchase and the 15-minute headway before 1931 are from Groff's 'Chico and Its Streetcar Lines' (wplives.org).",
       "https://www.wplives.org/sn/chico.html"
      ]
     },
     {
      "start": 1931,
      "end": 1947,
      "headway_min": 30,
      "note": "In 1931 the SN asked to abandon Chico local service; the Railroad Commission refused, but headway was cut from 15 to 30 minutes, 6 a.m. to 6 p.m., no Sunday service. The city required the streetcars to keep running after interurban service ended in 1940 as the price of letting freight use its streets; wartime gas rationing filled the cars. The Esplanade line still ended at Chico Vecino in 1942, when the city paid for a freight-only extension to the airport (not drawn). Last car 15 December 1947 — the last scheduled passenger service on the whole SN.",
      "sources": [
       "Segment-level: the 1931 cut to 30 minutes, the 1942 airport extension from the end of the line at Chico Vecino and the 15 December 1947 last run are from Groff's 'Chico and Its Streetcar Lines' (wplives.org); the 15 December 1947 date is also in the Wikipedia article.",
       "https://www.wplives.org/sn/chico.html",
       "https://en.wikipedia.org/wiki/Sacramento_Northern_Railway"
      ]
     }
    ]
   },
   "geometry": {
    "type": "LineString",
    "coordinates": [
     [
      -121.841175,
      39.731081
     ],
     [
      -121.841883,
      39.731703
     ],
     [
      -121.842292,
      39.732772
     ],
     [
      -121.84293,
      39.733882
     ],
     [
      -121.853339,
      39.748348
     ],
     [
      -121.854926,
      39.750178
     ],
     [
      -121.858969,
      39.754335
     ]
    ]
   }
  },
  {
   "type": "Feature",
   "properties": {
    "company": "Oakland and Antioch Railway",
    "line": "Oakland and Antioch: Bay Point – Walnut Creek",
    "id": "sacn-oa-bay-point-walnut-creek",
    "color": "#3C8DBC",
    "mode": "interurban",
    "avg_speed_kmh": 40,
    "speed_source": "ESTIMATE. No running time for this branch was checked; ~40 km/h assumed for a lightly-built single-track interurban branch with local stops.",
    "geometry_quality": "Traced 11.58 mi, Bay Point (later Port Chicago) – Concord – Walnut Creek; a sub-section of the main-line trace (see that feature). No documented mileage found for comparison. Port Chicago to Concord follows OSM ways tagged old_railway_operator=SN; Concord to Walnut Creek follows OpenHistoricalMap's Sacramento Northern ways.",
    "segments": [
     {
      "start": 1911,
      "end": 1913,
      "headway_min": 60,
      "note": "Oakland and Antioch Railway, incorporated January 1909, building from Bay Point (renamed Port Chicago in 1931 — not today's Bay Point, which was West Pittsburg). Put into operation between Bay Point and Walnut Creek in May 1911. From April 1913 this became part of the Oakland – Sacramento main line run by the Oakland, Antioch and Eastern (drawn as a separate feature). SOURCE CONFLICT: Wikipedia (citing Hilton & Due) has Bay Point – Walnut Creek opening in 1910; the 1917 county history says May 1911 and the Walwood Branch page has O&A service beginning 1911. 1911 is drawn. Headway is an ESTIMATE, not taken from a timetable.",
      "sources": [
       "Segment-level: the January 1909 incorporation and May 1911 opening are from The History of Contra Costa County (1917) via ldsgenealogy.com; the conflicting 1910 date is from the Wikipedia article (citing Hilton & Due p.398). Headway not sourced.",
       "https://ldsgenealogy.com/CA/books/The-history-of-Contra-Costa-County-California-part-29.htm",
       "https://en.wikipedia.org/wiki/Sacramento_Northern_Railway",
       "https://www.wplives.org/sn/walwood.html"
      ]
     }
    ]
   },
   "geometry": {
    "type": "LineString",
    "coordinates": [
     [
      -122.025328,
      38.045713
     ],
     [
      -122.026673,
      38.045059
     ],
     [
      -122.028094,
      38.043694
     ],
     [
      -122.03289,
      38.034328
     ],
     [
      -122.033158,
      38.033054
     ],
     [
      -122.032783,
      38.031746
     ],
     [
      -122.023049,
      38.01173
     ],
     [
      -122.022688,
      38.010865
     ],
     [
      -122.022431,
      38.009077
     ],
     [
      -122.022512,
      38.007735
     ],
     [
      -122.023139,
      38.005665
     ],
     [
      -122.023644,
      38.004786
     ],
     [
      -122.032871,
      37.99224
     ],
     [
      -122.033378,
      37.991061
     ],
     [
      -122.033646,
      37.989508
     ],
     [
      -122.033419,
      37.987494
     ],
     [
      -122.028928,
      37.977046
     ],
     [
      -122.028721,
      37.975757
     ],
     [
      -122.02877,
      37.974966
     ],
     [
      -122.031215,
      37.968704
     ],
     [
      -122.03144,
      37.967649
     ],
     [
      -122.031292,
      37.965515
     ],
     [
      -122.030848,
      37.964143
     ],
     [
      -122.025414,
      37.950751
     ],
     [
      -122.025098,
      37.949799
     ],
     [
      -122.024925,
      37.948597
     ],
     [
      -122.02503,
      37.947439
     ],
     [
      -122.025928,
      37.945528
     ],
     [
      -122.026697,
      37.944697
     ],
     [
      -122.027856,
      37.943867
     ],
     [
      -122.055495,
      37.929539
     ],
     [
      -122.058103,
      37.928149
     ],
     [
      -122.058745,
      37.927577
     ],
     [
      -122.059203,
      37.926968
     ],
     [
      -122.059967,
      37.924583
     ],
     [
      -122.061994,
      37.9194
     ],
     [
      -122.063069,
      37.917321
     ],
     [
      -122.064489,
      37.911196
     ],
     [
      -122.066297,
      37.907564
     ],
     [
      -122.066333,
      37.906508
     ],
     [
      -122.066055,
      37.905393
     ],
     [
      -122.064021,
      37.900277
     ]
    ]
   }
  },
  {
   "type": "Feature",
   "properties": {
    "company": "Oakland and Antioch Railway",
    "line": "Oakland and Antioch: Walnut Creek – Lafayette",
    "id": "sacn-oa-walnut-creek-lafayette",
    "color": "#3C8DBC",
    "mode": "interurban",
    "avg_speed_kmh": 40,
    "speed_source": "ESTIMATE. No running time for this branch was checked; ~40 km/h assumed for a lightly-built single-track interurban branch with local stops.",
    "geometry_quality": "Traced 3.64 mi Walnut Creek – Saranap – Lafayette; a sub-section of the main-line trace, on OpenHistoricalMap and OSM SN-tagged ways. No documented mileage found for comparison.",
    "segments": [
     {
      "start": 1912,
      "end": 1913,
      "headway_min": 60,
      "note": "Extension of the Oakland and Antioch from Walnut Creek to Lafayette, the year after the Walnut Creek opening per Wikipedia (which dates that opening 1910, so 1911 for Lafayette); with the county history's May 1911 Walnut Creek date the Lafayette extension falls in 1912. Groff's Walwood page says O&A cars ran Bay Point – Lafayette 'in 1911 and 1912'. 1912 is drawn as the conservative reading; the exact date is not established. Headway is an ESTIMATE, not taken from a timetable.",
      "sources": [
       "Segment-level: the 'following year' extension is from the Wikipedia article (citing Hilton & Due p.398); 'Bay Point (Port Chicago) to Lafayette in 1911 and 1912' is from the Walwood Branch page (wplives.org). The exact opening date was not found.",
       "https://en.wikipedia.org/wiki/Sacramento_Northern_Railway",
       "https://www.wplives.org/sn/walwood.html",
       "https://ldsgenealogy.com/CA/books/The-history-of-Contra-Costa-County-California-part-29.htm"
      ]
     }
    ]
   },
   "geometry": {
    "type": "LineString",
    "coordinates": [
     [
      -122.064021,
      37.900277
     ],
     [
      -122.063413,
      37.899007
     ],
     [
      -122.063479,
      37.897904
     ],
     [
      -122.063721,
      37.89743
     ],
     [
      -122.067824,
      37.892866
     ],
     [
      -122.068232,
      37.891977
     ],
     [
      -122.068426,
      37.890725
     ],
     [
      -122.068716,
      37.889975
     ],
     [
      -122.069277,
      37.889357
     ],
     [
      -122.078227,
      37.884698
     ],
     [
      -122.079289,
      37.884317
     ],
     [
      -122.080716,
      37.884012
     ],
     [
      -122.081714,
      37.883953
     ],
     [
      -122.083033,
      37.884156
     ],
     [
      -122.088848,
      37.88568
     ],
     [
      -122.09123,
      37.886002
     ],
     [
      -122.096196,
      37.885819
     ],
     [
      -122.097806,
      37.886029
     ],
     [
      -122.099224,
      37.88651
     ],
     [
      -122.10411,
      37.88974
     ],
     [
      -122.105189,
      37.890158
     ],
     [
      -122.106911,
      37.890532
     ],
     [
      -122.11029,
      37.890937
     ],
     [
      -122.111228,
      37.890693
     ],
     [
      -122.112231,
      37.890193
     ],
     [
      -122.112651,
      37.889695
     ],
     [
      -122.11302,
      37.888905
     ],
     [
      -122.11298,
      37.888149
     ],
     [
      -122.112656,
      37.887459
     ]
    ]
   }
  },
  {
   "type": "Feature",
   "properties": {
    "company": "Oakland, Antioch and Eastern Railway",
    "line": "Oakland, Antioch and Eastern: Oakland – West Pittsburg",
    "id": "sacn-oae-oakland-pittsburg",
    "color": "#3C8DBC",
    "mode": "interurban",
    "avg_speed_kmh": 50,
    "speed_source": "ESTIMATE. Wikipedia (citing Hilton & Due) gives the fastest 1939 Sacramento–San Francisco schedule as 2 h 48 min, roughly 32 mph over about 90 mi including the ferry, the 4% Oakland hills grades, street running and Key System trackage. 50 km/h is used.",
    "geometry_quality": "Traced 37.46 mi from 40th Street and Shafter Avenue in Oakland over the hills to Moraga, Lafayette, Walnut Creek, Concord, Bay Point (Port Chicago) and West Pittsburg to the Mallard ferry slip. No end-to-end documented mileage was found to compare against. About 20.0 mi (40th & Shafter area to Concord, including the Redwood Peak / Havens tunnel) follows OpenHistoricalMap ways for the Sacramento Northern (CC0; dates in OHM not used); 14.4 mi follows OSM ways tagged old_railway_operator=SN (the Lafayette–Moraga Regional Trail grade and the Concord–Port Chicago–West Pittsburg line); 1.8 mi east of Port Chicago is on untagged OSM rail beside it; the 1.1 mi up Shafter Avenue from 40th Street to College Avenue is drawn on the street itself, where the track ran. NOT DRAWN: west of 40th and Shafter, SN trains ran over Key System tracks on 40th Street to the Key System Mole (1913–1939) and, from 15 January 1939, over the Bay Bridge lower deck to the San Francisco Transbay Terminal; that trackage belongs to the Key System layer and its exact Key routing was not traced here. The 1935-37 re-routing on a new embankment above Lake Temescal is not distinguished from the original trestle alignment. Station check: drawn line passes within 0.3 km of Concord and Walnut Creek and 0.5 km of Lafayette.",
    "segments": [
     {
      "start": 1913,
      "end": 1920,
      "headway_min": 60,
      "note": "Oakland, Antioch and Eastern Railway (incorporated 1 April 1911; leased the Oakland and Antioch). Bay Point – Oakland completed with service from April 1913 (regular service to the Key System Mole and San Francisco ferries from 7 April 1913, through the 3,600 ft Redwood Peak tunnel); Bay Point – West Pittsburg – Pittsburg in August 1913 (regular Key Mole – Pittsburg service from 5 August 1913); and the line on to Sacramento via the Mallard – Chipps Island car ferry from September 1913. 1,200 V DC catenary. Two parlor cars, Moraga and Sacramento, rode the top expresses. The OA&E entered receivership in 1920. Headway is an ESTIMATE, not taken from a timetable.",
      "sources": [
       "Segment-level: the April, August and September 1913 openings are from The History of Contra Costa County (1917) and the East Bay Hills Project's West Pittsburg wye page; the 7 April 1913 date is from the Wikipedia article (citing The Recorder, 4 April 1913). Headway not sourced.",
       "https://ldsgenealogy.com/CA/books/The-history-of-Contra-Costa-County-California-part-29.htm",
       "https://eastbayhillsproject.hyperarts.com/?p=31812",
       "https://en.wikipedia.org/wiki/Sacramento_Northern_Railway",
       "https://www.wplives.org/sn/history.html"
      ]
     }
    ]
   },
   "geometry": {
    "type": "LineString",
    "coordinates": [
     [
      -122.259805,
      37.828355
     ],
     [
      -122.258822,
      37.832017
     ],
     [
      -122.258941,
      37.834409
     ],
     [
      -122.258369,
      37.83656
     ],
     [
      -122.251828,
      37.844794
     ],
     [
      -122.251147,
      37.845209
     ],
     [
      -122.244562,
      37.847812
     ],
     [
      -122.243494,
      37.848624
     ],
     [
      -122.241009,
      37.851231
     ],
     [
      -122.240332,
      37.851577
     ],
     [
      -122.239203,
      37.851897
     ],
     [
      -122.238506,
      37.85176
     ],
     [
      -122.23085,
      37.848666
     ],
     [
      -122.230178,
      37.848068
     ],
     [
      -122.228165,
      37.845593
     ],
     [
      -122.222933,
      37.838769
     ],
     [
      -122.220259,
      37.836711
     ],
     [
      -122.218005,
      37.833756
     ],
     [
      -122.214909,
      37.831581
     ],
     [
      -122.208406,
      37.827334
     ],
     [
      -122.205857,
      37.824999
     ],
     [
      -122.20522,
      37.824729
     ],
     [
      -122.204282,
      37.824737
     ],
     [
      -122.203464,
      37.825269
     ],
     [
      -122.203239,
      37.825716
     ],
     [
      -122.202768,
      37.827873
     ],
     [
      -122.201105,
      37.829436
     ],
     [
      -122.197343,
      37.831178
     ],
     [
      -122.194384,
      37.83212
     ],
     [
      -122.193565,
      37.832618
     ],
     [
      -122.19259,
      37.833673
     ],
     [
      -122.192031,
      37.834095
     ],
     [
      -122.182222,
      37.839498
     ],
     [
      -122.181515,
      37.839658
     ],
     [
      -122.181005,
      37.83948
     ],
     [
      -122.179528,
      37.838571
     ],
     [
      -122.178701,
      37.8382
     ],
     [
      -122.173456,
      37.836383
     ],
     [
      -122.17095,
      37.834271
     ],
     [
      -122.165847,
      37.830546
     ],
     [
      -122.164189,
      37.828698
     ],
     [
      -122.163365,
      37.828011
     ],
     [
      -122.155105,
      37.822575
     ],
     [
      -122.14754,
      37.818954
     ],
     [
      -122.14625,
      37.818907
     ],
     [
      -122.145382,
      37.819364
     ],
     [
      -122.143253,
      37.82162
     ],
     [
      -122.14047,
      37.823242
     ],
     [
      -122.138774,
      37.823246
     ],
     [
      -122.13623,
      37.822474
     ],
     [
      -122.134927,
      37.822375
     ],
     [
      -122.134025,
      37.822609
     ],
     [
      -122.13301,
      37.823058
     ],
     [
      -122.132726,
      37.823351
     ],
     [
      -122.132466,
      37.824334
     ],
     [
      -122.132703,
      37.825154
     ],
     [
      -122.134299,
      37.826936
     ],
     [
      -122.134729,
      37.828002
     ],
     [
      -122.134737,
      37.828877
     ],
     [
      -122.134358,
      37.829756
     ],
     [
      -122.133278,
      37.831326
     ],
     [
      -122.126399,
      37.838349
     ],
     [
      -122.124938,
      37.839615
     ],
     [
      -122.124669,
      37.839623
     ],
     [
      -122.123547,
      37.840271
     ],
     [
      -122.121879,
      37.840972
     ],
     [
      -122.119654,
      37.841573
     ],
     [
      -122.113624,
      37.842081
     ],
     [
      -122.112395,
      37.842513
     ],
     [
      -122.111546,
      37.843183
     ],
     [
      -122.11091,
      37.843856
     ],
     [
      -122.11059,
      37.844416
     ],
     [
      -122.10896,
      37.848322
     ],
     [
      -122.108513,
      37.851082
     ],
     [
      -122.107706,
      37.851949
     ],
     [
      -122.106433,
      37.852562
     ],
     [
      -122.105664,
      37.853186
     ],
     [
      -122.103535,
      37.856757
     ],
     [
      -122.102957,
      37.857941
     ],
     [
      -122.102188,
      37.861208
     ],
     [
      -122.101777,
      37.862241
     ],
     [
      -122.099166,
      37.866787
     ],
     [
      -122.098798,
      37.867675
     ],
     [
      -122.096806,
      37.874374
     ],
     [
      -122.096885,
      37.875493
     ],
     [
      -122.09726,
      37.87628
     ],
     [
      -122.099658,
      37.879127
     ],
     [
      -122.100751,
      37.880238
     ],
     [
      -122.111842,
      37.886723
     ],
     [
      -122.112656,
      37.887459
     ],
     [
      -122.11298,
      37.888149
     ],
     [
      -122.11302,
      37.888905
     ],
     [
      -122.112488,
      37.889905
     ],
     [
      -122.112231,
      37.890193
     ],
     [
      -122.111228,
      37.890693
     ],
     [
      -122.11029,
      37.890937
     ],
     [
      -122.106911,
      37.890532
     ],
     [
      -122.105189,
      37.890158
     ],
     [
      -122.104111,
      37.88974
     ],
     [
      -122.099224,
      37.88651
     ],
     [
      -122.097806,
      37.886029
     ],
     [
      -122.096196,
      37.885819
     ],
     [
      -122.09123,
      37.886002
     ],
     [
      -122.088848,
      37.88568
     ],
     [
      -122.083033,
      37.884156
     ],
     [
      -122.081714,
      37.883953
     ],
     [
      -122.080716,
      37.884012
     ],
     [
      -122.079289,
      37.884317
     ],
     [
      -122.078227,
      37.884698
     ],
     [
      -122.069277,
      37.889357
     ],
     [
      -122.068716,
      37.889975
     ],
     [
      -122.068426,
      37.890725
     ],
     [
      -122.068232,
      37.891977
     ],
     [
      -122.067824,
      37.892866
     ],
     [
      -122.063721,
      37.89743
     ],
     [
      -122.063479,
      37.897904
     ],
     [
      -122.063413,
      37.899007
     ],
     [
      -122.066055,
      37.905393
     ],
     [
      -122.066333,
      37.906508
     ],
     [
      -122.066297,
      37.907564
     ],
     [
      -122.064489,
      37.911196
     ],
     [
      -122.063069,
      37.917321
     ],
     [
      -122.061994,
      37.9194
     ],
     [
      -122.059967,
      37.924583
     ],
     [
      -122.059203,
      37.926968
     ],
     [
      -122.058745,
      37.927577
     ],
     [
      -122.058103,
      37.928149
     ],
     [
      -122.055495,
      37.929539
     ],
     [
      -122.027856,
      37.943867
     ],
     [
      -122.026697,
      37.944697
     ],
     [
      -122.025929,
      37.945528
     ],
     [
      -122.025383,
      37.946481
     ],
     [
      -122.02503,
      37.947439
     ],
     [
      -122.024925,
      37.948597
     ],
     [
      -122.025098,
      37.949799
     ],
     [
      -122.030848,
      37.964143
     ],
     [
      -122.031292,
      37.965515
     ],
     [
      -122.031441,
      37.966467
     ],
     [
      -122.03144,
      37.967649
     ],
     [
      -122.031215,
      37.968704
     ],
     [
      -122.02877,
      37.974966
     ],
     [
      -122.028721,
      37.975757
     ],
     [
      -122.028929,
      37.977046
     ],
     [
      -122.033419,
      37.987494
     ],
     [
      -122.033646,
      37.989508
     ],
     [
      -122.033378,
      37.991061
     ],
     [
      -122.032871,
      37.99224
     ],
     [
      -122.023644,
      38.004786
     ],
     [
      -122.023139,
      38.005665
     ],
     [
      -122.022512,
      38.007735
     ],
     [
      -122.022431,
      38.009077
     ],
     [
      -122.022688,
      38.010865
     ],
     [
      -122.023049,
      38.01173
     ],
     [
      -122.032783,
      38.031746
     ],
     [
      -122.033131,
      38.032752
     ],
     [
      -122.033145,
      38.033445
     ],
     [
      -122.03289,
      38.034328
     ],
     [
      -122.028192,
      38.043534
     ],
     [
      -122.027627,
      38.044254
     ],
     [
      -122.026498,
      38.045183
     ],
     [
      -122.025605,
      38.045624
     ],
     [
      -122.016304,
      38.048268
     ],
     [
      -122.013783,
      38.048629
     ],
     [
      -122.011354,
      38.048481
     ],
     [
      -121.993798,
      38.04398
     ],
     [
      -121.992099,
      38.043887
     ],
     [
      -121.98616,
      38.044192
     ],
     [
      -121.984201,
      38.04398
     ],
     [
      -121.969502,
      38.040254
     ],
     [
      -121.963166,
      38.038292
     ],
     [
      -121.962835,
      38.038356
     ],
     [
      -121.960879,
      38.037901
     ],
     [
      -121.957181,
      38.037358
     ],
     [
      -121.932037,
      38.030983
     ],
     [
      -121.929527,
      38.033352
     ],
     [
      -121.928516,
      38.033952
     ],
     [
      -121.927178,
      38.034219
     ],
     [
      -121.924171,
      38.034084
     ],
     [
      -121.923384,
      38.034286
     ],
     [
      -121.922737,
      38.0346
     ],
     [
      -121.919351,
      38.037778
     ],
     [
      -121.918917,
      38.038288
     ],
     [
      -121.918667,
      38.03887
     ],
     [
      -121.918549,
      38.039942
     ],
     [
      -121.919009,
      38.041053
     ],
     [
      -121.920359,
      38.042765
     ]
    ]
   }
  },
  {
   "type": "Feature",
   "properties": {
    "company": "San Francisco–Sacramento Railroad",
    "line": "San Francisco–Sacramento: Oakland – West Pittsburg",
    "id": "sacn-sfs-oakland-pittsburg",
    "color": "#3C8DBC",
    "mode": "interurban",
    "avg_speed_kmh": 50,
    "speed_source": "ESTIMATE. Wikipedia (citing Hilton & Due) gives the fastest 1939 Sacramento–San Francisco schedule as 2 h 48 min, roughly 32 mph over about 90 mi including the ferry, the 4% Oakland hills grades, street running and Key System trackage. 50 km/h is used.",
    "geometry_quality": "Traced 37.46 mi from 40th Street and Shafter Avenue in Oakland over the hills to Moraga, Lafayette, Walnut Creek, Concord, Bay Point (Port Chicago) and West Pittsburg to the Mallard ferry slip. No end-to-end documented mileage was found to compare against. About 20.0 mi (40th & Shafter area to Concord, including the Redwood Peak / Havens tunnel) follows OpenHistoricalMap ways for the Sacramento Northern (CC0; dates in OHM not used); 14.4 mi follows OSM ways tagged old_railway_operator=SN (the Lafayette–Moraga Regional Trail grade and the Concord–Port Chicago–West Pittsburg line); 1.8 mi east of Port Chicago is on untagged OSM rail beside it; the 1.1 mi up Shafter Avenue from 40th Street to College Avenue is drawn on the street itself, where the track ran. NOT DRAWN: west of 40th and Shafter, SN trains ran over Key System tracks on 40th Street to the Key System Mole (1913–1939) and, from 15 January 1939, over the Bay Bridge lower deck to the San Francisco Transbay Terminal; that trackage belongs to the Key System layer and its exact Key routing was not traced here. The 1935-37 re-routing on a new embankment above Lake Temescal is not distinguished from the original trestle alignment. Station check: drawn line passes within 0.3 km of Concord and Walnut Creek and 0.5 km of Lafayette.",
    "segments": [
     {
      "start": 1920,
      "end": 1929,
      "headway_min": 60,
      "note": "San Francisco–Sacramento Railroad, the 1920 reorganisation of the bankrupt OA&E (nicknamed the Sacramento Short Line). Same corporate lineage and the same colour as the OA&E under Rule 4 (see metadata colour_note). Sold to the Western Pacific on 1 August 1927 but kept running as the SF–S until it was merged into the Sacramento Northern Railway on 1 January 1929. From 1925 Sacramento trains used the new Union Traction Depot. Headway is an ESTIMATE, not taken from a timetable.",
      "sources": [
       "Segment-level: the 1920 reorganisation, the 1 August 1927 sale to WP and the 1 January 1929 merger are from Garth Groff's brief history (wplives.org). Headway not sourced.",
       "https://www.wplives.org/sn/history.html",
       "https://en.wikipedia.org/wiki/Sacramento_Northern_Railway"
      ]
     }
    ]
   },
   "geometry": {
    "type": "LineString",
    "coordinates": [
     [
      -122.259805,
      37.828355
     ],
     [
      -122.258822,
      37.832017
     ],
     [
      -122.258941,
      37.834409
     ],
     [
      -122.258369,
      37.83656
     ],
     [
      -122.251828,
      37.844794
     ],
     [
      -122.251147,
      37.845209
     ],
     [
      -122.244562,
      37.847812
     ],
     [
      -122.243494,
      37.848624
     ],
     [
      -122.241009,
      37.851231
     ],
     [
      -122.240332,
      37.851577
     ],
     [
      -122.239203,
      37.851897
     ],
     [
      -122.238506,
      37.85176
     ],
     [
      -122.23085,
      37.848666
     ],
     [
      -122.230178,
      37.848068
     ],
     [
      -122.228165,
      37.845593
     ],
     [
      -122.222933,
      37.838769
     ],
     [
      -122.220259,
      37.836711
     ],
     [
      -122.218005,
      37.833756
     ],
     [
      -122.214909,
      37.831581
     ],
     [
      -122.208406,
      37.827334
     ],
     [
      -122.205857,
      37.824999
     ],
     [
      -122.20522,
      37.824729
     ],
     [
      -122.204282,
      37.824737
     ],
     [
      -122.203464,
      37.825269
     ],
     [
      -122.203239,
      37.825716
     ],
     [
      -122.202768,
      37.827873
     ],
     [
      -122.201105,
      37.829436
     ],
     [
      -122.197343,
      37.831178
     ],
     [
      -122.194384,
      37.83212
     ],
     [
      -122.193565,
      37.832618
     ],
     [
      -122.19259,
      37.833673
     ],
     [
      -122.192031,
      37.834095
     ],
     [
      -122.182222,
      37.839498
     ],
     [
      -122.181515,
      37.839658
     ],
     [
      -122.181005,
      37.83948
     ],
     [
      -122.179528,
      37.838571
     ],
     [
      -122.178701,
      37.8382
     ],
     [
      -122.173456,
      37.836383
     ],
     [
      -122.17095,
      37.834271
     ],
     [
      -122.165847,
      37.830546
     ],
     [
      -122.164189,
      37.828698
     ],
     [
      -122.163365,
      37.828011
     ],
     [
      -122.155105,
      37.822575
     ],
     [
      -122.14754,
      37.818954
     ],
     [
      -122.14625,
      37.818907
     ],
     [
      -122.145382,
      37.819364
     ],
     [
      -122.143253,
      37.82162
     ],
     [
      -122.14047,
      37.823242
     ],
     [
      -122.138774,
      37.823246
     ],
     [
      -122.13623,
      37.822474
     ],
     [
      -122.134927,
      37.822375
     ],
     [
      -122.134025,
      37.822609
     ],
     [
      -122.13301,
      37.823058
     ],
     [
      -122.132726,
      37.823351
     ],
     [
      -122.132466,
      37.824334
     ],
     [
      -122.132703,
      37.825154
     ],
     [
      -122.134299,
      37.826936
     ],
     [
      -122.134729,
      37.828002
     ],
     [
      -122.134737,
      37.828877
     ],
     [
      -122.134358,
      37.829756
     ],
     [
      -122.133278,
      37.831326
     ],
     [
      -122.126399,
      37.838349
     ],
     [
      -122.124938,
      37.839615
     ],
     [
      -122.124669,
      37.839623
     ],
     [
      -122.123547,
      37.840271
     ],
     [
      -122.121879,
      37.840972
     ],
     [
      -122.119654,
      37.841573
     ],
     [
      -122.113624,
      37.842081
     ],
     [
      -122.112395,
      37.842513
     ],
     [
      -122.111546,
      37.843183
     ],
     [
      -122.11091,
      37.843856
     ],
     [
      -122.11059,
      37.844416
     ],
     [
      -122.10896,
      37.848322
     ],
     [
      -122.108513,
      37.851082
     ],
     [
      -122.107706,
      37.851949
     ],
     [
      -122.106433,
      37.852562
     ],
     [
      -122.105664,
      37.853186
     ],
     [
      -122.103535,
      37.856757
     ],
     [
      -122.102957,
      37.857941
     ],
     [
      -122.102188,
      37.861208
     ],
     [
      -122.101777,
      37.862241
     ],
     [
      -122.099166,
      37.866787
     ],
     [
      -122.098798,
      37.867675
     ],
     [
      -122.096806,
      37.874374
     ],
     [
      -122.096885,
      37.875493
     ],
     [
      -122.09726,
      37.87628
     ],
     [
      -122.099658,
      37.879127
     ],
     [
      -122.100751,
      37.880238
     ],
     [
      -122.111842,
      37.886723
     ],
     [
      -122.112656,
      37.887459
     ],
     [
      -122.11298,
      37.888149
     ],
     [
      -122.11302,
      37.888905
     ],
     [
      -122.112488,
      37.889905
     ],
     [
      -122.112231,
      37.890193
     ],
     [
      -122.111228,
      37.890693
     ],
     [
      -122.11029,
      37.890937
     ],
     [
      -122.106911,
      37.890532
     ],
     [
      -122.105189,
      37.890158
     ],
     [
      -122.104111,
      37.88974
     ],
     [
      -122.099224,
      37.88651
     ],
     [
      -122.097806,
      37.886029
     ],
     [
      -122.096196,
      37.885819
     ],
     [
      -122.09123,
      37.886002
     ],
     [
      -122.088848,
      37.88568
     ],
     [
      -122.083033,
      37.884156
     ],
     [
      -122.081714,
      37.883953
     ],
     [
      -122.080716,
      37.884012
     ],
     [
      -122.079289,
      37.884317
     ],
     [
      -122.078227,
      37.884698
     ],
     [
      -122.069277,
      37.889357
     ],
     [
      -122.068716,
      37.889975
     ],
     [
      -122.068426,
      37.890725
     ],
     [
      -122.068232,
      37.891977
     ],
     [
      -122.067824,
      37.892866
     ],
     [
      -122.063721,
      37.89743
     ],
     [
      -122.063479,
      37.897904
     ],
     [
      -122.063413,
      37.899007
     ],
     [
      -122.066055,
      37.905393
     ],
     [
      -122.066333,
      37.906508
     ],
     [
      -122.066297,
      37.907564
     ],
     [
      -122.064489,
      37.911196
     ],
     [
      -122.063069,
      37.917321
     ],
     [
      -122.061994,
      37.9194
     ],
     [
      -122.059967,
      37.924583
     ],
     [
      -122.059203,
      37.926968
     ],
     [
      -122.058745,
      37.927577
     ],
     [
      -122.058103,
      37.928149
     ],
     [
      -122.055495,
      37.929539
     ],
     [
      -122.027856,
      37.943867
     ],
     [
      -122.026697,
      37.944697
     ],
     [
      -122.025929,
      37.945528
     ],
     [
      -122.025383,
      37.946481
     ],
     [
      -122.02503,
      37.947439
     ],
     [
      -122.024925,
      37.948597
     ],
     [
      -122.025098,
      37.949799
     ],
     [
      -122.030848,
      37.964143
     ],
     [
      -122.031292,
      37.965515
     ],
     [
      -122.031441,
      37.966467
     ],
     [
      -122.03144,
      37.967649
     ],
     [
      -122.031215,
      37.968704
     ],
     [
      -122.02877,
      37.974966
     ],
     [
      -122.028721,
      37.975757
     ],
     [
      -122.028929,
      37.977046
     ],
     [
      -122.033419,
      37.987494
     ],
     [
      -122.033646,
      37.989508
     ],
     [
      -122.033378,
      37.991061
     ],
     [
      -122.032871,
      37.99224
     ],
     [
      -122.023644,
      38.004786
     ],
     [
      -122.023139,
      38.005665
     ],
     [
      -122.022512,
      38.007735
     ],
     [
      -122.022431,
      38.009077
     ],
     [
      -122.022688,
      38.010865
     ],
     [
      -122.023049,
      38.01173
     ],
     [
      -122.032783,
      38.031746
     ],
     [
      -122.033131,
      38.032752
     ],
     [
      -122.033145,
      38.033445
     ],
     [
      -122.03289,
      38.034328
     ],
     [
      -122.028192,
      38.043534
     ],
     [
      -122.027627,
      38.044254
     ],
     [
      -122.026498,
      38.045183
     ],
     [
      -122.025605,
      38.045624
     ],
     [
      -122.016304,
      38.048268
     ],
     [
      -122.013783,
      38.048629
     ],
     [
      -122.011354,
      38.048481
     ],
     [
      -121.993798,
      38.04398
     ],
     [
      -121.992099,
      38.043887
     ],
     [
      -121.98616,
      38.044192
     ],
     [
      -121.984201,
      38.04398
     ],
     [
      -121.969502,
      38.040254
     ],
     [
      -121.963166,
      38.038292
     ],
     [
      -121.962835,
      38.038356
     ],
     [
      -121.960879,
      38.037901
     ],
     [
      -121.957181,
      38.037358
     ],
     [
      -121.932037,
      38.030983
     ],
     [
      -121.929527,
      38.033352
     ],
     [
      -121.928516,
      38.033952
     ],
     [
      -121.927178,
      38.034219
     ],
     [
      -121.924171,
      38.034084
     ],
     [
      -121.923384,
      38.034286
     ],
     [
      -121.922737,
      38.0346
     ],
     [
      -121.919351,
      38.037778
     ],
     [
      -121.918917,
      38.038288
     ],
     [
      -121.918667,
      38.03887
     ],
     [
      -121.918549,
      38.039942
     ],
     [
      -121.919009,
      38.041053
     ],
     [
      -121.920359,
      38.042765
     ]
    ]
   }
  },
  {
   "type": "Feature",
   "properties": {
    "company": "Sacramento Northern",
    "line": "Sacramento Northern: Oakland – West Pittsburg",
    "id": "sacn-sn-oakland-pittsburg",
    "color": "#2E5EAA",
    "mode": "interurban",
    "avg_speed_kmh": 50,
    "speed_source": "ESTIMATE. Wikipedia (citing Hilton & Due) gives the fastest 1939 Sacramento–San Francisco schedule as 2 h 48 min, roughly 32 mph over about 90 mi including the ferry, the 4% Oakland hills grades, street running and Key System trackage. 50 km/h is used.",
    "geometry_quality": "Traced 37.46 mi from 40th Street and Shafter Avenue in Oakland over the hills to Moraga, Lafayette, Walnut Creek, Concord, Bay Point (Port Chicago) and West Pittsburg to the Mallard ferry slip. No end-to-end documented mileage was found to compare against. About 20.0 mi (40th & Shafter area to Concord, including the Redwood Peak / Havens tunnel) follows OpenHistoricalMap ways for the Sacramento Northern (CC0; dates in OHM not used); 14.4 mi follows OSM ways tagged old_railway_operator=SN (the Lafayette–Moraga Regional Trail grade and the Concord–Port Chicago–West Pittsburg line); 1.8 mi east of Port Chicago is on untagged OSM rail beside it; the 1.1 mi up Shafter Avenue from 40th Street to College Avenue is drawn on the street itself, where the track ran. NOT DRAWN: west of 40th and Shafter, SN trains ran over Key System tracks on 40th Street to the Key System Mole (1913–1939) and, from 15 January 1939, over the Bay Bridge lower deck to the San Francisco Transbay Terminal; that trackage belongs to the Key System layer and its exact Key routing was not traced here. The 1935-37 re-routing on a new embankment above Lake Temescal is not distinguished from the original trestle alignment. Station check: drawn line passes within 0.3 km of Concord and Walnut Creek and 0.5 km of Lafayette.",
    "segments": [
     {
      "start": 1929,
      "end": 1940,
      "headway_min": 90,
      "note": "Sacramento Northern Railway after the 1 January 1929 merger; through Oakland – Chico trains with dual-voltage motors, 1,500 V from 1936. From 15 January 1939 trains ran over the Bay Bridge into the San Francisco Transbay Terminal (Key System trackage, not drawn). June 1939: three weekday Chico trains, one Sacramento train and three Concord trains to San Francisco. Dining service dropped 1936, parlor cars off regular trains 1938. The headway is an ESTIMATE; only the June 1939 train count is sourced.",
      "sources": [
       "Segment-level: the 1929 merger, 1936 voltage change, 15 January 1939 Bay Bridge start and the dining/parlor dates are from Garth Groff's brief history (wplives.org); the June 1939 service pattern is from the Wikipedia article (citing Hilton & Due p.400).",
       "https://www.wplives.org/sn/history.html",
       "https://en.wikipedia.org/wiki/Sacramento_Northern_Railway"
      ]
     },
     {
      "start": 1940,
      "end": 1941,
      "headway_min": 240,
      "note": "After Sacramento service ended (26 August 1940) only Bay Area locals remained: in January 1941 two weekday trains Pittsburg – San Francisco and two Concord trains. The last regular South End passenger trains ran 30 June 1941 (Groff; Wikipedia says service ended 1 July 1941); the East Bay Hills Project records a further ICC-mandated last run on 12 July 1941. Freight over the hills continued until 28 February 1957 and is not drawn.",
      "sources": [
       "Segment-level: the January 1941 service and the 1 July 1941 end are from the Wikipedia article (citing Hilton & Due and the Contra Costa press); the 30 June 1941 last regular trains from Groff's brief history; the 12 July 1941 ICC-mandated last run from the East Bay Hills Project's West Pittsburg wye page.",
       "https://en.wikipedia.org/wiki/Sacramento_Northern_Railway",
       "https://www.wplives.org/sn/history.html",
       "https://eastbayhillsproject.hyperarts.com/?p=31812"
      ]
     }
    ]
   },
   "geometry": {
    "type": "LineString",
    "coordinates": [
     [
      -122.259805,
      37.828355
     ],
     [
      -122.258822,
      37.832017
     ],
     [
      -122.258941,
      37.834409
     ],
     [
      -122.258369,
      37.83656
     ],
     [
      -122.251828,
      37.844794
     ],
     [
      -122.251147,
      37.845209
     ],
     [
      -122.244562,
      37.847812
     ],
     [
      -122.243494,
      37.848624
     ],
     [
      -122.241009,
      37.851231
     ],
     [
      -122.240332,
      37.851577
     ],
     [
      -122.239203,
      37.851897
     ],
     [
      -122.238506,
      37.85176
     ],
     [
      -122.23085,
      37.848666
     ],
     [
      -122.230178,
      37.848068
     ],
     [
      -122.228165,
      37.845593
     ],
     [
      -122.222933,
      37.838769
     ],
     [
      -122.220259,
      37.836711
     ],
     [
      -122.218005,
      37.833756
     ],
     [
      -122.214909,
      37.831581
     ],
     [
      -122.208406,
      37.827334
     ],
     [
      -122.205857,
      37.824999
     ],
     [
      -122.20522,
      37.824729
     ],
     [
      -122.204282,
      37.824737
     ],
     [
      -122.203464,
      37.825269
     ],
     [
      -122.203239,
      37.825716
     ],
     [
      -122.202768,
      37.827873
     ],
     [
      -122.201105,
      37.829436
     ],
     [
      -122.197343,
      37.831178
     ],
     [
      -122.194384,
      37.83212
     ],
     [
      -122.193565,
      37.832618
     ],
     [
      -122.19259,
      37.833673
     ],
     [
      -122.192031,
      37.834095
     ],
     [
      -122.182222,
      37.839498
     ],
     [
      -122.181515,
      37.839658
     ],
     [
      -122.181005,
      37.83948
     ],
     [
      -122.179528,
      37.838571
     ],
     [
      -122.178701,
      37.8382
     ],
     [
      -122.173456,
      37.836383
     ],
     [
      -122.17095,
      37.834271
     ],
     [
      -122.165847,
      37.830546
     ],
     [
      -122.164189,
      37.828698
     ],
     [
      -122.163365,
      37.828011
     ],
     [
      -122.155105,
      37.822575
     ],
     [
      -122.14754,
      37.818954
     ],
     [
      -122.14625,
      37.818907
     ],
     [
      -122.145382,
      37.819364
     ],
     [
      -122.143253,
      37.82162
     ],
     [
      -122.14047,
      37.823242
     ],
     [
      -122.138774,
      37.823246
     ],
     [
      -122.13623,
      37.822474
     ],
     [
      -122.134927,
      37.822375
     ],
     [
      -122.134025,
      37.822609
     ],
     [
      -122.13301,
      37.823058
     ],
     [
      -122.132726,
      37.823351
     ],
     [
      -122.132466,
      37.824334
     ],
     [
      -122.132703,
      37.825154
     ],
     [
      -122.134299,
      37.826936
     ],
     [
      -122.134729,
      37.828002
     ],
     [
      -122.134737,
      37.828877
     ],
     [
      -122.134358,
      37.829756
     ],
     [
      -122.133278,
      37.831326
     ],
     [
      -122.126399,
      37.838349
     ],
     [
      -122.124938,
      37.839615
     ],
     [
      -122.124669,
      37.839623
     ],
     [
      -122.123547,
      37.840271
     ],
     [
      -122.121879,
      37.840972
     ],
     [
      -122.119654,
      37.841573
     ],
     [
      -122.113624,
      37.842081
     ],
     [
      -122.112395,
      37.842513
     ],
     [
      -122.111546,
      37.843183
     ],
     [
      -122.11091,
      37.843856
     ],
     [
      -122.11059,
      37.844416
     ],
     [
      -122.10896,
      37.848322
     ],
     [
      -122.108513,
      37.851082
     ],
     [
      -122.107706,
      37.851949
     ],
     [
      -122.106433,
      37.852562
     ],
     [
      -122.105664,
      37.853186
     ],
     [
      -122.103535,
      37.856757
     ],
     [
      -122.102957,
      37.857941
     ],
     [
      -122.102188,
      37.861208
     ],
     [
      -122.101777,
      37.862241
     ],
     [
      -122.099166,
      37.866787
     ],
     [
      -122.098798,
      37.867675
     ],
     [
      -122.096806,
      37.874374
     ],
     [
      -122.096885,
      37.875493
     ],
     [
      -122.09726,
      37.87628
     ],
     [
      -122.099658,
      37.879127
     ],
     [
      -122.100751,
      37.880238
     ],
     [
      -122.111842,
      37.886723
     ],
     [
      -122.112656,
      37.887459
     ],
     [
      -122.11298,
      37.888149
     ],
     [
      -122.11302,
      37.888905
     ],
     [
      -122.112488,
      37.889905
     ],
     [
      -122.112231,
      37.890193
     ],
     [
      -122.111228,
      37.890693
     ],
     [
      -122.11029,
      37.890937
     ],
     [
      -122.106911,
      37.890532
     ],
     [
      -122.105189,
      37.890158
     ],
     [
      -122.104111,
      37.88974
     ],
     [
      -122.099224,
      37.88651
     ],
     [
      -122.097806,
      37.886029
     ],
     [
      -122.096196,
      37.885819
     ],
     [
      -122.09123,
      37.886002
     ],
     [
      -122.088848,
      37.88568
     ],
     [
      -122.083033,
      37.884156
     ],
     [
      -122.081714,
      37.883953
     ],
     [
      -122.080716,
      37.884012
     ],
     [
      -122.079289,
      37.884317
     ],
     [
      -122.078227,
      37.884698
     ],
     [
      -122.069277,
      37.889357
     ],
     [
      -122.068716,
      37.889975
     ],
     [
      -122.068426,
      37.890725
     ],
     [
      -122.068232,
      37.891977
     ],
     [
      -122.067824,
      37.892866
     ],
     [
      -122.063721,
      37.89743
     ],
     [
      -122.063479,
      37.897904
     ],
     [
      -122.063413,
      37.899007
     ],
     [
      -122.066055,
      37.905393
     ],
     [
      -122.066333,
      37.906508
     ],
     [
      -122.066297,
      37.907564
     ],
     [
      -122.064489,
      37.911196
     ],
     [
      -122.063069,
      37.917321
     ],
     [
      -122.061994,
      37.9194
     ],
     [
      -122.059967,
      37.924583
     ],
     [
      -122.059203,
      37.926968
     ],
     [
      -122.058745,
      37.927577
     ],
     [
      -122.058103,
      37.928149
     ],
     [
      -122.055495,
      37.929539
     ],
     [
      -122.027856,
      37.943867
     ],
     [
      -122.026697,
      37.944697
     ],
     [
      -122.025929,
      37.945528
     ],
     [
      -122.025383,
      37.946481
     ],
     [
      -122.02503,
      37.947439
     ],
     [
      -122.024925,
      37.948597
     ],
     [
      -122.025098,
      37.949799
     ],
     [
      -122.030848,
      37.964143
     ],
     [
      -122.031292,
      37.965515
     ],
     [
      -122.031441,
      37.966467
     ],
     [
      -122.03144,
      37.967649
     ],
     [
      -122.031215,
      37.968704
     ],
     [
      -122.02877,
      37.974966
     ],
     [
      -122.028721,
      37.975757
     ],
     [
      -122.028929,
      37.977046
     ],
     [
      -122.033419,
      37.987494
     ],
     [
      -122.033646,
      37.989508
     ],
     [
      -122.033378,
      37.991061
     ],
     [
      -122.032871,
      37.99224
     ],
     [
      -122.023644,
      38.004786
     ],
     [
      -122.023139,
      38.005665
     ],
     [
      -122.022512,
      38.007735
     ],
     [
      -122.022431,
      38.009077
     ],
     [
      -122.022688,
      38.010865
     ],
     [
      -122.023049,
      38.01173
     ],
     [
      -122.032783,
      38.031746
     ],
     [
      -122.033131,
      38.032752
     ],
     [
      -122.033145,
      38.033445
     ],
     [
      -122.03289,
      38.034328
     ],
     [
      -122.028192,
      38.043534
     ],
     [
      -122.027627,
      38.044254
     ],
     [
      -122.026498,
      38.045183
     ],
     [
      -122.025605,
      38.045624
     ],
     [
      -122.016304,
      38.048268
     ],
     [
      -122.013783,
      38.048629
     ],
     [
      -122.011354,
      38.048481
     ],
     [
      -121.993798,
      38.04398
     ],
     [
      -121.992099,
      38.043887
     ],
     [
      -121.98616,
      38.044192
     ],
     [
      -121.984201,
      38.04398
     ],
     [
      -121.969502,
      38.040254
     ],
     [
      -121.963166,
      38.038292
     ],
     [
      -121.962835,
      38.038356
     ],
     [
      -121.960879,
      38.037901
     ],
     [
      -121.957181,
      38.037358
     ],
     [
      -121.932037,
      38.030983
     ],
     [
      -121.929527,
      38.033352
     ],
     [
      -121.928516,
      38.033952
     ],
     [
      -121.927178,
      38.034219
     ],
     [
      -121.924171,
      38.034084
     ],
     [
      -121.923384,
      38.034286
     ],
     [
      -121.922737,
      38.0346
     ],
     [
      -121.919351,
      38.037778
     ],
     [
      -121.918917,
      38.038288
     ],
     [
      -121.918667,
      38.03887
     ],
     [
      -121.918549,
      38.039942
     ],
     [
      -121.919009,
      38.041053
     ],
     [
      -121.920359,
      38.042765
     ]
    ]
   }
  },
  {
   "type": "Feature",
   "properties": {
    "company": "Oakland, Antioch and Eastern Railway",
    "line": "Oakland, Antioch and Eastern: Pittsburg – Sacramento",
    "id": "sacn-oae-pittsburg-sacramento",
    "color": "#3C8DBC",
    "mode": "interurban",
    "avg_speed_kmh": 50,
    "speed_source": "ESTIMATE. Wikipedia (citing Hilton & Due) gives the fastest 1939 Sacramento–San Francisco schedule as 2 h 48 min, roughly 32 mph over about 90 mi including the ferry, the 4% Oakland hills grades, street running and Key System trackage. 50 km/h is used.",
    "geometry_quality": "Traced 48.79 mi from the Union Traction Depot in Sacramento across the Tower Bridge site and south via Dozier and Rio Vista Junction to Chipps Island, then the car-ferry crossing to Mallard. About 31 mi follows OSM ways tagged old_railway_operator=SN (including the 'Dozier to Sacramento', 'Dozier to Pittsburg' and Western Railway Museum sections) and 15 mi follows OpenHistoricalMap's SN ways across the Montezuma Hills and the Chipps Island marsh trestle; about 2.1 mi of Sacramento streets (I/J and 8th Streets to Capitol Mall and the Tower Bridge) is drawn on today's street and light-rail geometry and may be a block off. The last 0.54 mi is a STRAIGHT LINE across Suisun Bay from the Chipps Island slip to the Mallard slip — the train-ferry crossing (ferry Bridgit 1913–14, then Ramon), not track. Drawn alignment is the passenger-era one as far as OSM/OHM distinguish it; the 1951–54 Lisbon trestle rebuild is freight-era.",
    "segments": [
     {
      "start": 1913,
      "end": 1920,
      "headway_min": 90,
      "note": "Line across the Delta from Chipps Island to West Sacramento and over the M Street bridge to Sacramento, opened September 1913 (regular service to Sacramento from 3 September 1913). Trains crossed Suisun Bay on a car ferry between Mallard (West Pittsburg) and Chipps: the wooden ferry Bridgit from 1913 until a fire in 1914, then the steel Ramon (Groff: completed 1915; Wikipedia: in service by the end of 1914). The planned high-level bridge was never built. SOURCE CONFLICT on the opening: Wikipedia says full Oakland – Sacramento service began 3 September 1914; the 1917 county history and the East Bay Hills Project both give September / 3 September 1913, consistent with Bridgit being in service in 1913. 1913 is drawn. Headway is an ESTIMATE, not taken from a timetable.",
      "sources": [
       "Segment-level: September 1913 opening from The History of Contra Costa County (1917) and the East Bay Hills Project; the conflicting 3 September 1914 date and the ferry history from the Wikipedia article; Bridgit/Ramon dates from Groff's brief history. Headway not sourced.",
       "https://ldsgenealogy.com/CA/books/The-history-of-Contra-Costa-County-California-part-29.htm",
       "https://eastbayhillsproject.hyperarts.com/?p=31812",
       "https://en.wikipedia.org/wiki/Sacramento_Northern_Railway",
       "https://www.wplives.org/sn/history.html"
      ]
     }
    ]
   },
   "geometry": {
    "type": "LineString",
    "coordinates": [
     [
      -121.490366,
      38.580698
     ],
     [
      -121.491266,
      38.578648
     ],
     [
      -121.491564,
      38.578597
     ],
     [
      -121.49262,
      38.578875
     ],
     [
      -121.496496,
      38.579962
     ],
     [
      -121.496509,
      38.58031
     ],
     [
      -121.495927,
      38.581578
     ],
     [
      -121.495693,
      38.582123
     ],
     [
      -121.49648,
      38.580385
     ],
     [
      -121.49767,
      38.577616
     ],
     [
      -121.506918,
      38.580195
     ],
     [
      -121.511543,
      38.581368
     ],
     [
      -121.511787,
      38.57983
     ],
     [
      -121.513758,
      38.579446
     ],
     [
      -121.515112,
      38.57934
     ],
     [
      -121.515487,
      38.579444
     ],
     [
      -121.515367,
      38.579741
     ],
     [
      -121.515698,
      38.579855
     ],
     [
      -121.515946,
      38.580112
     ],
     [
      -121.520159,
      38.576482
     ],
     [
      -121.559399,
      38.504454
     ],
     [
      -121.560372,
      38.503486
     ],
     [
      -121.561982,
      38.502656
     ],
     [
      -121.562748,
      38.502545
     ],
     [
      -121.564255,
      38.502545
     ],
     [
      -121.566659,
      38.502668
     ],
     [
      -121.567877,
      38.502192
     ],
     [
      -121.568501,
      38.501736
     ],
     [
      -121.577899,
      38.480035
     ],
     [
      -121.580368,
      38.474719
     ],
     [
      -121.58104,
      38.474348
     ],
     [
      -121.586319,
      38.473835
     ],
     [
      -121.592703,
      38.473447
     ],
     [
      -121.627006,
      38.470767
     ],
     [
      -121.638129,
      38.469859
     ],
     [
      -121.649965,
      38.468707
     ],
     [
      -121.651736,
      38.468301
     ],
     [
      -121.652365,
      38.468004
     ],
     [
      -121.654765,
      38.466356
     ],
     [
      -121.656688,
      38.464458
     ],
     [
      -121.659509,
      38.461334
     ],
     [
      -121.730815,
      38.381898
     ],
     [
      -121.843342,
      38.255947
     ],
     [
      -121.872664,
      38.222936
     ],
     [
      -121.873829,
      38.22117
     ],
     [
      -121.87456,
      38.219636
     ],
     [
      -121.875344,
      38.216631
     ],
     [
      -121.877787,
      38.194364
     ],
     [
      -121.878435,
      38.192823
     ],
     [
      -121.884214,
      38.18302
     ],
     [
      -121.885168,
      38.180956
     ],
     [
      -121.885802,
      38.178813
     ],
     [
      -121.886058,
      38.176415
     ],
     [
      -121.886962,
      38.154951
     ],
     [
      -121.887806,
      38.151697
     ],
     [
      -121.887988,
      38.147387
     ],
     [
      -121.888868,
      38.143759
     ],
     [
      -121.888595,
      38.142346
     ],
     [
      -121.888064,
      38.141495
     ],
     [
      -121.887223,
      38.140721
     ],
     [
      -121.884942,
      38.139264
     ],
     [
      -121.879433,
      38.132898
     ],
     [
      -121.878043,
      38.13053
     ],
     [
      -121.877117,
      38.127891
     ],
     [
      -121.876813,
      38.125605
     ],
     [
      -121.876022,
      38.090575
     ],
     [
      -121.875989,
      38.087839
     ],
     [
      -121.876441,
      38.08494
     ],
     [
      -121.877074,
      38.083209
     ],
     [
      -121.878526,
      38.080535
     ],
     [
      -121.879877,
      38.078753
     ],
     [
      -121.880994,
      38.077565
     ],
     [
      -121.899674,
      38.063429
     ],
     [
      -121.906881,
      38.058103
     ],
     [
      -121.910704,
      38.055436
     ],
     [
      -121.912506,
      38.053992
     ],
     [
      -121.913934,
      38.052618
     ],
     [
      -121.917238,
      38.050153
     ],
     [
      -121.920359,
      38.042765
     ]
    ]
   }
  },
  {
   "type": "Feature",
   "properties": {
    "company": "San Francisco–Sacramento Railroad",
    "line": "San Francisco–Sacramento: Pittsburg – Sacramento",
    "id": "sacn-sfs-pittsburg-sacramento",
    "color": "#3C8DBC",
    "mode": "interurban",
    "avg_speed_kmh": 50,
    "speed_source": "ESTIMATE. Wikipedia (citing Hilton & Due) gives the fastest 1939 Sacramento–San Francisco schedule as 2 h 48 min, roughly 32 mph over about 90 mi including the ferry, the 4% Oakland hills grades, street running and Key System trackage. 50 km/h is used.",
    "geometry_quality": "Traced 48.79 mi from the Union Traction Depot in Sacramento across the Tower Bridge site and south via Dozier and Rio Vista Junction to Chipps Island, then the car-ferry crossing to Mallard. About 31 mi follows OSM ways tagged old_railway_operator=SN (including the 'Dozier to Sacramento', 'Dozier to Pittsburg' and Western Railway Museum sections) and 15 mi follows OpenHistoricalMap's SN ways across the Montezuma Hills and the Chipps Island marsh trestle; about 2.1 mi of Sacramento streets (I/J and 8th Streets to Capitol Mall and the Tower Bridge) is drawn on today's street and light-rail geometry and may be a block off. The last 0.54 mi is a STRAIGHT LINE across Suisun Bay from the Chipps Island slip to the Mallard slip — the train-ferry crossing (ferry Bridgit 1913–14, then Ramon), not track. Drawn alignment is the passenger-era one as far as OSM/OHM distinguish it; the 1951–54 Lisbon trestle rebuild is freight-era.",
    "segments": [
     {
      "start": 1920,
      "end": 1929,
      "headway_min": 60,
      "note": "San Francisco–Sacramento Railroad years (1920 reorganisation of the OA&E; sold to the Western Pacific 1 August 1927; merged into the Sacramento Northern Railway 1 January 1929). Ferry Ramon carried whole trains Mallard – Chipps. Headway is an ESTIMATE, not taken from a timetable.",
      "sources": [
       "Segment-level: the 1920 reorganisation, the 1 August 1927 sale to WP and the 1 January 1929 merger are from Garth Groff's brief history (wplives.org). Headway not sourced.",
       "https://www.wplives.org/sn/history.html",
       "https://en.wikipedia.org/wiki/Sacramento_Northern_Railway"
      ]
     }
    ]
   },
   "geometry": {
    "type": "LineString",
    "coordinates": [
     [
      -121.490366,
      38.580698
     ],
     [
      -121.491266,
      38.578648
     ],
     [
      -121.491564,
      38.578597
     ],
     [
      -121.49262,
      38.578875
     ],
     [
      -121.496496,
      38.579962
     ],
     [
      -121.496509,
      38.58031
     ],
     [
      -121.495927,
      38.581578
     ],
     [
      -121.495693,
      38.582123
     ],
     [
      -121.49648,
      38.580385
     ],
     [
      -121.49767,
      38.577616
     ],
     [
      -121.506918,
      38.580195
     ],
     [
      -121.511543,
      38.581368
     ],
     [
      -121.511787,
      38.57983
     ],
     [
      -121.513758,
      38.579446
     ],
     [
      -121.515112,
      38.57934
     ],
     [
      -121.515487,
      38.579444
     ],
     [
      -121.515367,
      38.579741
     ],
     [
      -121.515698,
      38.579855
     ],
     [
      -121.515946,
      38.580112
     ],
     [
      -121.520159,
      38.576482
     ],
     [
      -121.559399,
      38.504454
     ],
     [
      -121.560372,
      38.503486
     ],
     [
      -121.561982,
      38.502656
     ],
     [
      -121.562748,
      38.502545
     ],
     [
      -121.564255,
      38.502545
     ],
     [
      -121.566659,
      38.502668
     ],
     [
      -121.567877,
      38.502192
     ],
     [
      -121.568501,
      38.501736
     ],
     [
      -121.577899,
      38.480035
     ],
     [
      -121.580368,
      38.474719
     ],
     [
      -121.58104,
      38.474348
     ],
     [
      -121.586319,
      38.473835
     ],
     [
      -121.592703,
      38.473447
     ],
     [
      -121.627006,
      38.470767
     ],
     [
      -121.638129,
      38.469859
     ],
     [
      -121.649965,
      38.468707
     ],
     [
      -121.651736,
      38.468301
     ],
     [
      -121.652365,
      38.468004
     ],
     [
      -121.654765,
      38.466356
     ],
     [
      -121.656688,
      38.464458
     ],
     [
      -121.659509,
      38.461334
     ],
     [
      -121.730815,
      38.381898
     ],
     [
      -121.843342,
      38.255947
     ],
     [
      -121.872664,
      38.222936
     ],
     [
      -121.873829,
      38.22117
     ],
     [
      -121.87456,
      38.219636
     ],
     [
      -121.875344,
      38.216631
     ],
     [
      -121.877787,
      38.194364
     ],
     [
      -121.878435,
      38.192823
     ],
     [
      -121.884214,
      38.18302
     ],
     [
      -121.885168,
      38.180956
     ],
     [
      -121.885802,
      38.178813
     ],
     [
      -121.886058,
      38.176415
     ],
     [
      -121.886962,
      38.154951
     ],
     [
      -121.887806,
      38.151697
     ],
     [
      -121.887988,
      38.147387
     ],
     [
      -121.888868,
      38.143759
     ],
     [
      -121.888595,
      38.142346
     ],
     [
      -121.888064,
      38.141495
     ],
     [
      -121.887223,
      38.140721
     ],
     [
      -121.884942,
      38.139264
     ],
     [
      -121.879433,
      38.132898
     ],
     [
      -121.878043,
      38.13053
     ],
     [
      -121.877117,
      38.127891
     ],
     [
      -121.876813,
      38.125605
     ],
     [
      -121.876022,
      38.090575
     ],
     [
      -121.875989,
      38.087839
     ],
     [
      -121.876441,
      38.08494
     ],
     [
      -121.877074,
      38.083209
     ],
     [
      -121.878526,
      38.080535
     ],
     [
      -121.879877,
      38.078753
     ],
     [
      -121.880994,
      38.077565
     ],
     [
      -121.899674,
      38.063429
     ],
     [
      -121.906881,
      38.058103
     ],
     [
      -121.910704,
      38.055436
     ],
     [
      -121.912506,
      38.053992
     ],
     [
      -121.913934,
      38.052618
     ],
     [
      -121.917238,
      38.050153
     ],
     [
      -121.920359,
      38.042765
     ]
    ]
   }
  },
  {
   "type": "Feature",
   "properties": {
    "company": "Sacramento Northern",
    "line": "Sacramento Northern: Pittsburg – Sacramento",
    "id": "sacn-sn-pittsburg-sacramento",
    "color": "#2E5EAA",
    "mode": "interurban",
    "avg_speed_kmh": 50,
    "speed_source": "ESTIMATE. Wikipedia (citing Hilton & Due) gives the fastest 1939 Sacramento–San Francisco schedule as 2 h 48 min, roughly 32 mph over about 90 mi including the ferry, the 4% Oakland hills grades, street running and Key System trackage. 50 km/h is used.",
    "geometry_quality": "Traced 48.79 mi from the Union Traction Depot in Sacramento across the Tower Bridge site and south via Dozier and Rio Vista Junction to Chipps Island, then the car-ferry crossing to Mallard. About 31 mi follows OSM ways tagged old_railway_operator=SN (including the 'Dozier to Sacramento', 'Dozier to Pittsburg' and Western Railway Museum sections) and 15 mi follows OpenHistoricalMap's SN ways across the Montezuma Hills and the Chipps Island marsh trestle; about 2.1 mi of Sacramento streets (I/J and 8th Streets to Capitol Mall and the Tower Bridge) is drawn on today's street and light-rail geometry and may be a block off. The last 0.54 mi is a STRAIGHT LINE across Suisun Bay from the Chipps Island slip to the Mallard slip — the train-ferry crossing (ferry Bridgit 1913–14, then Ramon), not track. Drawn alignment is the passenger-era one as far as OSM/OHM distinguish it; the 1951–54 Lisbon trestle rebuild is freight-era.",
    "segments": [
     {
      "start": 1929,
      "end": 1940,
      "headway_min": 120,
      "note": "Sacramento Northern Railway years: through trains Oakland/San Francisco – Sacramento – Chico. Passenger service between West Pittsburg and Sacramento ended on 26 August 1940 (Groff; the Sacramento Union of 27 August 1940 reported the last electric train to the Bay). Freight continued — the Ramon ran until 7 April 1954 — and is not drawn. Headway is an ESTIMATE, not taken from a timetable.",
      "sources": [
       "Segment-level: the 26 August 1940 last day is from Garth Groff's brief history and the East Bay Hills Project's West Pittsburg wye page; the Wikipedia article (citing the Sacramento Union, 27 August 1940) agrees on August 1940. Headway not sourced.",
       "https://www.wplives.org/sn/history.html",
       "https://eastbayhillsproject.hyperarts.com/?p=31812",
       "https://en.wikipedia.org/wiki/Sacramento_Northern_Railway"
      ]
     }
    ]
   },
   "geometry": {
    "type": "LineString",
    "coordinates": [
     [
      -121.490366,
      38.580698
     ],
     [
      -121.491266,
      38.578648
     ],
     [
      -121.491564,
      38.578597
     ],
     [
      -121.49262,
      38.578875
     ],
     [
      -121.496496,
      38.579962
     ],
     [
      -121.496509,
      38.58031
     ],
     [
      -121.495927,
      38.581578
     ],
     [
      -121.495693,
      38.582123
     ],
     [
      -121.49648,
      38.580385
     ],
     [
      -121.49767,
      38.577616
     ],
     [
      -121.506918,
      38.580195
     ],
     [
      -121.511543,
      38.581368
     ],
     [
      -121.511787,
      38.57983
     ],
     [
      -121.513758,
      38.579446
     ],
     [
      -121.515112,
      38.57934
     ],
     [
      -121.515487,
      38.579444
     ],
     [
      -121.515367,
      38.579741
     ],
     [
      -121.515698,
      38.579855
     ],
     [
      -121.515946,
      38.580112
     ],
     [
      -121.520159,
      38.576482
     ],
     [
      -121.559399,
      38.504454
     ],
     [
      -121.560372,
      38.503486
     ],
     [
      -121.561982,
      38.502656
     ],
     [
      -121.562748,
      38.502545
     ],
     [
      -121.564255,
      38.502545
     ],
     [
      -121.566659,
      38.502668
     ],
     [
      -121.567877,
      38.502192
     ],
     [
      -121.568501,
      38.501736
     ],
     [
      -121.577899,
      38.480035
     ],
     [
      -121.580368,
      38.474719
     ],
     [
      -121.58104,
      38.474348
     ],
     [
      -121.586319,
      38.473835
     ],
     [
      -121.592703,
      38.473447
     ],
     [
      -121.627006,
      38.470767
     ],
     [
      -121.638129,
      38.469859
     ],
     [
      -121.649965,
      38.468707
     ],
     [
      -121.651736,
      38.468301
     ],
     [
      -121.652365,
      38.468004
     ],
     [
      -121.654765,
      38.466356
     ],
     [
      -121.656688,
      38.464458
     ],
     [
      -121.659509,
      38.461334
     ],
     [
      -121.730815,
      38.381898
     ],
     [
      -121.843342,
      38.255947
     ],
     [
      -121.872664,
      38.222936
     ],
     [
      -121.873829,
      38.22117
     ],
     [
      -121.87456,
      38.219636
     ],
     [
      -121.875344,
      38.216631
     ],
     [
      -121.877787,
      38.194364
     ],
     [
      -121.878435,
      38.192823
     ],
     [
      -121.884214,
      38.18302
     ],
     [
      -121.885168,
      38.180956
     ],
     [
      -121.885802,
      38.178813
     ],
     [
      -121.886058,
      38.176415
     ],
     [
      -121.886962,
      38.154951
     ],
     [
      -121.887806,
      38.151697
     ],
     [
      -121.887988,
      38.147387
     ],
     [
      -121.888868,
      38.143759
     ],
     [
      -121.888595,
      38.142346
     ],
     [
      -121.888064,
      38.141495
     ],
     [
      -121.887223,
      38.140721
     ],
     [
      -121.884942,
      38.139264
     ],
     [
      -121.879433,
      38.132898
     ],
     [
      -121.878043,
      38.13053
     ],
     [
      -121.877117,
      38.127891
     ],
     [
      -121.876813,
      38.125605
     ],
     [
      -121.876022,
      38.090575
     ],
     [
      -121.875989,
      38.087839
     ],
     [
      -121.876441,
      38.08494
     ],
     [
      -121.877074,
      38.083209
     ],
     [
      -121.878526,
      38.080535
     ],
     [
      -121.879877,
      38.078753
     ],
     [
      -121.880994,
      38.077565
     ],
     [
      -121.899674,
      38.063429
     ],
     [
      -121.906881,
      38.058103
     ],
     [
      -121.910704,
      38.055436
     ],
     [
      -121.912506,
      38.053992
     ],
     [
      -121.913934,
      38.052618
     ],
     [
      -121.917238,
      38.050153
     ],
     [
      -121.920359,
      38.042765
     ]
    ]
   }
  },
  {
   "type": "Feature",
   "properties": {
    "company": "Oakland, Antioch and Eastern Railway",
    "line": "Oakland, Antioch and Eastern: Pittsburg Branch",
    "id": "sacn-oae-pittsburg-branch",
    "color": "#3C8DBC",
    "mode": "interurban",
    "avg_speed_kmh": 35,
    "speed_source": "ESTIMATE. No running time for this branch was checked; ~40 km/h assumed for a lightly-built single-track interurban branch with local stops.",
    "geometry_quality": "Traced 2.64 mi against a documented 'about two miles' West Pittsburg – Pittsburg (1917 county history). Follows OpenHistoricalMap SN ways and OSM ways tagged old_railway_operator=SN along the south side of the Santa Fe and Southern Pacific into Pittsburg; the exact Pittsburg passenger terminal was not located — the drawn line ends where the SN-tagged OSM way ends. The 1930 freight extension to the US Steel Columbia works is not drawn.",
    "segments": [
     {
      "start": 1913,
      "end": 1920,
      "headway_min": 60,
      "note": "West Pittsburg – Pittsburg, the two-mile branch in the OA&E's 1911 charter; opened August 1913, with regular Key Mole – Pittsburg service from 5 August 1913, and run as a branch from West Pittsburg once Sacramento trains began in September 1913. Headway is an ESTIMATE, not taken from a timetable.",
      "sources": [
       "Segment-level: the two-mile charter branch and August 1913 opening from The History of Contra Costa County (1917); 5 August 1913 regular service and the branch working from the East Bay Hills Project's West Pittsburg wye page. Headway not sourced.",
       "https://ldsgenealogy.com/CA/books/The-history-of-Contra-Costa-County-California-part-29.htm",
       "https://eastbayhillsproject.hyperarts.com/?p=31812"
      ]
     }
    ]
   },
   "geometry": {
    "type": "LineString",
    "coordinates": [
     [
      -121.924772,
      38.034014
     ],
     [
      -121.924201,
      38.034053
     ],
     [
      -121.890915,
      38.030962
     ],
     [
      -121.879144,
      38.0281
     ],
     [
      -121.87851,
      38.027646
     ],
     [
      -121.878178,
      38.026756
     ]
    ]
   }
  },
  {
   "type": "Feature",
   "properties": {
    "company": "San Francisco–Sacramento Railroad",
    "line": "San Francisco–Sacramento: Pittsburg Branch",
    "id": "sacn-sfs-pittsburg-branch",
    "color": "#3C8DBC",
    "mode": "interurban",
    "avg_speed_kmh": 35,
    "speed_source": "ESTIMATE. No running time for this branch was checked; ~40 km/h assumed for a lightly-built single-track interurban branch with local stops.",
    "geometry_quality": "Traced 2.64 mi against a documented 'about two miles' West Pittsburg – Pittsburg (1917 county history). Follows OpenHistoricalMap SN ways and OSM ways tagged old_railway_operator=SN along the south side of the Santa Fe and Southern Pacific into Pittsburg; the exact Pittsburg passenger terminal was not located — the drawn line ends where the SN-tagged OSM way ends. The 1930 freight extension to the US Steel Columbia works is not drawn.",
    "segments": [
     {
      "start": 1920,
      "end": 1929,
      "headway_min": 60,
      "note": "San Francisco–Sacramento Railroad years (1920–1929) on the Pittsburg branch. Headway is an ESTIMATE, not taken from a timetable.",
      "sources": [
       "NOT SOURCED AT SEGMENT LEVEL: the layer cites general histories, but nobody has checked them against this segment's exact years or headway.",
       "https://www.wplives.org/sn/history.html"
      ]
     }
    ]
   },
   "geometry": {
    "type": "LineString",
    "coordinates": [
     [
      -121.924772,
      38.034014
     ],
     [
      -121.924201,
      38.034053
     ],
     [
      -121.890915,
      38.030962
     ],
     [
      -121.879144,
      38.0281
     ],
     [
      -121.87851,
      38.027646
     ],
     [
      -121.878178,
      38.026756
     ]
    ]
   }
  },
  {
   "type": "Feature",
   "properties": {
    "company": "Sacramento Northern",
    "line": "Sacramento Northern: Pittsburg Branch",
    "id": "sacn-sn-pittsburg-branch",
    "color": "#2E5EAA",
    "mode": "interurban",
    "avg_speed_kmh": 35,
    "speed_source": "ESTIMATE. No running time for this branch was checked; ~40 km/h assumed for a lightly-built single-track interurban branch with local stops.",
    "geometry_quality": "Traced 2.64 mi against a documented 'about two miles' West Pittsburg – Pittsburg (1917 county history). Follows OpenHistoricalMap SN ways and OSM ways tagged old_railway_operator=SN along the south side of the Santa Fe and Southern Pacific into Pittsburg; the exact Pittsburg passenger terminal was not located — the drawn line ends where the SN-tagged OSM way ends. The 1930 freight extension to the US Steel Columbia works is not drawn.",
    "segments": [
     {
      "start": 1929,
      "end": 1941,
      "headway_min": 90,
      "note": "Sacramento Northern years: the 'Pittsburg Local', usually ex-Oakland & Antioch combine 1001 (photographed in that service 1937). After August 1940 Pittsburg became the eastern end of South End passenger service: two weekday Pittsburg – San Francisco trains in January 1941, ending 30 June / 1 July 1941 (ICC-mandated last run 12 July 1941). Headway is an ESTIMATE, not taken from a timetable.",
      "sources": [
       "Segment-level: the Pittsburg Local and car 1001 from Groff's brief history; the January 1941 trains and 1 July 1941 end from the Wikipedia article; the 12 July 1941 last run from the East Bay Hills Project.",
       "https://www.wplives.org/sn/history.html",
       "https://en.wikipedia.org/wiki/Sacramento_Northern_Railway",
       "https://eastbayhillsproject.hyperarts.com/?p=31812"
      ]
     }
    ]
   },
   "geometry": {
    "type": "LineString",
    "coordinates": [
     [
      -121.924772,
      38.034014
     ],
     [
      -121.924201,
      38.034053
     ],
     [
      -121.890915,
      38.030962
     ],
     [
      -121.879144,
      38.0281
     ],
     [
      -121.87851,
      38.027646
     ],
     [
      -121.878178,
      38.026756
     ]
    ]
   }
  },
  {
   "type": "Feature",
   "properties": {
    "company": "Oakland, Antioch and Eastern Railway",
    "line": "Oakland, Antioch and Eastern: Danville Branch",
    "id": "sacn-oae-danville-branch",
    "color": "#3C8DBC",
    "mode": "interurban",
    "avg_speed_kmh": 35,
    "speed_source": "ESTIMATE. No running time for this branch was checked; ~40 km/h assumed for a lightly-built single-track interurban branch with local stops.",
    "geometry_quality": "Drawn 9.15 mi Saranap – Alamo – Danville – Diablo against documented 'Saranap to Diablo, nine miles' (1917 county history) / 10.15 mi (later local histories). APPROXIMATED THROUGHOUT — no grade survives in OSM or OHM: a 2.04 mi STRAIGHT LINE from the main line at Saranap over the hills to Crest Avenue (sources say only that it ran 'over the hills near today's Crest Avenue'); then 6.44 mi on today's roads — Danville Boulevard through Alamo, Hartz Avenue in Danville and Diablo Road east (sources say the line ran along Danville and Hartz Boulevards; for long stretches it was beside rather than in the road, and it paralleled the Southern Pacific San Ramon Branch, which is deliberately NOT used as geometry); and a final 0.67 mi STRAIGHT LINE to the Mount Diablo Park Club at Diablo.",
    "segments": [
     {
      "start": 1914,
      "end": 1920,
      "headway_min": 120,
      "note": "San Ramon Valley Railroad, Saranap – Danville – Diablo, leased to and operated by the OA&E; opened to Danville on 2 March 1914 and to Diablo (the Mount Diablo Park Club) in June 1914. Single-car service, latterly by a rebuilt ex-SP combine, car 1051. Headway is an ESTIMATE, not taken from a timetable.",
      "sources": [
       "Segment-level: the lease to the OA&E is from The History of Contra Costa County (1917); the 2 March and June 1914 openings and car 1051 from the Wikipedia article (citing Hilton & Due p.398 and the Contra Costa Times, 12 April 1964). Headway not sourced.",
       "https://ldsgenealogy.com/CA/books/The-history-of-Contra-Costa-County-California-part-29.htm",
       "https://en.wikipedia.org/wiki/Sacramento_Northern_Railway"
      ]
     }
    ]
   },
   "geometry": {
    "type": "LineString",
    "coordinates": [
     [
      -122.078227,
      37.884698
     ],
     [
      -122.047902,
      37.867521
     ],
     [
      -122.04735,
      37.867836
     ],
     [
      -122.046303,
      37.866627
     ],
     [
      -122.045663,
      37.865548
     ],
     [
      -122.045119,
      37.8651
     ],
     [
      -122.044366,
      37.864954
     ],
     [
      -122.042355,
      37.865795
     ],
     [
      -122.037077,
      37.857189
     ],
     [
      -122.033782,
      37.852109
     ],
     [
      -122.033583,
      37.852064
     ],
     [
      -122.033622,
      37.8519
     ],
     [
      -122.03249,
      37.850264
     ],
     [
      -122.031314,
      37.848082
     ],
     [
      -122.030171,
      37.846541
     ],
     [
      -122.025333,
      37.841653
     ],
     [
      -122.020974,
      37.837748
     ],
     [
      -122.016599,
      37.834436
     ],
     [
      -122.01365,
      37.831811
     ],
     [
      -122.006321,
      37.827561
     ],
     [
      -122.003645,
      37.825252
     ],
     [
      -122.000864,
      37.822599
     ],
     [
      -121.999061,
      37.823046
     ],
     [
      -121.989867,
      37.823012
     ],
     [
      -121.988255,
      37.823511
     ],
     [
      -121.987807,
      37.823815
     ],
     [
      -121.987283,
      37.824553
     ],
     [
      -121.987295,
      37.830417
     ],
     [
      -121.986569,
      37.830467
     ],
     [
      -121.984935,
      37.830836
     ],
     [
      -121.983891,
      37.831266
     ],
     [
      -121.979227,
      37.834629
     ],
     [
      -121.978311,
      37.835077
     ],
     [
      -121.976672,
      37.835475
     ],
     [
      -121.975016,
      37.835275
     ],
     [
      -121.971284,
      37.835818
     ],
     [
      -121.959,
      37.835
     ]
    ]
   }
  },
  {
   "type": "Feature",
   "properties": {
    "company": "San Francisco–Sacramento Railroad",
    "line": "San Francisco–Sacramento: Danville Branch",
    "id": "sacn-sfs-danville-branch",
    "color": "#3C8DBC",
    "mode": "interurban",
    "avg_speed_kmh": 35,
    "speed_source": "ESTIMATE. No running time for this branch was checked; ~40 km/h assumed for a lightly-built single-track interurban branch with local stops.",
    "geometry_quality": "Drawn 9.15 mi Saranap – Alamo – Danville – Diablo against documented 'Saranap to Diablo, nine miles' (1917 county history) / 10.15 mi (later local histories). APPROXIMATED THROUGHOUT — no grade survives in OSM or OHM: a 2.04 mi STRAIGHT LINE from the main line at Saranap over the hills to Crest Avenue (sources say only that it ran 'over the hills near today's Crest Avenue'); then 6.44 mi on today's roads — Danville Boulevard through Alamo, Hartz Avenue in Danville and Diablo Road east (sources say the line ran along Danville and Hartz Boulevards; for long stretches it was beside rather than in the road, and it paralleled the Southern Pacific San Ramon Branch, which is deliberately NOT used as geometry); and a final 0.67 mi STRAIGHT LINE to the Mount Diablo Park Club at Diablo.",
    "segments": [
     {
      "start": 1920,
      "end": 1924,
      "headway_min": 120,
      "note": "San Francisco–Sacramento Railroad years. Abandonment was proposed in 1923 over large protest meetings; electric service ended in 1924, replaced by buses meeting trains at Walnut Creek. SOURCE CONFLICT: Groff's brief history says the Danville and Walwood branches were 'lopped off' at the 1920 reorganisation; Wikipedia (citing Hilton & Due) and local histories give 1924 for the Danville branch. 1924 is drawn. Headway is an ESTIMATE, not taken from a timetable.",
      "sources": [
       "Segment-level: the 1924 end is from the Wikipedia article (citing Hilton & Due p.400 and the Contra Costa Times) and Danville Patch ('from 1914-1924'); the conflicting 1920 date is from Groff's brief history.",
       "https://en.wikipedia.org/wiki/Sacramento_Northern_Railway",
       "https://patch.com/california/danville/ev--toonerville-trolley-and-model-trains",
       "https://www.wplives.org/sn/history.html"
      ]
     }
    ]
   },
   "geometry": {
    "type": "LineString",
    "coordinates": [
     [
      -122.078227,
      37.884698
     ],
     [
      -122.047902,
      37.867521
     ],
     [
      -122.04735,
      37.867836
     ],
     [
      -122.046303,
      37.866627
     ],
     [
      -122.045663,
      37.865548
     ],
     [
      -122.045119,
      37.8651
     ],
     [
      -122.044366,
      37.864954
     ],
     [
      -122.042355,
      37.865795
     ],
     [
      -122.037077,
      37.857189
     ],
     [
      -122.033782,
      37.852109
     ],
     [
      -122.033583,
      37.852064
     ],
     [
      -122.033622,
      37.8519
     ],
     [
      -122.03249,
      37.850264
     ],
     [
      -122.031314,
      37.848082
     ],
     [
      -122.030171,
      37.846541
     ],
     [
      -122.025333,
      37.841653
     ],
     [
      -122.020974,
      37.837748
     ],
     [
      -122.016599,
      37.834436
     ],
     [
      -122.01365,
      37.831811
     ],
     [
      -122.006321,
      37.827561
     ],
     [
      -122.003645,
      37.825252
     ],
     [
      -122.000864,
      37.822599
     ],
     [
      -121.999061,
      37.823046
     ],
     [
      -121.989867,
      37.823012
     ],
     [
      -121.988255,
      37.823511
     ],
     [
      -121.987807,
      37.823815
     ],
     [
      -121.987283,
      37.824553
     ],
     [
      -121.987295,
      37.830417
     ],
     [
      -121.986569,
      37.830467
     ],
     [
      -121.984935,
      37.830836
     ],
     [
      -121.983891,
      37.831266
     ],
     [
      -121.979227,
      37.834629
     ],
     [
      -121.978311,
      37.835077
     ],
     [
      -121.976672,
      37.835475
     ],
     [
      -121.975016,
      37.835275
     ],
     [
      -121.971284,
      37.835818
     ],
     [
      -121.959,
      37.835
     ]
    ]
   }
  },
  {
   "type": "Feature",
   "properties": {
    "company": "Oakland and Antioch Railway",
    "line": "Oakland and Antioch: Walwood Branch",
    "id": "sacn-oa-walwood-branch",
    "color": "#3C8DBC",
    "mode": "interurban",
    "avg_speed_kmh": 30,
    "speed_source": "ESTIMATE. No running time for this branch was checked; ~40 km/h assumed for a lightly-built single-track interurban branch with local stops.",
    "geometry_quality": "Drawn 2.38 mi from Meinert (where the main line crossed Oak Grove Road, between Walnut Creek and Concord) south along Oak Grove Road, against a documented 2.8 mi to Walwood (Groff) / 'three miles' (1917 county history). APPROXIMATED THROUGHOUT on today's Oak Grove Road — sources say the track ran along its west shoulder; the last ~0.4 mi to Walwood station on Castle Rock Road and the later extension to Hillside are not drawn, nor the quarry spur to Moore.",
    "segments": [
     {
      "start": 1911,
      "end": 1913,
      "headway_min": 120,
      "note": "The Ignacio (Ygnacio) Valley Branch of the Oakland and Antioch, Meinert – Gavin – Walwood, opened for freight and passengers on 15 June 1911 — intended to bring sightseers to the foot of Mount Diablo, but mostly built for the Spreckels limestone quarry. Headway is an ESTIMATE, not taken from a timetable.",
      "sources": [
       "Segment-level: the 15 June 1911 opening and the route are from Robert A. Campbell's 'The OA&E Walwood Branch' (wplives.org). Headway not sourced.",
       "https://www.wplives.org/sn/walwood.html"
      ]
     }
    ]
   },
   "geometry": {
    "type": "LineString",
    "coordinates": [
     [
      -122.0292,
      37.9432
     ],
     [
      -122.029336,
      37.943338
     ],
     [
      -122.011532,
      37.92396
     ],
     [
      -122.01099,
      37.921611
     ],
     [
      -122.010754,
      37.919489
     ],
     [
      -122.010233,
      37.917335
     ],
     [
      -122.007789,
      37.914373
     ]
    ]
   }
  },
  {
   "type": "Feature",
   "properties": {
    "company": "Oakland, Antioch and Eastern Railway",
    "line": "Oakland, Antioch and Eastern: Walwood Branch",
    "id": "sacn-oae-walwood-branch",
    "color": "#3C8DBC",
    "mode": "interurban",
    "avg_speed_kmh": 30,
    "speed_source": "ESTIMATE. No running time for this branch was checked; ~40 km/h assumed for a lightly-built single-track interurban branch with local stops.",
    "geometry_quality": "Drawn 2.38 mi from Meinert (where the main line crossed Oak Grove Road, between Walnut Creek and Concord) south along Oak Grove Road, against a documented 2.8 mi to Walwood (Groff) / 'three miles' (1917 county history). APPROXIMATED THROUGHOUT on today's Oak Grove Road — sources say the track ran along its west shoulder; the last ~0.4 mi to Walwood station on Castle Rock Road and the later extension to Hillside are not drawn, nor the quarry spur to Moore.",
    "segments": [
     {
      "start": 1913,
      "end": 1916,
      "headway_min": 240,
      "note": "Under the OA&E, Concord local trains ran over the Walwood branch during their layovers. A September 1916 passenger count found train 83 carrying 19 and train 82 carrying 26, mostly Mount Diablo High School students. The branch was gone by 1920; the end of passenger service is NOT established — the drawn end is 1916, the last year with positive evidence of passenger trains, not a known closing date. Headway is an ESTIMATE, not taken from a timetable.",
      "sources": [
       "Segment-level: the Concord-local working, the September 1916 passenger count and 'gone by 1920' are from Campbell's 'The OA&E Walwood Branch' (wplives.org). No closing date found.",
       "https://www.wplives.org/sn/walwood.html"
      ]
     }
    ]
   },
   "geometry": {
    "type": "LineString",
    "coordinates": [
     [
      -122.0292,
      37.9432
     ],
     [
      -122.029336,
      37.943338
     ],
     [
      -122.011532,
      37.92396
     ],
     [
      -122.01099,
      37.921611
     ],
     [
      -122.010754,
      37.919489
     ],
     [
      -122.010233,
      37.917335
     ],
     [
      -122.007789,
      37.914373
     ]
    ]
   }
  },
  {
   "type": "Feature",
   "properties": {
    "company": "Oakland, Antioch and Eastern Railway",
    "line": "Oakland, Antioch and Eastern: Dixon Branch",
    "id": "sacn-oae-dixon-branch",
    "color": "#3C8DBC",
    "mode": "interurban",
    "avg_speed_kmh": 40,
    "speed_source": "ESTIMATE. No running time for this branch was checked; ~40 km/h assumed for a lightly-built single-track interurban branch with local stops.",
    "geometry_quality": "STRAIGHT LINE, 11.6 mi, against a documented 11.8 mi. No grade survives in OSM or OHM. Sources say the line 'ran due south from Dixon to Olcott' (Dixon Junction) on the main line between Sacramento and Rio Vista Junction, so it is drawn due south from central Dixon to the point on the drawn main line at Dixon's longitude; the line was in fact probably close to straight, but neither end point was located from a source.",
    "segments": [
     {
      "start": 1914,
      "end": 1917,
      "headway_min": 240,
      "note": "Sacramento Valley Electric Railroad, Olcott (Dixon Junction) – Dixon, 11.8 mi, the only part built of a planned 193-mile west-side line to Redding; leased to and operated by the OA&E, which supplied the equipment and track. Opened 10 October 1914; only 56 passengers between 1 March and 8 June 1915; abandonment approved July 1917, last run 9 August 1917. Headway is an ESTIMATE, not taken from a timetable.",
      "sources": [
       "Segment-level: the 10 October 1914 opening, the operation by the OA&E, the 1915 passenger count and the 9 August 1917 last run are from the Wikipedia article on the Sacramento Valley Electric Railroad. Headway not sourced.",
       "https://en.wikipedia.org/wiki/Sacramento_Valley_Electric_Railroad",
       "https://en.wikipedia.org/wiki/Sacramento_Northern_Railway"
      ]
     }
    ]
   },
   "geometry": {
    "type": "LineString",
    "coordinates": [
     [
      -121.823809,
      38.277804
     ],
     [
      -121.8233,
      38.4456
     ]
    ]
   }
  }
 ]
}