{
 "type": "FeatureCollection",
 "metadata": {
  "note": "San Jose's electric street railways, 1890-1938. Two rival systems: the San Jose & Santa Clara Railway (horse 1868, electric 1890; San Jose & Santa Clara County Railway from 1905) on Santa Clara Street and The Alameda, which absorbed the Alum Rock Railway in 1905; and the People's Horse Railroad group (First Street Railroad, Market Street & Willow Glen) on First Street, which became the San Jose Railroad Company in 1894. Southern Pacific interests controlled both by 1909 and merged them in 1912 as San Jose Railroads, which took over the Peninsular Railway's San Jose city lines in 1933, converted most routes to buses under the 1934-35 resettlement franchise and ran its last streetcars on 10 April 1938. National City Lines bought the bus company in 1939 (San Jose City Lines). Horse years are excluded (Rule 5): every feature starts at electrification or at its first steam-dummy run.",
  "colour_note": "Three operators, colours pre-assigned by the Bay Area batch coordinator: San Jose Railroads #D4762C (including its own predecessors the People's Horse Railroad and the San Jose Railroad Company - one continuously operating company that renamed in 1894 and absorbed the SJ&SC in 1912); San Jose and Santa Clara Railway #E0A458 (including its 1905 reorganization as the San Jose & Santa Clara County Railway); Alum Rock Railway #A6582B.",
  "ownership_note": "Rule 4 splits are at the 1905 Alum Rock Railway takeover and the 1912 SJ&SC merger, the dates the company running the cars changed. Southern Pacific's acquisition of control (by 1909) is NOT a split: both companies kept operating under their own names until 1912, and Southern Pacific never ran the city cars itself. The four Peninsular-built city lines (Seventeenth Street, Bascom, Park Avenue, Naglee) are drawn only from the 1933 takeover; their Peninsular years belong to the Peninsular Railway layer.",
  "mode_note": "Santa Clara line is interurban (Rule 7: built to join two separate towns); everything else is streetcar, including the Alum Rock park line (city to a park, not between communities) and Willow Glen (a city line into an adjoining suburb).",
  "source": [
   "https://en.wikipedia.org/wiki/San_Jose_Railroads",
   "https://web.archive.org/web/20160204195910/http://www.chicagorailfan.com/sjcdate.html",
   "https://web.archive.org/web/20170510133810/http://www.chicagorailfan.com/sjchis.html",
   "McCaleb, Charles S. Tracks, Tires and Wires (Interurban Press, 1981) - cited by Wikipedia, not consulted",
   "California Railroad Commission decisions 5160 (1918), 11233 (1922), 23800 (1931), 24622 (1932), 25713 (1933), 27719 (1935), 28097 (1935), 28674 (1936), 28909 (1936), via files.cpuc.ca.gov",
   "https://reference.insulators.info/publications/view/?id=9961",
   "https://historysanjose.org/history-of-the-shasta-hanchett-park-neighborhood/",
   "https://www.santacruztrains.com/2021/07/streetcars-san-jose-and-los-gatos.html",
   "https://en.wikipedia.org/wiki/Alum_Rock_Park",
   "https://www.HMdb.org/m.asp?m=63778",
   "https://www.openhistoricalmap.org/relation/2749985 (geometry only)"
  ],
  "pulled": "20260930",
  "geometry_quality": "Street-running throughout: no San Jose streetcar track survives. The Santa Clara line west of 17th Street is the OpenHistoricalMap trace (CC0, relations 2749985-2749988; geometry only, never dates); every other line is routed with a staged shortest path over today's OpenStreetMap road grid along the streets the sources name. Straight-line legs: 0.37 mi (Hobson Street, severed by SR 87) and 0.28 mi (Delmas Avenue, cut by I-280). Approximate legs: 1.0 mi Kirk Avenue - Penitencia Creek (Alum Rock line, 1896-1911) and ~2 mi east of Noble Avenue into Alum Rock Park (1923-32), both private right of way now gone. Each feature's geometry_quality gives its traced length.",
  "peninsular_note": "The Peninsular Railway interurbans to Los Gatos, Saratoga, Campbell, Cupertino, Palo Alto and Berryessa ran on San Jose streets, partly on San Jose Railroads track (Willow Street, Delmas Avenue in 1922; the King Road/Berryessa park line was Peninsular track worked by San Jose Railroads cars). They are not drawn here; see the Peninsular Railway layer.",
  "not_yet_sourced": [
   "Hanchett Park line (SJ&SC electric 1906, SJRR from 1912, bus 1924; a shuttle from May 1921) - left out: no source found names its streets.",
   "Santa Clara local shuttle (one of the May 1921 routes) - left out: streets unknown.",
   "Seventh Street line (electric 1894, \"discontinued 1927\" per chicagorailfan) - only the Reed/Seventh-to-Keyes piece documented in 1935 is drawn; the 1894 route is unknown.",
   "Hobson Street line beyond Walnut Street through College Park to Alameda Avenue, about 1891-1901 - left out: alignment unrecorded.",
   "Second Street, San Antonio Street and Third Street (to Reed) trackage surrendered in 1935 - not attributed to any line, not drawn.",
   "North end of the First Street line before 1935, and whether the northern First Street rail ran past July 1935 (franchise allowed to end of 1937).",
   "Park service 1913-1923 via 17th Street and Berryessa Road: who ran the cars (San Jose Railroads or Peninsular).",
   "Which operator ran King Road / Berryessa passenger cars before 1932, and from exactly when.",
   "Date the San Jose & Santa Clara overhead trolley entered service (1889 per Wikipedia and History San Jose, 1890 per chicagorailfan and santacruztrains).",
   "Whether SJ&SC merged into the Peninsular Railroad in 1909 (santacruztrains) or into San Jose Railroads in 1912 (chicagorailfan, Wikipedia).",
   "Every headway except Linda Vista 1935 (hourly) and Hobson Street 1917 (derived from car-miles); every average speed."
  ]
 },
 "features": [
  {
   "type": "Feature",
   "properties": {
    "company": "San Jose and Santa Clara Railway",
    "line": "San Jose and Santa Clara Railway: San Jose – Santa Clara",
    "id": "sjsc-santa-clara",
    "color": "#E0A458",
    "mode": "interurban",
    "avg_speed_kmh": 16,
    "speed_source": "ESTIMATE. No San Jose running time was found; a typical figure for a street-running suburban electric line of this period.",
    "geometry_quality": "Traced 4.99 mi. Franklin Street (Santa Clara) to Santa Clara Street at 17th Street (4.46 mi) is the OpenHistoricalMap trace (CC0; ways 199825842/199825848/199825847, members of relations 2749985-2749988) along The Alameda and Santa Clara Street - geometry only, OHM dates not used; it sits within about 10 m of the modern street centreline throughout. The remaining 0.5 mi east along East Santa Clara Street from 17th to 26th Street is routed on the OSM road grid. The eastern terminus at 26th/27th Street (the East Santa Clara Street carbarn, and where the Alum Rock line began) is inferred, not sourced. Documented: \"a distance of 4 miles\" from East San Jose to the limits of Santa Clara (Electrical World, 24 Nov 1888). No straight-line legs.",
    "segments": [
     {
      "start": 1890,
      "end": 1905,
      "headway_min": 10,
      "note": "San Jose & Santa Clara Railway, overhead-trolley electric line from East San Jose along Santa Clara Street and The Alameda to Santa Clara. The horse railroad of 1868 had tried Frank Fisher's underground-conduit electric system from 4 September 1888, but History San Jose records that it failed so often that service was suspended and the HORSECARS RETURNED; the conduit was replaced by overhead wire in 1889, and the reincorporated San Jose & Santa Clara Railway (October 1889) opened as an electric line in 1890. Drawn from 1890, not 1888, so that no drawn year covers horse haulage (Rule 5). headway_min is an ESTIMATE - no San Jose streetcar timetable for these years was found. Mode is interurban under Rule 7: the line was built (horsecar 1868, electric 1888-90) to link two separate towns, San Jose and Santa Clara, three miles apart across open country along The Alameda - the same case as Dunkirk - Fredonia. By the 1930s The Alameda was built up end to end, but the test is what the line was for.",
      "sources": [
       "Segment-level: electric opening 1890 from chicagorailfan's route table and santacruztrains (incorporated Oct 1889, opened 1890); the 1888 Fisher trial and the return of horses from History San Jose and Electrical World. CONFLICT: Wikipedia (The Alameda) says the line \"reopened in 1888\" electric and was converted to overhead in 1889 - recorded, not followed, because of the horsecar return.",
       "https://web.archive.org/web/20160204195910/http://www.chicagorailfan.com/sjcdate.html",
       "https://www.santacruztrains.com/2021/07/streetcars-san-jose-and-los-gatos.html",
       "https://historysanjose.org/history-of-the-shasta-hanchett-park-neighborhood/",
       "https://reference.insulators.info/publications/view/?id=9961",
       "https://en.wikipedia.org/wiki/The_Alameda,_San_Jose"
      ]
     },
     {
      "start": 1905,
      "end": 1912,
      "headway_min": 10,
      "note": "Reorganized in 1905 as the San Jose & Santa Clara County Railway, which also absorbed the Alum Rock Railway that year. Southern Pacific interests controlled both San Jose street railways by 1909, but each kept operating under its own name until the 1912 merger, so no ownership split is drawn at 1909. (santacruztrains says the SJ&SC was consolidated into the Peninsular Railroad on 30 June 1909; chicagorailfan and Wikipedia both have it merging into San Jose Railroads in 1912 - CONFLICT recorded; this file follows the 1912 merger.) headway_min is an ESTIMATE - no San Jose streetcar timetable for these years was found.",
      "sources": [
       "Segment-level: 1905 reorganization and 1912 merger from chicagorailfan's company history; SP control by 1909 from chicagorailfan.",
       "https://web.archive.org/web/20170510133810/http://www.chicagorailfan.com/sjchis.html",
       "https://web.archive.org/web/20160204195910/http://www.chicagorailfan.com/sjcdate.html",
       "https://www.santacruztrains.com/2021/07/streetcars-san-jose-and-los-gatos.html",
       "https://en.wikipedia.org/wiki/San_Jose_Railroads"
      ]
     }
    ]
   },
   "geometry": {
    "type": "LineString",
    "coordinates": [
     [
      -121.940484,
      37.351248
     ],
     [
      -121.940435,
      37.351162
     ],
     [
      -121.940128,
      37.350607
     ],
     [
      -121.938408,
      37.347505
     ],
     [
      -121.938139,
      37.34702
     ],
     [
      -121.936176,
      37.345794
     ],
     [
      -121.935967,
      37.345673
     ],
     [
      -121.935806,
      37.3456
     ],
     [
      -121.935607,
      37.345519
     ],
     [
      -121.934894,
      37.345306
     ],
     [
      -121.934629,
      37.345228
     ],
     [
      -121.932687,
      37.344658
     ],
     [
      -121.93009,
      37.34393
     ],
     [
      -121.926169,
      37.342701
     ],
     [
      -121.925718,
      37.342557
     ],
     [
      -121.925019,
      37.342328
     ],
     [
      -121.924881,
      37.342269
     ],
     [
      -121.924726,
      37.342173
     ],
     [
      -121.924508,
      37.34202
     ],
     [
      -121.923044,
      37.340771
     ],
     [
      -121.919275,
      37.337584
     ],
     [
      -121.918546,
      37.336956
     ],
     [
      -121.914022,
      37.333234
     ],
     [
      -121.912652,
      37.332096
     ],
     [
      -121.911985,
      37.331538
     ],
     [
      -121.911921,
      37.331493
     ],
     [
      -121.906606,
      37.331728
     ],
     [
      -121.903814,
      37.331858
     ],
     [
      -121.902183,
      37.331939
     ],
     [
      -121.900232,
      37.332017
     ],
     [
      -121.89944,
      37.332044
     ],
     [
      -121.899328,
      37.332054
     ],
     [
      -121.899218,
      37.332084
     ],
     [
      -121.898036,
      37.332637
     ],
     [
      -121.897739,
      37.332779
     ],
     [
      -121.892593,
      37.335221
     ],
     [
      -121.892056,
      37.335465
     ],
     [
      -121.890585,
      37.336176
     ],
     [
      -121.889523,
      37.336681
     ],
     [
      -121.888465,
      37.337173
     ],
     [
      -121.887403,
      37.33767
     ],
     [
      -121.886325,
      37.338183
     ],
     [
      -121.88525,
      37.338696
     ],
     [
      -121.884193,
      37.339192
     ],
     [
      -121.883143,
      37.339689
     ],
     [
      -121.882087,
      37.340189
     ],
     [
      -121.879988,
      37.341193
     ],
     [
      -121.874059,
      37.344027
     ],
     [
      -121.874058,
      37.344024
     ],
     [
      -121.873617,
      37.344231
     ],
     [
      -121.873437,
      37.344316
     ],
     [
      -121.872536,
      37.344743
     ],
     [
      -121.872466,
      37.344776
     ],
     [
      -121.872119,
      37.344941
     ],
     [
      -121.871576,
      37.345199
     ],
     [
      -121.871427,
      37.345269
     ],
     [
      -121.871226,
      37.345365
     ],
     [
      -121.871036,
      37.345455
     ],
     [
      -121.870785,
      37.345573
     ],
     [
      -121.870709,
      37.345609
     ],
     [
      -121.870619,
      37.345652
     ],
     [
      -121.870543,
      37.345688
     ],
     [
      -121.870196,
      37.345853
     ],
     [
      -121.870054,
      37.34592
     ],
     [
      -121.869643,
      37.346115
     ],
     [
      -121.869532,
      37.346167
     ],
     [
      -121.869443,
      37.34621
     ],
     [
      -121.869329,
      37.346263
     ],
     [
      -121.868792,
      37.346518
     ],
     [
      -121.868687,
      37.346568
     ],
     [
      -121.868279,
      37.346761
     ],
     [
      -121.868142,
      37.346826
     ],
     [
      -121.867939,
      37.346921
     ],
     [
      -121.867825,
      37.346975
     ],
     [
      -121.867756,
      37.347007
     ],
     [
      -121.867683,
      37.347039
     ],
     [
      -121.867421,
      37.347164
     ],
     [
      -121.867325,
      37.347209
     ],
     [
      -121.867072,
      37.34733
     ],
     [
      -121.866844,
      37.347438
     ],
     [
      -121.866617,
      37.347546
     ],
     [
      -121.866474,
      37.347614
     ],
     [
      -121.866233,
      37.347729
     ],
     [
      -121.866122,
      37.347781
     ],
     [
      -121.865964,
      37.347853
     ],
     [
      -121.865887,
      37.347891
     ]
    ]
   }
  },
  {
   "type": "Feature",
   "properties": {
    "company": "San Jose Railroads",
    "line": "San Jose Railroads: Santa Clara (The Alameda)",
    "id": "sjrr-santa-clara",
    "color": "#D4762C",
    "mode": "interurban",
    "avg_speed_kmh": 16,
    "speed_source": "ESTIMATE. No San Jose running time was found; a typical figure for a street-running suburban electric line of this period.",
    "geometry_quality": "Traced 4.99 mi. Franklin Street (Santa Clara) to Santa Clara Street at 17th Street (4.46 mi) is the OpenHistoricalMap trace (CC0; ways 199825842/199825848/199825847, members of relations 2749985-2749988) along The Alameda and Santa Clara Street - geometry only, OHM dates not used; it sits within about 10 m of the modern street centreline throughout. The remaining 0.5 mi east along East Santa Clara Street from 17th to 26th Street is routed on the OSM road grid. The eastern terminus at 26th/27th Street (the East Santa Clara Street carbarn, and where the Alum Rock line began) is inferred, not sourced. Documented: \"a distance of 4 miles\" from East San Jose to the limits of Santa Clara (Electrical World, 24 Nov 1888). No straight-line legs.",
    "segments": [
     {
      "start": 1912,
      "end": 1935,
      "headway_min": 10,
      "note": "In 1912 the San Jose & Santa Clara County Railway merged into the San Jose Railroad Company to form San Jose Railroads, the Southern Pacific-controlled monopoly street railway; from here the Santa Clara cars are San Jose Railroads trains. The May 1921 restructuring made the Santa Clara Street trunk the base of its numbered routes 1-3. headway_min is an ESTIMATE - no San Jose streetcar timetable for these years was found. Mode is interurban under Rule 7: the line was built (horsecar 1868, electric 1888-90) to link two separate towns, San Jose and Santa Clara, three miles apart across open country along The Alameda - the same case as Dunkirk - Fredonia. By the 1930s The Alameda was built up end to end, but the test is what the line was for.",
      "sources": [
       "Segment-level: 1912 merger from Wikipedia and chicagorailfan; 1921 route restructuring from Wikipedia (citing McCaleb, Tracks, Tires and Wires, p. 85).",
       "https://en.wikipedia.org/wiki/San_Jose_Railroads",
       "https://web.archive.org/web/20170510133810/http://www.chicagorailfan.com/sjchis.html",
       "https://web.archive.org/web/20160204195910/http://www.chicagorailfan.com/sjcdate.html"
      ]
     },
     {
      "start": 1935,
      "end": 1938,
      "headway_min": 15,
      "note": "Kept as rail under the 1934-35 resettlement franchise (City of San Jose Ordinance 2438; Railroad Commission Decision 27719, 4 Feb 1935: \"along Santa Clara Street and The Alameda from the westerly to the easterly city limits\") while most of the system went to buses. In July 1935 the company told the Commission its electric service still paid for \"similar service to Santa Clara and Willow Glen\". Last San Jose streetcars ran 10 April 1938. headway_min is an ESTIMATE - no San Jose streetcar timetable for these years was found.",
      "sources": [
       "Segment-level: retention in 1935 from CPUC Decision 27719; end of service 10 April 1938 from Wikipedia and chicagorailfan.",
       "https://files.cpuc.ca.gov/LegacyCPUCDecisionsAndResolutions/Decisions/Decisions_D25901_to_D40599/D27719_19350204_A19727.pdf",
       "https://files.cpuc.ca.gov/LegacyCPUCDecisionsAndResolutions/Decisions/Decisions_D25901_to_D40599/D28097_19350708_A20003.pdf",
       "https://en.wikipedia.org/wiki/San_Jose_Railroads",
       "https://web.archive.org/web/20160204195910/http://www.chicagorailfan.com/sjcdate.html"
      ]
     }
    ]
   },
   "geometry": {
    "type": "LineString",
    "coordinates": [
     [
      -121.940484,
      37.351248
     ],
     [
      -121.940435,
      37.351162
     ],
     [
      -121.940128,
      37.350607
     ],
     [
      -121.938408,
      37.347505
     ],
     [
      -121.938139,
      37.34702
     ],
     [
      -121.936176,
      37.345794
     ],
     [
      -121.935967,
      37.345673
     ],
     [
      -121.935806,
      37.3456
     ],
     [
      -121.935607,
      37.345519
     ],
     [
      -121.934894,
      37.345306
     ],
     [
      -121.934629,
      37.345228
     ],
     [
      -121.932687,
      37.344658
     ],
     [
      -121.93009,
      37.34393
     ],
     [
      -121.926169,
      37.342701
     ],
     [
      -121.925718,
      37.342557
     ],
     [
      -121.925019,
      37.342328
     ],
     [
      -121.924881,
      37.342269
     ],
     [
      -121.924726,
      37.342173
     ],
     [
      -121.924508,
      37.34202
     ],
     [
      -121.923044,
      37.340771
     ],
     [
      -121.919275,
      37.337584
     ],
     [
      -121.918546,
      37.336956
     ],
     [
      -121.914022,
      37.333234
     ],
     [
      -121.912652,
      37.332096
     ],
     [
      -121.911985,
      37.331538
     ],
     [
      -121.911921,
      37.331493
     ],
     [
      -121.906606,
      37.331728
     ],
     [
      -121.903814,
      37.331858
     ],
     [
      -121.902183,
      37.331939
     ],
     [
      -121.900232,
      37.332017
     ],
     [
      -121.89944,
      37.332044
     ],
     [
      -121.899328,
      37.332054
     ],
     [
      -121.899218,
      37.332084
     ],
     [
      -121.898036,
      37.332637
     ],
     [
      -121.897739,
      37.332779
     ],
     [
      -121.892593,
      37.335221
     ],
     [
      -121.892056,
      37.335465
     ],
     [
      -121.890585,
      37.336176
     ],
     [
      -121.889523,
      37.336681
     ],
     [
      -121.888465,
      37.337173
     ],
     [
      -121.887403,
      37.33767
     ],
     [
      -121.886325,
      37.338183
     ],
     [
      -121.88525,
      37.338696
     ],
     [
      -121.884193,
      37.339192
     ],
     [
      -121.883143,
      37.339689
     ],
     [
      -121.882087,
      37.340189
     ],
     [
      -121.879988,
      37.341193
     ],
     [
      -121.874059,
      37.344027
     ],
     [
      -121.874058,
      37.344024
     ],
     [
      -121.873617,
      37.344231
     ],
     [
      -121.873437,
      37.344316
     ],
     [
      -121.872536,
      37.344743
     ],
     [
      -121.872466,
      37.344776
     ],
     [
      -121.872119,
      37.344941
     ],
     [
      -121.871576,
      37.345199
     ],
     [
      -121.871427,
      37.345269
     ],
     [
      -121.871226,
      37.345365
     ],
     [
      -121.871036,
      37.345455
     ],
     [
      -121.870785,
      37.345573
     ],
     [
      -121.870709,
      37.345609
     ],
     [
      -121.870619,
      37.345652
     ],
     [
      -121.870543,
      37.345688
     ],
     [
      -121.870196,
      37.345853
     ],
     [
      -121.870054,
      37.34592
     ],
     [
      -121.869643,
      37.346115
     ],
     [
      -121.869532,
      37.346167
     ],
     [
      -121.869443,
      37.34621
     ],
     [
      -121.869329,
      37.346263
     ],
     [
      -121.868792,
      37.346518
     ],
     [
      -121.868687,
      37.346568
     ],
     [
      -121.868279,
      37.346761
     ],
     [
      -121.868142,
      37.346826
     ],
     [
      -121.867939,
      37.346921
     ],
     [
      -121.867825,
      37.346975
     ],
     [
      -121.867756,
      37.347007
     ],
     [
      -121.867683,
      37.347039
     ],
     [
      -121.867421,
      37.347164
     ],
     [
      -121.867325,
      37.347209
     ],
     [
      -121.867072,
      37.34733
     ],
     [
      -121.866844,
      37.347438
     ],
     [
      -121.866617,
      37.347546
     ],
     [
      -121.866474,
      37.347614
     ],
     [
      -121.866233,
      37.347729
     ],
     [
      -121.866122,
      37.347781
     ],
     [
      -121.865964,
      37.347853
     ],
     [
      -121.865887,
      37.347891
     ]
    ]
   }
  },
  {
   "type": "Feature",
   "properties": {
    "company": "Alum Rock Railway",
    "line": "Alum Rock Railway: San Jose – Alum Rock Park",
    "id": "arry-alum-rock-park",
    "color": "#A6582B",
    "mode": "streetcar",
    "avg_speed_kmh": 18,
    "speed_source": "ESTIMATE. No San Jose running time was found; a typical figure for a street-running city car line of this period.",
    "geometry_quality": "Traced 7.19 mi. Routed on the OSM road grid along East Santa Clara Street and Alum Rock Avenue from 26th Street to Kirk Avenue, Kirk Avenue, and Penitencia Creek Road up into Alum Rock Park. The 1.0 mi between the north end of Kirk Avenue and Penitencia Creek Road runs on Toyon Avenue and McKee Road, standing in for the narrow-gauge line's unrecorded alignment \"upstream along Penitencia Creek\" - that leg is APPROXIMATE (its course is a guess at where the railway left Kirk Avenue). The park terminus is placed at the east end of Penitencia Creek Road. Documented: 8 mi of track from 26th Street into the park (Wikipedia, Alum Rock Park); \"approximately seven miles northeast of the city\" (CPUC Decision 24622, 1932). No straight-line legs.",
    "segments": [
     {
      "start": 1896,
      "end": 1902,
      "headway_min": 30,
      "note": "Alum Rock Railway, narrow gauge, opened 1896 from 26th Street up Santa Clara Street and Alum Rock Avenue to Kirk Avenue and up Penitencia Creek into Alum Rock Park, worked by STEAM DUMMIES built to look like streetcars - mechanical power, so drawn (Rule 5 excludes only animal haulage). headway_min is an ESTIMATE - no San Jose streetcar timetable for these years was found. Mode streetcar, not interurban: the line ran from the city to a city-owned park, not between two communities (Rule 7).",
      "sources": [
       "Segment-level: route and steam-dummy operation from Wikipedia (Alum Rock Park, citing Brandt, Western Railroader 1958) and HMdb; opening 1896 from chicagorailfan.",
       "https://en.wikipedia.org/wiki/Alum_Rock_Park",
       "https://www.HMdb.org/m.asp?m=63778",
       "https://web.archive.org/web/20170510133810/http://www.chicagorailfan.com/sjchis.html",
       "https://web.archive.org/web/20160204195910/http://www.chicagorailfan.com/sjcdate.html"
      ]
     },
     {
      "start": 1902,
      "end": 1905,
      "headway_min": 30,
      "note": "Electrified - April 1902 per the HMdb marker and chicagorailfan (Wikipedia says 1901: CONFLICT recorded, 1902 used). A gasoline-engined power house stood near the Penitencia Creek Road park entrance. Merged in 1905 into the San Jose & Santa Clara County Railway. headway_min is an ESTIMATE - no San Jose streetcar timetable for these years was found.",
      "sources": [
       "Segment-level: electrification date from HMdb and chicagorailfan; 1905 merger from chicagorailfan.",
       "https://www.HMdb.org/m.asp?m=63778",
       "https://web.archive.org/web/20160204195910/http://www.chicagorailfan.com/sjcdate.html",
       "https://web.archive.org/web/20170510133810/http://www.chicagorailfan.com/sjchis.html",
       "https://en.wikipedia.org/wiki/Alum_Rock_Park"
      ]
     }
    ]
   },
   "geometry": {
    "type": "LineString",
    "coordinates": [
     [
      -121.865887,
      37.347891
     ],
     [
      -121.865835,
      37.347917
     ],
     [
      -121.865587,
      37.348038
     ],
     [
      -121.865231,
      37.348206
     ],
     [
      -121.864965,
      37.348332
     ],
     [
      -121.864615,
      37.348496
     ],
     [
      -121.864568,
      37.348518
     ],
     [
      -121.864445,
      37.348579
     ],
     [
      -121.864364,
      37.348618
     ],
     [
      -121.864239,
      37.348679
     ],
     [
      -121.864154,
      37.348721
     ],
     [
      -121.864082,
      37.348754
     ],
     [
      -121.863789,
      37.348889
     ],
     [
      -121.863704,
      37.348929
     ],
     [
      -121.863623,
      37.348966
     ],
     [
      -121.863446,
      37.349048
     ],
     [
      -121.863142,
      37.349199
     ],
     [
      -121.862917,
      37.34931
     ],
     [
      -121.862796,
      37.349405
     ],
     [
      -121.862477,
      37.349578
     ],
     [
      -121.862327,
      37.349661
     ],
     [
      -121.862062,
      37.34979
     ],
     [
      -121.862021,
      37.34981
     ],
     [
      -121.861656,
      37.349989
     ],
     [
      -121.861372,
      37.350119
     ],
     [
      -121.860909,
      37.350325
     ],
     [
      -121.860809,
      37.350369
     ],
     [
      -121.860606,
      37.350455
     ],
     [
      -121.860517,
      37.350497
     ],
     [
      -121.860253,
      37.350568
     ],
     [
      -121.859893,
      37.350739
     ],
     [
      -121.859772,
      37.350795
     ],
     [
      -121.859608,
      37.350871
     ],
     [
      -121.859578,
      37.350885
     ],
     [
      -121.85943,
      37.350954
     ],
     [
      -121.859224,
      37.35105
     ],
     [
      -121.859104,
      37.351106
     ],
     [
      -121.859042,
      37.351133
     ],
     [
      -121.858941,
      37.351142
     ],
     [
      -121.858657,
      37.351271
     ],
     [
      -121.85859,
      37.351301
     ],
     [
      -121.858131,
      37.351517
     ],
     [
      -121.858054,
      37.351551
     ],
     [
      -121.857796,
      37.351657
     ],
     [
      -121.857616,
      37.351736
     ],
     [
      -121.857516,
      37.351783
     ],
     [
      -121.857358,
      37.351858
     ],
     [
      -121.857254,
      37.35191
     ],
     [
      -121.857173,
      37.351951
     ],
     [
      -121.856859,
      37.352094
     ],
     [
      -121.856752,
      37.352147
     ],
     [
      -121.856281,
      37.352367
     ],
     [
      -121.856228,
      37.352392
     ],
     [
      -121.856149,
      37.35243
     ],
     [
      -121.855869,
      37.352561
     ],
     [
      -121.855649,
      37.352666
     ],
     [
      -121.855534,
      37.352721
     ],
     [
      -121.855436,
      37.352767
     ],
     [
      -121.855337,
      37.352815
     ],
     [
      -121.854949,
      37.352999
     ],
     [
      -121.854639,
      37.353146
     ],
     [
      -121.853893,
      37.353502
     ],
     [
      -121.853797,
      37.353546
     ],
     [
      -121.853741,
      37.353575
     ],
     [
      -121.853622,
      37.353634
     ],
     [
      -121.853243,
      37.353822
     ],
     [
      -121.852749,
      37.354058
     ],
     [
      -121.852223,
      37.35431
     ],
     [
      -121.851928,
      37.354455
     ],
     [
      -121.851862,
      37.354487
     ],
     [
      -121.851747,
      37.354538
     ],
     [
      -121.851648,
      37.354587
     ],
     [
      -121.850321,
      37.355214
     ],
     [
      -121.85023,
      37.355254
     ],
     [
      -121.850051,
      37.355336
     ],
     [
      -121.849973,
      37.355364
     ],
     [
      -121.849584,
      37.355543
     ],
     [
      -121.849278,
      37.355688
     ],
     [
      -121.849142,
      37.355756
     ],
     [
      -121.849043,
      37.355805
     ],
     [
      -121.848707,
      37.355967
     ],
     [
      -121.847299,
      37.356633
     ],
     [
      -121.846872,
      37.356836
     ],
     [
      -121.846782,
      37.35688
     ],
     [
      -121.846709,
      37.356916
     ],
     [
      -121.846526,
      37.357
     ],
     [
      -121.845206,
      37.357625
     ],
     [
      -121.845076,
      37.357682
     ],
     [
      -121.84498,
      37.357723
     ],
     [
      -121.844667,
      37.357861
     ],
     [
      -121.844315,
      37.358018
     ],
     [
      -121.844094,
      37.358123
     ],
     [
      -121.84405,
      37.358143
     ],
     [
      -121.84376,
      37.358282
     ],
     [
      -121.843581,
      37.35837
     ],
     [
      -121.843435,
      37.358444
     ],
     [
      -121.843285,
      37.358509
     ],
     [
      -121.842999,
      37.358648
     ],
     [
      -121.842888,
      37.358702
     ],
     [
      -121.842738,
      37.358775
     ],
     [
      -121.84241,
      37.358945
     ],
     [
      -121.842294,
      37.359004
     ],
     [
      -121.842077,
      37.359116
     ],
     [
      -121.84201,
      37.359146
     ],
     [
      -121.841529,
      37.359379
     ],
     [
      -121.840649,
      37.359797
     ],
     [
      -121.8405,
      37.35986
     ],
     [
      -121.839854,
      37.360164
     ],
     [
      -121.839601,
      37.360281
     ],
     [
      -121.839329,
      37.360398
     ],
     [
      -121.839022,
      37.360526
     ],
     [
      -121.838582,
      37.360731
     ],
     [
      -121.838288,
      37.360867
     ],
     [
      -121.83809,
      37.360959
     ],
     [
      -121.837976,
      37.361012
     ],
     [
      -121.837852,
      37.361073
     ],
     [
      -121.837554,
      37.361215
     ],
     [
      -121.837332,
      37.361319
     ],
     [
      -121.836741,
      37.3616
     ],
     [
      -121.836523,
      37.361707
     ],
     [
      -121.836281,
      37.361831
     ],
     [
      -121.836157,
      37.361891
     ],
     [
      -121.835507,
      37.362203
     ],
     [
      -121.835394,
      37.362259
     ],
     [
      -121.835303,
      37.362303
     ],
     [
      -121.835263,
      37.362322
     ],
     [
      -121.835153,
      37.362375
     ],
     [
      -121.835021,
      37.36244
     ],
     [
      -121.834822,
      37.36254
     ],
     [
      -121.834734,
      37.362584
     ],
     [
      -121.834642,
      37.362633
     ],
     [
      -121.834434,
      37.362744
     ],
     [
      -121.834203,
      37.362864
     ],
     [
      -121.834101,
      37.362916
     ],
     [
      -121.833856,
      37.36303
     ],
     [
      -121.833535,
      37.363179
     ],
     [
      -121.833307,
      37.363285
     ],
     [
      -121.833162,
      37.363352
     ],
     [
      -121.833143,
      37.363361
     ],
     [
      -121.832961,
      37.363446
     ],
     [
      -121.832853,
      37.363497
     ],
     [
      -121.832765,
      37.363602
     ],
     [
      -121.83264,
      37.363662
     ],
     [
      -121.832467,
      37.363744
     ],
     [
      -121.832195,
      37.363873
     ],
     [
      -121.831905,
      37.36401
     ],
     [
      -121.83181,
      37.364055
     ],
     [
      -121.831427,
      37.364236
     ],
     [
      -121.83125,
      37.36432
     ],
     [
      -121.831186,
      37.36435
     ],
     [
      -121.831048,
      37.364416
     ],
     [
      -121.830969,
      37.364453
     ],
     [
      -121.83093,
      37.364472
     ],
     [
      -121.830802,
      37.364532
     ],
     [
      -121.830655,
      37.364602
     ],
     [
      -121.830556,
      37.364649
     ],
     [
      -121.83048,
      37.364756
     ],
     [
      -121.830454,
      37.364768
     ],
     [
      -121.83,
      37.364981
     ],
     [
      -121.829802,
      37.365077
     ],
     [
      -121.829064,
      37.365433
     ],
     [
      -121.828834,
      37.365538
     ],
     [
      -121.828587,
      37.36565
     ],
     [
      -121.828495,
      37.365691
     ],
     [
      -121.828208,
      37.365824
     ],
     [
      -121.828062,
      37.365891
     ],
     [
      -121.82795,
      37.365946
     ],
     [
      -121.827893,
      37.36597
     ],
     [
      -121.827657,
      37.366092
     ],
     [
      -121.827429,
      37.366217
     ],
     [
      -121.827367,
      37.366265
     ],
     [
      -121.827271,
      37.366339
     ],
     [
      -121.827182,
      37.366395
     ],
     [
      -121.827048,
      37.366563
     ],
     [
      -121.826983,
      37.36666
     ],
     [
      -121.826812,
      37.366932
     ],
     [
      -121.826706,
      37.366976
     ],
     [
      -121.826509,
      37.367306
     ],
     [
      -121.826286,
      37.367675
     ],
     [
      -121.826047,
      37.368078
     ],
     [
      -121.825924,
      37.368285
     ],
     [
      -121.825639,
      37.36874
     ],
     [
      -121.825354,
      37.369197
     ],
     [
      -121.825219,
      37.369406
     ],
     [
      -121.824857,
      37.369988
     ],
     [
      -121.824776,
      37.370123
     ],
     [
      -121.824468,
      37.370612
     ],
     [
      -121.824433,
      37.370672
     ],
     [
      -121.824226,
      37.371006
     ],
     [
      -121.824176,
      37.371083
     ],
     [
      -121.824036,
      37.371316
     ],
     [
      -121.823865,
      37.371578
     ],
     [
      -121.823698,
      37.371845
     ],
     [
      -121.823424,
      37.372286
     ],
     [
      -121.822952,
      37.37304
     ],
     [
      -121.822551,
      37.373687
     ],
     [
      -121.822442,
      37.373852
     ],
     [
      -121.822299,
      37.374088
     ],
     [
      -121.822144,
      37.374331
     ],
     [
      -121.821864,
      37.37477
     ],
     [
      -121.821819,
      37.374841
     ],
     [
      -121.821693,
      37.375037
     ],
     [
      -121.82158,
      37.375213
     ],
     [
      -121.821568,
      37.375232
     ],
     [
      -121.821327,
      37.375576
     ],
     [
      -121.821282,
      37.375644
     ],
     [
      -121.821144,
      37.37588
     ],
     [
      -121.821315,
      37.375944
     ],
     [
      -121.821574,
      37.376042
     ],
     [
      -121.821695,
      37.376088
     ],
     [
      -121.82218,
      37.376271
     ],
     [
      -121.822211,
      37.376283
     ],
     [
      -121.82234,
      37.376332
     ],
     [
      -121.822824,
      37.376515
     ],
     [
      -121.823567,
      37.376808
     ],
     [
      -121.823708,
      37.376865
     ],
     [
      -121.82377,
      37.37689
     ],
     [
      -121.823954,
      37.376962
     ],
     [
      -121.824266,
      37.377088
     ],
     [
      -121.825042,
      37.377398
     ],
     [
      -121.825125,
      37.377439
     ],
     [
      -121.825228,
      37.377519
     ],
     [
      -121.825515,
      37.377789
     ],
     [
      -121.825734,
      37.377997
     ],
     [
      -121.825841,
      37.3781
     ],
     [
      -121.826386,
      37.378619
     ],
     [
      -121.826639,
      37.378857
     ],
     [
      -121.826834,
      37.379039
     ],
     [
      -121.827158,
      37.379344
     ],
     [
      -121.827476,
      37.37967
     ],
     [
      -121.827695,
      37.379879
     ],
     [
      -121.827757,
      37.379938
     ],
     [
      -121.827944,
      37.380118
     ],
     [
      -121.828044,
      37.380213
     ],
     [
      -121.827961,
      37.380271
     ],
     [
      -121.82779,
      37.380387
     ],
     [
      -121.827571,
      37.380536
     ],
     [
      -121.827359,
      37.380679
     ],
     [
      -121.827078,
      37.380848
     ],
     [
      -121.826925,
      37.380917
     ],
     [
      -121.826822,
      37.380954
     ],
     [
      -121.826743,
      37.380984
     ],
     [
      -121.826533,
      37.381039
     ],
     [
      -121.826335,
      37.381077
     ],
     [
      -121.826416,
      37.381194
     ],
     [
      -121.826646,
      37.381528
     ],
     [
      -121.826692,
      37.381596
     ],
     [
      -121.826749,
      37.381679
     ],
     [
      -121.826985,
      37.382022
     ],
     [
      -121.82721,
      37.38235
     ],
     [
      -121.827218,
      37.382362
     ],
     [
      -121.827508,
      37.382774
     ],
     [
      -121.827568,
      37.382861
     ],
     [
      -121.828038,
      37.383554
     ],
     [
      -121.828253,
      37.38385
     ],
     [
      -121.828295,
      37.383911
     ],
     [
      -121.82836,
      37.384016
     ],
     [
      -121.82973,
      37.385994
     ],
     [
      -121.830355,
      37.386918
     ],
     [
      -121.830613,
      37.387303
     ],
     [
      -121.830833,
      37.387619
     ],
     [
      -121.831518,
      37.388622
     ],
     [
      -121.832014,
      37.389346
     ],
     [
      -121.83246,
      37.389998
     ],
     [
      -121.832873,
      37.390601
     ],
     [
      -121.833032,
      37.39082
     ],
     [
      -121.833107,
      37.390936
     ],
     [
      -121.833174,
      37.391038
     ],
     [
      -121.833385,
      37.391335
     ],
     [
      -121.833639,
      37.391704
     ],
     [
      -121.833933,
      37.392128
     ],
     [
      -121.834085,
      37.392351
     ],
     [
      -121.834241,
      37.392598
     ],
     [
      -121.834024,
      37.392642
     ],
     [
      -121.833833,
      37.392691
     ],
     [
      -121.833403,
      37.392834
     ],
     [
      -121.833196,
      37.392958
     ],
     [
      -121.833108,
      37.393027
     ],
     [
      -121.832898,
      37.393214
     ],
     [
      -121.832757,
      37.393358
     ],
     [
      -121.832667,
      37.393451
     ],
     [
      -121.832472,
      37.39359
     ],
     [
      -121.832326,
      37.393656
     ],
     [
      -121.832173,
      37.393705
     ],
     [
      -121.832025,
      37.393738
     ],
     [
      -121.831882,
      37.393758
     ],
     [
      -121.831773,
      37.393768
     ],
     [
      -121.831664,
      37.393767
     ],
     [
      -121.831411,
      37.39374
     ],
     [
      -121.831036,
      37.393684
     ],
     [
      -121.830677,
      37.393655
     ],
     [
      -121.830427,
      37.393637
     ],
     [
      -121.830018,
      37.393767
     ],
     [
      -121.829532,
      37.393969
     ],
     [
      -121.829316,
      37.394103
     ],
     [
      -121.829256,
      37.394163
     ],
     [
      -121.829074,
      37.394345
     ],
     [
      -121.828659,
      37.39475
     ],
     [
      -121.828548,
      37.39485
     ],
     [
      -121.828481,
      37.39491
     ],
     [
      -121.828303,
      37.395043
     ],
     [
      -121.828093,
      37.395135
     ],
     [
      -121.827864,
      37.395152
     ],
     [
      -121.827816,
      37.395156
     ],
     [
      -121.8276,
      37.395145
     ],
     [
      -121.827384,
      37.395109
     ],
     [
      -121.826868,
      37.394943
     ],
     [
      -121.826769,
      37.394903
     ],
     [
      -121.826493,
      37.3948
     ],
     [
      -121.826203,
      37.394733
     ],
     [
      -121.825848,
      37.394741
     ],
     [
      -121.825745,
      37.394776
     ],
     [
      -121.825655,
      37.394833
     ],
     [
      -121.825615,
      37.394867
     ],
     [
      -121.82556,
      37.395084
     ],
     [
      -121.825566,
      37.395193
     ],
     [
      -121.82549,
      37.395223
     ],
     [
      -121.825368,
      37.395322
     ],
     [
      -121.82535,
      37.395348
     ],
     [
      -121.825336,
      37.395398
     ],
     [
      -121.825351,
      37.395468
     ],
     [
      -121.825706,
      37.39593
     ],
     [
      -121.825797,
      37.396055
     ],
     [
      -121.825954,
      37.39626
     ],
     [
      -121.826177,
      37.39654
     ],
     [
      -121.826213,
      37.396632
     ],
     [
      -121.82621,
      37.396736
     ],
     [
      -121.826145,
      37.396822
     ],
     [
      -121.826006,
      37.396932
     ],
     [
      -121.825885,
      37.39699
     ],
     [
      -121.825636,
      37.397051
     ],
     [
      -121.825361,
      37.397092
     ],
     [
      -121.825104,
      37.397092
     ],
     [
      -121.824881,
      37.397058
     ],
     [
      -121.824632,
      37.396976
     ],
     [
      -121.824417,
      37.396813
     ],
     [
      -121.824203,
      37.396622
     ],
     [
      -121.82404,
      37.396417
     ],
     [
      -121.823799,
      37.396169
     ],
     [
      -121.823684,
      37.396087
     ],
     [
      -121.823603,
      37.396029
     ],
     [
      -121.823275,
      37.39588
     ],
     [
      -121.822296,
      37.39548
     ],
     [
      -121.821885,
      37.395313
     ],
     [
      -121.821612,
      37.395212
     ],
     [
      -121.821428,
      37.395205
     ],
     [
      -121.821212,
      37.395218
     ],
     [
      -121.821069,
      37.395161
     ],
     [
      -121.820915,
      37.394958
     ],
     [
      -121.820684,
      37.394624
     ],
     [
      -121.820538,
      37.394515
     ],
     [
      -121.820349,
      37.394412
     ],
     [
      -121.820177,
      37.394371
     ],
     [
      -121.820023,
      37.394392
     ],
     [
      -121.819894,
      37.39444
     ],
     [
      -121.819791,
      37.394562
     ],
     [
      -121.819739,
      37.394712
     ],
     [
      -121.819654,
      37.394781
     ],
     [
      -121.819508,
      37.394815
     ],
     [
      -121.819353,
      37.394815
     ],
     [
      -121.819216,
      37.39474
     ],
     [
      -121.819096,
      37.394651
     ],
     [
      -121.818993,
      37.394528
     ],
     [
      -121.818838,
      37.39429
     ],
     [
      -121.81871,
      37.394119
     ],
     [
      -121.818598,
      37.393997
     ],
     [
      -121.818435,
      37.393887
     ],
     [
      -121.81828,
      37.393785
     ],
     [
      -121.818083,
      37.393737
     ],
     [
      -121.817791,
      37.393744
     ],
     [
      -121.816401,
      37.393778
     ],
     [
      -121.816059,
      37.393779
     ],
     [
      -121.815869,
      37.393782
     ],
     [
      -121.815503,
      37.393759
     ],
     [
      -121.815043,
      37.393759
     ],
     [
      -121.814723,
      37.393783
     ],
     [
      -121.814458,
      37.393833
     ],
     [
      -121.814275,
      37.393867
     ],
     [
      -121.813894,
      37.393992
     ],
     [
      -121.813531,
      37.39415
     ],
     [
      -121.813406,
      37.394222
     ],
     [
      -121.813072,
      37.394353
     ],
     [
      -121.813011,
      37.394377
     ],
     [
      -121.812761,
      37.394412
     ],
     [
      -121.812478,
      37.39446
     ],
     [
      -121.81203,
      37.39443
     ],
     [
      -121.811793,
      37.394393
     ],
     [
      -121.811586,
      37.394365
     ],
     [
      -121.811359,
      37.394558
     ],
     [
      -121.811041,
      37.394698
     ],
     [
      -121.810684,
      37.39491
     ],
     [
      -121.810427,
      37.395047
     ],
     [
      -121.810195,
      37.39521
     ],
     [
      -121.810058,
      37.395374
     ],
     [
      -121.809835,
      37.395865
     ],
     [
      -121.80976,
      37.396177
     ],
     [
      -121.809654,
      37.396451
     ],
     [
      -121.80932,
      37.396765
     ],
     [
      -121.809165,
      37.396983
     ],
     [
      -121.809036,
      37.397085
     ],
     [
      -121.808891,
      37.397167
     ],
     [
      -121.808693,
      37.397229
     ],
     [
      -121.808453,
      37.397256
     ],
     [
      -121.807663,
      37.397174
     ],
     [
      -121.807054,
      37.397194
     ],
     [
      -121.806393,
      37.397133
     ],
     [
      -121.805517,
      37.396881
     ],
     [
      -121.804951,
      37.396744
     ],
     [
      -121.804479,
      37.396642
     ],
     [
      -121.804331,
      37.396653
     ],
     [
      -121.804187,
      37.396663
     ],
     [
      -121.803741,
      37.396724
     ],
     [
      -121.803372,
      37.396792
     ],
     [
      -121.802857,
      37.396792
     ],
     [
      -121.802359,
      37.396779
     ],
     [
      -121.802317,
      37.396773
     ],
     [
      -121.80187,
      37.39671
     ],
     [
      -121.801509,
      37.396731
     ],
     [
      -121.800844,
      37.396843
     ],
     [
      -121.800552,
      37.396873
     ],
     [
      -121.799839,
      37.39698
     ],
     [
      -121.799667,
      37.396993
     ],
     [
      -121.798872,
      37.396987
     ]
    ]
   }
  },
  {
   "type": "Feature",
   "properties": {
    "company": "San Jose and Santa Clara Railway",
    "line": "San Jose and Santa Clara Railway: Alum Rock Park",
    "id": "sjsc-alum-rock-park",
    "color": "#E0A458",
    "mode": "streetcar",
    "avg_speed_kmh": 18,
    "speed_source": "ESTIMATE. No San Jose running time was found; a typical figure for a street-running city car line of this period.",
    "geometry_quality": "Traced 7.19 mi. Routed on the OSM road grid along East Santa Clara Street and Alum Rock Avenue from 26th Street to Kirk Avenue, Kirk Avenue, and Penitencia Creek Road up into Alum Rock Park. The 1.0 mi between the north end of Kirk Avenue and Penitencia Creek Road runs on Toyon Avenue and McKee Road, standing in for the narrow-gauge line's unrecorded alignment \"upstream along Penitencia Creek\" - that leg is APPROXIMATE (its course is a guess at where the railway left Kirk Avenue). The park terminus is placed at the east end of Penitencia Creek Road. Documented: 8 mi of track from 26th Street into the park (Wikipedia, Alum Rock Park); \"approximately seven miles northeast of the city\" (CPUC Decision 24622, 1932). No straight-line legs.",
    "segments": [
     {
      "start": 1905,
      "end": 1911,
      "headway_min": 30,
      "note": "Operated by the San Jose & Santa Clara County Railway after it took over the Alum Rock Railway in 1905, until a storm in the winter of 1911 washed out the narrow-gauge line up Penitencia Creek. Park service was not restored on this alignment; from 1913 the park was reached over a new standard-gauge Peninsular Railway line (see sjrr-alum-rock-park-king-road). headway_min is an ESTIMATE - no San Jose streetcar timetable for these years was found. Mode streetcar, not interurban: the line ran from the city to a city-owned park, not between two communities (Rule 7).",
      "sources": [
       "Segment-level: 1905 takeover from chicagorailfan and Wikipedia; the 1911 washout from Wikipedia (Alum Rock Park). The exact month of the washout and whether any service ran past Linda Vista in early 1911 are not known.",
       "https://web.archive.org/web/20170510133810/http://www.chicagorailfan.com/sjchis.html",
       "https://en.wikipedia.org/wiki/Alum_Rock_Park"
      ]
     }
    ]
   },
   "geometry": {
    "type": "LineString",
    "coordinates": [
     [
      -121.865887,
      37.347891
     ],
     [
      -121.865835,
      37.347917
     ],
     [
      -121.865587,
      37.348038
     ],
     [
      -121.865231,
      37.348206
     ],
     [
      -121.864965,
      37.348332
     ],
     [
      -121.864615,
      37.348496
     ],
     [
      -121.864568,
      37.348518
     ],
     [
      -121.864445,
      37.348579
     ],
     [
      -121.864364,
      37.348618
     ],
     [
      -121.864239,
      37.348679
     ],
     [
      -121.864154,
      37.348721
     ],
     [
      -121.864082,
      37.348754
     ],
     [
      -121.863789,
      37.348889
     ],
     [
      -121.863704,
      37.348929
     ],
     [
      -121.863623,
      37.348966
     ],
     [
      -121.863446,
      37.349048
     ],
     [
      -121.863142,
      37.349199
     ],
     [
      -121.862917,
      37.34931
     ],
     [
      -121.862796,
      37.349405
     ],
     [
      -121.862477,
      37.349578
     ],
     [
      -121.862327,
      37.349661
     ],
     [
      -121.862062,
      37.34979
     ],
     [
      -121.862021,
      37.34981
     ],
     [
      -121.861656,
      37.349989
     ],
     [
      -121.861372,
      37.350119
     ],
     [
      -121.860909,
      37.350325
     ],
     [
      -121.860809,
      37.350369
     ],
     [
      -121.860606,
      37.350455
     ],
     [
      -121.860517,
      37.350497
     ],
     [
      -121.860253,
      37.350568
     ],
     [
      -121.859893,
      37.350739
     ],
     [
      -121.859772,
      37.350795
     ],
     [
      -121.859608,
      37.350871
     ],
     [
      -121.859578,
      37.350885
     ],
     [
      -121.85943,
      37.350954
     ],
     [
      -121.859224,
      37.35105
     ],
     [
      -121.859104,
      37.351106
     ],
     [
      -121.859042,
      37.351133
     ],
     [
      -121.858941,
      37.351142
     ],
     [
      -121.858657,
      37.351271
     ],
     [
      -121.85859,
      37.351301
     ],
     [
      -121.858131,
      37.351517
     ],
     [
      -121.858054,
      37.351551
     ],
     [
      -121.857796,
      37.351657
     ],
     [
      -121.857616,
      37.351736
     ],
     [
      -121.857516,
      37.351783
     ],
     [
      -121.857358,
      37.351858
     ],
     [
      -121.857254,
      37.35191
     ],
     [
      -121.857173,
      37.351951
     ],
     [
      -121.856859,
      37.352094
     ],
     [
      -121.856752,
      37.352147
     ],
     [
      -121.856281,
      37.352367
     ],
     [
      -121.856228,
      37.352392
     ],
     [
      -121.856149,
      37.35243
     ],
     [
      -121.855869,
      37.352561
     ],
     [
      -121.855649,
      37.352666
     ],
     [
      -121.855534,
      37.352721
     ],
     [
      -121.855436,
      37.352767
     ],
     [
      -121.855337,
      37.352815
     ],
     [
      -121.854949,
      37.352999
     ],
     [
      -121.854639,
      37.353146
     ],
     [
      -121.853893,
      37.353502
     ],
     [
      -121.853797,
      37.353546
     ],
     [
      -121.853741,
      37.353575
     ],
     [
      -121.853622,
      37.353634
     ],
     [
      -121.853243,
      37.353822
     ],
     [
      -121.852749,
      37.354058
     ],
     [
      -121.852223,
      37.35431
     ],
     [
      -121.851928,
      37.354455
     ],
     [
      -121.851862,
      37.354487
     ],
     [
      -121.851747,
      37.354538
     ],
     [
      -121.851648,
      37.354587
     ],
     [
      -121.850321,
      37.355214
     ],
     [
      -121.85023,
      37.355254
     ],
     [
      -121.850051,
      37.355336
     ],
     [
      -121.849973,
      37.355364
     ],
     [
      -121.849584,
      37.355543
     ],
     [
      -121.849278,
      37.355688
     ],
     [
      -121.849142,
      37.355756
     ],
     [
      -121.849043,
      37.355805
     ],
     [
      -121.848707,
      37.355967
     ],
     [
      -121.847299,
      37.356633
     ],
     [
      -121.846872,
      37.356836
     ],
     [
      -121.846782,
      37.35688
     ],
     [
      -121.846709,
      37.356916
     ],
     [
      -121.846526,
      37.357
     ],
     [
      -121.845206,
      37.357625
     ],
     [
      -121.845076,
      37.357682
     ],
     [
      -121.84498,
      37.357723
     ],
     [
      -121.844667,
      37.357861
     ],
     [
      -121.844315,
      37.358018
     ],
     [
      -121.844094,
      37.358123
     ],
     [
      -121.84405,
      37.358143
     ],
     [
      -121.84376,
      37.358282
     ],
     [
      -121.843581,
      37.35837
     ],
     [
      -121.843435,
      37.358444
     ],
     [
      -121.843285,
      37.358509
     ],
     [
      -121.842999,
      37.358648
     ],
     [
      -121.842888,
      37.358702
     ],
     [
      -121.842738,
      37.358775
     ],
     [
      -121.84241,
      37.358945
     ],
     [
      -121.842294,
      37.359004
     ],
     [
      -121.842077,
      37.359116
     ],
     [
      -121.84201,
      37.359146
     ],
     [
      -121.841529,
      37.359379
     ],
     [
      -121.840649,
      37.359797
     ],
     [
      -121.8405,
      37.35986
     ],
     [
      -121.839854,
      37.360164
     ],
     [
      -121.839601,
      37.360281
     ],
     [
      -121.839329,
      37.360398
     ],
     [
      -121.839022,
      37.360526
     ],
     [
      -121.838582,
      37.360731
     ],
     [
      -121.838288,
      37.360867
     ],
     [
      -121.83809,
      37.360959
     ],
     [
      -121.837976,
      37.361012
     ],
     [
      -121.837852,
      37.361073
     ],
     [
      -121.837554,
      37.361215
     ],
     [
      -121.837332,
      37.361319
     ],
     [
      -121.836741,
      37.3616
     ],
     [
      -121.836523,
      37.361707
     ],
     [
      -121.836281,
      37.361831
     ],
     [
      -121.836157,
      37.361891
     ],
     [
      -121.835507,
      37.362203
     ],
     [
      -121.835394,
      37.362259
     ],
     [
      -121.835303,
      37.362303
     ],
     [
      -121.835263,
      37.362322
     ],
     [
      -121.835153,
      37.362375
     ],
     [
      -121.835021,
      37.36244
     ],
     [
      -121.834822,
      37.36254
     ],
     [
      -121.834734,
      37.362584
     ],
     [
      -121.834642,
      37.362633
     ],
     [
      -121.834434,
      37.362744
     ],
     [
      -121.834203,
      37.362864
     ],
     [
      -121.834101,
      37.362916
     ],
     [
      -121.833856,
      37.36303
     ],
     [
      -121.833535,
      37.363179
     ],
     [
      -121.833307,
      37.363285
     ],
     [
      -121.833162,
      37.363352
     ],
     [
      -121.833143,
      37.363361
     ],
     [
      -121.832961,
      37.363446
     ],
     [
      -121.832853,
      37.363497
     ],
     [
      -121.832765,
      37.363602
     ],
     [
      -121.83264,
      37.363662
     ],
     [
      -121.832467,
      37.363744
     ],
     [
      -121.832195,
      37.363873
     ],
     [
      -121.831905,
      37.36401
     ],
     [
      -121.83181,
      37.364055
     ],
     [
      -121.831427,
      37.364236
     ],
     [
      -121.83125,
      37.36432
     ],
     [
      -121.831186,
      37.36435
     ],
     [
      -121.831048,
      37.364416
     ],
     [
      -121.830969,
      37.364453
     ],
     [
      -121.83093,
      37.364472
     ],
     [
      -121.830802,
      37.364532
     ],
     [
      -121.830655,
      37.364602
     ],
     [
      -121.830556,
      37.364649
     ],
     [
      -121.83048,
      37.364756
     ],
     [
      -121.830454,
      37.364768
     ],
     [
      -121.83,
      37.364981
     ],
     [
      -121.829802,
      37.365077
     ],
     [
      -121.829064,
      37.365433
     ],
     [
      -121.828834,
      37.365538
     ],
     [
      -121.828587,
      37.36565
     ],
     [
      -121.828495,
      37.365691
     ],
     [
      -121.828208,
      37.365824
     ],
     [
      -121.828062,
      37.365891
     ],
     [
      -121.82795,
      37.365946
     ],
     [
      -121.827893,
      37.36597
     ],
     [
      -121.827657,
      37.366092
     ],
     [
      -121.827429,
      37.366217
     ],
     [
      -121.827367,
      37.366265
     ],
     [
      -121.827271,
      37.366339
     ],
     [
      -121.827182,
      37.366395
     ],
     [
      -121.827048,
      37.366563
     ],
     [
      -121.826983,
      37.36666
     ],
     [
      -121.826812,
      37.366932
     ],
     [
      -121.826706,
      37.366976
     ],
     [
      -121.826509,
      37.367306
     ],
     [
      -121.826286,
      37.367675
     ],
     [
      -121.826047,
      37.368078
     ],
     [
      -121.825924,
      37.368285
     ],
     [
      -121.825639,
      37.36874
     ],
     [
      -121.825354,
      37.369197
     ],
     [
      -121.825219,
      37.369406
     ],
     [
      -121.824857,
      37.369988
     ],
     [
      -121.824776,
      37.370123
     ],
     [
      -121.824468,
      37.370612
     ],
     [
      -121.824433,
      37.370672
     ],
     [
      -121.824226,
      37.371006
     ],
     [
      -121.824176,
      37.371083
     ],
     [
      -121.824036,
      37.371316
     ],
     [
      -121.823865,
      37.371578
     ],
     [
      -121.823698,
      37.371845
     ],
     [
      -121.823424,
      37.372286
     ],
     [
      -121.822952,
      37.37304
     ],
     [
      -121.822551,
      37.373687
     ],
     [
      -121.822442,
      37.373852
     ],
     [
      -121.822299,
      37.374088
     ],
     [
      -121.822144,
      37.374331
     ],
     [
      -121.821864,
      37.37477
     ],
     [
      -121.821819,
      37.374841
     ],
     [
      -121.821693,
      37.375037
     ],
     [
      -121.82158,
      37.375213
     ],
     [
      -121.821568,
      37.375232
     ],
     [
      -121.821327,
      37.375576
     ],
     [
      -121.821282,
      37.375644
     ],
     [
      -121.821144,
      37.37588
     ],
     [
      -121.821315,
      37.375944
     ],
     [
      -121.821574,
      37.376042
     ],
     [
      -121.821695,
      37.376088
     ],
     [
      -121.82218,
      37.376271
     ],
     [
      -121.822211,
      37.376283
     ],
     [
      -121.82234,
      37.376332
     ],
     [
      -121.822824,
      37.376515
     ],
     [
      -121.823567,
      37.376808
     ],
     [
      -121.823708,
      37.376865
     ],
     [
      -121.82377,
      37.37689
     ],
     [
      -121.823954,
      37.376962
     ],
     [
      -121.824266,
      37.377088
     ],
     [
      -121.825042,
      37.377398
     ],
     [
      -121.825125,
      37.377439
     ],
     [
      -121.825228,
      37.377519
     ],
     [
      -121.825515,
      37.377789
     ],
     [
      -121.825734,
      37.377997
     ],
     [
      -121.825841,
      37.3781
     ],
     [
      -121.826386,
      37.378619
     ],
     [
      -121.826639,
      37.378857
     ],
     [
      -121.826834,
      37.379039
     ],
     [
      -121.827158,
      37.379344
     ],
     [
      -121.827476,
      37.37967
     ],
     [
      -121.827695,
      37.379879
     ],
     [
      -121.827757,
      37.379938
     ],
     [
      -121.827944,
      37.380118
     ],
     [
      -121.828044,
      37.380213
     ],
     [
      -121.827961,
      37.380271
     ],
     [
      -121.82779,
      37.380387
     ],
     [
      -121.827571,
      37.380536
     ],
     [
      -121.827359,
      37.380679
     ],
     [
      -121.827078,
      37.380848
     ],
     [
      -121.826925,
      37.380917
     ],
     [
      -121.826822,
      37.380954
     ],
     [
      -121.826743,
      37.380984
     ],
     [
      -121.826533,
      37.381039
     ],
     [
      -121.826335,
      37.381077
     ],
     [
      -121.826416,
      37.381194
     ],
     [
      -121.826646,
      37.381528
     ],
     [
      -121.826692,
      37.381596
     ],
     [
      -121.826749,
      37.381679
     ],
     [
      -121.826985,
      37.382022
     ],
     [
      -121.82721,
      37.38235
     ],
     [
      -121.827218,
      37.382362
     ],
     [
      -121.827508,
      37.382774
     ],
     [
      -121.827568,
      37.382861
     ],
     [
      -121.828038,
      37.383554
     ],
     [
      -121.828253,
      37.38385
     ],
     [
      -121.828295,
      37.383911
     ],
     [
      -121.82836,
      37.384016
     ],
     [
      -121.82973,
      37.385994
     ],
     [
      -121.830355,
      37.386918
     ],
     [
      -121.830613,
      37.387303
     ],
     [
      -121.830833,
      37.387619
     ],
     [
      -121.831518,
      37.388622
     ],
     [
      -121.832014,
      37.389346
     ],
     [
      -121.83246,
      37.389998
     ],
     [
      -121.832873,
      37.390601
     ],
     [
      -121.833032,
      37.39082
     ],
     [
      -121.833107,
      37.390936
     ],
     [
      -121.833174,
      37.391038
     ],
     [
      -121.833385,
      37.391335
     ],
     [
      -121.833639,
      37.391704
     ],
     [
      -121.833933,
      37.392128
     ],
     [
      -121.834085,
      37.392351
     ],
     [
      -121.834241,
      37.392598
     ],
     [
      -121.834024,
      37.392642
     ],
     [
      -121.833833,
      37.392691
     ],
     [
      -121.833403,
      37.392834
     ],
     [
      -121.833196,
      37.392958
     ],
     [
      -121.833108,
      37.393027
     ],
     [
      -121.832898,
      37.393214
     ],
     [
      -121.832757,
      37.393358
     ],
     [
      -121.832667,
      37.393451
     ],
     [
      -121.832472,
      37.39359
     ],
     [
      -121.832326,
      37.393656
     ],
     [
      -121.832173,
      37.393705
     ],
     [
      -121.832025,
      37.393738
     ],
     [
      -121.831882,
      37.393758
     ],
     [
      -121.831773,
      37.393768
     ],
     [
      -121.831664,
      37.393767
     ],
     [
      -121.831411,
      37.39374
     ],
     [
      -121.831036,
      37.393684
     ],
     [
      -121.830677,
      37.393655
     ],
     [
      -121.830427,
      37.393637
     ],
     [
      -121.830018,
      37.393767
     ],
     [
      -121.829532,
      37.393969
     ],
     [
      -121.829316,
      37.394103
     ],
     [
      -121.829256,
      37.394163
     ],
     [
      -121.829074,
      37.394345
     ],
     [
      -121.828659,
      37.39475
     ],
     [
      -121.828548,
      37.39485
     ],
     [
      -121.828481,
      37.39491
     ],
     [
      -121.828303,
      37.395043
     ],
     [
      -121.828093,
      37.395135
     ],
     [
      -121.827864,
      37.395152
     ],
     [
      -121.827816,
      37.395156
     ],
     [
      -121.8276,
      37.395145
     ],
     [
      -121.827384,
      37.395109
     ],
     [
      -121.826868,
      37.394943
     ],
     [
      -121.826769,
      37.394903
     ],
     [
      -121.826493,
      37.3948
     ],
     [
      -121.826203,
      37.394733
     ],
     [
      -121.825848,
      37.394741
     ],
     [
      -121.825745,
      37.394776
     ],
     [
      -121.825655,
      37.394833
     ],
     [
      -121.825615,
      37.394867
     ],
     [
      -121.82556,
      37.395084
     ],
     [
      -121.825566,
      37.395193
     ],
     [
      -121.82549,
      37.395223
     ],
     [
      -121.825368,
      37.395322
     ],
     [
      -121.82535,
      37.395348
     ],
     [
      -121.825336,
      37.395398
     ],
     [
      -121.825351,
      37.395468
     ],
     [
      -121.825706,
      37.39593
     ],
     [
      -121.825797,
      37.396055
     ],
     [
      -121.825954,
      37.39626
     ],
     [
      -121.826177,
      37.39654
     ],
     [
      -121.826213,
      37.396632
     ],
     [
      -121.82621,
      37.396736
     ],
     [
      -121.826145,
      37.396822
     ],
     [
      -121.826006,
      37.396932
     ],
     [
      -121.825885,
      37.39699
     ],
     [
      -121.825636,
      37.397051
     ],
     [
      -121.825361,
      37.397092
     ],
     [
      -121.825104,
      37.397092
     ],
     [
      -121.824881,
      37.397058
     ],
     [
      -121.824632,
      37.396976
     ],
     [
      -121.824417,
      37.396813
     ],
     [
      -121.824203,
      37.396622
     ],
     [
      -121.82404,
      37.396417
     ],
     [
      -121.823799,
      37.396169
     ],
     [
      -121.823684,
      37.396087
     ],
     [
      -121.823603,
      37.396029
     ],
     [
      -121.823275,
      37.39588
     ],
     [
      -121.822296,
      37.39548
     ],
     [
      -121.821885,
      37.395313
     ],
     [
      -121.821612,
      37.395212
     ],
     [
      -121.821428,
      37.395205
     ],
     [
      -121.821212,
      37.395218
     ],
     [
      -121.821069,
      37.395161
     ],
     [
      -121.820915,
      37.394958
     ],
     [
      -121.820684,
      37.394624
     ],
     [
      -121.820538,
      37.394515
     ],
     [
      -121.820349,
      37.394412
     ],
     [
      -121.820177,
      37.394371
     ],
     [
      -121.820023,
      37.394392
     ],
     [
      -121.819894,
      37.39444
     ],
     [
      -121.819791,
      37.394562
     ],
     [
      -121.819739,
      37.394712
     ],
     [
      -121.819654,
      37.394781
     ],
     [
      -121.819508,
      37.394815
     ],
     [
      -121.819353,
      37.394815
     ],
     [
      -121.819216,
      37.39474
     ],
     [
      -121.819096,
      37.394651
     ],
     [
      -121.818993,
      37.394528
     ],
     [
      -121.818838,
      37.39429
     ],
     [
      -121.81871,
      37.394119
     ],
     [
      -121.818598,
      37.393997
     ],
     [
      -121.818435,
      37.393887
     ],
     [
      -121.81828,
      37.393785
     ],
     [
      -121.818083,
      37.393737
     ],
     [
      -121.817791,
      37.393744
     ],
     [
      -121.816401,
      37.393778
     ],
     [
      -121.816059,
      37.393779
     ],
     [
      -121.815869,
      37.393782
     ],
     [
      -121.815503,
      37.393759
     ],
     [
      -121.815043,
      37.393759
     ],
     [
      -121.814723,
      37.393783
     ],
     [
      -121.814458,
      37.393833
     ],
     [
      -121.814275,
      37.393867
     ],
     [
      -121.813894,
      37.393992
     ],
     [
      -121.813531,
      37.39415
     ],
     [
      -121.813406,
      37.394222
     ],
     [
      -121.813072,
      37.394353
     ],
     [
      -121.813011,
      37.394377
     ],
     [
      -121.812761,
      37.394412
     ],
     [
      -121.812478,
      37.39446
     ],
     [
      -121.81203,
      37.39443
     ],
     [
      -121.811793,
      37.394393
     ],
     [
      -121.811586,
      37.394365
     ],
     [
      -121.811359,
      37.394558
     ],
     [
      -121.811041,
      37.394698
     ],
     [
      -121.810684,
      37.39491
     ],
     [
      -121.810427,
      37.395047
     ],
     [
      -121.810195,
      37.39521
     ],
     [
      -121.810058,
      37.395374
     ],
     [
      -121.809835,
      37.395865
     ],
     [
      -121.80976,
      37.396177
     ],
     [
      -121.809654,
      37.396451
     ],
     [
      -121.80932,
      37.396765
     ],
     [
      -121.809165,
      37.396983
     ],
     [
      -121.809036,
      37.397085
     ],
     [
      -121.808891,
      37.397167
     ],
     [
      -121.808693,
      37.397229
     ],
     [
      -121.808453,
      37.397256
     ],
     [
      -121.807663,
      37.397174
     ],
     [
      -121.807054,
      37.397194
     ],
     [
      -121.806393,
      37.397133
     ],
     [
      -121.805517,
      37.396881
     ],
     [
      -121.804951,
      37.396744
     ],
     [
      -121.804479,
      37.396642
     ],
     [
      -121.804331,
      37.396653
     ],
     [
      -121.804187,
      37.396663
     ],
     [
      -121.803741,
      37.396724
     ],
     [
      -121.803372,
      37.396792
     ],
     [
      -121.802857,
      37.396792
     ],
     [
      -121.802359,
      37.396779
     ],
     [
      -121.802317,
      37.396773
     ],
     [
      -121.80187,
      37.39671
     ],
     [
      -121.801509,
      37.396731
     ],
     [
      -121.800844,
      37.396843
     ],
     [
      -121.800552,
      37.396873
     ],
     [
      -121.799839,
      37.39698
     ],
     [
      -121.799667,
      37.396993
     ],
     [
      -121.798872,
      37.396987
     ]
    ]
   }
  },
  {
   "type": "Feature",
   "properties": {
    "company": "San Jose and Santa Clara Railway",
    "line": "San Jose and Santa Clara Railway: Linda Vista",
    "id": "sjsc-linda-vista",
    "color": "#E0A458",
    "mode": "streetcar",
    "avg_speed_kmh": 16,
    "speed_source": "ESTIMATE. No San Jose running time was found; a typical figure for a street-running city car line of this period.",
    "geometry_quality": "Traced 3.20 mi. Routed on the OSM road grid along East Santa Clara Street and Alum Rock Avenue from 26th Street to Fleming Avenue (Linda Vista station), with no off-street running. Fleming Avenue and Kirk Avenue meet Alum Rock Avenue at the same point, which is where the original park line turned off. Documented: King Road \"2.5 miles west of Linda Vista station\" (CPUC Decision 28097, 1935); traced King Road - Fleming Avenue is 2.5 mi. No straight-line legs.",
    "segments": [
     {
      "start": 1911,
      "end": 1912,
      "headway_min": 30,
      "note": "After the 1911 washout the Alum Rock Avenue line was worked only as far as Linda Vista (Fleming Avenue), until the 1912 merger into San Jose Railroads. headway_min is an ESTIMATE - no San Jose streetcar timetable for these years was found.",
      "sources": [
       "NOT SOURCED AT SEGMENT LEVEL: the cut-back to Linda Vista after the washout is inferred from the 1911 washout (Wikipedia, Alum Rock Park) and the Linda Vista terminus documented in 1935; no source names the 1911 terminus.",
       "https://en.wikipedia.org/wiki/Alum_Rock_Park",
       "https://files.cpuc.ca.gov/LegacyCPUCDecisionsAndResolutions/Decisions/Decisions_D25901_to_D40599/D28097_19350708_A20003.pdf"
      ]
     }
    ]
   },
   "geometry": {
    "type": "LineString",
    "coordinates": [
     [
      -121.865887,
      37.347891
     ],
     [
      -121.865835,
      37.347917
     ],
     [
      -121.865587,
      37.348038
     ],
     [
      -121.865231,
      37.348206
     ],
     [
      -121.864965,
      37.348332
     ],
     [
      -121.864615,
      37.348496
     ],
     [
      -121.864568,
      37.348518
     ],
     [
      -121.864445,
      37.348579
     ],
     [
      -121.864364,
      37.348618
     ],
     [
      -121.864239,
      37.348679
     ],
     [
      -121.864154,
      37.348721
     ],
     [
      -121.864082,
      37.348754
     ],
     [
      -121.863789,
      37.348889
     ],
     [
      -121.863704,
      37.348929
     ],
     [
      -121.863623,
      37.348966
     ],
     [
      -121.863446,
      37.349048
     ],
     [
      -121.863142,
      37.349199
     ],
     [
      -121.862917,
      37.34931
     ],
     [
      -121.862796,
      37.349405
     ],
     [
      -121.862477,
      37.349578
     ],
     [
      -121.862327,
      37.349661
     ],
     [
      -121.862062,
      37.34979
     ],
     [
      -121.862021,
      37.34981
     ],
     [
      -121.861656,
      37.349989
     ],
     [
      -121.861372,
      37.350119
     ],
     [
      -121.860909,
      37.350325
     ],
     [
      -121.860809,
      37.350369
     ],
     [
      -121.860606,
      37.350455
     ],
     [
      -121.860517,
      37.350497
     ],
     [
      -121.860253,
      37.350568
     ],
     [
      -121.859893,
      37.350739
     ],
     [
      -121.859772,
      37.350795
     ],
     [
      -121.859608,
      37.350871
     ],
     [
      -121.859578,
      37.350885
     ],
     [
      -121.85943,
      37.350954
     ],
     [
      -121.859224,
      37.35105
     ],
     [
      -121.859104,
      37.351106
     ],
     [
      -121.859042,
      37.351133
     ],
     [
      -121.858941,
      37.351142
     ],
     [
      -121.858657,
      37.351271
     ],
     [
      -121.85859,
      37.351301
     ],
     [
      -121.858131,
      37.351517
     ],
     [
      -121.858054,
      37.351551
     ],
     [
      -121.857796,
      37.351657
     ],
     [
      -121.857616,
      37.351736
     ],
     [
      -121.857516,
      37.351783
     ],
     [
      -121.857358,
      37.351858
     ],
     [
      -121.857254,
      37.35191
     ],
     [
      -121.857173,
      37.351951
     ],
     [
      -121.856859,
      37.352094
     ],
     [
      -121.856752,
      37.352147
     ],
     [
      -121.856281,
      37.352367
     ],
     [
      -121.856228,
      37.352392
     ],
     [
      -121.856149,
      37.35243
     ],
     [
      -121.855869,
      37.352561
     ],
     [
      -121.855649,
      37.352666
     ],
     [
      -121.855534,
      37.352721
     ],
     [
      -121.855436,
      37.352767
     ],
     [
      -121.855337,
      37.352815
     ],
     [
      -121.854949,
      37.352999
     ],
     [
      -121.854639,
      37.353146
     ],
     [
      -121.853893,
      37.353502
     ],
     [
      -121.853797,
      37.353546
     ],
     [
      -121.853741,
      37.353575
     ],
     [
      -121.853622,
      37.353634
     ],
     [
      -121.853243,
      37.353822
     ],
     [
      -121.852749,
      37.354058
     ],
     [
      -121.852223,
      37.35431
     ],
     [
      -121.851928,
      37.354455
     ],
     [
      -121.851862,
      37.354487
     ],
     [
      -121.851747,
      37.354538
     ],
     [
      -121.851648,
      37.354587
     ],
     [
      -121.850321,
      37.355214
     ],
     [
      -121.85023,
      37.355254
     ],
     [
      -121.850051,
      37.355336
     ],
     [
      -121.849973,
      37.355364
     ],
     [
      -121.849584,
      37.355543
     ],
     [
      -121.849278,
      37.355688
     ],
     [
      -121.849142,
      37.355756
     ],
     [
      -121.849043,
      37.355805
     ],
     [
      -121.848707,
      37.355967
     ],
     [
      -121.847299,
      37.356633
     ],
     [
      -121.846872,
      37.356836
     ],
     [
      -121.846782,
      37.35688
     ],
     [
      -121.846709,
      37.356916
     ],
     [
      -121.846526,
      37.357
     ],
     [
      -121.845206,
      37.357625
     ],
     [
      -121.845076,
      37.357682
     ],
     [
      -121.84498,
      37.357723
     ],
     [
      -121.844667,
      37.357861
     ],
     [
      -121.844315,
      37.358018
     ],
     [
      -121.844094,
      37.358123
     ],
     [
      -121.84405,
      37.358143
     ],
     [
      -121.84376,
      37.358282
     ],
     [
      -121.843581,
      37.35837
     ],
     [
      -121.843435,
      37.358444
     ],
     [
      -121.843285,
      37.358509
     ],
     [
      -121.842999,
      37.358648
     ],
     [
      -121.842888,
      37.358702
     ],
     [
      -121.842738,
      37.358775
     ],
     [
      -121.84241,
      37.358945
     ],
     [
      -121.842294,
      37.359004
     ],
     [
      -121.842077,
      37.359116
     ],
     [
      -121.84201,
      37.359146
     ],
     [
      -121.841529,
      37.359379
     ],
     [
      -121.840649,
      37.359797
     ],
     [
      -121.8405,
      37.35986
     ],
     [
      -121.839854,
      37.360164
     ],
     [
      -121.839601,
      37.360281
     ],
     [
      -121.839329,
      37.360398
     ],
     [
      -121.839022,
      37.360526
     ],
     [
      -121.838582,
      37.360731
     ],
     [
      -121.838288,
      37.360867
     ],
     [
      -121.83809,
      37.360959
     ],
     [
      -121.837976,
      37.361012
     ],
     [
      -121.837852,
      37.361073
     ],
     [
      -121.837554,
      37.361215
     ],
     [
      -121.837332,
      37.361319
     ],
     [
      -121.836741,
      37.3616
     ],
     [
      -121.836523,
      37.361707
     ],
     [
      -121.836281,
      37.361831
     ],
     [
      -121.836157,
      37.361891
     ],
     [
      -121.835507,
      37.362203
     ],
     [
      -121.835394,
      37.362259
     ],
     [
      -121.835303,
      37.362303
     ],
     [
      -121.835263,
      37.362322
     ],
     [
      -121.835153,
      37.362375
     ],
     [
      -121.835021,
      37.36244
     ],
     [
      -121.834822,
      37.36254
     ],
     [
      -121.834734,
      37.362584
     ],
     [
      -121.834642,
      37.362633
     ],
     [
      -121.834434,
      37.362744
     ],
     [
      -121.834203,
      37.362864
     ],
     [
      -121.834101,
      37.362916
     ],
     [
      -121.833856,
      37.36303
     ],
     [
      -121.833535,
      37.363179
     ],
     [
      -121.833307,
      37.363285
     ],
     [
      -121.833162,
      37.363352
     ],
     [
      -121.833143,
      37.363361
     ],
     [
      -121.832961,
      37.363446
     ],
     [
      -121.832853,
      37.363497
     ],
     [
      -121.832765,
      37.363602
     ],
     [
      -121.83264,
      37.363662
     ],
     [
      -121.832467,
      37.363744
     ],
     [
      -121.832195,
      37.363873
     ],
     [
      -121.831905,
      37.36401
     ],
     [
      -121.83181,
      37.364055
     ],
     [
      -121.831427,
      37.364236
     ],
     [
      -121.83125,
      37.36432
     ],
     [
      -121.831186,
      37.36435
     ],
     [
      -121.831048,
      37.364416
     ],
     [
      -121.830969,
      37.364453
     ],
     [
      -121.83093,
      37.364472
     ],
     [
      -121.830802,
      37.364532
     ],
     [
      -121.830655,
      37.364602
     ],
     [
      -121.830556,
      37.364649
     ],
     [
      -121.83048,
      37.364756
     ],
     [
      -121.830454,
      37.364768
     ],
     [
      -121.83,
      37.364981
     ],
     [
      -121.829802,
      37.365077
     ],
     [
      -121.829064,
      37.365433
     ],
     [
      -121.828834,
      37.365538
     ],
     [
      -121.828587,
      37.36565
     ],
     [
      -121.828495,
      37.365691
     ],
     [
      -121.828208,
      37.365824
     ],
     [
      -121.828062,
      37.365891
     ],
     [
      -121.82795,
      37.365946
     ],
     [
      -121.827893,
      37.36597
     ],
     [
      -121.827657,
      37.366092
     ],
     [
      -121.827429,
      37.366217
     ],
     [
      -121.827367,
      37.366265
     ],
     [
      -121.827271,
      37.366339
     ],
     [
      -121.827182,
      37.366395
     ],
     [
      -121.827048,
      37.366563
     ],
     [
      -121.826983,
      37.36666
     ],
     [
      -121.826812,
      37.366932
     ],
     [
      -121.826706,
      37.366976
     ],
     [
      -121.826509,
      37.367306
     ],
     [
      -121.826286,
      37.367675
     ],
     [
      -121.826047,
      37.368078
     ],
     [
      -121.825924,
      37.368285
     ],
     [
      -121.825639,
      37.36874
     ],
     [
      -121.825354,
      37.369197
     ],
     [
      -121.825219,
      37.369406
     ],
     [
      -121.824857,
      37.369988
     ],
     [
      -121.824776,
      37.370123
     ],
     [
      -121.824468,
      37.370612
     ],
     [
      -121.824433,
      37.370672
     ],
     [
      -121.824226,
      37.371006
     ],
     [
      -121.824176,
      37.371083
     ],
     [
      -121.824036,
      37.371316
     ],
     [
      -121.823865,
      37.371578
     ],
     [
      -121.823698,
      37.371845
     ],
     [
      -121.823424,
      37.372286
     ],
     [
      -121.822952,
      37.37304
     ],
     [
      -121.822551,
      37.373687
     ],
     [
      -121.822442,
      37.373852
     ],
     [
      -121.822299,
      37.374088
     ],
     [
      -121.822144,
      37.374331
     ],
     [
      -121.821864,
      37.37477
     ],
     [
      -121.821819,
      37.374841
     ],
     [
      -121.821693,
      37.375037
     ],
     [
      -121.82158,
      37.375213
     ],
     [
      -121.821568,
      37.375232
     ],
     [
      -121.821327,
      37.375576
     ],
     [
      -121.821282,
      37.375644
     ]
    ]
   }
  },
  {
   "type": "Feature",
   "properties": {
    "company": "San Jose Railroads",
    "line": "San Jose Railroads: Linda Vista (Alum Rock Avenue)",
    "id": "sjrr-linda-vista",
    "color": "#D4762C",
    "mode": "streetcar",
    "avg_speed_kmh": 16,
    "speed_source": "ESTIMATE. No San Jose running time was found; a typical figure for a street-running city car line of this period.",
    "geometry_quality": "Traced 3.20 mi. Routed on the OSM road grid along East Santa Clara Street and Alum Rock Avenue from 26th Street to Fleming Avenue (Linda Vista station), with no off-street running. Fleming Avenue and Kirk Avenue meet Alum Rock Avenue at the same point, which is where the original park line turned off. Documented: King Road \"2.5 miles west of Linda Vista station\" (CPUC Decision 28097, 1935); traced King Road - Fleming Avenue is 2.5 mi. No straight-line legs.",
    "segments": [
     {
      "start": 1912,
      "end": 1935,
      "headway_min": 30,
      "note": "San Jose Railroads service out Alum Rock Avenue to Linda Vista station (Fleming Avenue), a branch of the Santa Clara Street trunk. headway_min is an ESTIMATE - no San Jose streetcar timetable for these years was found.",
      "sources": [
       "NOT SOURCED AT SEGMENT LEVEL: the line's existence to 1938 is from chicagorailfan (\"Linda Vista ... 4/10/38\"); nothing checked gives its headway before 1935.",
       "https://web.archive.org/web/20160204195910/http://www.chicagorailfan.com/sjcdate.html",
       "https://en.wikipedia.org/wiki/San_Jose_Railroads"
      ]
     },
     {
      "start": 1935,
      "end": 1938,
      "headway_min": 60,
      "note": "In 1935 a resident testified that cars ran hourly from Linda Vista station (also called Fleming Avenue) to San Jose, 7 a.m. to 6:50 p.m.; the company promised early and late one-man runs and a 10-cent fare to Linda Vista. Replaced by buses with the rest of the system on 10 April 1938. headway_min 60 is from that testimony.",
      "sources": [
       "Segment-level: hourly headway and Linda Vista terminus from CPUC Decision 28097 (8 July 1935); end date from chicagorailfan.",
       "https://files.cpuc.ca.gov/LegacyCPUCDecisionsAndResolutions/Decisions/Decisions_D25901_to_D40599/D28097_19350708_A20003.pdf",
       "https://web.archive.org/web/20160204195910/http://www.chicagorailfan.com/sjcdate.html"
      ]
     }
    ]
   },
   "geometry": {
    "type": "LineString",
    "coordinates": [
     [
      -121.865887,
      37.347891
     ],
     [
      -121.865835,
      37.347917
     ],
     [
      -121.865587,
      37.348038
     ],
     [
      -121.865231,
      37.348206
     ],
     [
      -121.864965,
      37.348332
     ],
     [
      -121.864615,
      37.348496
     ],
     [
      -121.864568,
      37.348518
     ],
     [
      -121.864445,
      37.348579
     ],
     [
      -121.864364,
      37.348618
     ],
     [
      -121.864239,
      37.348679
     ],
     [
      -121.864154,
      37.348721
     ],
     [
      -121.864082,
      37.348754
     ],
     [
      -121.863789,
      37.348889
     ],
     [
      -121.863704,
      37.348929
     ],
     [
      -121.863623,
      37.348966
     ],
     [
      -121.863446,
      37.349048
     ],
     [
      -121.863142,
      37.349199
     ],
     [
      -121.862917,
      37.34931
     ],
     [
      -121.862796,
      37.349405
     ],
     [
      -121.862477,
      37.349578
     ],
     [
      -121.862327,
      37.349661
     ],
     [
      -121.862062,
      37.34979
     ],
     [
      -121.862021,
      37.34981
     ],
     [
      -121.861656,
      37.349989
     ],
     [
      -121.861372,
      37.350119
     ],
     [
      -121.860909,
      37.350325
     ],
     [
      -121.860809,
      37.350369
     ],
     [
      -121.860606,
      37.350455
     ],
     [
      -121.860517,
      37.350497
     ],
     [
      -121.860253,
      37.350568
     ],
     [
      -121.859893,
      37.350739
     ],
     [
      -121.859772,
      37.350795
     ],
     [
      -121.859608,
      37.350871
     ],
     [
      -121.859578,
      37.350885
     ],
     [
      -121.85943,
      37.350954
     ],
     [
      -121.859224,
      37.35105
     ],
     [
      -121.859104,
      37.351106
     ],
     [
      -121.859042,
      37.351133
     ],
     [
      -121.858941,
      37.351142
     ],
     [
      -121.858657,
      37.351271
     ],
     [
      -121.85859,
      37.351301
     ],
     [
      -121.858131,
      37.351517
     ],
     [
      -121.858054,
      37.351551
     ],
     [
      -121.857796,
      37.351657
     ],
     [
      -121.857616,
      37.351736
     ],
     [
      -121.857516,
      37.351783
     ],
     [
      -121.857358,
      37.351858
     ],
     [
      -121.857254,
      37.35191
     ],
     [
      -121.857173,
      37.351951
     ],
     [
      -121.856859,
      37.352094
     ],
     [
      -121.856752,
      37.352147
     ],
     [
      -121.856281,
      37.352367
     ],
     [
      -121.856228,
      37.352392
     ],
     [
      -121.856149,
      37.35243
     ],
     [
      -121.855869,
      37.352561
     ],
     [
      -121.855649,
      37.352666
     ],
     [
      -121.855534,
      37.352721
     ],
     [
      -121.855436,
      37.352767
     ],
     [
      -121.855337,
      37.352815
     ],
     [
      -121.854949,
      37.352999
     ],
     [
      -121.854639,
      37.353146
     ],
     [
      -121.853893,
      37.353502
     ],
     [
      -121.853797,
      37.353546
     ],
     [
      -121.853741,
      37.353575
     ],
     [
      -121.853622,
      37.353634
     ],
     [
      -121.853243,
      37.353822
     ],
     [
      -121.852749,
      37.354058
     ],
     [
      -121.852223,
      37.35431
     ],
     [
      -121.851928,
      37.354455
     ],
     [
      -121.851862,
      37.354487
     ],
     [
      -121.851747,
      37.354538
     ],
     [
      -121.851648,
      37.354587
     ],
     [
      -121.850321,
      37.355214
     ],
     [
      -121.85023,
      37.355254
     ],
     [
      -121.850051,
      37.355336
     ],
     [
      -121.849973,
      37.355364
     ],
     [
      -121.849584,
      37.355543
     ],
     [
      -121.849278,
      37.355688
     ],
     [
      -121.849142,
      37.355756
     ],
     [
      -121.849043,
      37.355805
     ],
     [
      -121.848707,
      37.355967
     ],
     [
      -121.847299,
      37.356633
     ],
     [
      -121.846872,
      37.356836
     ],
     [
      -121.846782,
      37.35688
     ],
     [
      -121.846709,
      37.356916
     ],
     [
      -121.846526,
      37.357
     ],
     [
      -121.845206,
      37.357625
     ],
     [
      -121.845076,
      37.357682
     ],
     [
      -121.84498,
      37.357723
     ],
     [
      -121.844667,
      37.357861
     ],
     [
      -121.844315,
      37.358018
     ],
     [
      -121.844094,
      37.358123
     ],
     [
      -121.84405,
      37.358143
     ],
     [
      -121.84376,
      37.358282
     ],
     [
      -121.843581,
      37.35837
     ],
     [
      -121.843435,
      37.358444
     ],
     [
      -121.843285,
      37.358509
     ],
     [
      -121.842999,
      37.358648
     ],
     [
      -121.842888,
      37.358702
     ],
     [
      -121.842738,
      37.358775
     ],
     [
      -121.84241,
      37.358945
     ],
     [
      -121.842294,
      37.359004
     ],
     [
      -121.842077,
      37.359116
     ],
     [
      -121.84201,
      37.359146
     ],
     [
      -121.841529,
      37.359379
     ],
     [
      -121.840649,
      37.359797
     ],
     [
      -121.8405,
      37.35986
     ],
     [
      -121.839854,
      37.360164
     ],
     [
      -121.839601,
      37.360281
     ],
     [
      -121.839329,
      37.360398
     ],
     [
      -121.839022,
      37.360526
     ],
     [
      -121.838582,
      37.360731
     ],
     [
      -121.838288,
      37.360867
     ],
     [
      -121.83809,
      37.360959
     ],
     [
      -121.837976,
      37.361012
     ],
     [
      -121.837852,
      37.361073
     ],
     [
      -121.837554,
      37.361215
     ],
     [
      -121.837332,
      37.361319
     ],
     [
      -121.836741,
      37.3616
     ],
     [
      -121.836523,
      37.361707
     ],
     [
      -121.836281,
      37.361831
     ],
     [
      -121.836157,
      37.361891
     ],
     [
      -121.835507,
      37.362203
     ],
     [
      -121.835394,
      37.362259
     ],
     [
      -121.835303,
      37.362303
     ],
     [
      -121.835263,
      37.362322
     ],
     [
      -121.835153,
      37.362375
     ],
     [
      -121.835021,
      37.36244
     ],
     [
      -121.834822,
      37.36254
     ],
     [
      -121.834734,
      37.362584
     ],
     [
      -121.834642,
      37.362633
     ],
     [
      -121.834434,
      37.362744
     ],
     [
      -121.834203,
      37.362864
     ],
     [
      -121.834101,
      37.362916
     ],
     [
      -121.833856,
      37.36303
     ],
     [
      -121.833535,
      37.363179
     ],
     [
      -121.833307,
      37.363285
     ],
     [
      -121.833162,
      37.363352
     ],
     [
      -121.833143,
      37.363361
     ],
     [
      -121.832961,
      37.363446
     ],
     [
      -121.832853,
      37.363497
     ],
     [
      -121.832765,
      37.363602
     ],
     [
      -121.83264,
      37.363662
     ],
     [
      -121.832467,
      37.363744
     ],
     [
      -121.832195,
      37.363873
     ],
     [
      -121.831905,
      37.36401
     ],
     [
      -121.83181,
      37.364055
     ],
     [
      -121.831427,
      37.364236
     ],
     [
      -121.83125,
      37.36432
     ],
     [
      -121.831186,
      37.36435
     ],
     [
      -121.831048,
      37.364416
     ],
     [
      -121.830969,
      37.364453
     ],
     [
      -121.83093,
      37.364472
     ],
     [
      -121.830802,
      37.364532
     ],
     [
      -121.830655,
      37.364602
     ],
     [
      -121.830556,
      37.364649
     ],
     [
      -121.83048,
      37.364756
     ],
     [
      -121.830454,
      37.364768
     ],
     [
      -121.83,
      37.364981
     ],
     [
      -121.829802,
      37.365077
     ],
     [
      -121.829064,
      37.365433
     ],
     [
      -121.828834,
      37.365538
     ],
     [
      -121.828587,
      37.36565
     ],
     [
      -121.828495,
      37.365691
     ],
     [
      -121.828208,
      37.365824
     ],
     [
      -121.828062,
      37.365891
     ],
     [
      -121.82795,
      37.365946
     ],
     [
      -121.827893,
      37.36597
     ],
     [
      -121.827657,
      37.366092
     ],
     [
      -121.827429,
      37.366217
     ],
     [
      -121.827367,
      37.366265
     ],
     [
      -121.827271,
      37.366339
     ],
     [
      -121.827182,
      37.366395
     ],
     [
      -121.827048,
      37.366563
     ],
     [
      -121.826983,
      37.36666
     ],
     [
      -121.826812,
      37.366932
     ],
     [
      -121.826706,
      37.366976
     ],
     [
      -121.826509,
      37.367306
     ],
     [
      -121.826286,
      37.367675
     ],
     [
      -121.826047,
      37.368078
     ],
     [
      -121.825924,
      37.368285
     ],
     [
      -121.825639,
      37.36874
     ],
     [
      -121.825354,
      37.369197
     ],
     [
      -121.825219,
      37.369406
     ],
     [
      -121.824857,
      37.369988
     ],
     [
      -121.824776,
      37.370123
     ],
     [
      -121.824468,
      37.370612
     ],
     [
      -121.824433,
      37.370672
     ],
     [
      -121.824226,
      37.371006
     ],
     [
      -121.824176,
      37.371083
     ],
     [
      -121.824036,
      37.371316
     ],
     [
      -121.823865,
      37.371578
     ],
     [
      -121.823698,
      37.371845
     ],
     [
      -121.823424,
      37.372286
     ],
     [
      -121.822952,
      37.37304
     ],
     [
      -121.822551,
      37.373687
     ],
     [
      -121.822442,
      37.373852
     ],
     [
      -121.822299,
      37.374088
     ],
     [
      -121.822144,
      37.374331
     ],
     [
      -121.821864,
      37.37477
     ],
     [
      -121.821819,
      37.374841
     ],
     [
      -121.821693,
      37.375037
     ],
     [
      -121.82158,
      37.375213
     ],
     [
      -121.821568,
      37.375232
     ],
     [
      -121.821327,
      37.375576
     ],
     [
      -121.821282,
      37.375644
     ]
    ]
   }
  },
  {
   "type": "Feature",
   "properties": {
    "company": "San Jose Railroads",
    "line": "San Jose Railroads: Alum Rock Park (via King Road)",
    "id": "sjrr-alum-rock-park-king-road",
    "color": "#D4762C",
    "mode": "streetcar",
    "avg_speed_kmh": 18,
    "speed_source": "ESTIMATE. No San Jose running time was found; a typical figure for a street-running city car line of this period.",
    "geometry_quality": "Traced 7.13 mi. Drawn from Alum Rock Avenue at King Road; the cars reached King Road over the Linda Vista line. Routed on the OSM road grid along King Road, Berryessa Road and Penitencia Creek Road into the park; 0.43 mi of the route (near Lundy Avenue at King/Berryessa, and Summerdale Drive between Berryessa Road and Penitencia Creek Road) runs off the named streets. East of Noble Avenue the line was on private right of way, which no longer exists; Penitencia Creek Road stands in for it, so the eastern 2 mi are APPROXIMATE. Documented: about one mile from Berryessa east to Noble Avenue, park \"approximately seven miles northeast of the city\" (CPUC Decision 24622, 1932). No straight-line legs.",
    "segments": [
     {
      "start": 1923,
      "end": 1932,
      "headway_min": 60,
      "note": "In 1932 the Railroad Commission recorded that San Jose Railroads ran the passenger cars to Alum Rock Park \"from Santa Clara Avenue to King Road, thence along King Road to Berryessa Road and from this point on private right of way into the Park\" - the track beyond Santa Clara Avenue belonged to the Peninsular Railway, which ran freight on it. Passenger service east of Berryessa was authorized to end by the order of 28 March 1932 (6,671 riders in five months); Wikipedia gives the last park car as 11 July 1932. The 1923 start is chicagorailfan's date for the King Road line. Before 1923 (from 2 September 1913) park cars ran up Berryessa Road from a connection on 17th Street, over the Peninsular's line - not drawn here; see the Peninsular Railway layer. headway_min is an ESTIMATE - no San Jose streetcar timetable for these years was found.",
      "sources": [
       "Segment-level: route, ownership and operator from CPUC Decision 24622 (1932); end date from Wikipedia (Alum Rock Park); the 1923 start is chicagorailfan's King Road date and is NOT confirmed as the date San Jose Railroads cars began using it.",
       "https://files.cpuc.ca.gov/LegacyCPUCDecisionsAndResolutions/Decisions/Decisions_D11601_to_D25900/D24622_19320328_A17865.pdf",
       "https://en.wikipedia.org/wiki/Alum_Rock_Park",
       "https://web.archive.org/web/20160204195910/http://www.chicagorailfan.com/sjcdate.html"
      ]
     }
    ]
   },
   "geometry": {
    "type": "LineString",
    "coordinates": [
     [
      -121.855692,
      37.352865
     ],
     [
      -121.855739,
      37.352921
     ],
     [
      -121.856018,
      37.353208
     ],
     [
      -121.856227,
      37.353395
     ],
     [
      -121.856332,
      37.3535
     ],
     [
      -121.856535,
      37.353685
     ],
     [
      -121.856641,
      37.353786
     ],
     [
      -121.856753,
      37.353946
     ],
     [
      -121.85693,
      37.354119
     ],
     [
      -121.857047,
      37.354234
     ],
     [
      -121.857872,
      37.355082
     ],
     [
      -121.857975,
      37.355186
     ],
     [
      -121.858046,
      37.355259
     ],
     [
      -121.858168,
      37.355385
     ],
     [
      -121.858324,
      37.355544
     ],
     [
      -121.858964,
      37.356197
     ],
     [
      -121.859106,
      37.35634
     ],
     [
      -121.859171,
      37.356406
     ],
     [
      -121.859246,
      37.356482
     ],
     [
      -121.859632,
      37.35688
     ],
     [
      -121.859799,
      37.357049
     ],
     [
      -121.860055,
      37.357308
     ],
     [
      -121.860255,
      37.357532
     ],
     [
      -121.860307,
      37.35759
     ],
     [
      -121.860491,
      37.357774
     ],
     [
      -121.860596,
      37.357879
     ],
     [
      -121.860671,
      37.357954
     ],
     [
      -121.860688,
      37.357971
     ],
     [
      -121.860733,
      37.358014
     ],
     [
      -121.860829,
      37.358113
     ],
     [
      -121.86088,
      37.358166
     ],
     [
      -121.860897,
      37.358183
     ],
     [
      -121.861021,
      37.358309
     ],
     [
      -121.861192,
      37.358483
     ],
     [
      -121.861216,
      37.358507
     ],
     [
      -121.861295,
      37.358589
     ],
     [
      -121.861436,
      37.358733
     ],
     [
      -121.86148,
      37.358779
     ],
     [
      -121.86172,
      37.359025
     ],
     [
      -121.863139,
      37.360439
     ],
     [
      -121.863356,
      37.360672
     ],
     [
      -121.863445,
      37.360739
     ],
     [
      -121.863484,
      37.360778
     ],
     [
      -121.864121,
      37.361421
     ],
     [
      -121.86464,
      37.361953
     ],
     [
      -121.864863,
      37.362182
     ],
     [
      -121.864891,
      37.362204
     ],
     [
      -121.864976,
      37.36229
     ],
     [
      -121.865078,
      37.362393
     ],
     [
      -121.865168,
      37.362485
     ],
     [
      -121.86527,
      37.362589
     ],
     [
      -121.865451,
      37.362779
     ],
     [
      -121.865503,
      37.362833
     ],
     [
      -121.865537,
      37.362868
     ],
     [
      -121.865901,
      37.363242
     ],
     [
      -121.866232,
      37.363571
     ],
     [
      -121.866433,
      37.363783
     ],
     [
      -121.86649,
      37.363842
     ],
     [
      -121.866669,
      37.364016
     ],
     [
      -121.866757,
      37.364102
     ],
     [
      -121.86698,
      37.364339
     ],
     [
      -121.867037,
      37.3644
     ],
     [
      -121.867291,
      37.364676
     ],
     [
      -121.867309,
      37.364694
     ],
     [
      -121.867343,
      37.364727
     ],
     [
      -121.867356,
      37.364793
     ],
     [
      -121.867838,
      37.365295
     ],
     [
      -121.868059,
      37.365517
     ],
     [
      -121.868277,
      37.365747
     ],
     [
      -121.868671,
      37.366061
     ],
     [
      -121.86879,
      37.366181
     ],
     [
      -121.86891,
      37.366301
     ],
     [
      -121.868999,
      37.366414
     ],
     [
      -121.869238,
      37.366719
     ],
     [
      -121.869288,
      37.366797
     ],
     [
      -121.869353,
      37.366894
     ],
     [
      -121.869392,
      37.366965
     ],
     [
      -121.869478,
      37.367076
     ],
     [
      -121.870094,
      37.367981
     ],
     [
      -121.87034,
      37.368341
     ],
     [
      -121.870726,
      37.368915
     ],
     [
      -121.870832,
      37.368972
     ],
     [
      -121.871145,
      37.369432
     ],
     [
      -121.871289,
      37.369627
     ],
     [
      -121.871513,
      37.369952
     ],
     [
      -121.871563,
      37.370028
     ],
     [
      -121.871611,
      37.370099
     ],
     [
      -121.871716,
      37.370255
     ],
     [
      -121.87177,
      37.370358
     ],
     [
      -121.871841,
      37.370464
     ],
     [
      -121.871937,
      37.370601
     ],
     [
      -121.872101,
      37.370814
     ],
     [
      -121.872206,
      37.370948
     ],
     [
      -121.872261,
      37.371018
     ],
     [
      -121.872337,
      37.371077
     ],
     [
      -121.872408,
      37.371141
     ],
     [
      -121.872493,
      37.371255
     ],
     [
      -121.872636,
      37.371457
     ],
     [
      -121.872708,
      37.371574
     ],
     [
      -121.872753,
      37.371686
     ],
     [
      -121.872778,
      37.371798
     ],
     [
      -121.872792,
      37.371942
     ],
     [
      -121.872791,
      37.372057
     ],
     [
      -121.872784,
      37.372112
     ],
     [
      -121.872775,
      37.372182
     ],
     [
      -121.872735,
      37.372368
     ],
     [
      -121.872687,
      37.372532
     ],
     [
      -121.872677,
      37.372639
     ],
     [
      -121.872674,
      37.372672
     ],
     [
      -121.872669,
      37.372782
     ],
     [
      -121.872674,
      37.372884
     ],
     [
      -121.87269,
      37.37299
     ],
     [
      -121.872711,
      37.373114
     ],
     [
      -121.87279,
      37.373283
     ],
     [
      -121.872879,
      37.373427
     ],
     [
      -121.872922,
      37.373486
     ],
     [
      -121.872986,
      37.373577
     ],
     [
      -121.873022,
      37.373631
     ],
     [
      -121.873069,
      37.373701
     ],
     [
      -121.872977,
      37.373776
     ],
     [
      -121.87291,
      37.37383
     ],
     [
      -121.872723,
      37.37401
     ],
     [
      -121.872482,
      37.374254
     ],
     [
      -121.872372,
      37.374371
     ],
     [
      -121.872074,
      37.374686
     ],
     [
      -121.871432,
      37.375364
     ],
     [
      -121.871243,
      37.375563
     ],
     [
      -121.871219,
      37.375588
     ],
     [
      -121.870948,
      37.375872
     ],
     [
      -121.869414,
      37.377493
     ],
     [
      -121.869238,
      37.377679
     ],
     [
      -121.868933,
      37.378006
     ],
     [
      -121.867941,
      37.379029
     ],
     [
      -121.867718,
      37.379261
     ],
     [
      -121.867582,
      37.37941
     ],
     [
      -121.867396,
      37.379605
     ],
     [
      -121.867337,
      37.379673
     ],
     [
      -121.867234,
      37.379776
     ],
     [
      -121.867167,
      37.379844
     ],
     [
      -121.866982,
      37.380045
     ],
     [
      -121.86672,
      37.380321
     ],
     [
      -121.866268,
      37.380799
     ],
     [
      -121.865985,
      37.381099
     ],
     [
      -121.86568,
      37.381419
     ],
     [
      -121.865305,
      37.381815
     ],
     [
      -121.864992,
      37.382149
     ],
     [
      -121.864957,
      37.382187
     ],
     [
      -121.864813,
      37.38233
     ],
     [
      -121.864624,
      37.382519
     ],
     [
      -121.864296,
      37.382869
     ],
     [
      -121.863378,
      37.383832
     ],
     [
      -121.863147,
      37.38407
     ],
     [
      -121.862539,
      37.384723
     ],
     [
      -121.862396,
      37.384874
     ],
     [
      -121.861765,
      37.38552
     ],
     [
      -121.861581,
      37.385719
     ],
     [
      -121.861485,
      37.385796
     ],
     [
      -121.861427,
      37.385844
     ],
     [
      -121.861201,
      37.386023
     ],
     [
      -121.861115,
      37.386084
     ],
     [
      -121.860938,
      37.386211
     ],
     [
      -121.860699,
      37.386392
     ],
     [
      -121.860619,
      37.386452
     ],
     [
      -121.860546,
      37.386504
     ],
     [
      -121.860509,
      37.386529
     ],
     [
      -121.860416,
      37.386592
     ],
     [
      -121.860323,
      37.386658
     ],
     [
      -121.860201,
      37.386743
     ],
     [
      -121.859977,
      37.386923
     ],
     [
      -121.859863,
      37.387028
     ],
     [
      -121.859711,
      37.387203
     ],
     [
      -121.859636,
      37.387293
     ],
     [
      -121.859477,
      37.38753
     ],
     [
      -121.859322,
      37.38776
     ],
     [
      -121.859233,
      37.387865
     ],
     [
      -121.859163,
      37.387936
     ],
     [
      -121.859089,
      37.388009
     ],
     [
      -121.859011,
      37.388072
     ],
     [
      -121.858567,
      37.388432
     ],
     [
      -121.858407,
      37.388547
     ],
     [
      -121.858317,
      37.388608
     ],
     [
      -121.858085,
      37.388739
     ],
     [
      -121.857769,
      37.388887
     ],
     [
      -121.856922,
      37.389282
     ],
     [
      -121.856812,
      37.389333
     ],
     [
      -121.856268,
      37.389586
     ],
     [
      -121.856183,
      37.389626
     ],
     [
      -121.856073,
      37.389676
     ],
     [
      -121.855375,
      37.39
     ],
     [
      -121.854585,
      37.390371
     ],
     [
      -121.85379,
      37.390737
     ],
     [
      -121.853446,
      37.390896
     ],
     [
      -121.852974,
      37.391114
     ],
     [
      -121.85292,
      37.391039
     ],
     [
      -121.852636,
      37.390628
     ],
     [
      -121.852164,
      37.389994
     ],
     [
      -121.85209,
      37.38981
     ],
     [
      -121.852061,
      37.389741
     ],
     [
      -121.852023,
      37.389555
     ],
     [
      -121.851963,
      37.389376
     ],
     [
      -121.851946,
      37.389318
     ],
     [
      -121.851891,
      37.38914
     ],
     [
      -121.851834,
      37.388953
     ],
     [
      -121.851811,
      37.388876
     ],
     [
      -121.851789,
      37.388803
     ],
     [
      -121.851735,
      37.388624
     ],
     [
      -121.851605,
      37.388357
     ],
     [
      -121.851433,
      37.388139
     ],
     [
      -121.851202,
      37.387941
     ],
     [
      -121.850951,
      37.387744
     ],
     [
      -121.850839,
      37.387657
     ],
     [
      -121.850465,
      37.387954
     ],
     [
      -121.850144,
      37.388207
     ],
     [
      -121.84999,
      37.388309
     ],
     [
      -121.849696,
      37.388445
     ],
     [
      -121.849504,
      37.388512
     ],
     [
      -121.849393,
      37.388549
     ],
     [
      -121.849281,
      37.388585
     ],
     [
      -121.849115,
      37.388612
     ],
     [
      -121.848905,
      37.388636
     ],
     [
      -121.848856,
      37.388637
     ],
     [
      -121.84879,
      37.388641
     ],
     [
      -121.848451,
      37.38866
     ],
     [
      -121.847934,
      37.388655
     ],
     [
      -121.847714,
      37.388663
     ],
     [
      -121.847375,
      37.388701
     ],
     [
      -121.846937,
      37.388819
     ],
     [
      -121.846246,
      37.389069
     ],
     [
      -121.845903,
      37.389194
     ],
     [
      -121.84561,
      37.389301
     ],
     [
      -121.845137,
      37.389481
     ],
     [
      -121.84492,
      37.389562
     ],
     [
      -121.84456,
      37.38967
     ],
     [
      -121.844145,
      37.389746
     ],
     [
      -121.843873,
      37.389791
     ],
     [
      -121.843483,
      37.389882
     ],
     [
      -121.843165,
      37.390007
     ],
     [
      -121.842889,
      37.390173
     ],
     [
      -121.842767,
      37.390242
     ],
     [
      -121.84258,
      37.390335
     ],
     [
      -121.842511,
      37.390369
     ],
     [
      -121.842419,
      37.390412
     ],
     [
      -121.842287,
      37.390474
     ],
     [
      -121.842196,
      37.390508
     ],
     [
      -121.842045,
      37.390549
     ],
     [
      -121.841934,
      37.390573
     ],
     [
      -121.841842,
      37.390591
     ],
     [
      -121.841558,
      37.390647
     ],
     [
      -121.841309,
      37.390703
     ],
     [
      -121.84114,
      37.390742
     ],
     [
      -121.840807,
      37.390834
     ],
     [
      -121.840423,
      37.390986
     ],
     [
      -121.840202,
      37.391074
     ],
     [
      -121.839922,
      37.391164
     ],
     [
      -121.839626,
      37.391234
     ],
     [
      -121.839364,
      37.391283
     ],
     [
      -121.838951,
      37.391344
     ],
     [
      -121.838677,
      37.391386
     ],
     [
      -121.838252,
      37.39146
     ],
     [
      -121.83789,
      37.391554
     ],
     [
      -121.837603,
      37.391595
     ],
     [
      -121.837445,
      37.3916
     ],
     [
      -121.837284,
      37.391597
     ],
     [
      -121.837098,
      37.391593
     ],
     [
      -121.836954,
      37.391605
     ],
     [
      -121.836753,
      37.391634
     ],
     [
      -121.836426,
      37.391743
     ],
     [
      -121.835966,
      37.391905
     ],
     [
      -121.835727,
      37.391967
     ],
     [
      -121.835512,
      37.392035
     ],
     [
      -121.835275,
      37.39213
     ],
     [
      -121.835131,
      37.392214
     ],
     [
      -121.834901,
      37.392373
     ],
     [
      -121.834697,
      37.392486
     ],
     [
      -121.834417,
      37.392566
     ],
     [
      -121.834241,
      37.392598
     ],
     [
      -121.834024,
      37.392642
     ],
     [
      -121.833833,
      37.392691
     ],
     [
      -121.833403,
      37.392834
     ],
     [
      -121.833196,
      37.392958
     ],
     [
      -121.833108,
      37.393027
     ],
     [
      -121.832898,
      37.393214
     ],
     [
      -121.832757,
      37.393358
     ],
     [
      -121.832667,
      37.393451
     ],
     [
      -121.832472,
      37.39359
     ],
     [
      -121.832326,
      37.393656
     ],
     [
      -121.832173,
      37.393705
     ],
     [
      -121.832025,
      37.393738
     ],
     [
      -121.831882,
      37.393758
     ],
     [
      -121.831773,
      37.393768
     ],
     [
      -121.831664,
      37.393767
     ],
     [
      -121.831411,
      37.39374
     ],
     [
      -121.831036,
      37.393684
     ],
     [
      -121.830677,
      37.393655
     ],
     [
      -121.830427,
      37.393637
     ],
     [
      -121.830018,
      37.393767
     ],
     [
      -121.829532,
      37.393969
     ],
     [
      -121.829316,
      37.394103
     ],
     [
      -121.829256,
      37.394163
     ],
     [
      -121.829074,
      37.394345
     ],
     [
      -121.828659,
      37.39475
     ],
     [
      -121.828548,
      37.39485
     ],
     [
      -121.828481,
      37.39491
     ],
     [
      -121.828303,
      37.395043
     ],
     [
      -121.828093,
      37.395135
     ],
     [
      -121.827864,
      37.395152
     ],
     [
      -121.827816,
      37.395156
     ],
     [
      -121.8276,
      37.395145
     ],
     [
      -121.827384,
      37.395109
     ],
     [
      -121.826868,
      37.394943
     ],
     [
      -121.826769,
      37.394903
     ],
     [
      -121.826493,
      37.3948
     ],
     [
      -121.826203,
      37.394733
     ],
     [
      -121.825848,
      37.394741
     ],
     [
      -121.825745,
      37.394776
     ],
     [
      -121.825655,
      37.394833
     ],
     [
      -121.825615,
      37.394867
     ],
     [
      -121.82556,
      37.395084
     ],
     [
      -121.825566,
      37.395193
     ],
     [
      -121.82549,
      37.395223
     ],
     [
      -121.825368,
      37.395322
     ],
     [
      -121.82535,
      37.395348
     ],
     [
      -121.825336,
      37.395398
     ],
     [
      -121.825351,
      37.395468
     ],
     [
      -121.825706,
      37.39593
     ],
     [
      -121.825797,
      37.396055
     ],
     [
      -121.825954,
      37.39626
     ],
     [
      -121.826177,
      37.39654
     ],
     [
      -121.826213,
      37.396632
     ],
     [
      -121.82621,
      37.396736
     ],
     [
      -121.826145,
      37.396822
     ],
     [
      -121.826006,
      37.396932
     ],
     [
      -121.825885,
      37.39699
     ],
     [
      -121.825636,
      37.397051
     ],
     [
      -121.825361,
      37.397092
     ],
     [
      -121.825104,
      37.397092
     ],
     [
      -121.824881,
      37.397058
     ],
     [
      -121.824632,
      37.396976
     ],
     [
      -121.824417,
      37.396813
     ],
     [
      -121.824203,
      37.396622
     ],
     [
      -121.82404,
      37.396417
     ],
     [
      -121.823799,
      37.396169
     ],
     [
      -121.823684,
      37.396087
     ],
     [
      -121.823603,
      37.396029
     ],
     [
      -121.823275,
      37.39588
     ],
     [
      -121.822296,
      37.39548
     ],
     [
      -121.821885,
      37.395313
     ],
     [
      -121.821612,
      37.395212
     ],
     [
      -121.821428,
      37.395205
     ],
     [
      -121.821212,
      37.395218
     ],
     [
      -121.821069,
      37.395161
     ],
     [
      -121.820915,
      37.394958
     ],
     [
      -121.820684,
      37.394624
     ],
     [
      -121.820538,
      37.394515
     ],
     [
      -121.820349,
      37.394412
     ],
     [
      -121.820177,
      37.394371
     ],
     [
      -121.820023,
      37.394392
     ],
     [
      -121.819894,
      37.39444
     ],
     [
      -121.819791,
      37.394562
     ],
     [
      -121.819739,
      37.394712
     ],
     [
      -121.819654,
      37.394781
     ],
     [
      -121.819508,
      37.394815
     ],
     [
      -121.819353,
      37.394815
     ],
     [
      -121.819216,
      37.39474
     ],
     [
      -121.819096,
      37.394651
     ],
     [
      -121.818993,
      37.394528
     ],
     [
      -121.818838,
      37.39429
     ],
     [
      -121.81871,
      37.394119
     ],
     [
      -121.818598,
      37.393997
     ],
     [
      -121.818435,
      37.393887
     ],
     [
      -121.81828,
      37.393785
     ],
     [
      -121.818083,
      37.393737
     ],
     [
      -121.817791,
      37.393744
     ],
     [
      -121.816401,
      37.393778
     ],
     [
      -121.816059,
      37.393779
     ],
     [
      -121.815869,
      37.393782
     ],
     [
      -121.815503,
      37.393759
     ],
     [
      -121.815043,
      37.393759
     ],
     [
      -121.814723,
      37.393783
     ],
     [
      -121.814458,
      37.393833
     ],
     [
      -121.814275,
      37.393867
     ],
     [
      -121.813894,
      37.393992
     ],
     [
      -121.813531,
      37.39415
     ],
     [
      -121.813406,
      37.394222
     ],
     [
      -121.813072,
      37.394353
     ],
     [
      -121.813011,
      37.394377
     ],
     [
      -121.812761,
      37.394412
     ],
     [
      -121.812478,
      37.39446
     ],
     [
      -121.81203,
      37.39443
     ],
     [
      -121.811793,
      37.394393
     ],
     [
      -121.811586,
      37.394365
     ],
     [
      -121.811359,
      37.394558
     ],
     [
      -121.811041,
      37.394698
     ],
     [
      -121.810684,
      37.39491
     ],
     [
      -121.810427,
      37.395047
     ],
     [
      -121.810195,
      37.39521
     ],
     [
      -121.810058,
      37.395374
     ],
     [
      -121.809835,
      37.395865
     ],
     [
      -121.80976,
      37.396177
     ],
     [
      -121.809654,
      37.396451
     ],
     [
      -121.80932,
      37.396765
     ],
     [
      -121.809165,
      37.396983
     ],
     [
      -121.809036,
      37.397085
     ],
     [
      -121.808891,
      37.397167
     ],
     [
      -121.808693,
      37.397229
     ],
     [
      -121.808453,
      37.397256
     ],
     [
      -121.807663,
      37.397174
     ],
     [
      -121.807054,
      37.397194
     ],
     [
      -121.806393,
      37.397133
     ],
     [
      -121.805517,
      37.396881
     ],
     [
      -121.804951,
      37.396744
     ],
     [
      -121.804479,
      37.396642
     ],
     [
      -121.804331,
      37.396653
     ],
     [
      -121.804187,
      37.396663
     ],
     [
      -121.803741,
      37.396724
     ],
     [
      -121.803372,
      37.396792
     ],
     [
      -121.802857,
      37.396792
     ],
     [
      -121.802359,
      37.396779
     ],
     [
      -121.802317,
      37.396773
     ],
     [
      -121.80187,
      37.39671
     ],
     [
      -121.801509,
      37.396731
     ],
     [
      -121.800844,
      37.396843
     ],
     [
      -121.800552,
      37.396873
     ],
     [
      -121.799839,
      37.39698
     ],
     [
      -121.799667,
      37.396993
     ],
     [
      -121.798872,
      37.396987
     ]
    ]
   }
  },
  {
   "type": "Feature",
   "properties": {
    "company": "San Jose and Santa Clara Railway",
    "line": "San Jose and Santa Clara Railway: Tenth Street",
    "id": "sjsc-tenth-street",
    "color": "#E0A458",
    "mode": "streetcar",
    "avg_speed_kmh": 13,
    "speed_source": "ESTIMATE. No San Jose running time was found; a typical figure for a street-running city car line of this period.",
    "geometry_quality": "Traced 1.32 mi. STREET-RUNNING, ROUTED ON TODAY'S ROAD GRID: drawn by staged shortest-path routing over the current OpenStreetMap road network along the streets the sources name (South 10th Street from Santa Clara Street to Keyes Street); no rail survives. This is the street the track lay in, not a surveyed track centreline, and where a street has since been widened, realigned or severed the drawn line follows the modern street. Only the 10th Street trackage the 1935 order abandoned is drawn; the cars reached downtown over the Santa Clara Street trunk. No documented route mileage was found to compare against. No straight-line legs.",
    "segments": [
     {
      "start": 1895,
      "end": 1912,
      "headway_min": 15,
      "note": "San Jose & Santa Clara Railway (from 1905 San Jose & Santa Clara County Railway) line on South 10th Street, electric from its opening in 1895. headway_min is an ESTIMATE - no San Jose streetcar timetable for these years was found.",
      "sources": [
       "Segment-level: opening 1895 (electric, no horsecar era) from chicagorailfan.",
       "https://web.archive.org/web/20160204195910/http://www.chicagorailfan.com/sjcdate.html",
       "https://web.archive.org/web/20170510133810/http://www.chicagorailfan.com/sjchis.html"
      ]
     }
    ]
   },
   "geometry": {
    "type": "LineString",
    "coordinates": [
     [
      -121.881039,
      37.340703
     ],
     [
      -121.880977,
      37.340622
     ],
     [
      -121.880788,
      37.34037
     ],
     [
      -121.880652,
      37.340189
     ],
     [
      -121.88062,
      37.340145
     ],
     [
      -121.880579,
      37.340091
     ],
     [
      -121.879935,
      37.339233
     ],
     [
      -121.879763,
      37.339003
     ],
     [
      -121.879677,
      37.338888
     ],
     [
      -121.879651,
      37.338852
     ],
     [
      -121.879633,
      37.338828
     ],
     [
      -121.879533,
      37.338692
     ],
     [
      -121.879416,
      37.338534
     ],
     [
      -121.879373,
      37.338475
     ],
     [
      -121.879245,
      37.338301
     ],
     [
      -121.879148,
      37.33817
     ],
     [
      -121.879089,
      37.33809
     ],
     [
      -121.878803,
      37.337708
     ],
     [
      -121.878714,
      37.337594
     ],
     [
      -121.878652,
      37.337507
     ],
     [
      -121.878607,
      37.337446
     ],
     [
      -121.87856,
      37.337384
     ],
     [
      -121.878418,
      37.337186
     ],
     [
      -121.878406,
      37.337169
     ],
     [
      -121.878324,
      37.337061
     ],
     [
      -121.878177,
      37.336868
     ],
     [
      -121.878009,
      37.336648
     ],
     [
      -121.877997,
      37.336632
     ],
     [
      -121.877966,
      37.336592
     ],
     [
      -121.877807,
      37.336376
     ],
     [
      -121.877653,
      37.33617
     ],
     [
      -121.877566,
      37.336054
     ],
     [
      -121.877531,
      37.336008
     ],
     [
      -121.87749,
      37.33595
     ],
     [
      -121.877234,
      37.335603
     ],
     [
      -121.877039,
      37.335339
     ],
     [
      -121.876952,
      37.335222
     ],
     [
      -121.876562,
      37.334699
     ],
     [
      -121.876502,
      37.334617
     ],
     [
      -121.876458,
      37.334556
     ],
     [
      -121.876421,
      37.334507
     ],
     [
      -121.876349,
      37.334409
     ],
     [
      -121.876275,
      37.334311
     ],
     [
      -121.87554,
      37.333324
     ],
     [
      -121.875526,
      37.333307
     ],
     [
      -121.875507,
      37.33328
     ],
     [
      -121.875485,
      37.333252
     ],
     [
      -121.875469,
      37.333231
     ],
     [
      -121.875422,
      37.33317
     ],
     [
      -121.875383,
      37.333118
     ],
     [
      -121.875338,
      37.333057
     ],
     [
      -121.875231,
      37.332908
     ],
     [
      -121.874456,
      37.331871
     ],
     [
      -121.874445,
      37.331856
     ],
     [
      -121.874393,
      37.331787
     ],
     [
      -121.87433,
      37.331701
     ],
     [
      -121.874274,
      37.331621
     ],
     [
      -121.874217,
      37.331547
     ],
     [
      -121.874028,
      37.331294
     ],
     [
      -121.873979,
      37.331228
     ],
     [
      -121.873881,
      37.331097
     ],
     [
      -121.873543,
      37.330644
     ],
     [
      -121.873324,
      37.330351
     ],
     [
      -121.873286,
      37.330299
     ],
     [
      -121.873249,
      37.33025
     ],
     [
      -121.873206,
      37.330192
     ],
     [
      -121.873162,
      37.330136
     ],
     [
      -121.873103,
      37.330054
     ],
     [
      -121.872998,
      37.329912
     ],
     [
      -121.872953,
      37.329848
     ],
     [
      -121.872798,
      37.329637
     ],
     [
      -121.872462,
      37.329188
     ],
     [
      -121.872282,
      37.328928
     ],
     [
      -121.872211,
      37.328827
     ],
     [
      -121.87214,
      37.328742
     ],
     [
      -121.872069,
      37.328629
     ],
     [
      -121.871848,
      37.328336
     ],
     [
      -121.871541,
      37.327912
     ],
     [
      -121.871491,
      37.327845
     ],
     [
      -121.871003,
      37.327204
     ],
     [
      -121.870959,
      37.327146
     ],
     [
      -121.870911,
      37.32708
     ],
     [
      -121.870822,
      37.326961
     ],
     [
      -121.869927,
      37.325774
     ],
     [
      -121.869877,
      37.325707
     ],
     [
      -121.869833,
      37.325648
     ],
     [
      -121.869512,
      37.325214
     ],
     [
      -121.869083,
      37.324632
     ],
     [
      -121.868853,
      37.32432
     ],
     [
      -121.868778,
      37.324225
     ]
    ]
   }
  },
  {
   "type": "Feature",
   "properties": {
    "company": "San Jose Railroads",
    "line": "San Jose Railroads: Tenth Street",
    "id": "sjrr-tenth-street",
    "color": "#D4762C",
    "mode": "streetcar",
    "avg_speed_kmh": 13,
    "speed_source": "ESTIMATE. No San Jose running time was found; a typical figure for a street-running city car line of this period.",
    "geometry_quality": "Traced 1.32 mi. STREET-RUNNING, ROUTED ON TODAY'S ROAD GRID: drawn by staged shortest-path routing over the current OpenStreetMap road network along the streets the sources name (South 10th Street from Santa Clara Street to Keyes Street); no rail survives. This is the street the track lay in, not a surveyed track centreline, and where a street has since been widened, realigned or severed the drawn line follows the modern street. Only the 10th Street trackage the 1935 order abandoned is drawn; the cars reached downtown over the Santa Clara Street trunk. No documented route mileage was found to compare against. No straight-line legs.",
    "segments": [
     {
      "start": 1912,
      "end": 1935,
      "headway_min": 15,
      "note": "San Jose Railroads after the 1912 merger. Rail on \"Tenth Street, from Santa Clara Street to Keyes Street\" was surrendered under the 1935 resettlement franchise, and the line went to buses on 23 February 1935. headway_min is an ESTIMATE - no San Jose streetcar timetable for these years was found.",
      "sources": [
       "Segment-level: end date 2/23/35 from chicagorailfan; the street and limits from CPUC Decision 27719.",
       "https://web.archive.org/web/20160204195910/http://www.chicagorailfan.com/sjcdate.html",
       "https://files.cpuc.ca.gov/LegacyCPUCDecisionsAndResolutions/Decisions/Decisions_D25901_to_D40599/D27719_19350204_A19727.pdf"
      ]
     }
    ]
   },
   "geometry": {
    "type": "LineString",
    "coordinates": [
     [
      -121.881039,
      37.340703
     ],
     [
      -121.880977,
      37.340622
     ],
     [
      -121.880788,
      37.34037
     ],
     [
      -121.880652,
      37.340189
     ],
     [
      -121.88062,
      37.340145
     ],
     [
      -121.880579,
      37.340091
     ],
     [
      -121.879935,
      37.339233
     ],
     [
      -121.879763,
      37.339003
     ],
     [
      -121.879677,
      37.338888
     ],
     [
      -121.879651,
      37.338852
     ],
     [
      -121.879633,
      37.338828
     ],
     [
      -121.879533,
      37.338692
     ],
     [
      -121.879416,
      37.338534
     ],
     [
      -121.879373,
      37.338475
     ],
     [
      -121.879245,
      37.338301
     ],
     [
      -121.879148,
      37.33817
     ],
     [
      -121.879089,
      37.33809
     ],
     [
      -121.878803,
      37.337708
     ],
     [
      -121.878714,
      37.337594
     ],
     [
      -121.878652,
      37.337507
     ],
     [
      -121.878607,
      37.337446
     ],
     [
      -121.87856,
      37.337384
     ],
     [
      -121.878418,
      37.337186
     ],
     [
      -121.878406,
      37.337169
     ],
     [
      -121.878324,
      37.337061
     ],
     [
      -121.878177,
      37.336868
     ],
     [
      -121.878009,
      37.336648
     ],
     [
      -121.877997,
      37.336632
     ],
     [
      -121.877966,
      37.336592
     ],
     [
      -121.877807,
      37.336376
     ],
     [
      -121.877653,
      37.33617
     ],
     [
      -121.877566,
      37.336054
     ],
     [
      -121.877531,
      37.336008
     ],
     [
      -121.87749,
      37.33595
     ],
     [
      -121.877234,
      37.335603
     ],
     [
      -121.877039,
      37.335339
     ],
     [
      -121.876952,
      37.335222
     ],
     [
      -121.876562,
      37.334699
     ],
     [
      -121.876502,
      37.334617
     ],
     [
      -121.876458,
      37.334556
     ],
     [
      -121.876421,
      37.334507
     ],
     [
      -121.876349,
      37.334409
     ],
     [
      -121.876275,
      37.334311
     ],
     [
      -121.87554,
      37.333324
     ],
     [
      -121.875526,
      37.333307
     ],
     [
      -121.875507,
      37.33328
     ],
     [
      -121.875485,
      37.333252
     ],
     [
      -121.875469,
      37.333231
     ],
     [
      -121.875422,
      37.33317
     ],
     [
      -121.875383,
      37.333118
     ],
     [
      -121.875338,
      37.333057
     ],
     [
      -121.875231,
      37.332908
     ],
     [
      -121.874456,
      37.331871
     ],
     [
      -121.874445,
      37.331856
     ],
     [
      -121.874393,
      37.331787
     ],
     [
      -121.87433,
      37.331701
     ],
     [
      -121.874274,
      37.331621
     ],
     [
      -121.874217,
      37.331547
     ],
     [
      -121.874028,
      37.331294
     ],
     [
      -121.873979,
      37.331228
     ],
     [
      -121.873881,
      37.331097
     ],
     [
      -121.873543,
      37.330644
     ],
     [
      -121.873324,
      37.330351
     ],
     [
      -121.873286,
      37.330299
     ],
     [
      -121.873249,
      37.33025
     ],
     [
      -121.873206,
      37.330192
     ],
     [
      -121.873162,
      37.330136
     ],
     [
      -121.873103,
      37.330054
     ],
     [
      -121.872998,
      37.329912
     ],
     [
      -121.872953,
      37.329848
     ],
     [
      -121.872798,
      37.329637
     ],
     [
      -121.872462,
      37.329188
     ],
     [
      -121.872282,
      37.328928
     ],
     [
      -121.872211,
      37.328827
     ],
     [
      -121.87214,
      37.328742
     ],
     [
      -121.872069,
      37.328629
     ],
     [
      -121.871848,
      37.328336
     ],
     [
      -121.871541,
      37.327912
     ],
     [
      -121.871491,
      37.327845
     ],
     [
      -121.871003,
      37.327204
     ],
     [
      -121.870959,
      37.327146
     ],
     [
      -121.870911,
      37.32708
     ],
     [
      -121.870822,
      37.326961
     ],
     [
      -121.869927,
      37.325774
     ],
     [
      -121.869877,
      37.325707
     ],
     [
      -121.869833,
      37.325648
     ],
     [
      -121.869512,
      37.325214
     ],
     [
      -121.869083,
      37.324632
     ],
     [
      -121.868853,
      37.32432
     ],
     [
      -121.868778,
      37.324225
     ]
    ]
   }
  },
  {
   "type": "Feature",
   "properties": {
    "company": "San Jose Railroads",
    "line": "San Jose Railroads: First Street",
    "id": "sjrr-first-street",
    "color": "#D4762C",
    "mode": "streetcar",
    "avg_speed_kmh": 13,
    "speed_source": "ESTIMATE. No San Jose running time was found; a typical figure for a street-running city car line of this period.",
    "geometry_quality": "Traced 3.03 mi. STREET-RUNNING, ROUTED ON TODAY'S ROAD GRID: drawn by staged shortest-path routing over the current OpenStreetMap road network along the streets the sources name (North and South 1st Street); no rail survives. This is the street the track lay in, not a surveyed track centreline, and where a street has since been widened, realigned or severed the drawn line follows the modern street. The north end is placed at Hedding Street, standing in for \"the northerly city limits\" of the 1935 order; the line's earlier northern extent is not known. The south end is Alma Avenue, the limit of the First Street track the 1935 order abandoned. No documented route mileage was found to compare against. No straight-line legs.",
    "segments": [
     {
      "start": 1891,
      "end": 1894,
      "headway_min": 15,
      "note": "First Street electrified in 1891 - narrow gauge, under the 1890 franchise granted to Jacob Rich - on a route the First Street Railroad had run with horses since 1872. The company was then controlled by the People's Horse Railroad Company, which in 1894 became the San Jose Railroad Company; the company string and colour are San Jose Railroads throughout because it is one continuous operating company renamed. headway_min is an ESTIMATE - no San Jose streetcar timetable for these years was found.",
      "sources": [
       "Segment-level: electrification 1891 from chicagorailfan; narrow-gauge franchise of 1890 from CPUC Decision 5160 (1918).",
       "https://web.archive.org/web/20160204195910/http://www.chicagorailfan.com/sjcdate.html",
       "https://web.archive.org/web/20170510133810/http://www.chicagorailfan.com/sjchis.html",
       "https://files.cpuc.ca.gov/LegacyCPUCDecisionsAndResolutions/Decisions/Decisions_D24_to_D11600/D5160_19180226_A2361.pdf"
      ]
     },
     {
      "start": 1894,
      "end": 1912,
      "headway_min": 15,
      "note": "San Jose Railroad Company. A 9 June 1909 franchise allowed the narrow-gauge First Street track to be replaced by standard gauge (the date the rebuild was finished is not known). headway_min is an ESTIMATE - no San Jose streetcar timetable for these years was found.",
      "sources": [
       "Segment-level: 1909 broad-gauge franchise from CPUC Decision 5160.",
       "https://files.cpuc.ca.gov/LegacyCPUCDecisionsAndResolutions/Decisions/Decisions_D24_to_D11600/D5160_19180226_A2361.pdf",
       "https://web.archive.org/web/20170510133810/http://www.chicagorailfan.com/sjchis.html"
      ]
     },
     {
      "start": 1912,
      "end": 1935,
      "headway_min": 12,
      "note": "San Jose Railroads. From May 1921 First Street was the trunk for three of the numbered routes. The 1935 resettlement franchise kept First Street north of Reed as rail until no later than 31 December 1937, but surrendered \"S. First Street, from Reed Street to Alma\"; chicagorailfan dates the conversion of the First Street car line to buses 25 July 1935. The whole line is ended at 1935 - CONFLICT: the franchise would have allowed the northern part to run to 1937, and no source checked shows it did. headway_min is an ESTIMATE - no San Jose streetcar timetable for these years was found.",
      "sources": [
       "Segment-level: end 7/25/35 from chicagorailfan; franchise terms from CPUC Decision 27719; 1921 trunk from Wikipedia.",
       "https://web.archive.org/web/20160204195910/http://www.chicagorailfan.com/sjcdate.html",
       "https://files.cpuc.ca.gov/LegacyCPUCDecisionsAndResolutions/Decisions/Decisions_D25901_to_D40599/D27719_19350204_A19727.pdf",
       "https://en.wikipedia.org/wiki/San_Jose_Railroads"
      ]
     }
    ]
   },
   "geometry": {
    "type": "LineString",
    "coordinates": [
     [
      -121.903569,
      37.353321
     ],
     [
      -121.903475,
      37.353197
     ],
     [
      -121.903152,
      37.352789
     ],
     [
      -121.902152,
      37.351446
     ],
     [
      -121.902015,
      37.351264
     ],
     [
      -121.901897,
      37.351118
     ],
     [
      -121.901806,
      37.351009
     ],
     [
      -121.901634,
      37.350825
     ],
     [
      -121.901409,
      37.35053
     ],
     [
      -121.901111,
      37.350122
     ],
     [
      -121.900804,
      37.349684
     ],
     [
      -121.900562,
      37.349359
     ],
     [
      -121.900417,
      37.349166
     ],
     [
      -121.900348,
      37.349083
     ],
     [
      -121.900286,
      37.349008
     ],
     [
      -121.900217,
      37.348926
     ],
     [
      -121.899754,
      37.348358
     ],
     [
      -121.899563,
      37.348115
     ],
     [
      -121.899322,
      37.347807
     ],
     [
      -121.899016,
      37.347394
     ],
     [
      -121.89892,
      37.347265
     ],
     [
      -121.898665,
      37.346922
     ],
     [
      -121.89861,
      37.346852
     ],
     [
      -121.898447,
      37.346647
     ],
     [
      -121.898226,
      37.346351
     ],
     [
      -121.898025,
      37.346083
     ],
     [
      -121.897965,
      37.346004
     ],
     [
      -121.897921,
      37.345941
     ],
     [
      -121.897747,
      37.345695
     ],
     [
      -121.897314,
      37.345082
     ],
     [
      -121.8972,
      37.344938
     ],
     [
      -121.89702,
      37.344708
     ],
     [
      -121.896968,
      37.344642
     ],
     [
      -121.896914,
      37.344572
     ],
     [
      -121.896875,
      37.344522
     ],
     [
      -121.896677,
      37.344259
     ],
     [
      -121.896421,
      37.343918
     ],
     [
      -121.896172,
      37.34358
     ],
     [
      -121.89597,
      37.343306
     ],
     [
      -121.895663,
      37.342888
     ],
     [
      -121.895423,
      37.34255
     ],
     [
      -121.895058,
      37.342022
     ],
     [
      -121.894802,
      37.341687
     ],
     [
      -121.89475,
      37.341618
     ],
     [
      -121.894688,
      37.341542
     ],
     [
      -121.893946,
      37.340609
     ],
     [
      -121.89388,
      37.340526
     ],
     [
      -121.893844,
      37.340475
     ],
     [
      -121.893489,
      37.339977
     ],
     [
      -121.893337,
      37.339837
     ],
     [
      -121.893297,
      37.339779
     ],
     [
      -121.89309,
      37.339496
     ],
     [
      -121.892844,
      37.339159
     ],
     [
      -121.892792,
      37.339092
     ],
     [
      -121.892743,
      37.339026
     ],
     [
      -121.892644,
      37.338891
     ],
     [
      -121.892363,
      37.338509
     ],
     [
      -121.8922,
      37.338291
     ],
     [
      -121.892037,
      37.338072
     ],
     [
      -121.891782,
      37.337728
     ],
     [
      -121.891732,
      37.337659
     ],
     [
      -121.891672,
      37.337581
     ],
     [
      -121.891562,
      37.337428
     ],
     [
      -121.890832,
      37.336454
     ],
     [
      -121.890684,
      37.336261
     ],
     [
      -121.890608,
      37.336157
     ],
     [
      -121.890544,
      37.33606
     ],
     [
      -121.890426,
      37.3359
     ],
     [
      -121.890303,
      37.335736
     ],
     [
      -121.890143,
      37.335525
     ],
     [
      -121.889986,
      37.335309
     ],
     [
      -121.88996,
      37.335274
     ],
     [
      -121.889851,
      37.335129
     ],
     [
      -121.889302,
      37.334401
     ],
     [
      -121.889288,
      37.33438
     ],
     [
      -121.889232,
      37.334306
     ],
     [
      -121.889188,
      37.334243
     ],
     [
      -121.889163,
      37.334207
     ],
     [
      -121.889146,
      37.334184
     ],
     [
      -121.889043,
      37.33404
     ],
     [
      -121.888861,
      37.333799
     ],
     [
      -121.888768,
      37.333672
     ],
     [
      -121.888218,
      37.332941
     ],
     [
      -121.888189,
      37.332901
     ],
     [
      -121.88818,
      37.332888
     ],
     [
      -121.888146,
      37.332839
     ],
     [
      -121.888136,
      37.332826
     ],
     [
      -121.88812,
      37.332801
     ],
     [
      -121.887967,
      37.3326
     ],
     [
      -121.887919,
      37.332534
     ],
     [
      -121.887841,
      37.332429
     ],
     [
      -121.887815,
      37.332396
     ],
     [
      -121.887564,
      37.332056
     ],
     [
      -121.887368,
      37.331801
     ],
     [
      -121.887247,
      37.331681
     ],
     [
      -121.887191,
      37.331611
     ],
     [
      -121.887155,
      37.331562
     ],
     [
      -121.887117,
      37.331511
     ],
     [
      -121.887074,
      37.331448
     ],
     [
      -121.887043,
      37.331407
     ],
     [
      -121.886723,
      37.330987
     ],
     [
      -121.886704,
      37.330962
     ],
     [
      -121.886499,
      37.330692
     ],
     [
      -121.88607,
      37.330115
     ],
     [
      -121.886066,
      37.330111
     ],
     [
      -121.886052,
      37.330091
     ],
     [
      -121.886042,
      37.330077
     ],
     [
      -121.886005,
      37.330029
     ],
     [
      -121.885969,
      37.329979
     ],
     [
      -121.885959,
      37.329964
     ],
     [
      -121.885946,
      37.329947
     ],
     [
      -121.885941,
      37.329941
     ],
     [
      -121.8858,
      37.329754
     ],
     [
      -121.885608,
      37.329495
     ],
     [
      -121.885413,
      37.329233
     ],
     [
      -121.885153,
      37.328899
     ],
     [
      -121.8851,
      37.328825
     ],
     [
      -121.88502,
      37.328706
     ],
     [
      -121.884987,
      37.328665
     ],
     [
      -121.884915,
      37.328605
     ],
     [
      -121.88484,
      37.328546
     ],
     [
      -121.884817,
      37.328517
     ],
     [
      -121.884626,
      37.328248
     ],
     [
      -121.884443,
      37.327996
     ],
     [
      -121.884413,
      37.327954
     ],
     [
      -121.88439,
      37.327922
     ],
     [
      -121.884071,
      37.327495
     ],
     [
      -121.884053,
      37.327471
     ],
     [
      -121.884015,
      37.327416
     ],
     [
      -121.88389,
      37.327229
     ],
     [
      -121.883818,
      37.327094
     ],
     [
      -121.88378,
      37.326956
     ],
     [
      -121.88371,
      37.32686
     ],
     [
      -121.883611,
      37.326814
     ],
     [
      -121.883515,
      37.326689
     ],
     [
      -121.883102,
      37.326151
     ],
     [
      -121.882941,
      37.325941
     ],
     [
      -121.88286,
      37.325837
     ],
     [
      -121.88268,
      37.325605
     ],
     [
      -121.8823,
      37.325078
     ],
     [
      -121.882102,
      37.324802
     ],
     [
      -121.882065,
      37.324746
     ],
     [
      -121.881789,
      37.324379
     ],
     [
      -121.881659,
      37.324207
     ],
     [
      -121.881604,
      37.324133
     ],
     [
      -121.881561,
      37.324073
     ],
     [
      -121.881507,
      37.323996
     ],
     [
      -121.881386,
      37.323847
     ],
     [
      -121.881242,
      37.323669
     ],
     [
      -121.881224,
      37.32365
     ],
     [
      -121.881081,
      37.323498
     ],
     [
      -121.880958,
      37.323369
     ],
     [
      -121.880491,
      37.322901
     ],
     [
      -121.880351,
      37.322762
     ],
     [
      -121.880303,
      37.322714
     ],
     [
      -121.880241,
      37.322653
     ],
     [
      -121.880008,
      37.322417
     ],
     [
      -121.87989,
      37.322296
     ],
     [
      -121.879775,
      37.32218
     ],
     [
      -121.879706,
      37.322106
     ],
     [
      -121.879471,
      37.321872
     ],
     [
      -121.879055,
      37.321446
     ],
     [
      -121.878856,
      37.321243
     ],
     [
      -121.87876,
      37.321144
     ],
     [
      -121.878626,
      37.321008
     ],
     [
      -121.878559,
      37.320951
     ],
     [
      -121.878558,
      37.320949
     ],
     [
      -121.878456,
      37.320846
     ],
     [
      -121.878372,
      37.320761
     ],
     [
      -121.878067,
      37.320452
     ],
     [
      -121.877955,
      37.320338
     ],
     [
      -121.877843,
      37.320225
     ],
     [
      -121.877741,
      37.320121
     ],
     [
      -121.877632,
      37.320022
     ],
     [
      -121.877547,
      37.319944
     ],
     [
      -121.877393,
      37.319788
     ],
     [
      -121.877382,
      37.319777
     ],
     [
      -121.877041,
      37.319434
     ],
     [
      -121.876886,
      37.319276
     ],
     [
      -121.876698,
      37.319087
     ],
     [
      -121.876683,
      37.31902
     ],
     [
      -121.876382,
      37.318715
     ],
     [
      -121.876218,
      37.318568
     ],
     [
      -121.876159,
      37.318515
     ],
     [
      -121.876084,
      37.318457
     ],
     [
      -121.875919,
      37.318286
     ],
     [
      -121.875326,
      37.317685
     ],
     [
      -121.875077,
      37.317432
     ],
     [
      -121.874903,
      37.317255
     ],
     [
      -121.87487,
      37.317227
     ],
     [
      -121.87465,
      37.317011
     ],
     [
      -121.8745,
      37.316876
     ],
     [
      -121.87411,
      37.316458
     ],
     [
      -121.874024,
      37.316375
     ]
    ]
   }
  },
  {
   "type": "Feature",
   "properties": {
    "company": "San Jose Railroads",
    "line": "San Jose Railroads: Seventh Street",
    "id": "sjrr-reed-seventh-street",
    "color": "#D4762C",
    "mode": "streetcar",
    "avg_speed_kmh": 13,
    "speed_source": "ESTIMATE. No San Jose running time was found; a typical figure for a street-running city car line of this period.",
    "geometry_quality": "Traced 1.00 mi. STREET-RUNNING, ROUTED ON TODAY'S ROAD GRID: drawn by staged shortest-path routing over the current OpenStreetMap road network along the streets the sources name (Reed Street from 1st to 7th Street, and South 7th Street from Reed to Keyes Street); no rail survives. This is the street the track lay in, not a surveyed track centreline, and where a street has since been widened, realigned or severed the drawn line follows the modern street. Only the Reed/Seventh trackage named in the 1935 order is drawn. No documented route mileage was found to compare against. No straight-line legs.",
    "segments": [
     {
      "start": 1894,
      "end": 1935,
      "headway_min": 20,
      "note": "Seventh Street line, opened as an electric line by the First Street Railroad in 1894. The Railroad Commission's 1935 decision lists rail \"along Reed Street between First Street and Seventh Street\" and \"along Seventh Street between Reed Street and Keyes Street\" among the lines to continue. CONFLICT: chicagorailfan says the Seventh Street line was \"discontinued 1927\"; that may refer to another part of Seventh Street. Which streets the 1894 line used is not known; the drawn piece is the one the 1935 order documents. headway_min is an ESTIMATE - no San Jose streetcar timetable for these years was found.",
      "sources": [
       "NOT SOURCED AT SEGMENT LEVEL: 1894 opening from chicagorailfan, 1935 operation from CPUC Decision 27719; nobody has checked that the 1894 line used Reed Street, or what happened in 1927.",
       "https://web.archive.org/web/20160204195910/http://www.chicagorailfan.com/sjcdate.html",
       "https://files.cpuc.ca.gov/LegacyCPUCDecisionsAndResolutions/Decisions/Decisions_D25901_to_D40599/D27719_19350204_A19727.pdf"
      ]
     }
    ]
   },
   "geometry": {
    "type": "LineString",
    "coordinates": [
     [
      -121.883818,
      37.327094
     ],
     [
      -121.88371,
      37.32715
     ],
     [
      -121.883617,
      37.327193
     ],
     [
      -121.883277,
      37.327356
     ],
     [
      -121.883074,
      37.327456
     ],
     [
      -121.883043,
      37.327471
     ],
     [
      -121.882862,
      37.327555
     ],
     [
      -121.882768,
      37.327598
     ],
     [
      -121.882664,
      37.327648
     ],
     [
      -121.882293,
      37.327814
     ],
     [
      -121.882265,
      37.327827
     ],
     [
      -121.882237,
      37.327841
     ],
     [
      -121.881975,
      37.327968
     ],
     [
      -121.881809,
      37.328052
     ],
     [
      -121.881729,
      37.328091
     ],
     [
      -121.881672,
      37.328117
     ],
     [
      -121.881615,
      37.328142
     ],
     [
      -121.881268,
      37.328303
     ],
     [
      -121.881027,
      37.328414
     ],
     [
      -121.880755,
      37.328539
     ],
     [
      -121.880629,
      37.3286
     ],
     [
      -121.880522,
      37.328651
     ],
     [
      -121.880273,
      37.328768
     ],
     [
      -121.88011,
      37.328844
     ],
     [
      -121.880004,
      37.328896
     ],
     [
      -121.879839,
      37.328978
     ],
     [
      -121.879701,
      37.329043
     ],
     [
      -121.879577,
      37.329102
     ],
     [
      -121.879445,
      37.329164
     ],
     [
      -121.879012,
      37.32937
     ],
     [
      -121.878894,
      37.329426
     ],
     [
      -121.878587,
      37.329573
     ],
     [
      -121.87849,
      37.329616
     ],
     [
      -121.878399,
      37.329657
     ],
     [
      -121.878184,
      37.32976
     ],
     [
      -121.877852,
      37.329919
     ],
     [
      -121.877781,
      37.329952
     ],
     [
      -121.877545,
      37.330065
     ],
     [
      -121.877439,
      37.330117
     ],
     [
      -121.877365,
      37.330016
     ],
     [
      -121.87633,
      37.328627
     ],
     [
      -121.876286,
      37.328568
     ],
     [
      -121.876076,
      37.328286
     ],
     [
      -121.87547,
      37.327476
     ],
     [
      -121.875179,
      37.327088
     ],
     [
      -121.875097,
      37.326973
     ],
     [
      -121.87505,
      37.326907
     ],
     [
      -121.875003,
      37.326841
     ],
     [
      -121.874167,
      37.325713
     ],
     [
      -121.874122,
      37.32565
     ],
     [
      -121.873041,
      37.324208
     ],
     [
      -121.872337,
      37.323255
     ],
     [
      -121.872087,
      37.32291
     ],
     [
      -121.872017,
      37.322814
     ],
     [
      -121.871955,
      37.32273
     ]
    ]
   }
  },
  {
   "type": "Feature",
   "properties": {
    "company": "San Jose Railroads",
    "line": "San Jose Railroads: Oak Hill",
    "id": "sjrr-oak-hill",
    "color": "#D4762C",
    "mode": "streetcar",
    "avg_speed_kmh": 15,
    "speed_source": "ESTIMATE. No San Jose running time was found; a typical figure for a street-running city car line of this period.",
    "geometry_quality": "Traced 1.12 mi. STREET-RUNNING, ROUTED ON TODAY'S ROAD GRID: drawn by staged shortest-path routing over the current OpenStreetMap road network along the streets the sources name (Monterey Road from Alma Avenue to Curtner Avenue); no rail survives. This is the street the track lay in, not a surveyed track centreline, and where a street has since been widened, realigned or severed the drawn line follows the modern street. The south end at Curtner Avenue (Oak Hill Cemetery) is inferred from the line's name. No documented route mileage was found to compare against. No straight-line legs.",
    "segments": [
     {
      "start": 1894,
      "end": 1918,
      "headway_min": 30,
      "note": "Oak Hill line, electric from 1894, out Monterey Road south of Alma Avenue to Oak Hill Cemetery. Wikipedia notes the Monterey Road track was never converted from narrow gauge; it was replaced by a bus on 25 August 1918. headway_min is an ESTIMATE - no San Jose streetcar timetable for these years was found.",
      "sources": [
       "Segment-level: dates 1894 and 8/25/18 from chicagorailfan; narrow gauge and bus replacement from Wikipedia.",
       "https://web.archive.org/web/20160204195910/http://www.chicagorailfan.com/sjcdate.html",
       "https://en.wikipedia.org/wiki/San_Jose_Railroads"
      ]
     }
    ]
   },
   "geometry": {
    "type": "LineString",
    "coordinates": [
     [
      -121.873887,
      37.316453
     ],
     [
      -121.873787,
      37.316352
     ],
     [
      -121.872983,
      37.315561
     ],
     [
      -121.872939,
      37.315515
     ],
     [
      -121.872334,
      37.314915
     ],
     [
      -121.872067,
      37.314647
     ],
     [
      -121.871983,
      37.314566
     ],
     [
      -121.871915,
      37.314498
     ],
     [
      -121.871701,
      37.314287
     ],
     [
      -121.870892,
      37.313486
     ],
     [
      -121.870611,
      37.313192
     ],
     [
      -121.870533,
      37.313115
     ],
     [
      -121.870391,
      37.312972
     ],
     [
      -121.870245,
      37.312825
     ],
     [
      -121.870073,
      37.312656
     ],
     [
      -121.869935,
      37.312513
     ],
     [
      -121.869854,
      37.312433
     ],
     [
      -121.869646,
      37.312219
     ],
     [
      -121.869045,
      37.311616
     ],
     [
      -121.868935,
      37.311502
     ],
     [
      -121.868825,
      37.311385
     ],
     [
      -121.868645,
      37.31121
     ],
     [
      -121.868386,
      37.310957
     ],
     [
      -121.868167,
      37.310733
     ],
     [
      -121.868122,
      37.310687
     ],
     [
      -121.868037,
      37.310602
     ],
     [
      -121.867526,
      37.310091
     ],
     [
      -121.867296,
      37.30986
     ],
     [
      -121.867014,
      37.309577
     ],
     [
      -121.866367,
      37.308928
     ],
     [
      -121.865883,
      37.30844
     ],
     [
      -121.865815,
      37.308373
     ],
     [
      -121.865593,
      37.308149
     ],
     [
      -121.865394,
      37.30795
     ],
     [
      -121.865162,
      37.307716
     ],
     [
      -121.865135,
      37.307689
     ],
     [
      -121.864783,
      37.307335
     ],
     [
      -121.864565,
      37.307116
     ],
     [
      -121.864526,
      37.307077
     ],
     [
      -121.864142,
      37.306688
     ],
     [
      -121.864056,
      37.306606
     ],
     [
      -121.863762,
      37.306311
     ],
     [
      -121.86284,
      37.3054
     ],
     [
      -121.862746,
      37.305304
     ],
     [
      -121.862642,
      37.305204
     ],
     [
      -121.862344,
      37.304902
     ],
     [
      -121.862216,
      37.304777
     ],
     [
      -121.862202,
      37.304763
     ],
     [
      -121.861991,
      37.304551
     ],
     [
      -121.861844,
      37.3044
     ],
     [
      -121.861638,
      37.304198
     ],
     [
      -121.861542,
      37.304098
     ],
     [
      -121.861446,
      37.304002
     ],
     [
      -121.861253,
      37.303808
     ],
     [
      -121.861185,
      37.303743
     ]
    ]
   }
  },
  {
   "type": "Feature",
   "properties": {
    "company": "San Jose Railroads",
    "line": "San Jose Railroads: Willow Glen",
    "id": "sjrr-willow-glen",
    "color": "#D4762C",
    "mode": "streetcar",
    "avg_speed_kmh": 13,
    "speed_source": "ESTIMATE. No San Jose running time was found; a typical figure for a street-running city car line of this period.",
    "geometry_quality": "Traced 1.91 mi. STREET-RUNNING, ROUTED ON TODAY'S ROAD GRID: drawn by staged shortest-path routing over the current OpenStreetMap road network along the streets the sources name (Willow Street from 1st Street to Lincoln Avenue, and Lincoln Avenue south to Minnesota Avenue); no rail survives. This is the street the track lay in, not a surveyed track centreline, and where a street has since been widened, realigned or severed the drawn line follows the modern street. The cars reached downtown over First Street (sjrr-first-street). No documented route mileage was found to compare against. No straight-line legs.",
    "segments": [
     {
      "start": 1894,
      "end": 1931,
      "headway_min": 20,
      "note": "Willow Glen line, electrified 1894 (horsecars from 1883), from First Street along Willow Street to Lincoln Avenue and down Lincoln to Minnesota Avenue. The 1931 order describes the Lincoln Avenue track \"between Willow Street and Minnesota Avenue\" as served by San Jose Railroads. Willow Glen was a separate town 1927-36 but this is a city car line into an adjoining suburb, so streetcar. headway_min is an ESTIMATE - no San Jose streetcar timetable for these years was found.",
      "sources": [
       "Segment-level: electrification 1894 from chicagorailfan; the Lincoln Avenue-Minnesota Avenue track from CPUC Decision 23800 (1931). Whether the 1894 line already reached Minnesota Avenue is not known.",
       "https://web.archive.org/web/20160204195910/http://www.chicagorailfan.com/sjcdate.html",
       "https://files.cpuc.ca.gov/LegacyCPUCDecisionsAndResolutions/Decisions/Decisions_D11601_to_D25900/D23800_19310615_A16978.pdf"
      ]
     }
    ]
   },
   "geometry": {
    "type": "LineString",
    "coordinates": [
     [
      -121.878626,
      37.321008
     ],
     [
      -121.878674,
      37.320981
     ],
     [
      -121.878712,
      37.320959
     ],
     [
      -121.879095,
      37.320739
     ],
     [
      -121.879278,
      37.320634
     ],
     [
      -121.879335,
      37.320601
     ],
     [
      -121.879669,
      37.32041
     ],
     [
      -121.879765,
      37.320354
     ],
     [
      -121.879837,
      37.320313
     ],
     [
      -121.880583,
      37.319879
     ],
     [
      -121.880823,
      37.319736
     ],
     [
      -121.880883,
      37.319701
     ],
     [
      -121.88115,
      37.319544
     ],
     [
      -121.881398,
      37.319399
     ],
     [
      -121.881581,
      37.319292
     ],
     [
      -121.881944,
      37.319079
     ],
     [
      -121.882006,
      37.319043
     ],
     [
      -121.882127,
      37.318982
     ],
     [
      -121.882227,
      37.318924
     ],
     [
      -121.882292,
      37.318886
     ],
     [
      -121.882361,
      37.318841
     ],
     [
      -121.88244,
      37.318797
     ],
     [
      -121.88255,
      37.318737
     ],
     [
      -121.882728,
      37.318639
     ],
     [
      -121.882786,
      37.318607
     ],
     [
      -121.88304,
      37.318456
     ],
     [
      -121.883144,
      37.318394
     ],
     [
      -121.883211,
      37.318356
     ],
     [
      -121.883295,
      37.318308
     ],
     [
      -121.883401,
      37.318245
     ],
     [
      -121.883673,
      37.318096
     ],
     [
      -121.88411,
      37.317833
     ],
     [
      -121.884704,
      37.317492
     ],
     [
      -121.884891,
      37.317386
     ],
     [
      -121.884955,
      37.317346
     ],
     [
      -121.885066,
      37.317285
     ],
     [
      -121.885231,
      37.317189
     ],
     [
      -121.885774,
      37.316872
     ],
     [
      -121.88598,
      37.316738
     ],
     [
      -121.886054,
      37.316667
     ],
     [
      -121.886176,
      37.31656
     ],
     [
      -121.886182,
      37.316554
     ],
     [
      -121.88625,
      37.31649
     ],
     [
      -121.886338,
      37.316404
     ],
     [
      -121.886427,
      37.316329
     ],
     [
      -121.886533,
      37.316246
     ],
     [
      -121.886646,
      37.316171
     ],
     [
      -121.887144,
      37.315878
     ],
     [
      -121.887535,
      37.31565
     ],
     [
      -121.888528,
      37.315083
     ],
     [
      -121.888709,
      37.315039
     ],
     [
      -121.888812,
      37.315004
     ],
     [
      -121.888924,
      37.314977
     ],
     [
      -121.888988,
      37.314962
     ],
     [
      -121.889086,
      37.31491
     ],
     [
      -121.889169,
      37.314885
     ],
     [
      -121.889296,
      37.314831
     ],
     [
      -121.889421,
      37.314765
     ],
     [
      -121.889589,
      37.314672
     ],
     [
      -121.889858,
      37.314516
     ],
     [
      -121.890015,
      37.314418
     ],
     [
      -121.890185,
      37.314318
     ],
     [
      -121.89026,
      37.314274
     ],
     [
      -121.890296,
      37.314253
     ],
     [
      -121.891049,
      37.313815
     ],
     [
      -121.891278,
      37.313683
     ],
     [
      -121.891849,
      37.313349
     ],
     [
      -121.892096,
      37.313204
     ],
     [
      -121.892124,
      37.313187
     ],
     [
      -121.892198,
      37.313145
     ],
     [
      -121.892399,
      37.31303
     ],
     [
      -121.892556,
      37.312939
     ],
     [
      -121.892934,
      37.31272
     ],
     [
      -121.893303,
      37.312506
     ],
     [
      -121.89373,
      37.312261
     ],
     [
      -121.893787,
      37.312224
     ],
     [
      -121.893849,
      37.312187
     ],
     [
      -121.89398,
      37.312111
     ],
     [
      -121.89453,
      37.311799
     ],
     [
      -121.894763,
      37.311665
     ],
     [
      -121.895046,
      37.311538
     ],
     [
      -121.895108,
      37.31151
     ],
     [
      -121.895184,
      37.311475
     ],
     [
      -121.895243,
      37.311448
     ],
     [
      -121.895494,
      37.311299
     ],
     [
      -121.895764,
      37.311189
     ],
     [
      -121.895822,
      37.311145
     ],
     [
      -121.895923,
      37.311075
     ],
     [
      -121.895993,
      37.311026
     ],
     [
      -121.896315,
      37.310772
     ],
     [
      -121.896522,
      37.310649
     ],
     [
      -121.896579,
      37.310554
     ],
     [
      -121.896869,
      37.310415
     ],
     [
      -121.897033,
      37.310327
     ],
     [
      -121.897214,
      37.310231
     ],
     [
      -121.897265,
      37.310201
     ],
     [
      -121.897718,
      37.309999
     ],
     [
      -121.89783,
      37.309947
     ],
     [
      -121.897919,
      37.309905
     ],
     [
      -121.897969,
      37.309882
     ],
     [
      -121.898033,
      37.309852
     ],
     [
      -121.898278,
      37.309741
     ],
     [
      -121.898827,
      37.309494
     ],
     [
      -121.899253,
      37.309301
     ],
     [
      -121.899793,
      37.309052
     ],
     [
      -121.900022,
      37.308947
     ],
     [
      -121.900131,
      37.308899
     ],
     [
      -121.900169,
      37.308882
     ],
     [
      -121.900322,
      37.308814
     ],
     [
      -121.900404,
      37.308778
     ],
     [
      -121.900456,
      37.308754
     ],
     [
      -121.900497,
      37.308735
     ],
     [
      -121.900659,
      37.308663
     ],
     [
      -121.900727,
      37.308633
     ],
     [
      -121.900978,
      37.308522
     ],
     [
      -121.901087,
      37.308473
     ],
     [
      -121.90103,
      37.308396
     ],
     [
      -121.900847,
      37.308154
     ],
     [
      -121.90068,
      37.307913
     ],
     [
      -121.900648,
      37.307865
     ],
     [
      -121.900462,
      37.307597
     ],
     [
      -121.900393,
      37.307497
     ],
     [
      -121.90018,
      37.307189
     ],
     [
      -121.90005,
      37.307001
     ],
     [
      -121.899935,
      37.306836
     ],
     [
      -121.899894,
      37.306776
     ],
     [
      -121.899855,
      37.306721
     ],
     [
      -121.899795,
      37.306638
     ],
     [
      -121.899596,
      37.306359
     ],
     [
      -121.899565,
      37.306315
     ],
     [
      -121.899445,
      37.306147
     ],
     [
      -121.899363,
      37.306031
     ],
     [
      -121.899354,
      37.306019
     ],
     [
      -121.899295,
      37.305935
     ],
     [
      -121.899121,
      37.305689
     ],
     [
      -121.899087,
      37.305639
     ],
     [
      -121.899053,
      37.305598
     ],
     [
      -121.898818,
      37.305314
     ],
     [
      -121.898776,
      37.305264
     ],
     [
      -121.898715,
      37.30519
     ],
     [
      -121.898556,
      37.304997
     ],
     [
      -121.898496,
      37.30493
     ],
     [
      -121.897942,
      37.3043
     ],
     [
      -121.897451,
      37.303748
     ],
     [
      -121.897333,
      37.303623
     ]
    ]
   }
  },
  {
   "type": "Feature",
   "properties": {
    "company": "San Jose Railroads",
    "line": "San Jose Railroads: Willow Glen (to McLellan Avenue)",
    "id": "sjrr-willow-glen-mclellan",
    "color": "#D4762C",
    "mode": "streetcar",
    "avg_speed_kmh": 13,
    "speed_source": "ESTIMATE. No San Jose running time was found; a typical figure for a street-running city car line of this period.",
    "geometry_quality": "Traced 0.57 mi. STREET-RUNNING, ROUTED ON TODAY'S ROAD GRID: drawn by staged shortest-path routing over the current OpenStreetMap road network along the streets the sources name (Willow Street from 1st Street to McLellan Avenue); no rail survives. This is the street the track lay in, not a surveyed track centreline, and where a street has since been widened, realigned or severed the drawn line follows the modern street. No documented route mileage was found to compare against. No straight-line legs.",
    "segments": [
     {
      "start": 1931,
      "end": 1935,
      "headway_min": 20,
      "note": "In June 1931 the Commission let San Jose Railroads and the Peninsular Railway abandon Willow Street between McClellan [today McLellan] Avenue and Lincoln Avenue, the Peninsular to serve Lincoln Avenue instead. San Jose Railroads cars were left on Willow Street from First Street to McLellan Avenue, which the 1935 franchise surrendered; the Willow Glen line went to buses on 25 July 1935. headway_min is an ESTIMATE - no San Jose streetcar timetable for these years was found.",
      "sources": [
       "Segment-level: 1931 cut-back from CPUC Decision 23800; 1935 surrender from CPUC Decision 27719; end 7/25/35 from chicagorailfan.",
       "https://files.cpuc.ca.gov/LegacyCPUCDecisionsAndResolutions/Decisions/Decisions_D11601_to_D25900/D23800_19310615_A16978.pdf",
       "https://files.cpuc.ca.gov/LegacyCPUCDecisionsAndResolutions/Decisions/Decisions_D25901_to_D40599/D27719_19350204_A19727.pdf",
       "https://web.archive.org/web/20160204195910/http://www.chicagorailfan.com/sjcdate.html"
      ]
     }
    ]
   },
   "geometry": {
    "type": "LineString",
    "coordinates": [
     [
      -121.878626,
      37.321008
     ],
     [
      -121.878674,
      37.320981
     ],
     [
      -121.878712,
      37.320959
     ],
     [
      -121.879095,
      37.320739
     ],
     [
      -121.879278,
      37.320634
     ],
     [
      -121.879335,
      37.320601
     ],
     [
      -121.879669,
      37.32041
     ],
     [
      -121.879765,
      37.320354
     ],
     [
      -121.879837,
      37.320313
     ],
     [
      -121.880583,
      37.319879
     ],
     [
      -121.880823,
      37.319736
     ],
     [
      -121.880883,
      37.319701
     ],
     [
      -121.88115,
      37.319544
     ],
     [
      -121.881398,
      37.319399
     ],
     [
      -121.881581,
      37.319292
     ],
     [
      -121.881944,
      37.319079
     ],
     [
      -121.882006,
      37.319043
     ],
     [
      -121.882127,
      37.318982
     ],
     [
      -121.882227,
      37.318924
     ],
     [
      -121.882292,
      37.318886
     ],
     [
      -121.882361,
      37.318841
     ],
     [
      -121.88244,
      37.318797
     ],
     [
      -121.88255,
      37.318737
     ],
     [
      -121.882728,
      37.318639
     ],
     [
      -121.882786,
      37.318607
     ],
     [
      -121.88304,
      37.318456
     ],
     [
      -121.883144,
      37.318394
     ],
     [
      -121.883211,
      37.318356
     ],
     [
      -121.883295,
      37.318308
     ],
     [
      -121.883401,
      37.318245
     ],
     [
      -121.883673,
      37.318096
     ],
     [
      -121.88411,
      37.317833
     ],
     [
      -121.884704,
      37.317492
     ],
     [
      -121.884891,
      37.317386
     ],
     [
      -121.884955,
      37.317346
     ],
     [
      -121.885066,
      37.317285
     ],
     [
      -121.885231,
      37.317189
     ],
     [
      -121.885774,
      37.316872
     ],
     [
      -121.88598,
      37.316738
     ],
     [
      -121.886227,
      37.316651
     ],
     [
      -121.88695,
      37.316209
     ]
    ]
   }
  },
  {
   "type": "Feature",
   "properties": {
    "company": "San Jose Railroads",
    "line": "San Jose Railroads: Hobson Street",
    "id": "sjrr-hobson-street",
    "color": "#D4762C",
    "mode": "streetcar",
    "avg_speed_kmh": 10,
    "speed_source": "ESTIMATE. No San Jose running time was found; a typical figure for a street-running city car line of this period.",
    "geometry_quality": "Traced 0.63 mi. STREET-RUNNING, ROUTED ON TODAY'S ROAD GRID: drawn by staged shortest-path routing over the current OpenStreetMap road network along the streets the sources name (Hobson Street from 1st Street to Walnut Street); no rail survives. This is the street the track lay in, not a surveyed track centreline, and where a street has since been widened, realigned or severed the drawn line follows the modern street. Documented: 0.61 mi, First Street to the east line of Walnut Street (CPUC Decision 5160, 1918). STRAIGHT-LINE LEGS: 0.37 mi across the gap where Hobson Street is now severed by the Guadalupe River Park and SR 87.",
    "segments": [
     {
      "start": 1891,
      "end": 1912,
      "headway_min": 30,
      "note": "Narrow-gauge electric line built under Jacob Rich's franchise of March 1890, from First Street along Hobson Street; a county franchise of August 1890 carried it on through College Park to Alameda Avenue, but that outer part proved unremunerative and was abandoned about 1 January 1901 (not drawn - its alignment is not recorded). Passengers transferred at First Street, as the Hobson track never connected with the broad-gauge First Street line. headway_min is an ESTIMATE - no San Jose streetcar timetable for these years was found.",
      "sources": [
       "Segment-level: franchise history and 1901 cut-back from CPUC Decision 5160 (1918); electric 1891 from chicagorailfan.",
       "https://files.cpuc.ca.gov/LegacyCPUCDecisionsAndResolutions/Decisions/Decisions_D24_to_D11600/D5160_19180226_A2361.pdf",
       "https://web.archive.org/web/20160204195910/http://www.chicagorailfan.com/sjcdate.html"
      ]
     },
     {
      "start": 1912,
      "end": 1918,
      "headway_min": 30,
      "note": "Service was dropped for part of 1912 and restored 1 May 1913 (the 1912-13 suspension falls inside this segment because years are whole). Restored 1 May 1913 under an agreement with the City (whose action on other franchises was held up until it was), with one narrow-gauge car shuttling the 0.61 mi. The Commission refused to order it broad-gauged and in February 1918 let the company substitute an automobile stage; chicagorailfan gives the bus as 1918. headway_min 30 is DERIVED: the line ran 1,098 car-miles in June 1917, about 30 round trips a day.",
      "sources": [
       "Segment-level: restoration, car-mileage and 1918 decision from CPUC Decision 5160; bus year 1918 from chicagorailfan.",
       "https://files.cpuc.ca.gov/LegacyCPUCDecisionsAndResolutions/Decisions/Decisions_D24_to_D11600/D5160_19180226_A2361.pdf",
       "https://web.archive.org/web/20160204195910/http://www.chicagorailfan.com/sjcdate.html"
      ]
     }
    ]
   },
   "geometry": {
    "type": "LineString",
    "coordinates": [
     [
      -121.898447,
      37.346647
     ],
     [
      -121.898498,
      37.346623
     ],
     [
      -121.898756,
      37.346509
     ],
     [
      -121.899145,
      37.346336
     ],
     [
      -121.900644,
      37.345684
     ],
     [
      -121.900663,
      37.345674
     ],
     [
      -121.900703,
      37.345656
     ],
     [
      -121.900769,
      37.345623
     ],
     [
      -121.900814,
      37.345601
     ],
     [
      -121.900842,
      37.345588
     ],
     [
      -121.901811,
      37.345157
     ],
     [
      -121.901846,
      37.345141
     ],
     [
      -121.901931,
      37.345104
     ],
     [
      -121.907134,
      37.341798
     ],
     [
      -121.907535,
      37.341521
     ],
     [
      -121.907734,
      37.341386
     ]
    ]
   }
  },
  {
   "type": "Feature",
   "properties": {
    "company": "San Jose Railroads",
    "line": "San Jose Railroads: Delmas Avenue",
    "id": "sjrr-delmas-avenue",
    "color": "#D4762C",
    "mode": "streetcar",
    "avg_speed_kmh": 13,
    "speed_source": "ESTIMATE. No San Jose running time was found; a typical figure for a street-running city car line of this period.",
    "geometry_quality": "Traced 1.84 mi. STREET-RUNNING, ROUTED ON TODAY'S ROAD GRID: drawn by staged shortest-path routing over the current OpenStreetMap road network along the streets the sources name (Delmas Avenue from Willow Street north to San Fernando Street, and San Fernando Street east to 1st Street); no rail survives. This is the street the track lay in, not a surveyed track centreline, and where a street has since been widened, realigned or severed the drawn line follows the modern street. Where the line went beyond San Fernando Street is not drawn. No documented route mileage was found to compare against. STRAIGHT-LINE LEGS: 0.28 mi where Delmas Avenue is now cut by Interstate 280.",
    "segments": [
     {
      "start": 1892,
      "end": 1935,
      "headway_min": 20,
      "note": "Delmas Avenue line, built by the Market Street & Willow Glen Railroad (horsecars from 1877; controlled by the People's Horse Railroad from 1882) and electrified in 1892. After May 1921 one route ran on Delmas, San Fernando and Julian Streets. Peninsular Railway through cars to Los Gatos via Campbell were rerouted over Willow Street and Delmas in 1922. Delmas Avenue south of San Carlos went to buses on 23 February 1935 over residents' protests. headway_min is an ESTIMATE - no San Jose streetcar timetable for these years was found.",
      "sources": [
       "Segment-level: dates 1892 and 2/23/35 from chicagorailfan; streets from Wikipedia and CPUC Decisions 11233 (1922) and 27719 (1935).",
       "https://web.archive.org/web/20160204195910/http://www.chicagorailfan.com/sjcdate.html",
       "https://en.wikipedia.org/wiki/San_Jose_Railroads",
       "https://files.cpuc.ca.gov/LegacyCPUCDecisionsAndResolutions/Decisions/Decisions_D25901_to_D40599/D27719_19350204_A19727.pdf",
       "https://files.cpuc.ca.gov/LegacyCPUCDecisionsAndResolutions/Decisions/Decisions_D24_to_D11600/D11233_19221114_A7786.pdf"
      ]
     }
    ]
   },
   "geometry": {
    "type": "LineString",
    "coordinates": [
     [
      -121.893303,
      37.312506
     ],
     [
      -121.89335,
      37.312578
     ],
     [
      -121.893365,
      37.312601
     ],
     [
      -121.893385,
      37.312685
     ],
     [
      -121.893379,
      37.312779
     ],
     [
      -121.89334,
      37.313453
     ],
     [
      -121.893281,
      37.314293
     ],
     [
      -121.893231,
      37.315171
     ],
     [
      -121.893182,
      37.315965
     ],
     [
      -121.893178,
      37.316039
     ],
     [
      -121.893172,
      37.31613
     ],
     [
      -121.893125,
      37.316863
     ],
     [
      -121.893121,
      37.316925
     ],
     [
      -121.893118,
      37.31699
     ],
     [
      -121.893076,
      37.317804
     ],
     [
      -121.893057,
      37.318067
     ],
     [
      -121.893049,
      37.31826
     ],
     [
      -121.89303,
      37.318684
     ],
     [
      -121.892952,
      37.319924
     ],
     [
      -121.892947,
      37.319994
     ],
     [
      -121.892943,
      37.320069
     ],
     [
      -121.89287,
      37.321475
     ],
     [
      -121.892866,
      37.321541
     ],
     [
      -121.892817,
      37.322134
     ],
     [
      -121.894548,
      37.325992
     ],
     [
      -121.894629,
      37.326083
     ],
     [
      -121.895002,
      37.326588
     ],
     [
      -121.895461,
      37.327208
     ],
     [
      -121.895578,
      37.327369
     ],
     [
      -121.895624,
      37.327429
     ],
     [
      -121.89569,
      37.327514
     ],
     [
      -121.895735,
      37.327573
     ],
     [
      -121.895841,
      37.327718
     ],
     [
      -121.896518,
      37.328685
     ],
     [
      -121.896605,
      37.328774
     ],
     [
      -121.896695,
      37.328875
     ],
     [
      -121.897196,
      37.329525
     ],
     [
      -121.897731,
      37.330245
     ],
     [
      -121.897776,
      37.330314
     ],
     [
      -121.897681,
      37.330375
     ],
     [
      -121.897428,
      37.330498
     ],
     [
      -121.897341,
      37.33054
     ],
     [
      -121.897273,
      37.330573
     ],
     [
      -121.897167,
      37.330624
     ],
     [
      -121.897055,
      37.330683
     ],
     [
      -121.896524,
      37.33094
     ],
     [
      -121.896051,
      37.331163
     ],
     [
      -121.896007,
      37.331181
     ],
     [
      -121.895909,
      37.331225
     ],
     [
      -121.895826,
      37.331257
     ],
     [
      -121.895505,
      37.33139
     ],
     [
      -121.895454,
      37.331402
     ],
     [
      -121.895339,
      37.331433
     ],
     [
      -121.894996,
      37.331586
     ],
     [
      -121.894633,
      37.331753
     ],
     [
      -121.89458,
      37.331778
     ],
     [
      -121.894559,
      37.331788
     ],
     [
      -121.894092,
      37.332012
     ],
     [
      -121.894081,
      37.332017
     ],
     [
      -121.893794,
      37.332155
     ],
     [
      -121.893681,
      37.332208
     ],
     [
      -121.893508,
      37.332291
     ],
     [
      -121.893414,
      37.332336
     ],
     [
      -121.893098,
      37.332488
     ],
     [
      -121.89275,
      37.33265
     ],
     [
      -121.892506,
      37.332763
     ],
     [
      -121.892434,
      37.332796
     ],
     [
      -121.892371,
      37.332826
     ],
     [
      -121.892286,
      37.332866
     ],
     [
      -121.892137,
      37.332936
     ],
     [
      -121.89184,
      37.333076
     ],
     [
      -121.891635,
      37.333173
     ],
     [
      -121.891564,
      37.333206
     ],
     [
      -121.89151,
      37.333233
     ],
     [
      -121.891366,
      37.333307
     ],
     [
      -121.891218,
      37.333388
     ],
     [
      -121.891032,
      37.33349
     ],
     [
      -121.890873,
      37.33357
     ],
     [
      -121.890842,
      37.333584
     ],
     [
      -121.890717,
      37.333645
     ],
     [
      -121.890592,
      37.333707
     ],
     [
      -121.890548,
      37.333728
     ],
     [
      -121.890188,
      37.333895
     ],
     [
      -121.890034,
      37.333979
     ],
     [
      -121.889967,
      37.334009
     ],
     [
      -121.889806,
      37.334074
     ],
     [
      -121.889774,
      37.334085
     ],
     [
      -121.889757,
      37.334091
     ],
     [
      -121.889612,
      37.334148
     ],
     [
      -121.889478,
      37.334198
     ],
     [
      -121.88933,
      37.334261
     ],
     [
      -121.889292,
      37.334279
     ],
     [
      -121.889232,
      37.334306
     ]
    ]
   }
  },
  {
   "type": "Feature",
   "properties": {
    "company": "San Jose Railroads",
    "line": "San Jose Railroads: Julian Street",
    "id": "sjrr-julian-street",
    "color": "#D4762C",
    "mode": "streetcar",
    "avg_speed_kmh": 13,
    "speed_source": "ESTIMATE. No San Jose running time was found; a typical figure for a street-running city car line of this period.",
    "geometry_quality": "Traced 1.27 mi. STREET-RUNNING, ROUTED ON TODAY'S ROAD GRID: drawn by staged shortest-path routing over the current OpenStreetMap road network along the streets the sources name (Julian Street from 1st Street east to 21st Street); no rail survives. This is the street the track lay in, not a surveyed track centreline, and where a street has since been widened, realigned or severed the drawn line follows the modern street. The west end at First Street is assumed. No documented route mileage was found to compare against. No straight-line legs.",
    "segments": [
     {
      "start": 1894,
      "end": 1933,
      "headway_min": 20,
      "note": "Julian Street line, electric from 1894. On 7 March 1933 the Commission let San Jose Railroads abandon Julian Street between 17th and 21st Streets (and 17th Street between Julian and Santa Clara) in a rerouting; chicagorailfan gives 21 March 1933 as the line's end. Julian Street from 11th to 17th stayed in use as part of the Seventeenth Street line. headway_min is an ESTIMATE - no San Jose streetcar timetable for these years was found.",
      "sources": [
       "Segment-level: dates 1894 and 3/21/33 from chicagorailfan; abandonment from CPUC Decision 25713.",
       "https://web.archive.org/web/20160204195910/http://www.chicagorailfan.com/sjcdate.html",
       "https://files.cpuc.ca.gov/LegacyCPUCDecisionsAndResolutions/Decisions/Decisions_D11601_to_D25900/D25713_19330307_A18725.pdf"
      ]
     }
    ]
   },
   "geometry": {
    "type": "LineString",
    "coordinates": [
     [
      -121.893771,
      37.340577
     ],
     [
      -121.893726,
      37.340599
     ],
     [
      -121.893399,
      37.340757
     ],
     [
      -121.89334,
      37.340784
     ],
     [
      -121.892859,
      37.341017
     ],
     [
      -121.89277,
      37.341061
     ],
     [
      -121.892696,
      37.341096
     ],
     [
      -121.892426,
      37.341225
     ],
     [
      -121.891828,
      37.341507
     ],
     [
      -121.891735,
      37.341549
     ],
     [
      -121.891639,
      37.341592
     ],
     [
      -121.891107,
      37.341853
     ],
     [
      -121.89078,
      37.342007
     ],
     [
      -121.890679,
      37.342054
     ],
     [
      -121.890586,
      37.342097
     ],
     [
      -121.889706,
      37.342511
     ],
     [
      -121.889593,
      37.342571
     ],
     [
      -121.889498,
      37.342622
     ],
     [
      -121.889321,
      37.342704
     ],
     [
      -121.889177,
      37.342771
     ],
     [
      -121.888712,
      37.342991
     ],
     [
      -121.888611,
      37.343037
     ],
     [
      -121.88852,
      37.343081
     ],
     [
      -121.888439,
      37.34312
     ],
     [
      -121.887998,
      37.343326
     ],
     [
      -121.887555,
      37.343533
     ],
     [
      -121.887465,
      37.343574
     ],
     [
      -121.887381,
      37.343618
     ],
     [
      -121.886941,
      37.343823
     ],
     [
      -121.886897,
      37.343844
     ],
     [
      -121.886502,
      37.344028
     ],
     [
      -121.886402,
      37.344074
     ],
     [
      -121.886326,
      37.344111
     ],
     [
      -121.885452,
      37.344539
     ],
     [
      -121.885363,
      37.344581
     ],
     [
      -121.885279,
      37.344621
     ],
     [
      -121.885057,
      37.344727
     ],
     [
      -121.88485,
      37.344826
     ],
     [
      -121.884798,
      37.344852
     ],
     [
      -121.88474,
      37.34488
     ],
     [
      -121.884631,
      37.344931
     ],
     [
      -121.884406,
      37.345037
     ],
     [
      -121.884376,
      37.345051
     ],
     [
      -121.884304,
      37.345086
     ],
     [
      -121.884227,
      37.345119
     ],
     [
      -121.883403,
      37.345514
     ],
     [
      -121.883352,
      37.345538
     ],
     [
      -121.883285,
      37.345572
     ],
     [
      -121.883204,
      37.345607
     ],
     [
      -121.883177,
      37.345619
     ],
     [
      -121.883119,
      37.345647
     ],
     [
      -121.882381,
      37.345988
     ],
     [
      -121.882313,
      37.346018
     ],
     [
      -121.882264,
      37.346042
     ],
     [
      -121.881477,
      37.346418
     ],
     [
      -121.881378,
      37.346462
     ],
     [
      -121.8813,
      37.346501
     ],
     [
      -121.88116,
      37.346567
     ],
     [
      -121.880511,
      37.346871
     ],
     [
      -121.880446,
      37.346902
     ],
     [
      -121.880397,
      37.346925
     ],
     [
      -121.879774,
      37.347221
     ],
     [
      -121.879604,
      37.347301
     ],
     [
      -121.879513,
      37.347346
     ],
     [
      -121.879434,
      37.347382
     ],
     [
      -121.879275,
      37.347458
     ],
     [
      -121.87926,
      37.347465
     ],
     [
      -121.878643,
      37.347761
     ],
     [
      -121.87858,
      37.347792
     ],
     [
      -121.878534,
      37.347813
     ],
     [
      -121.877749,
      37.348191
     ],
     [
      -121.877661,
      37.348233
     ],
     [
      -121.877567,
      37.348277
     ],
     [
      -121.877519,
      37.3483
     ],
     [
      -121.877375,
      37.348367
     ],
     [
      -121.877204,
      37.348449
     ],
     [
      -121.876783,
      37.348649
     ],
     [
      -121.876728,
      37.348676
     ],
     [
      -121.876671,
      37.348702
     ],
     [
      -121.875889,
      37.349075
     ],
     [
      -121.875795,
      37.349119
     ],
     [
      -121.875704,
      37.34916
     ],
     [
      -121.874869,
      37.349558
     ],
     [
      -121.874163,
      37.349894
     ],
     [
      -121.874123,
      37.349913
     ],
     [
      -121.874023,
      37.349964
     ],
     [
      -121.873927,
      37.350009
     ]
    ]
   }
  },
  {
   "type": "Feature",
   "properties": {
    "company": "San Jose Railroads",
    "line": "San Jose Railroads: Seventeenth Street",
    "id": "sjrr-seventeenth-street",
    "color": "#D4762C",
    "mode": "streetcar",
    "avg_speed_kmh": 13,
    "speed_source": "ESTIMATE. No San Jose running time was found; a typical figure for a street-running city car line of this period.",
    "geometry_quality": "Traced 2.41 mi. STREET-RUNNING, ROUTED ON TODAY'S ROAD GRID: drawn by staged shortest-path routing over the current OpenStreetMap road network along the streets the sources name (North 17th Street, Julian, North 11th, St. James, North 6th, St. John and North 2nd Streets); no rail survives. This is the street the track lay in, not a surveyed track centreline, and where a street has since been widened, realigned or severed the drawn line follows the modern street. The north end is placed at Vestal Street, near the city-limits loop named in the 1936 bus certificate. No documented route mileage was found to compare against. No straight-line legs.",
    "segments": [
     {
      "start": 1933,
      "end": 1936,
      "headway_min": 20,
      "note": "Built by the Peninsular Railway and run by it until San Jose Railroads took over its San Jose city trackage and operation in 1933 (chicagorailfan; Wikipedia says 1934 - CONFLICT recorded, 1933 used). The Peninsular years are not drawn in this file. Route from the 1935 franchise: North 17th Street from the north city limits to Julian, Julian to 11th, 11th to St. James, St. James to 6th, 6th to St. John, St. John to Second, Second to San Fernando. Replaced by buses under Ordinance 2495 (effective 1 April 1936); chicagorailfan dates the bus 26 April 1936. headway_min is an ESTIMATE - no San Jose streetcar timetable for these years was found.",
      "sources": [
       "Segment-level: streets from CPUC Decisions 27719 and 28674; dates from chicagorailfan.",
       "https://files.cpuc.ca.gov/LegacyCPUCDecisionsAndResolutions/Decisions/Decisions_D25901_to_D40599/D27719_19350204_A19727.pdf",
       "https://files.cpuc.ca.gov/LegacyCPUCDecisionsAndResolutions/Decisions/Decisions_D25901_to_D40599/D28674_19360327_A20415.pdf",
       "https://web.archive.org/web/20160204195910/http://www.chicagorailfan.com/sjcdate.html"
      ]
     }
    ]
   },
   "geometry": {
    "type": "LineString",
    "coordinates": [
     [
      -121.886409,
      37.359996
     ],
     [
      -121.885672,
      37.359
     ],
     [
      -121.88561,
      37.35892
     ],
     [
      -121.885556,
      37.35885
     ],
     [
      -121.885402,
      37.358643
     ],
     [
      -121.885325,
      37.358539
     ],
     [
      -121.885241,
      37.358426
     ],
     [
      -121.885155,
      37.35831
     ],
     [
      -121.885044,
      37.358161
     ],
     [
      -121.88498,
      37.358075
     ],
     [
      -121.884883,
      37.357944
     ],
     [
      -121.884744,
      37.357759
     ],
     [
      -121.884592,
      37.357554
     ],
     [
      -121.884516,
      37.357452
     ],
     [
      -121.884438,
      37.357346
     ],
     [
      -121.884266,
      37.357115
     ],
     [
      -121.884191,
      37.357015
     ],
     [
      -121.884073,
      37.356855
     ],
     [
      -121.884012,
      37.356777
     ],
     [
      -121.883969,
      37.356716
     ],
     [
      -121.883861,
      37.356572
     ],
     [
      -121.883774,
      37.356454
     ],
     [
      -121.883634,
      37.356267
     ],
     [
      -121.883555,
      37.356162
     ],
     [
      -121.883475,
      37.356054
     ],
     [
      -121.88339,
      37.35594
     ],
     [
      -121.883307,
      37.355829
     ],
     [
      -121.883244,
      37.355744
     ],
     [
      -121.883164,
      37.355638
     ],
     [
      -121.883008,
      37.355428
     ],
     [
      -121.882848,
      37.355214
     ],
     [
      -121.882479,
      37.354721
     ],
     [
      -121.882418,
      37.354639
     ],
     [
      -121.882372,
      37.354559
     ],
     [
      -121.880895,
      37.352572
     ],
     [
      -121.880838,
      37.352496
     ],
     [
      -121.880769,
      37.352421
     ],
     [
      -121.879286,
      37.350438
     ],
     [
      -121.879222,
      37.350352
     ],
     [
      -121.879166,
      37.350277
     ],
     [
      -121.877706,
      37.348294
     ],
     [
      -121.877661,
      37.348233
     ],
     [
      -121.877749,
      37.348191
     ],
     [
      -121.878534,
      37.347813
     ],
     [
      -121.87858,
      37.347792
     ],
     [
      -121.878643,
      37.347761
     ],
     [
      -121.87926,
      37.347465
     ],
     [
      -121.879275,
      37.347458
     ],
     [
      -121.879434,
      37.347382
     ],
     [
      -121.879513,
      37.347346
     ],
     [
      -121.879604,
      37.347301
     ],
     [
      -121.879774,
      37.347221
     ],
     [
      -121.880397,
      37.346925
     ],
     [
      -121.880446,
      37.346902
     ],
     [
      -121.880511,
      37.346871
     ],
     [
      -121.88116,
      37.346567
     ],
     [
      -121.8813,
      37.346501
     ],
     [
      -121.881378,
      37.346462
     ],
     [
      -121.881477,
      37.346418
     ],
     [
      -121.882264,
      37.346042
     ],
     [
      -121.882313,
      37.346018
     ],
     [
      -121.882381,
      37.345988
     ],
     [
      -121.883119,
      37.345647
     ],
     [
      -121.883177,
      37.345619
     ],
     [
      -121.883204,
      37.345607
     ],
     [
      -121.883159,
      37.345546
     ],
     [
      -121.883139,
      37.345518
     ],
     [
      -121.883028,
      37.345368
     ],
     [
      -121.883038,
      37.345336
     ],
     [
      -121.882356,
      37.344416
     ],
     [
      -121.88237,
      37.344341
     ],
     [
      -121.88225,
      37.34418
     ],
     [
      -121.882203,
      37.344119
     ],
     [
      -121.882264,
      37.344089
     ],
     [
      -121.88231,
      37.344067
     ],
     [
      -121.883151,
      37.343671
     ],
     [
      -121.883222,
      37.343636
     ],
     [
      -121.883299,
      37.343602
     ],
     [
      -121.883325,
      37.343591
     ],
     [
      -121.883761,
      37.343382
     ],
     [
      -121.884202,
      37.343169
     ],
     [
      -121.884278,
      37.343133
     ],
     [
      -121.884368,
      37.343089
     ],
     [
      -121.884794,
      37.342887
     ],
     [
      -121.884947,
      37.342814
     ],
     [
      -121.885328,
      37.342633
     ],
     [
      -121.886306,
      37.342171
     ],
     [
      -121.886388,
      37.342131
     ],
     [
      -121.886483,
      37.342086
     ],
     [
      -121.887263,
      37.341715
     ],
     [
      -121.887354,
      37.341672
     ],
     [
      -121.887432,
      37.341635
     ],
     [
      -121.887398,
      37.341584
     ],
     [
      -121.88731,
      37.341465
     ],
     [
      -121.887287,
      37.341434
     ],
     [
      -121.886618,
      37.340529
     ],
     [
      -121.886412,
      37.340249
     ],
     [
      -121.886375,
      37.340194
     ],
     [
      -121.886458,
      37.340154
     ],
     [
      -121.886689,
      37.340045
     ],
     [
      -121.887138,
      37.339832
     ],
     [
      -121.887354,
      37.339729
     ],
     [
      -121.887442,
      37.339687
     ],
     [
      -121.887559,
      37.339631
     ],
     [
      -121.887767,
      37.339527
     ],
     [
      -121.888224,
      37.339315
     ],
     [
      -121.888379,
      37.339243
     ],
     [
      -121.888435,
      37.339217
     ],
     [
      -121.888518,
      37.33917
     ],
     [
      -121.888628,
      37.33911
     ],
     [
      -121.888724,
      37.339065
     ],
     [
      -121.888919,
      37.338968
     ],
     [
      -121.889017,
      37.338927
     ],
     [
      -121.889151,
      37.338881
     ],
     [
      -121.889221,
      37.338857
     ],
     [
      -121.889465,
      37.338738
     ],
     [
      -121.889497,
      37.338722
     ],
     [
      -121.889534,
      37.338707
     ],
     [
      -121.889618,
      37.338671
     ],
     [
      -121.889693,
      37.338636
     ],
     [
      -121.889744,
      37.338611
     ],
     [
      -121.889762,
      37.338602
     ],
     [
      -121.890496,
      37.338253
     ],
     [
      -121.890548,
      37.338228
     ],
     [
      -121.890638,
      37.338188
     ],
     [
      -121.890577,
      37.338104
     ],
     [
      -121.890382,
      37.337851
     ],
     [
      -121.890286,
      37.337727
     ],
     [
      -121.890224,
      37.337648
     ],
     [
      -121.890069,
      37.337446
     ],
     [
      -121.88981,
      37.337111
     ],
     [
      -121.889688,
      37.336948
     ],
     [
      -121.889567,
      37.336793
     ],
     [
      -121.889489,
      37.336689
     ],
     [
      -121.88942,
      37.336595
     ],
     [
      -121.889112,
      37.336182
     ],
     [
      -121.888954,
      37.335971
     ],
     [
      -121.888796,
      37.33576
     ],
     [
      -121.888496,
      37.335361
     ],
     [
      -121.888216,
      37.334977
     ],
     [
      -121.888186,
      37.334935
     ],
     [
      -121.888167,
      37.33491
     ],
     [
      -121.88812,
      37.334846
     ]
    ]
   }
  },
  {
   "type": "Feature",
   "properties": {
    "company": "San Jose Railroads",
    "line": "San Jose Railroads: Bascom",
    "id": "sjrr-bascom",
    "color": "#D4762C",
    "mode": "streetcar",
    "avg_speed_kmh": 14,
    "speed_source": "ESTIMATE. No San Jose running time was found; a typical figure for a street-running city car line of this period.",
    "geometry_quality": "Traced 2.91 mi. STREET-RUNNING, ROUTED ON TODAY'S ROAD GRID: drawn by staged shortest-path routing over the current OpenStreetMap road network along the streets the sources name (San Fernando Street from 2nd Street to Delmas Avenue, Delmas Avenue to San Carlos Street, and San Carlos Street west to Bascom Avenue); no rail survives. This is the street the track lay in, not a surveyed track centreline, and where a street has since been widened, realigned or severed the drawn line follows the modern street. The west end at Bascom Avenue is inferred from the line's name (\"westerly city limits\" in 1935). No documented route mileage was found to compare against. No straight-line legs.",
    "segments": [
     {
      "start": 1933,
      "end": 1938,
      "headway_min": 20,
      "note": "Built by the Peninsular Railway and run by it until San Jose Railroads took over its San Jose city trackage and operation in 1933 (chicagorailfan; Wikipedia says 1934 - CONFLICT recorded, 1933 used). The Peninsular years are not drawn in this file. Kept as rail in the 1935 franchise (San Fernando from Second to Delmas, Delmas to San Carlos, San Carlos to the westerly city limits); a four-block loop on San Carlos and Delmas was abandoned in June 1936. One of the last two San Jose car lines, replaced by buses 10 April 1938. headway_min is an ESTIMATE - no San Jose streetcar timetable for these years was found.",
      "sources": [
       "Segment-level: streets from CPUC Decisions 27719 and 28909; end date from chicagorailfan.",
       "https://files.cpuc.ca.gov/LegacyCPUCDecisionsAndResolutions/Decisions/Decisions_D25901_to_D40599/D27719_19350204_A19727.pdf",
       "https://files.cpuc.ca.gov/LegacyCPUCDecisionsAndResolutions/Decisions/Decisions_D25901_to_D40599/D28909_19360618_A20609.pdf",
       "https://web.archive.org/web/20160204195910/http://www.chicagorailfan.com/sjcdate.html"
      ]
     }
    ]
   },
   "geometry": {
    "type": "LineString",
    "coordinates": [
     [
      -121.88812,
      37.334846
     ],
     [
      -121.888208,
      37.334797
     ],
     [
      -121.888242,
      37.334775
     ],
     [
      -121.888294,
      37.33475
     ],
     [
      -121.888551,
      37.334629
     ],
     [
      -121.888605,
      37.334603
     ],
     [
      -121.888862,
      37.334481
     ],
     [
      -121.889056,
      37.334389
     ],
     [
      -121.889104,
      37.334366
     ],
     [
      -121.889131,
      37.334353
     ],
     [
      -121.889232,
      37.334306
     ],
     [
      -121.889292,
      37.334279
     ],
     [
      -121.88933,
      37.334261
     ],
     [
      -121.889478,
      37.334198
     ],
     [
      -121.889612,
      37.334148
     ],
     [
      -121.889757,
      37.334091
     ],
     [
      -121.889774,
      37.334085
     ],
     [
      -121.889806,
      37.334074
     ],
     [
      -121.889967,
      37.334009
     ],
     [
      -121.890034,
      37.333979
     ],
     [
      -121.890188,
      37.333895
     ],
     [
      -121.890548,
      37.333728
     ],
     [
      -121.890592,
      37.333707
     ],
     [
      -121.890717,
      37.333645
     ],
     [
      -121.890842,
      37.333584
     ],
     [
      -121.890873,
      37.33357
     ],
     [
      -121.891032,
      37.33349
     ],
     [
      -121.891218,
      37.333388
     ],
     [
      -121.891366,
      37.333307
     ],
     [
      -121.89151,
      37.333233
     ],
     [
      -121.891564,
      37.333206
     ],
     [
      -121.891635,
      37.333173
     ],
     [
      -121.89184,
      37.333076
     ],
     [
      -121.892137,
      37.332936
     ],
     [
      -121.892286,
      37.332866
     ],
     [
      -121.892371,
      37.332826
     ],
     [
      -121.892434,
      37.332796
     ],
     [
      -121.892506,
      37.332763
     ],
     [
      -121.89275,
      37.33265
     ],
     [
      -121.893098,
      37.332488
     ],
     [
      -121.893414,
      37.332336
     ],
     [
      -121.893508,
      37.332291
     ],
     [
      -121.893681,
      37.332208
     ],
     [
      -121.893794,
      37.332155
     ],
     [
      -121.894081,
      37.332017
     ],
     [
      -121.894092,
      37.332012
     ],
     [
      -121.894559,
      37.331788
     ],
     [
      -121.89458,
      37.331778
     ],
     [
      -121.894633,
      37.331753
     ],
     [
      -121.894996,
      37.331586
     ],
     [
      -121.895339,
      37.331433
     ],
     [
      -121.895454,
      37.331402
     ],
     [
      -121.895505,
      37.33139
     ],
     [
      -121.895826,
      37.331257
     ],
     [
      -121.895909,
      37.331225
     ],
     [
      -121.896007,
      37.331181
     ],
     [
      -121.896051,
      37.331163
     ],
     [
      -121.896524,
      37.33094
     ],
     [
      -121.897055,
      37.330683
     ],
     [
      -121.897167,
      37.330624
     ],
     [
      -121.897273,
      37.330573
     ],
     [
      -121.897341,
      37.33054
     ],
     [
      -121.897428,
      37.330498
     ],
     [
      -121.897681,
      37.330375
     ],
     [
      -121.897776,
      37.330314
     ],
     [
      -121.897731,
      37.330245
     ],
     [
      -121.897196,
      37.329525
     ],
     [
      -121.896695,
      37.328875
     ],
     [
      -121.896605,
      37.328774
     ],
     [
      -121.896518,
      37.328685
     ],
     [
      -121.895841,
      37.327718
     ],
     [
      -121.895735,
      37.327573
     ],
     [
      -121.89569,
      37.327514
     ],
     [
      -121.895763,
      37.327479
     ],
     [
      -121.895922,
      37.327407
     ],
     [
      -121.89605,
      37.327343
     ],
     [
      -121.896567,
      37.327017
     ],
     [
      -121.896683,
      37.326938
     ],
     [
      -121.896917,
      37.326794
     ],
     [
      -121.897177,
      37.326624
     ],
     [
      -121.897556,
      37.326385
     ],
     [
      -121.897648,
      37.326328
     ],
     [
      -121.89818,
      37.326022
     ],
     [
      -121.89855,
      37.325805
     ],
     [
      -121.898626,
      37.325759
     ],
     [
      -121.898752,
      37.325686
     ],
     [
      -121.899921,
      37.325007
     ],
     [
      -121.899935,
      37.324999
     ],
     [
      -121.900116,
      37.324894
     ],
     [
      -121.900171,
      37.324863
     ],
     [
      -121.900332,
      37.324771
     ],
     [
      -121.900414,
      37.324724
     ],
     [
      -121.900565,
      37.324638
     ],
     [
      -121.900635,
      37.324598
     ],
     [
      -121.900747,
      37.324534
     ],
     [
      -121.900871,
      37.324466
     ],
     [
      -121.901,
      37.324395
     ],
     [
      -121.901115,
      37.324331
     ],
     [
      -121.901253,
      37.324268
     ],
     [
      -121.901339,
      37.324231
     ],
     [
      -121.90142,
      37.324212
     ],
     [
      -121.901511,
      37.324196
     ],
     [
      -121.901609,
      37.324156
     ],
     [
      -121.901954,
      37.32414
     ],
     [
      -121.902811,
      37.324098
     ],
     [
      -121.903041,
      37.32408
     ],
     [
      -121.903256,
      37.32406
     ],
     [
      -121.903445,
      37.324038
     ],
     [
      -121.90369,
      37.324001
     ],
     [
      -121.904306,
      37.32388
     ],
     [
      -121.904876,
      37.323835
     ],
     [
      -121.905514,
      37.323806
     ],
     [
      -121.905753,
      37.323793
     ],
     [
      -121.905943,
      37.323783
     ],
     [
      -121.905979,
      37.323781
     ],
     [
      -121.906053,
      37.323775
     ],
     [
      -121.906131,
      37.323769
     ],
     [
      -121.907546,
      37.323716
     ],
     [
      -121.907684,
      37.323711
     ],
     [
      -121.908103,
      37.323692
     ],
     [
      -121.908587,
      37.32367
     ],
     [
      -121.908688,
      37.32367
     ],
     [
      -121.908984,
      37.32366
     ],
     [
      -121.909047,
      37.323656
     ],
     [
      -121.910107,
      37.323602
     ],
     [
      -121.910324,
      37.323595
     ],
     [
      -121.911292,
      37.323568
     ],
     [
      -121.911417,
      37.323569
     ],
     [
      -121.911519,
      37.32357
     ],
     [
      -121.911726,
      37.323568
     ],
     [
      -121.91187,
      37.32357
     ],
     [
      -121.911938,
      37.32357
     ],
     [
      -121.912604,
      37.323569
     ],
     [
      -121.912903,
      37.323569
     ],
     [
      -121.913048,
      37.323568
     ],
     [
      -121.913355,
      37.323566
     ],
     [
      -121.913629,
      37.323564
     ],
     [
      -121.913765,
      37.323558
     ],
     [
      -121.9139,
      37.323556
     ],
     [
      -121.914195,
      37.323552
     ],
     [
      -121.914336,
      37.323551
     ],
     [
      -121.914608,
      37.32355
     ],
     [
      -121.914963,
      37.323546
     ],
     [
      -121.915067,
      37.323544
     ],
     [
      -121.915453,
      37.323541
     ],
     [
      -121.916386,
      37.323531
     ],
     [
      -121.916916,
      37.323527
     ],
     [
      -121.917412,
      37.323526
     ],
     [
      -121.918408,
      37.323516
     ],
     [
      -121.91879,
      37.323514
     ],
     [
      -121.91896,
      37.323514
     ],
     [
      -121.919143,
      37.323514
     ],
     [
      -121.919987,
      37.32351
     ],
     [
      -121.920695,
      37.323507
     ],
     [
      -121.921622,
      37.323504
     ],
     [
      -121.921684,
      37.323504
     ],
     [
      -121.921923,
      37.323502
     ],
     [
      -121.922439,
      37.3235
     ],
     [
      -121.923206,
      37.323497
     ],
     [
      -121.923671,
      37.323497
     ],
     [
      -121.923818,
      37.323498
     ],
     [
      -121.923948,
      37.323499
     ],
     [
      -121.924155,
      37.323499
     ],
     [
      -121.924419,
      37.323499
     ],
     [
      -121.924932,
      37.323489
     ],
     [
      -121.925164,
      37.323488
     ],
     [
      -121.925806,
      37.323486
     ],
     [
      -121.925922,
      37.323485
     ],
     [
      -121.92671,
      37.323483
     ],
     [
      -121.926789,
      37.323481
     ],
     [
      -121.92688,
      37.323481
     ],
     [
      -121.927113,
      37.323483
     ],
     [
      -121.927819,
      37.323477
     ],
     [
      -121.928778,
      37.323473
     ],
     [
      -121.928851,
      37.323472
     ],
     [
      -121.929011,
      37.323469
     ],
     [
      -121.929053,
      37.323469
     ],
     [
      -121.929461,
      37.323468
     ],
     [
      -121.929878,
      37.323467
     ],
     [
      -121.930486,
      37.323468
     ],
     [
      -121.930911,
      37.323463
     ],
     [
      -121.931155,
      37.32346
     ],
     [
      -121.931791,
      37.323452
     ],
     [
      -121.931874,
      37.323453
     ]
    ]
   }
  },
  {
   "type": "Feature",
   "properties": {
    "company": "San Jose Railroads",
    "line": "San Jose Railroads: Park Avenue",
    "id": "sjrr-park-avenue",
    "color": "#D4762C",
    "mode": "streetcar",
    "avg_speed_kmh": 13,
    "speed_source": "ESTIMATE. No San Jose running time was found; a typical figure for a street-running city car line of this period.",
    "geometry_quality": "Traced 2.38 mi. STREET-RUNNING, ROUTED ON TODAY'S ROAD GRID: drawn by staged shortest-path routing over the current OpenStreetMap road network along the streets the sources name (Bassett Street from 1st to Market Street, Market Street south to Park Avenue, Park Avenue west to Meridian Avenue, and Meridian north to San Carlos Street); no rail survives. This is the street the track lay in, not a surveyed track centreline, and where a street has since been widened, realigned or severed the drawn line follows the modern street. 0.09 mi near Little Market Street runs off the named streets. No documented route mileage was found to compare against. No straight-line legs.",
    "segments": [
     {
      "start": 1933,
      "end": 1935,
      "headway_min": 20,
      "note": "Built by the Peninsular Railway and run by it until San Jose Railroads took over its San Jose city trackage and operation in 1933 (chicagorailfan; Wikipedia says 1934 - CONFLICT recorded, 1933 used). The Peninsular years are not drawn in this file. In the 1935 franchise as Bassett Street from First to Market, Market (including Little Market) from Bassett to Park Avenue, Park Avenue to Meridian Road and Meridian to San Carlos, the Market Street end to be cut back to St. John Street when Southern Pacific opened its new station. Replaced by buses 28 June 1935. headway_min is an ESTIMATE - no San Jose streetcar timetable for these years was found.",
      "sources": [
       "Segment-level: streets from CPUC Decision 27719; end date from chicagorailfan.",
       "https://files.cpuc.ca.gov/LegacyCPUCDecisionsAndResolutions/Decisions/Decisions_D25901_to_D40599/D27719_19350204_A19727.pdf",
       "https://web.archive.org/web/20160204195910/http://www.chicagorailfan.com/sjcdate.html"
      ]
     }
    ]
   },
   "geometry": {
    "type": "LineString",
    "coordinates": [
     [
      -121.89475,
      37.341618
     ],
     [
      -121.894809,
      37.341579
     ],
     [
      -121.894825,
      37.341572
     ],
     [
      -121.895398,
      37.341304
     ],
     [
      -121.895441,
      37.341282
     ],
     [
      -121.896084,
      37.340969
     ],
     [
      -121.89603,
      37.340887
     ],
     [
      -121.895628,
      37.340357
     ],
     [
      -121.895347,
      37.340071
     ],
     [
      -121.8953,
      37.340028
     ],
     [
      -121.895291,
      37.340001
     ],
     [
      -121.895296,
      37.339967
     ],
     [
      -121.895311,
      37.339922
     ],
     [
      -121.895342,
      37.339836
     ],
     [
      -121.895289,
      37.339774
     ],
     [
      -121.895114,
      37.339558
     ],
     [
      -121.894939,
      37.339327
     ],
     [
      -121.894787,
      37.339122
     ],
     [
      -121.894554,
      37.338825
     ],
     [
      -121.894256,
      37.338396
     ],
     [
      -121.894186,
      37.338309
     ],
     [
      -121.894135,
      37.338233
     ],
     [
      -121.893876,
      37.337881
     ],
     [
      -121.893717,
      37.337664
     ],
     [
      -121.89371,
      37.337654
     ],
     [
      -121.893621,
      37.337532
     ],
     [
      -121.89346,
      37.337314
     ],
     [
      -121.893424,
      37.337269
     ],
     [
      -121.893344,
      37.337164
     ],
     [
      -121.893268,
      37.337075
     ],
     [
      -121.893133,
      37.336898
     ],
     [
      -121.893082,
      37.336829
     ],
     [
      -121.892989,
      37.336705
     ],
     [
      -121.892711,
      37.336331
     ],
     [
      -121.892642,
      37.336241
     ],
     [
      -121.892384,
      37.335901
     ],
     [
      -121.89235,
      37.335854
     ],
     [
      -121.892142,
      37.33557
     ],
     [
      -121.892066,
      37.335471
     ],
     [
      -121.891994,
      37.335374
     ],
     [
      -121.891797,
      37.335111
     ],
     [
      -121.891607,
      37.334853
     ],
     [
      -121.891451,
      37.334645
     ],
     [
      -121.891415,
      37.334595
     ],
     [
      -121.891373,
      37.334539
     ],
     [
      -121.891197,
      37.334308
     ],
     [
      -121.891052,
      37.334108
     ],
     [
      -121.891035,
      37.334085
     ],
     [
      -121.890796,
      37.333756
     ],
     [
      -121.890766,
      37.333715
     ],
     [
      -121.890752,
      37.333694
     ],
     [
      -121.890717,
      37.333645
     ],
     [
      -121.89068,
      37.333587
     ],
     [
      -121.890626,
      37.333517
     ],
     [
      -121.890608,
      37.333435
     ],
     [
      -121.890581,
      37.333358
     ],
     [
      -121.89056,
      37.333276
     ],
     [
      -121.89055,
      37.333189
     ],
     [
      -121.890552,
      37.333118
     ],
     [
      -121.890554,
      37.333095
     ],
     [
      -121.89056,
      37.333039
     ],
     [
      -121.890563,
      37.332999
     ],
     [
      -121.890564,
      37.332943
     ],
     [
      -121.890554,
      37.332885
     ],
     [
      -121.890536,
      37.332808
     ],
     [
      -121.890498,
      37.332719
     ],
     [
      -121.890434,
      37.332612
     ],
     [
      -121.890193,
      37.33229
     ],
     [
      -121.89016,
      37.332245
     ],
     [
      -121.890076,
      37.332122
     ],
     [
      -121.8902,
      37.332046
     ],
     [
      -121.890221,
      37.332036
     ],
     [
      -121.890535,
      37.331877
     ],
     [
      -121.890835,
      37.33177
     ],
     [
      -121.891473,
      37.331434
     ],
     [
      -121.8915,
      37.331414
     ],
     [
      -121.891565,
      37.331365
     ],
     [
      -121.891762,
      37.331218
     ],
     [
      -121.892318,
      37.330936
     ],
     [
      -121.89244,
      37.330872
     ],
     [
      -121.892607,
      37.330781
     ],
     [
      -121.892639,
      37.330763
     ],
     [
      -121.892671,
      37.330661
     ],
     [
      -121.892892,
      37.330542
     ],
     [
      -121.893029,
      37.33047
     ],
     [
      -121.893229,
      37.330368
     ],
     [
      -121.893508,
      37.330219
     ],
     [
      -121.893999,
      37.329975
     ],
     [
      -121.894354,
      37.329808
     ],
     [
      -121.894794,
      37.329597
     ],
     [
      -121.895148,
      37.329425
     ],
     [
      -121.895183,
      37.329407
     ],
     [
      -121.895307,
      37.329349
     ],
     [
      -121.895652,
      37.329182
     ],
     [
      -121.895855,
      37.329083
     ],
     [
      -121.895975,
      37.329025
     ],
     [
      -121.896208,
      37.328917
     ],
     [
      -121.896394,
      37.328894
     ],
     [
      -121.896451,
      37.32885
     ],
     [
      -121.896491,
      37.328831
     ],
     [
      -121.896605,
      37.328774
     ],
     [
      -121.896686,
      37.328724
     ],
     [
      -121.897521,
      37.328292
     ],
     [
      -121.898008,
      37.328058
     ],
     [
      -121.898134,
      37.327984
     ],
     [
      -121.898215,
      37.327918
     ],
     [
      -121.89832,
      37.327832
     ],
     [
      -121.898357,
      37.327805
     ],
     [
      -121.898768,
      37.3275
     ],
     [
      -121.899416,
      37.327027
     ],
     [
      -121.899572,
      37.326916
     ],
     [
      -121.899715,
      37.326841
     ],
     [
      -121.899913,
      37.326725
     ],
     [
      -121.900033,
      37.326666
     ],
     [
      -121.9002,
      37.326586
     ],
     [
      -121.900388,
      37.326547
     ],
     [
      -121.900555,
      37.326525
     ],
     [
      -121.900647,
      37.326516
     ],
     [
      -121.900828,
      37.326498
     ],
     [
      -121.900948,
      37.326486
     ],
     [
      -121.90124,
      37.32647
     ],
     [
      -121.90173,
      37.326429
     ],
     [
      -121.903223,
      37.326328
     ],
     [
      -121.903481,
      37.326314
     ],
     [
      -121.904334,
      37.326275
     ],
     [
      -121.904469,
      37.326199
     ],
     [
      -121.904614,
      37.3262
     ],
     [
      -121.904818,
      37.3262
     ],
     [
      -121.905119,
      37.326216
     ],
     [
      -121.90517,
      37.32622
     ],
     [
      -121.905305,
      37.326212
     ],
     [
      -121.905613,
      37.326227
     ],
     [
      -121.905749,
      37.326231
     ],
     [
      -121.906047,
      37.326235
     ],
     [
      -121.906122,
      37.326234
     ],
     [
      -121.906223,
      37.326256
     ],
     [
      -121.906303,
      37.326257
     ],
     [
      -121.906908,
      37.326228
     ],
     [
      -121.907303,
      37.326212
     ],
     [
      -121.907812,
      37.326187
     ],
     [
      -121.908067,
      37.326179
     ],
     [
      -121.908329,
      37.326165
     ],
     [
      -121.908618,
      37.326153
     ],
     [
      -121.908853,
      37.326149
     ],
     [
      -121.90927,
      37.326144
     ],
     [
      -121.909859,
      37.326116
     ],
     [
      -121.910428,
      37.32609
     ],
     [
      -121.910937,
      37.326052
     ],
     [
      -121.911198,
      37.32604
     ],
     [
      -121.911297,
      37.326036
     ],
     [
      -121.911495,
      37.326027
     ],
     [
      -121.911588,
      37.32602
     ],
     [
      -121.911692,
      37.326011
     ],
     [
      -121.912016,
      37.325995
     ],
     [
      -121.912035,
      37.325994
     ],
     [
      -121.912592,
      37.32597
     ],
     [
      -121.912698,
      37.325964
     ],
     [
      -121.913437,
      37.325928
     ],
     [
      -121.9137,
      37.325917
     ],
     [
      -121.913805,
      37.325911
     ],
     [
      -121.913805,
      37.325826
     ],
     [
      -121.913803,
      37.325506
     ],
     [
      -121.913802,
      37.325446
     ],
     [
      -121.9138,
      37.325289
     ],
     [
      -121.913798,
      37.325115
     ],
     [
      -121.913796,
      37.325007
     ],
     [
      -121.913782,
      37.324599
     ],
     [
      -121.91378,
      37.324556
     ],
     [
      -121.913775,
      37.324413
     ],
     [
      -121.913769,
      37.324256
     ],
     [
      -121.913765,
      37.324164
     ],
     [
      -121.913769,
      37.323983
     ],
     [
      -121.913767,
      37.323637
     ],
     [
      -121.913765,
      37.323558
     ]
    ]
   }
  },
  {
   "type": "Feature",
   "properties": {
    "company": "San Jose Railroads",
    "line": "San Jose Railroads: Naglee",
    "id": "sjrr-naglee",
    "color": "#D4762C",
    "mode": "streetcar",
    "avg_speed_kmh": 13,
    "speed_source": "ESTIMATE. No San Jose running time was found; a typical figure for a street-running city car line of this period.",
    "geometry_quality": "Traced 1.08 mi. STREET-RUNNING, ROUTED ON TODAY'S ROAD GRID: drawn by staged shortest-path routing over the current OpenStreetMap road network along the streets the sources name (East San Fernando Street from 2nd to 15th Street, and 15th Street south to San Carlos Street); no rail survives. This is the street the track lay in, not a surveyed track centreline, and where a street has since been widened, realigned or severed the drawn line follows the modern street. No documented route mileage was found to compare against. No straight-line legs.",
    "segments": [
     {
      "start": 1933,
      "end": 1935,
      "headway_min": 20,
      "note": "Built by the Peninsular Railway and run by it until San Jose Railroads took over its San Jose city trackage and operation in 1933 (chicagorailfan; Wikipedia says 1934 - CONFLICT recorded, 1933 used). The Peninsular years are not drawn in this file. Taken to be the East San Fernando Street (Second to Fifteenth) and Fifteenth Street (San Fernando to San Carlos) trackage the 1935 franchise surrendered, which serves Naglee Park; replaced by buses 23 February 1935. headway_min is an ESTIMATE - no San Jose streetcar timetable for these years was found.",
      "sources": [
       "NOT SOURCED AT SEGMENT LEVEL: end date from chicagorailfan; matching the Naglee line to these streets is an inference from CPUC Decision 27719, not stated by any source.",
       "https://web.archive.org/web/20160204195910/http://www.chicagorailfan.com/sjcdate.html",
       "https://files.cpuc.ca.gov/LegacyCPUCDecisionsAndResolutions/Decisions/Decisions_D25901_to_D40599/D27719_19350204_A19727.pdf"
      ]
     }
    ]
   },
   "geometry": {
    "type": "LineString",
    "coordinates": [
     [
      -121.88812,
      37.334846
     ],
     [
      -121.888064,
      37.334876
     ],
     [
      -121.888026,
      37.334896
     ],
     [
      -121.887611,
      37.335096
     ],
     [
      -121.887223,
      37.335264
     ],
     [
      -121.887196,
      37.335277
     ],
     [
      -121.887118,
      37.335311
     ],
     [
      -121.887018,
      37.33536
     ],
     [
      -121.886978,
      37.33538
     ],
     [
      -121.886942,
      37.335397
     ],
     [
      -121.886498,
      37.335614
     ],
     [
      -121.886163,
      37.335777
     ],
     [
      -121.886139,
      37.335789
     ],
     [
      -121.886057,
      37.335829
     ],
     [
      -121.885962,
      37.335874
     ],
     [
      -121.885939,
      37.335885
     ],
     [
      -121.885735,
      37.335982
     ],
     [
      -121.885448,
      37.336118
     ],
     [
      -121.885311,
      37.336182
     ],
     [
      -121.885082,
      37.336289
     ],
     [
      -121.884965,
      37.336344
     ],
     [
      -121.884875,
      37.336386
     ],
     [
      -121.884679,
      37.336478
     ],
     [
      -121.884539,
      37.336543
     ],
     [
      -121.884482,
      37.33657
     ],
     [
      -121.884234,
      37.336685
     ],
     [
      -121.883986,
      37.336801
     ],
     [
      -121.883886,
      37.336848
     ],
     [
      -121.883781,
      37.336896
     ],
     [
      -121.883316,
      37.337109
     ],
     [
      -121.883206,
      37.33716
     ],
     [
      -121.882931,
      37.337289
     ],
     [
      -121.882819,
      37.337342
     ],
     [
      -121.882726,
      37.337387
     ],
     [
      -121.882499,
      37.337492
     ],
     [
      -121.882322,
      37.337581
     ],
     [
      -121.882232,
      37.337626
     ],
     [
      -121.881871,
      37.3378
     ],
     [
      -121.881771,
      37.337849
     ],
     [
      -121.881685,
      37.337891
     ],
     [
      -121.881577,
      37.337943
     ],
     [
      -121.880993,
      37.338226
     ],
     [
      -121.880905,
      37.338268
     ],
     [
      -121.88082,
      37.338311
     ],
     [
      -121.880745,
      37.33835
     ],
     [
      -121.880685,
      37.33838
     ],
     [
      -121.880543,
      37.338455
     ],
     [
      -121.880404,
      37.338531
     ],
     [
      -121.880362,
      37.338554
     ],
     [
      -121.880257,
      37.33861
     ],
     [
      -121.880073,
      37.338708
     ],
     [
      -121.879806,
      37.338833
     ],
     [
      -121.879754,
      37.338857
     ],
     [
      -121.879677,
      37.338888
     ],
     [
      -121.8796,
      37.338924
     ],
     [
      -121.879556,
      37.338944
     ],
     [
      -121.879041,
      37.339183
     ],
     [
      -121.878798,
      37.339298
     ],
     [
      -121.878784,
      37.339304
     ],
     [
      -121.878726,
      37.339331
     ],
     [
      -121.878664,
      37.339369
     ],
     [
      -121.878583,
      37.339411
     ],
     [
      -121.878559,
      37.339424
     ],
     [
      -121.878519,
      37.339443
     ],
     [
      -121.877771,
      37.339791
     ],
     [
      -121.877675,
      37.339838
     ],
     [
      -121.877598,
      37.339875
     ],
     [
      -121.876824,
      37.340247
     ],
     [
      -121.876738,
      37.340289
     ],
     [
      -121.876659,
      37.340325
     ],
     [
      -121.875892,
      37.340688
     ],
     [
      -121.875811,
      37.340724
     ],
     [
      -121.875732,
      37.340762
     ],
     [
      -121.874961,
      37.341132
     ],
     [
      -121.874877,
      37.341171
     ],
     [
      -121.874831,
      37.341112
     ],
     [
      -121.873853,
      37.33979
     ],
     [
      -121.873804,
      37.339724
     ],
     [
      -121.873759,
      37.339664
     ],
     [
      -121.872774,
      37.338346
     ],
     [
      -121.872725,
      37.338282
     ]
    ]
   }
  }
 ]
}