{"type": "FeatureCollection", "metadata": {"note": "The Santa Fe's Kansas City - Galveston main line - the north-south route that the Texas Chief ran and that the map was missing entirely between Wichita and Temple. Four companies built it and all four were Santa Fe: the Wichita and Southwestern (Newton - Wichita, 1872), the Cowley, Sumner and Fort Smith (Wichita - Arkansas City, 1879-80), the Southern Kansas Railway (Arkansas City - Purcell across Indian Territory, 1886-87) and the Gulf, Colorado and Santa Fe (Fort Worth - Purcell, 1887, on top of its own 1881 Galveston - Fort Worth main). The last gap closed at Purcell in the spring of 1887 and through Kansas City - Galveston trains began that June. Kansas City - Emporia - Newton is not drawn again here: it is the Santa Fe transcontinental main already drawn in data/santa_fe_chief.geojson, and Temple - Houston is already drawn in data/gulf_colorado_santa_fe_railway.geojson. What this layer adds is Newton - Wichita - Arkansas City - Oklahoma City - Purcell - Fort Worth - Temple, the Houston - Galveston tail, and the two through trains that tie the whole thing together. Ownership colouring follows the existing GC&SF layer: pre-1887 independent GC&SF in #6C7BC4, everything Santa Fe-controlled in #003DA5, Amtrak in #1c4e80. The Santa Fe-era features stop in 1971 because Amtrak, not the Santa Fe, ran the trains after May 1 1971; the Amtrak years to October 8 1979 are the Lone Star feature.", "sources": ["https://www.streamlinerschedules.com/concourse/track9/texchief196703.html", "https://en.wikipedia.org/wiki/Texas_Chief", "https://en.wikipedia.org/wiki/Lone_Star_(Amtrak_train)", "https://www.american-rails.com/tex-chi.html", "https://www.tshaonline.org/handbook/entries/gulf-colorado-and-santa-fe-railway", "https://en.wikipedia.org/wiki/Gulf,_Colorado_and_Santa_Fe_Railway", "https://www.okhistory.org/publications/enc/entry?entry=AT001", "https://www.cchsm.com/resources/transportation/trains/sf_ark_city.html", "https://legendsofkansas.com/cowley-sumner-fort-smith-railroad/", "https://legendsofkansas.com/kansas-railroad-timeline/", "https://cchsm.com/resources/transportation/trains/1879_winfield.html"], "geometry_sources": ["Traced from OpenStreetMap route relations pulled whole from the OSM API (/api/0.6/relation/<id>/full.json), assembled into a node-id graph and routed with Dijkstra between the documented terminal stations, then Douglas-Peucker simplified at 15 m. Relations used: 1431363 BNSF Arkansas City Subdivision (Newton-Wichita-Winfield-Arkansas City), 1451445 BNSF Red Rock Subdivision (Arkansas City-Oklahoma City-Purcell-Gainesville), 1458513 BNSF Fort Worth Subdivision (Gainesville-Fort Worth-Cleburne-Temple), 7403491 BNSF Mykawa Subdivision and 7461034 BNSF Galveston Subdivision (Houston-Alvin-Galveston). All five are the Santa Fe's own alignments, still in freight use under BNSF."], "not_yet_sourced": ["Train counts before 1948: every pre-1948 headway_min in this file is a flat estimate. No period Official Guide or Santa Fe public timetable was consulted, so the 1887-1948 service level over the Gulf route is genuinely unknown here.", "Sources conflict on when the Gulf, Colorado and Santa Fe met the Southern Kansas at Purcell - Wikipedia says April 26 1887, the TSHA handbook April 27 1887 - and on the Cowley, Sumner and Fort Smith opening dates at Winfield and Arkansas City (September 29 / December 31 1879 versus October 1 1879 / January 2 1880). Both conflicts are recorded in the segment notes; neither is resolved.", "The 1948 Texas Chief schedule is given as 26h15 by Wikipedia but works out at about 27h15 in the March 1967 timetable; whether the train was slowed over its life or one figure is simply wrong has not been checked.", "No period map was checked for realignments, so every feature draws present-day BNSF alignment for eras as far back as 1872. The Houston terminal approach is known to differ - see the Houston - Galveston features' geometry_quality.", "Whether any passenger service other than the Texas Chief and its predecessors used the Newton - Wichita - Arkansas City segment after 1948 has not been checked."], "passenger_only_rule": "Every feature ends at the end of passenger service, not at the end of the railroad. Houston - Galveston stops in 1967, everything else in 1971 for the Santa Fe-operated features and 1979 for the Amtrak one. BNSF still runs freight over all of it; that is not drawn. The Oklahoma City - Fort Worth portion has had passenger service again since 1999 (Heartland Flyer), drawn in data/amtrak.geojson rather than here."}, "features": [{"type": "Feature", "properties": {"company": "Atchison, Topeka and Santa Fe Railway", "line": "Atchison, Topeka and Santa Fe: Newton \u2013 Wichita", "id": "atsf-newton-wichita", "color": "#003DA5", "mode": "intercity_rail", "avg_speed_kmh": 66, "speed_source": "March 1967 Texas Chief timetable: Newton 4:55A to Wichita 5:35A, 27.2 timetable miles in 40 minutes = 41 mph = 66 km/h. That is one late-era snapshot; 1870s-90s running over this branch was slower.", "segments": [{"start": 1872, "end": 1880, "headway_min": 720, "note": "Built as the Wichita and Southwestern Railroad, incorporated June 22 1871 on $200,000 of Sedgwick County bonds and operated by the Santa Fe from the day it opened; the first passenger train reached Wichita on the night of May 16 1872. For its first eight years this was a 27-mile stub off the Santa Fe main line at Newton - the rails stopped at Wichita. headway_min is an estimate for a branch of that period, not a timetable figure.", "sources": ["NOT SOURCED AT SEGMENT LEVEL: the 1871 incorporation, the county bonds and the May 16 1872 first train are sourced; the 1880 end year is the date the line south of Wichita opened (see the Wichita - Arkansas City feature) rather than anything that happened here, and headway_min is an unsourced estimate.", "https://legendsofkansas.com/kansas-railroad-timeline/", "https://legendsofkansas.com/cowley-sumner-fort-smith-railroad/"]}, {"start": 1880, "end": 1887, "headway_min": 720, "note": "With the Cowley, Sumner and Fort Smith line open to Arkansas City in January 1880 this stopped being a stub and became the first 27 miles of a Kansas through route to the Indian Territory border. Still local Kansas service: the Santa Fe had no rails south of Arkansas City yet. headway_min estimated.", "sources": ["NOT SOURCED AT SEGMENT LEVEL: era boundary taken from the construction dates south of Wichita, not from a timetable for this segment. headway_min and the service description are estimates.", "https://legendsofkansas.com/cowley-sumner-fort-smith-railroad/"]}, {"start": 1887, "end": 1948, "headway_min": 720, "note": "From June 1887 this was part of the Santa Fe\u2019s Kansas City - Galveston main line: the Southern Kansas Railway reached Purcell on June 12 1887 and met the Gulf, Colorado and Santa Fe coming north from Fort Worth, and through Kansas City - Galveston trains began running. Newton - Wichita carried the Gulf trains for the next sixty years alongside local service. headway_min is an estimate across a 61-year span.", "sources": ["NOT SOURCED AT SEGMENT LEVEL: the 1887 through-route date is sourced (see the Arkansas City - Purcell feature); no timetable was consulted for train counts over this segment in this era, and headway_min is an unsourced estimate.", "https://www.cchsm.com/resources/transportation/trains/sf_ark_city.html", "https://www.tshaonline.org/handbook/entries/gulf-colorado-and-santa-fe-railway"]}, {"start": 1948, "end": 1971, "headway_min": 1440, "note": "The Texas Chief, inaugurated April 3 1948, ran Chicago - Kansas City - Newton - Wichita - Galveston and was the train that mattered on this segment for its last two decades. Amtrak took the route over on May 1 1971; the ATSF-operated era ends there. Passenger service itself continued to October 8 1979 under Amtrak and is drawn as the separate Lone Star feature in this file. headway_min 1440 = the one daily train each way shown in the March 1967 timetable.", "sources": ["Segment-level: the April 3 1948 inaugural is from the Wikipedia Texas Chief article; the one-train-a-day headway and the 40-minute Newton - Wichita running time are read off the March 1967 Santa Fe timetable reproduced at streamlinerschedules.com.", "https://en.wikipedia.org/wiki/Texas_Chief", "https://www.streamlinerschedules.com/concourse/track9/texchief196703.html"]}], "geometry_source": "Traced from OpenStreetMap route relations pulled whole from the OSM API (/api/0.6/relation/<id>/full.json), assembled into a node-id graph and routed with Dijkstra between the documented terminal stations, then Douglas-Peucker simplified at 15 m. Relations used: 1431363 BNSF Arkansas City Subdivision (Newton-Wichita-Winfield-Arkansas City), 1451445 BNSF Red Rock Subdivision (Arkansas City-Oklahoma City-Purcell-Gainesville), 1458513 BNSF Fort Worth Subdivision (Gainesville-Fort Worth-Cleburne-Temple), 7403491 BNSF Mykawa Subdivision and 7461034 BNSF Galveston Subdivision (Houston-Alvin-Galveston). All five are the Santa Fe's own alignments, still in freight use under BNSF.", "geometry_quality": "Traced from the BNSF Arkansas City Subdivision relation (OSM 1431363) end to end: 27.1 traced miles against 27.2 timetable miles (Newton 634.6 - Wichita 661.8, March 1967). No straight-line approximation anywhere on this feature. The alignment is the original 1872 one, still in place. Straight-line repair 2026-08-29: 1 ruled segment totalling 11 mi replaced with OpenStreetMap-traced rail geometry (see geometry_repairs for the OSM lines each one followed).", "geometry_repairs": [{"date": "2026-08-29", "from": [-97.42229, 37.91393], "to": [-97.3358, 37.76414], "chord_mi": 11.45, "traced_mi": 11.4, "snap_m": [0, 0], "bridged_mi": 0.0, "osm_lines": ["BNSF Arkansas City Subdivision (11.4 mi)"], "method": "Overpass rail graph, 8.0 km corridor, Dijkstra, simplified to 3.0 m"}]}, "geometry": {"type": "LineString", "coordinates": [[-97.34493, 38.04644], [-97.35166, 38.04243], [-97.35366, 38.04058], [-97.35849, 38.02984], [-97.3615, 38.02554], [-97.36685, 38.01528], [-97.36789, 38.01284], [-97.37645, 37.98436], [-97.37822, 37.98084], [-97.41451, 37.93708], [-97.41594, 37.93506], [-97.42088, 37.92567], [-97.42167, 37.92373], [-97.42224, 37.92056], [-97.4222922, 37.9139279], [-97.4222526, 37.9131353], [-97.4221267, 37.9122827], [-97.421743, 37.9106803], [-97.4211381, 37.909078], [-97.4202738, 37.9074301], [-97.4145591, 37.8977178], [-97.41405, 37.89695], [-97.4115256, 37.8925533], [-97.402829, 37.878045], [-97.3972269, 37.868508], [-97.39637, 37.86714], [-97.39299, 37.8613086], [-97.390646, 37.857483], [-97.389751, 37.8558403], [-97.3844962, 37.8469541], [-97.340718, 37.775162], [-97.337685, 37.7700141], [-97.3368777, 37.7684197], [-97.336351, 37.767025], [-97.336139, 37.766215], [-97.335897, 37.765048], [-97.335801, 37.764138], [-97.33559, 37.72429], [-97.335, 37.72183], [-97.33147, 37.71636], [-97.33044, 37.71362], [-97.33016, 37.68736]]}}, {"type": "Feature", "properties": {"company": "Atchison, Topeka and Santa Fe Railway", "line": "Atchison, Topeka and Santa Fe: Wichita \u2013 Arkansas City", "id": "atsf-wichita-arkansas-city", "color": "#003DA5", "mode": "intercity_rail", "avg_speed_kmh": 76, "speed_source": "March 1967 Texas Chief timetable: Wichita 5:35A to Arkansas City 6:40A, 51.1 timetable miles in 65 minutes = 47 mph = 76 km/h.", "segments": [{"start": 1880, "end": 1887, "headway_min": 720, "note": "Built by the Cowley, Sumner and Fort Smith Railroad - formed October 28 1878, construction from May 1879 - down the Walnut valley through Mulvane and Winfield to Arkansas City. Sources conflict on the opening dates: Legends of Kansas gives Winfield September 29 and Arkansas City December 31 1879, while other accounts give the first trains as October 1 1879 and January 2 1880. This feature draws from 1880, the later of the two Arkansas City dates. The company was consolidated into the Wichita and Southwestern on October 6 1882 and was Santa Fe-controlled throughout. headway_min estimated.", "sources": ["Segment-level: the 1878 incorporation, the 1879 construction start and both versions of the Winfield / Arkansas City opening dates are from Legends of Kansas and the Cowley County historical society; the date conflict is recorded rather than resolved. headway_min is an unsourced estimate.", "https://legendsofkansas.com/cowley-sumner-fort-smith-railroad/", "https://cchsm.com/resources/transportation/trains/1879_winfield.html"]}, {"start": 1887, "end": 1948, "headway_min": 720, "note": "Part of the Kansas City - Galveston main line from June 1887, when the Southern Kansas Railway completed its line south from Arkansas City to Purcell. Arkansas City became a division point with a Harvey House whose food, the county historical society claims, was known from Chicago to Galveston. headway_min is an estimate across a 61-year span.", "sources": ["NOT SOURCED AT SEGMENT LEVEL: the 1887 through-route date and the Arkansas City depot description are sourced; no timetable was consulted for train counts over this segment in this era. headway_min is an unsourced estimate.", "https://www.cchsm.com/resources/transportation/trains/sf_ark_city.html"]}, {"start": 1948, "end": 1971, "headway_min": 1440, "note": "Texas Chief era, via Mulvane and Winfield. Santa Fe operation ends with Amtrak on May 1 1971; Amtrak service over the same rails to October 8 1979 is drawn as the Lone Star feature in this file. headway_min 1440 = one train each way daily, March 1967.", "sources": ["Segment-level: headway and the 65-minute Wichita - Arkansas City schedule are from the March 1967 Texas Chief timetable; the 1971 Amtrak transition is from the Wikipedia Texas Chief article.", "https://www.streamlinerschedules.com/concourse/track9/texchief196703.html", "https://en.wikipedia.org/wiki/Texas_Chief"]}], "geometry_source": "Traced from OpenStreetMap route relations pulled whole from the OSM API (/api/0.6/relation/<id>/full.json), assembled into a node-id graph and routed with Dijkstra between the documented terminal stations, then Douglas-Peucker simplified at 15 m. Relations used: 1431363 BNSF Arkansas City Subdivision (Newton-Wichita-Winfield-Arkansas City), 1451445 BNSF Red Rock Subdivision (Arkansas City-Oklahoma City-Purcell-Gainesville), 1458513 BNSF Fort Worth Subdivision (Gainesville-Fort Worth-Cleburne-Temple), 7403491 BNSF Mykawa Subdivision and 7461034 BNSF Galveston Subdivision (Houston-Alvin-Galveston). All five are the Santa Fe's own alignments, still in freight use under BNSF.", "geometry_quality": "Traced from the BNSF Arkansas City Subdivision relation (OSM 1431363): 50.4 traced miles against 51.1 timetable miles (Wichita 661.8 - Arkansas City 712.9, March 1967). The trace passes within 0.8 km of both Mulvane and Winfield, confirming it is the Winfield routing the passenger trains used and not a cutoff. No straight-line legs on this feature."}, "geometry": {"type": "LineString", "coordinates": [[-97.33016, 37.68736], [-97.33012, 37.68317], [-97.32925, 37.67896], [-97.32919, 37.67411], [-97.3287, 37.67252], [-97.31318, 37.64489], [-97.29893, 37.62989], [-97.29749, 37.62794], [-97.2963, 37.62559], [-97.29156, 37.60627], [-97.28922, 37.59867], [-97.28842, 37.59681], [-97.28472, 37.59061], [-97.28355, 37.58779], [-97.2708, 37.54153], [-97.27041, 37.53875], [-97.26934, 37.52207], [-97.26876, 37.51915], [-97.26782, 37.5169], [-97.26653, 37.51487], [-97.25832, 37.50684], [-97.25602, 37.50358], [-97.25503, 37.50109], [-97.24763, 37.47571], [-97.24406, 37.47006], [-97.24215, 37.46837], [-97.23948, 37.46711], [-97.22983, 37.46407], [-97.22336, 37.46336], [-97.22108, 37.46247], [-97.21969, 37.46125], [-97.20997, 37.44798], [-97.20754, 37.44599], [-97.20455, 37.44442], [-97.20134, 37.44307], [-97.19894, 37.44257], [-97.1873, 37.4425], [-97.18466, 37.4421], [-97.18269, 37.44149], [-97.1796, 37.43986], [-97.17174, 37.4341], [-97.1664, 37.42956], [-97.16477, 37.42855], [-97.16283, 37.4278], [-97.14782, 37.4238], [-97.14525, 37.42268], [-97.14005, 37.41953], [-97.1383, 37.41811], [-97.137, 37.41641], [-97.11105, 37.3808], [-97.10898, 37.3785], [-97.08577, 37.35697], [-97.07682, 37.35176], [-97.07011, 37.34938], [-97.06745, 37.34808], [-97.05827, 37.34041], [-97.04915, 37.33052], [-97.04675, 37.32623], [-97.04605, 37.3218], [-97.04849, 37.30759], [-97.04639, 37.29336], [-97.04585, 37.2921], [-97.03361, 37.27293], [-97.03099, 37.27014], [-97.03028, 37.269], [-97.02992, 37.26772], [-97.02981, 37.26119], [-97.02958, 37.26028], [-97.02874, 37.25926], [-97.02326, 37.25493], [-97.01563, 37.24656], [-97.01357, 37.24529], [-97.00924, 37.24352], [-97.00799, 37.24261], [-97.00645, 37.2409], [-97.00088, 37.23133], [-96.99995, 37.23022], [-96.99778, 37.22856], [-96.99674, 37.22713], [-96.99629, 37.22515], [-96.99663, 37.22201], [-96.99592, 37.21751], [-96.99617, 37.21579], [-96.99682, 37.21426], [-96.9989, 37.21192], [-97.01014, 37.20484], [-97.01159, 37.20335], [-97.01247, 37.20179], [-97.03202, 37.13336], [-97.03341, 37.11564], [-97.0335, 37.11129], [-97.0326, 37.10311], [-97.0292, 37.0971], [-97.0287, 37.0948], [-97.03249, 37.07304]]}}, {"type": "Feature", "properties": {"company": "Southern Kansas Railway (Santa Fe subsidiary)", "line": "Southern Kansas: Arkansas City \u2013 Purcell", "id": "sk-arkansas-city-purcell", "color": "#003DA5", "mode": "intercity_rail", "avg_speed_kmh": 70, "speed_source": "March 1967 Texas Chief timetable: Arkansas City 6:40A to Purcell 10:10A, 153.1 timetable miles in 3h30 = 44 mph = 70 km/h.", "segments": [{"start": 1887, "end": 1948, "headway_min": 720, "note": "The Santa Fe\u2019s line across Indian Territory, built by its Southern Kansas Railway affiliate: the first regular schedule ran Arkansas City to Ponca (later White Eagle), 31 miles, on November 29 1886; to Cow Creek half a mile south of present-day Perry, 59 miles, by January 6 1887; to Deer Creek - now Guthrie - in early February; and the whole 154 miles to Purcell by June 12 1887. Because this feature\u2019s geometry is the complete Arkansas City - Purcell line it is drawn from 1887, not from the November 1886 partial opening. Guthrie and Oklahoma City both grew from construction camps on this line, and it carried the crowds of the April 22 1889 land run. headway_min is an unsourced estimate across a 61-year span.", "sources": ["Segment-level: the November 29 1886 / January 6 1887 / February 1887 / June 12 1887 progression and the 154-mile figure are from the Cowley County historical society\u2019s account of the Arkansas City depot; the Oklahoma Historical Society entry independently dates the completed Purcell main line to 1887. headway_min is an estimate.", "https://www.cchsm.com/resources/transportation/trains/sf_ark_city.html", "https://www.okhistory.org/publications/enc/entry?entry=AT001"]}, {"start": 1948, "end": 1971, "headway_min": 1440, "note": "Texas Chief era over Ponca City, Perry, Guthrie, Oklahoma City, Norman and Purcell. Santa Fe operation ends with Amtrak on May 1 1971; the Amtrak years to October 8 1979 are the separate Lone Star feature. Amtrak returned to the Oklahoma City - Purcell portion in 1999 with the Heartland Flyer, which is drawn in data/amtrak.geojson, not here. headway_min 1440 = one train each way daily, March 1967.", "sources": ["Segment-level: headway and the 3h30 Arkansas City - Purcell schedule are from the March 1967 Texas Chief timetable; the 1971 hand-over is from the Wikipedia Texas Chief article. The Heartland Flyer note is a cross-reference to an existing layer, not a claim drawn here.", "https://www.streamlinerschedules.com/concourse/track9/texchief196703.html", "https://en.wikipedia.org/wiki/Texas_Chief"]}], "geometry_source": "Traced from OpenStreetMap route relations pulled whole from the OSM API (/api/0.6/relation/<id>/full.json), assembled into a node-id graph and routed with Dijkstra between the documented terminal stations, then Douglas-Peucker simplified at 15 m. Relations used: 1431363 BNSF Arkansas City Subdivision (Newton-Wichita-Winfield-Arkansas City), 1451445 BNSF Red Rock Subdivision (Arkansas City-Oklahoma City-Purcell-Gainesville), 1458513 BNSF Fort Worth Subdivision (Gainesville-Fort Worth-Cleburne-Temple), 7403491 BNSF Mykawa Subdivision and 7461034 BNSF Galveston Subdivision (Houston-Alvin-Galveston). All five are the Santa Fe's own alignments, still in freight use under BNSF.", "geometry_quality": "Traced from the BNSF Red Rock Subdivision relation (OSM 1451445): 155.9 traced miles against the 154 miles the construction account gives and 153.1 timetable miles (Arkansas City 712.9 - Purcell 866.0, March 1967). Trace passes within 0.6 km of Perry, Guthrie, Oklahoma City and Norman and 2.3 km of Ponca City. No straight-line legs on this feature."}, "geometry": {"type": "LineString", "coordinates": [[-97.03295, 37.062], [-97.03287, 37.05046], [-97.03352, 37.04655], [-97.03355, 37.04446], [-97.0329, 37.04029], [-97.03301, 37.03284], [-97.03702, 37.0217], [-97.03893, 37.00528], [-97.04077, 36.98194], [-97.04211, 36.97714], [-97.04703, 36.96238], [-97.05161, 36.95159], [-97.05453, 36.9413], [-97.05635, 36.92344], [-97.04358, 36.81756], [-97.04358, 36.81497], [-97.04407, 36.81269], [-97.04485, 36.81073], [-97.06599, 36.77219], [-97.08397, 36.71743], [-97.08708, 36.67876], [-97.0785, 36.64533], [-97.07825, 36.64254], [-97.07911, 36.63834], [-97.08126, 36.63453], [-97.10002, 36.61434], [-97.10265, 36.61243], [-97.12649, 36.5978], [-97.1283, 36.59643], [-97.1311, 36.59336], [-97.14714, 36.56142], [-97.16584, 36.52174], [-97.17075, 36.50014], [-97.17582, 36.4755], [-97.17563, 36.47145], [-97.17109, 36.4466], [-97.16927, 36.42664], [-97.16975, 36.41722], [-97.17137, 36.40676], [-97.17176, 36.39961], [-97.17493, 36.39228], [-97.17671, 36.38959], [-97.18789, 36.38013], [-97.18987, 36.37773], [-97.19107, 36.37475], [-97.19669, 36.3568], [-97.19774, 36.35445], [-97.19929, 36.3525], [-97.20564, 36.34682], [-97.22595, 36.33183], [-97.23787, 36.32167], [-97.24091, 36.31937], [-97.25724, 36.30877], [-97.26724, 36.30281], [-97.27111, 36.29999], [-97.28928, 36.27975], [-97.291, 36.27727], [-97.29603, 36.26783], [-97.30902, 36.25071], [-97.31461, 36.24521], [-97.32192, 36.23463], [-97.33325, 36.22064], [-97.34572, 36.20791], [-97.35676, 36.19326], [-97.35799, 36.19102], [-97.35945, 36.18621], [-97.35993, 36.18346], [-97.35996, 36.17659], [-97.36139, 36.16875], [-97.36329, 36.16296], [-97.36497, 36.1607], [-97.37046, 36.15624], [-97.37223, 36.15433], [-97.37724, 36.14496], [-97.38859, 36.12975], [-97.38979, 36.12399], [-97.39146, 36.11017], [-97.39773, 36.08643], [-97.39939, 36.0829], [-97.40518, 36.07357], [-97.4107, 36.05917], [-97.41425, 36.05247], [-97.41583, 36.05004], [-97.42131, 36.04424], [-97.42305, 36.0414], [-97.42361, 36.03993], [-97.42794, 36.02285], [-97.43026, 36.01023], [-97.43175, 35.99966], [-97.4325, 35.99149], [-97.43253, 35.98829], [-97.42943, 35.97456], [-97.42557, 35.96401], [-97.41939, 35.94127], [-97.41902, 35.93829], [-97.41946, 35.93592], [-97.42081, 35.93334], [-97.42817, 35.92626], [-97.42922, 35.92449], [-97.42992, 35.92215], [-97.42981, 35.91888], [-97.42767, 35.91329], [-97.42719, 35.91137], [-97.42489, 35.8974], [-97.42438, 35.8888], [-97.42572, 35.88512], [-97.42974, 35.87804], [-97.43785, 35.85852], [-97.43805, 35.85622], [-97.43761, 35.83271], [-97.43813, 35.82966], [-97.43905, 35.82741], [-97.44049, 35.82526], [-97.44222, 35.82345], [-97.44481, 35.82158], [-97.44769, 35.82018], [-97.45006, 35.81943], [-97.4604, 35.8177], [-97.4654, 35.81607], [-97.47298, 35.81145], [-97.48521, 35.80273], [-97.48835, 35.80026], [-97.49024, 35.79805], [-97.49342, 35.79161], [-97.49401, 35.78941], [-97.49415, 35.78542], [-97.48973, 35.76385], [-97.48915, 35.76168], [-97.48577, 35.75294], [-97.48537, 35.75005], [-97.48573, 35.74597], [-97.48745, 35.73839], [-97.48742, 35.73517], [-97.48657, 35.73212], [-97.48322, 35.72396], [-97.48158, 35.71514], [-97.47812, 35.70655], [-97.47576, 35.694], [-97.47657, 35.68611], [-97.48076, 35.67343], [-97.48114, 35.67164], [-97.48725, 35.62615], [-97.48861, 35.62356], [-97.52237, 35.58275], [-97.53074, 35.56667], [-97.53294, 35.56193], [-97.53288, 35.56065], [-97.5322, 35.55893], [-97.52254, 35.54285], [-97.52074, 35.53676], [-97.51987, 35.53215], [-97.51435, 35.51079], [-97.51178, 35.48717], [-97.51314, 35.44465], [-97.5129, 35.44275], [-97.51191, 35.44062], [-97.48644, 35.39811], [-97.48532, 35.39579], [-97.48468, 35.3935], [-97.48446, 35.39043], [-97.48454, 35.32404], [-97.48287, 35.29862], [-97.48308, 35.29121], [-97.48249, 35.2879], [-97.48122, 35.28502], [-97.46008, 35.24684], [-97.41443, 35.17461], [-97.40164, 35.14736], [-97.39699, 35.13671], [-97.39209, 35.1298], [-97.39076, 35.12736], [-97.39005, 35.12516], [-97.3897, 35.12256], [-97.39084, 35.10675], [-97.39074, 35.10483], [-97.39022, 35.10242], [-97.3893, 35.10023], [-97.36139, 35.04622], [-97.35991, 35.04062], [-97.35902, 35.0318], [-97.35624, 35.02518], [-97.35613, 35.02335], [-97.35929, 34.98034]]}}, {"type": "Feature", "properties": {"company": "Gulf, Colorado and Santa Fe Railway (Santa Fe subsidiary)", "line": "Gulf, Colorado and Santa Fe: Purcell \u2013 Fort Worth", "id": "gcsf-purcell-fort-worth", "color": "#003DA5", "mode": "intercity_rail", "avg_speed_kmh": 77, "speed_source": "March 1967 Texas Chief timetable: Purcell 10:10A to Fort Worth 1:45P, 171.2 timetable miles in 3h35 = 48 mph = 77 km/h.", "segments": [{"start": 1887, "end": 1948, "headway_min": 720, "note": "The 171 miles the Gulf, Colorado and Santa Fe built north from Fort Worth through Gainesville, across the Red River and up through Marietta, Ardmore and Pauls Valley to Purcell, closing the last gap in a Kansas City - Galveston route. Sources disagree by a day on when the two railheads met at Purcell - Wikipedia says April 26 1887 and the Texas State Historical Association says April 27 - and the Southern Kansas side was not finished into Purcell until June 12 1887; through Kansas City - Galveston trains ran from June 1887. headway_min is an unsourced estimate across a 61-year span.", "sources": ["Segment-level: the 171-mile Fort Worth - Purcell figure and the April 27 1887 connection are from the TSHA GC&SF handbook entry, the April 26 date from Wikipedia, the June 12 1887 Southern Kansas completion from the Cowley County account. The date conflict is recorded, not resolved. headway_min is an estimate.", "https://www.tshaonline.org/handbook/entries/gulf-colorado-and-santa-fe-railway", "https://en.wikipedia.org/wiki/Gulf,_Colorado_and_Santa_Fe_Railway", "https://www.cchsm.com/resources/transportation/trains/sf_ark_city.html"]}, {"start": 1948, "end": 1971, "headway_min": 1440, "note": "Texas Chief era. Santa Fe operation ends with Amtrak on May 1 1971; the Amtrak years to October 8 1979 are drawn as the Lone Star feature. Amtrak\u2019s Heartland Flyer has run Oklahoma City - Purcell - Gainesville - Fort Worth again since 1999 and is drawn in data/amtrak.geojson. headway_min 1440 = one train each way daily, March 1967.", "sources": ["Segment-level: headway and the 3h35 Purcell - Fort Worth schedule are from the March 1967 Texas Chief timetable; the 1971 hand-over is from the Wikipedia Texas Chief article.", "https://www.streamlinerschedules.com/concourse/track9/texchief196703.html", "https://en.wikipedia.org/wiki/Texas_Chief"]}], "geometry_source": "Traced from OpenStreetMap route relations pulled whole from the OSM API (/api/0.6/relation/<id>/full.json), assembled into a node-id graph and routed with Dijkstra between the documented terminal stations, then Douglas-Peucker simplified at 15 m. Relations used: 1431363 BNSF Arkansas City Subdivision (Newton-Wichita-Winfield-Arkansas City), 1451445 BNSF Red Rock Subdivision (Arkansas City-Oklahoma City-Purcell-Gainesville), 1458513 BNSF Fort Worth Subdivision (Gainesville-Fort Worth-Cleburne-Temple), 7403491 BNSF Mykawa Subdivision and 7461034 BNSF Galveston Subdivision (Houston-Alvin-Galveston). All five are the Santa Fe's own alignments, still in freight use under BNSF.", "geometry_quality": "Traced from the BNSF Red Rock Subdivision (OSM 1451445) and Fort Worth Subdivision (OSM 1458513) relations, which are one continuous railroad but two disconnected OSM relations; the graph was joined by allowing penalised connectors under 2 km between relation end nodes, and the assembled path is continuous to within a few metres. 170.0 traced miles against a documented 171 miles built and 171.2 timetable miles (Purcell 866.0 - Fort Worth 1037.2, March 1967). Trace passes within 0.3 km of Pauls Valley, 1.6 km of Ardmore and 0.7 km of Gainesville. No straight-line approximation over 2 km anywhere on this feature."}, "geometry": {"type": "LineString", "coordinates": [[-97.35929, 34.98034], [-97.35932, 34.97849], [-97.35865, 34.97678], [-97.35434, 34.97251], [-97.35292, 34.97004], [-97.35148, 34.95729], [-97.3505, 34.95523], [-97.34703, 34.95231], [-97.32496, 34.92611], [-97.29214, 34.90678], [-97.29036, 34.90524], [-97.28883, 34.90206], [-97.28585, 34.88885], [-97.28066, 34.8785], [-97.28013, 34.87687], [-97.28029, 34.8717], [-97.27949, 34.87007], [-97.27305, 34.86335], [-97.2721, 34.86261], [-97.27022, 34.86173], [-97.26456, 34.86024], [-97.25995, 34.85803], [-97.25914, 34.85724], [-97.25621, 34.85253], [-97.25548, 34.85104], [-97.25372, 34.8416], [-97.25373, 34.8401], [-97.25455, 34.83533], [-97.25459, 34.81608], [-97.24742, 34.7859], [-97.24742, 34.78333], [-97.24888, 34.77175], [-97.2485, 34.76868], [-97.24798, 34.76725], [-97.24634, 34.76441], [-97.24456, 34.76245], [-97.24104, 34.75977], [-97.23465, 34.75603], [-97.23211, 34.75398], [-97.20605, 34.73104], [-97.2045, 34.72945], [-97.20322, 34.72745], [-97.20173, 34.7243], [-97.18797, 34.68313], [-97.18666, 34.6807], [-97.17812, 34.66789], [-97.17682, 34.66564], [-97.17591, 34.66305], [-97.16066, 34.58393], [-97.11067, 34.47977], [-97.11009, 34.47786], [-97.10943, 34.47051], [-97.10904, 34.46848], [-97.10757, 34.46599], [-97.10381, 34.46143], [-97.10293, 34.45929], [-97.10238, 34.45643], [-97.10094, 34.4533], [-97.10088, 34.45196], [-97.10171, 34.44812], [-97.1013, 34.44564], [-97.09149, 34.42849], [-97.09006, 34.42669], [-97.0879, 34.42516], [-97.07701, 34.42062], [-97.07495, 34.41941], [-97.07297, 34.41739], [-97.0699, 34.41317], [-97.0675, 34.41062], [-97.04092, 34.38538], [-97.03832, 34.38264], [-97.03336, 34.37592], [-97.03262, 34.37426], [-97.03253, 34.37269], [-97.03328, 34.36027], [-97.03441, 34.35708], [-97.03456, 34.35575], [-97.03361, 34.35416], [-97.03115, 34.3525], [-97.03067, 34.35117], [-97.0308, 34.35036], [-97.03172, 34.34914], [-97.03593, 34.34676], [-97.03873, 34.34562], [-97.03989, 34.34471], [-97.04057, 34.34373], [-97.04092, 34.34216], [-97.04069, 34.34102], [-97.03625, 34.33325], [-97.03594, 34.33211], [-97.03605, 34.33093], [-97.03655, 34.32986], [-97.0375, 34.32888], [-97.04124, 34.32725], [-97.04265, 34.32588], [-97.0431, 34.32477], [-97.04326, 34.32338], [-97.04225, 34.321], [-97.0423, 34.31984], [-97.04278, 34.31901], [-97.04673, 34.31484], [-97.04758, 34.31306], [-97.04786, 34.31168], [-97.04787, 34.31046], [-97.04745, 34.30864], [-97.03695, 34.28277], [-97.03659, 34.27994], [-97.03702, 34.27806], [-97.03796, 34.27691], [-97.03905, 34.27623], [-97.04786, 34.27451], [-97.0567, 34.27118], [-97.05784, 34.27049], [-97.05889, 34.26944], [-97.05975, 34.26765], [-97.06148, 34.25985], [-97.06133, 34.25263], [-97.06161, 34.25119], [-97.06295, 34.24922], [-97.06624, 34.24683], [-97.0672, 34.24565], [-97.07139, 34.23463], [-97.07325, 34.23251], [-97.07929, 34.22951], [-97.08092, 34.22829], [-97.08655, 34.22088], [-97.0872, 34.21938], [-97.08795, 34.21635], [-97.08929, 34.21457], [-97.09078, 34.21359], [-97.09503, 34.21184], [-97.0964, 34.21074], [-97.09719, 34.20962], [-97.09843, 34.20617], [-97.10446, 34.19902], [-97.10895, 34.19144], [-97.1141, 34.18664], [-97.13549, 34.15778], [-97.13672, 34.15537], [-97.13744, 34.15299], [-97.14306, 34.12027], [-97.14316, 34.11679], [-97.13762, 34.06044], [-97.13276, 34.04318], [-97.13188, 34.04084], [-97.13058, 34.03861], [-97.11908, 34.02311], [-97.10984, 34.01461], [-97.10834, 34.01288], [-97.1062, 34.009], [-97.10557, 34.00654], [-97.10543, 34.00402], [-97.10588, 34.0011], [-97.11635, 33.96645], [-97.11735, 33.96245], [-97.11737, 33.95933], [-97.11572, 33.95158], [-97.11563, 33.94827], [-97.12208, 33.87508], [-97.12342, 33.86207], [-97.14808, 33.78366], [-97.14842, 33.78132], [-97.14733, 33.7752], [-97.14754, 33.77328], [-97.14859, 33.77152], [-97.15134, 33.76923], [-97.1547, 33.76298], [-97.15813, 33.75911], [-97.15998, 33.75607], [-97.16032, 33.7551], [-97.16048, 33.75228], [-97.15759, 33.73907], [-97.15772, 33.73665], [-97.15839, 33.73484], [-97.15933, 33.73328], [-97.16422, 33.72759], [-97.16493, 33.72639], [-97.16522, 33.72528], [-97.16462, 33.72126], [-97.16503, 33.71464], [-97.16462, 33.71079], [-97.16566, 33.7027], [-97.16495, 33.69534], [-97.16681, 33.6831], [-97.16681, 33.68047], [-97.16586, 33.67761], [-97.14552, 33.64375], [-97.14431, 33.64089], [-97.13977, 33.62089], [-97.14011, 33.5898], [-97.13849, 33.57954], [-97.13946, 33.57148], [-97.14021, 33.56846], [-97.16339, 33.51982], [-97.16434, 33.51754], [-97.16492, 33.51495], [-97.16491, 33.51141], [-97.16069, 33.48275], [-97.15458, 33.461], [-97.15435, 33.459], [-97.1705, 33.38623], [-97.16745, 33.33065], [-97.16719, 33.32542], [-97.16734, 33.32411], [-97.16807, 33.32258], [-97.16922, 33.32142], [-97.20563, 33.29825], [-97.22502, 33.28227], [-97.22642, 33.28056], [-97.22756, 33.27865], [-97.2378, 33.25807], [-97.23843, 33.25633], [-97.24015, 33.24896], [-97.24154, 33.24592], [-97.26189, 33.21583], [-97.2696, 33.20683], [-97.28231, 33.1946], [-97.28456, 33.19181], [-97.2859, 33.18907], [-97.28656, 33.18657], [-97.28955, 33.16359], [-97.28926, 33.129], [-97.29547, 33.0835], [-97.29515, 33.06892], [-97.2959, 33.06541], [-97.29859, 33.0584], [-97.29997, 33.0554], [-97.3011, 33.05384], [-97.30351, 33.05176], [-97.30576, 33.05061], [-97.30987, 33.04964], [-97.31793, 33.04957], [-97.32142, 33.04912], [-97.32503, 33.048], [-97.32863, 33.04607], [-97.35038, 33.02783], [-97.35134, 33.02657], [-97.35323, 33.02278], [-97.35383, 33.02053], [-97.35459, 33.01138], [-97.3558, 33.00171], [-97.35864, 32.99089], [-97.35884, 32.98884], [-97.35841, 32.98634], [-97.35505, 32.9774], [-97.3546, 32.97549], [-97.35455, 32.96066], [-97.35629, 32.95485], [-97.35998, 32.94438], [-97.36064, 32.94148], [-97.36315, 32.87399], [-97.35777, 32.83223], [-97.35719, 32.82951], [-97.35582, 32.82648], [-97.35004, 32.81692], [-97.34937, 32.81543], [-97.34753, 32.80154], [-97.34687, 32.79937], [-97.33139, 32.77644], [-97.3301, 32.77405], [-97.3277, 32.76683], [-97.3273, 32.76105], [-97.32618, 32.75533], [-97.32555, 32.75347]]}}, {"type": "Feature", "properties": {"company": "Gulf, Colorado and Santa Fe Railway", "line": "Gulf, Colorado and Santa Fe: Fort Worth \u2013 Temple", "id": "gcsf-independent-fort-worth-temple", "color": "#6C7BC4", "mode": "intercity_rail", "avg_speed_kmh": 50, "speed_source": "Estimated. No 1880s timetable was consulted; 50 km/h is a plain guess for Texas main-line running of the period, well under the 81 km/h the Texas Chief averaged over the same rails in 1967.", "segments": [{"start": 1881, "end": 1887, "headway_min": 720, "note": "Built by the independent Gulf, Colorado and Santa Fe as it pushed north from Galveston: 291 miles were in service between Richmond and Fort Worth by the end of 1881, the stretch that made Temple (founded 1881 as a GC&SF town) and ran on through Cleburne. The GC&SF was still its own company here - the Santa Fe stock purchase was contracted March 3 1886 and board control passed March 23 1887, which is where this feature ends and the Santa Fe-coloured one begins. headway_min is an unsourced estimate.", "sources": ["Segment-level: the end-of-1881 Richmond - Fort Worth mileage is from the TSHA GC&SF handbook entry; the March 1886 contract and March 1887 board control dates match the existing data/gulf_colorado_santa_fe_railway.geojson layer, which splits its own features at the same 1887 boundary. headway_min and avg_speed_kmh are estimates.", "https://www.tshaonline.org/handbook/entries/gulf-colorado-and-santa-fe-railway", "data/gulf_colorado_santa_fe_railway.geojson (existing layer, same company strings and colours)"]}], "geometry_source": "Traced from OpenStreetMap route relations pulled whole from the OSM API (/api/0.6/relation/<id>/full.json), assembled into a node-id graph and routed with Dijkstra between the documented terminal stations, then Douglas-Peucker simplified at 15 m. Relations used: 1431363 BNSF Arkansas City Subdivision (Newton-Wichita-Winfield-Arkansas City), 1451445 BNSF Red Rock Subdivision (Arkansas City-Oklahoma City-Purcell-Gainesville), 1458513 BNSF Fort Worth Subdivision (Gainesville-Fort Worth-Cleburne-Temple), 7403491 BNSF Mykawa Subdivision and 7461034 BNSF Galveston Subdivision (Houston-Alvin-Galveston). All five are the Santa Fe's own alignments, still in freight use under BNSF.", "geometry_quality": "Traced from the BNSF Fort Worth Subdivision relation (OSM 1458513): 128.3 traced miles against 127.6 timetable miles (Fort Worth 1037.2 - Temple 1164.8, March 1967). Trace passes within 0.5 km of Cleburne and 0.3 km of McGregor. No straight-line legs. This is the modern alignment; no realignment of consequence is known on it, but that has not been checked against a period map, so the pre-1900 geometry is drawn on present-day track. Straight-line repair 2026-08-29: 1 ruled segment totalling 11 mi replaced with OpenStreetMap-traced rail geometry (see geometry_repairs for the OSM lines each one followed).", "geometry_repairs": [{"date": "2026-08-29", "from": [-97.38065, 32.34454], "to": [-97.37858, 32.18739], "chord_mi": 10.86, "traced_mi": 10.87, "snap_m": [0, 0], "bridged_mi": 0.0, "osm_lines": ["BNSF Fort Worth Subdivision (10.87 mi)"], "method": "Overpass rail graph, 8.0 km corridor, Dijkstra, simplified to 3.0 m"}]}, "geometry": {"type": "LineString", "coordinates": [[-97.32555, 32.75347], [-97.32422, 32.75108], [-97.32193, 32.74837], [-97.32153, 32.74713], [-97.32169, 32.74203], [-97.32282, 32.73655], [-97.32306, 32.73369], [-97.32432, 32.72701], [-97.32539, 32.72499], [-97.33979, 32.70465], [-97.34971, 32.68496], [-97.35085, 32.68213], [-97.35182, 32.67846], [-97.35227, 32.67504], [-97.3557, 32.59522], [-97.37291, 32.51456], [-97.37334, 32.51327], [-97.37443, 32.51148], [-97.38813, 32.49119], [-97.38877, 32.48968], [-97.38903, 32.4883], [-97.38987, 32.4666], [-97.38591, 32.36442], [-97.3806467, 32.3445413], [-97.379843, 32.305461], [-97.379676, 32.299577], [-97.3793931, 32.2845919], [-97.3778446, 32.2135228], [-97.377737, 32.206738], [-97.377438, 32.1952], [-97.3774225, 32.1928822], [-97.3775396, 32.1913808], [-97.3778078, 32.1899349], [-97.3781377, 32.1886739], [-97.3785848, 32.1873883], [-97.38062, 32.18366], [-97.3892, 32.17193], [-97.40555, 32.1516], [-97.40858, 32.14853], [-97.42205, 32.13609], [-97.43328, 32.12891], [-97.43646, 32.1273], [-97.44055, 32.126], [-97.45364, 32.12345], [-97.45873, 32.12158], [-97.46144, 32.12], [-97.4833, 32.10443], [-97.48525, 32.10286], [-97.48772, 32.10004], [-97.49399, 32.08896], [-97.49578, 32.08638], [-97.50628, 32.07407], [-97.52189, 32.05771], [-97.52447, 32.05536], [-97.53277, 32.04983], [-97.55545, 32.03163], [-97.56062, 32.02825], [-97.56444, 32.02644], [-97.60905, 32.00886], [-97.61182, 32.00783], [-97.61658, 32.00659], [-97.63104, 31.99745], [-97.63293, 31.99576], [-97.63398, 31.99409], [-97.63792, 31.98181], [-97.63822, 31.97984], [-97.63786, 31.97748], [-97.6333, 31.9674], [-97.63257, 31.96429], [-97.63319, 31.95416], [-97.6359, 31.94676], [-97.63618, 31.94517], [-97.63561, 31.91937], [-97.63543, 31.91735], [-97.63479, 31.91502], [-97.63375, 31.91279], [-97.6267, 31.90065], [-97.61466, 31.87758], [-97.60596, 31.86258], [-97.60539, 31.86102], [-97.60447, 31.85668], [-97.59763, 31.84096], [-97.59559, 31.83451], [-97.57914, 31.80016], [-97.57875, 31.79889], [-97.57841, 31.79494], [-97.57804, 31.79355], [-97.54889, 31.73832], [-97.54784, 31.73551], [-97.53893, 31.70623], [-97.53503, 31.70053], [-97.53241, 31.69487], [-97.53134, 31.69333], [-97.50952, 31.67112], [-97.50669, 31.66927], [-97.49469, 31.6626], [-97.49338, 31.66156], [-97.4903, 31.65826], [-97.48808, 31.65678], [-97.48564, 31.6558], [-97.4836, 31.65539], [-97.47523, 31.65488], [-97.47282, 31.65424], [-97.46963, 31.65222], [-97.46504, 31.65005], [-97.46368, 31.64863], [-97.4625, 31.64635], [-97.46204, 31.64443], [-97.46184, 31.64124], [-97.46084, 31.63699], [-97.45791, 31.59348], [-97.45439, 31.57987], [-97.45292, 31.57468], [-97.45203, 31.57306], [-97.44028, 31.56133], [-97.43903, 31.55968], [-97.43827, 31.55789], [-97.43814, 31.55525], [-97.4418, 31.53886], [-97.44213, 31.53644], [-97.44206, 31.53415], [-97.43993, 31.52242], [-97.43802, 31.51762], [-97.42143, 31.48517], [-97.41538, 31.46363], [-97.41447, 31.46115], [-97.38359, 31.40597], [-97.38291, 31.40387], [-97.38258, 31.40189], [-97.38142, 31.38112], [-97.38184, 31.36651], [-97.38129, 31.36274], [-97.37877, 31.35683], [-97.37727, 31.35449], [-97.37558, 31.35266], [-97.36717, 31.34537], [-97.36483, 31.34235], [-97.36307, 31.33832], [-97.35802, 31.32435], [-97.35768, 31.3215], [-97.35812, 31.31808], [-97.36667, 31.28799], [-97.3672, 31.28506], [-97.36492, 31.24206], [-97.36445, 31.23926], [-97.36338, 31.23656], [-97.35737, 31.22767], [-97.35587, 31.22422], [-97.34817, 31.17351], [-97.34679, 31.1699], [-97.34242, 31.16188], [-97.33818, 31.15065], [-97.33751, 31.1481], [-97.33736, 31.14538], [-97.33785, 31.14233], [-97.349, 31.10122], [-97.34902, 31.09896], [-97.34849, 31.0975], [-97.34639, 31.09565], [-97.3443, 31.09469]]}}, {"type": "Feature", "properties": {"company": "Gulf, Colorado and Santa Fe Railway (Santa Fe subsidiary)", "line": "Gulf, Colorado and Santa Fe: Fort Worth \u2013 Temple", "id": "gcsf-subsidiary-fort-worth-temple", "color": "#003DA5", "mode": "intercity_rail", "avg_speed_kmh": 81, "speed_source": "March 1967 Texas Chief timetable: Fort Worth 1:45P to Temple 4:17P, 127.6 timetable miles in 2h32 = 50 mph = 81 km/h. The pre-1948 figure would be lower; this feature carries the streamliner-era number.", "segments": [{"start": 1887, "end": 1948, "headway_min": 720, "note": "Santa Fe-controlled from March 1887 and, once the Purcell gap closed in June 1887, the Texas end of the Kansas City - Galveston main line. The GC&SF kept its own corporate shell until it was formally merged into the AT&SF on August 1 1965 but was Santa Fe-operated throughout. headway_min is an unsourced estimate across a 61-year span.", "sources": ["Segment-level: the 1887 control date and the August 1 1965 merger are from the TSHA GC&SF handbook entry. headway_min is an estimate; no period timetable was consulted for this era.", "https://www.tshaonline.org/handbook/entries/gulf-colorado-and-santa-fe-railway"]}, {"start": 1948, "end": 1971, "headway_min": 1440, "note": "Texas Chief era, Fort Worth - Cleburne - McGregor - Temple. From December 5 1955 to August 4 1968 a Dallas section joined the train, running Dallas - Cleburne over the ex-Chicago, Texas and Mexican Central line; that connection is not drawn in this file. Santa Fe operation ends with Amtrak on May 1 1971. headway_min 1440 = one train each way daily, March 1967.", "sources": ["Segment-level: the Dallas section dates are from the Wikipedia Texas Chief article; headway and the 2h32 Fort Worth - Temple schedule are from the March 1967 timetable.", "https://en.wikipedia.org/wiki/Texas_Chief", "https://www.streamlinerschedules.com/concourse/track9/texchief196703.html"]}], "geometry_source": "Traced from OpenStreetMap route relations pulled whole from the OSM API (/api/0.6/relation/<id>/full.json), assembled into a node-id graph and routed with Dijkstra between the documented terminal stations, then Douglas-Peucker simplified at 15 m. Relations used: 1431363 BNSF Arkansas City Subdivision (Newton-Wichita-Winfield-Arkansas City), 1451445 BNSF Red Rock Subdivision (Arkansas City-Oklahoma City-Purcell-Gainesville), 1458513 BNSF Fort Worth Subdivision (Gainesville-Fort Worth-Cleburne-Temple), 7403491 BNSF Mykawa Subdivision and 7461034 BNSF Galveston Subdivision (Houston-Alvin-Galveston). All five are the Santa Fe's own alignments, still in freight use under BNSF.", "geometry_quality": "Traced from the BNSF Fort Worth Subdivision relation (OSM 1458513): 128.3 traced miles against 127.6 timetable miles (Fort Worth 1037.2 - Temple 1164.8, March 1967). Trace passes within 0.5 km of Cleburne and 0.3 km of McGregor. No straight-line legs. This is the modern alignment; no realignment of consequence is known on it, but that has not been checked against a period map, so the pre-1900 geometry is drawn on present-day track. Straight-line repair 2026-08-29: 1 ruled segment totalling 11 mi replaced with OpenStreetMap-traced rail geometry (see geometry_repairs for the OSM lines each one followed).", "geometry_repairs": [{"date": "2026-08-29", "from": [-97.38065, 32.34454], "to": [-97.37858, 32.18739], "chord_mi": 10.86, "traced_mi": 10.87, "snap_m": [0, 0], "bridged_mi": 0.0, "osm_lines": ["BNSF Fort Worth Subdivision (10.87 mi)"], "method": "Overpass rail graph, 8.0 km corridor, Dijkstra, simplified to 3.0 m"}]}, "geometry": {"type": "LineString", "coordinates": [[-97.32555, 32.75347], [-97.32422, 32.75108], [-97.32193, 32.74837], [-97.32153, 32.74713], [-97.32169, 32.74203], [-97.32282, 32.73655], [-97.32306, 32.73369], [-97.32432, 32.72701], [-97.32539, 32.72499], [-97.33979, 32.70465], [-97.34971, 32.68496], [-97.35085, 32.68213], [-97.35182, 32.67846], [-97.35227, 32.67504], [-97.3557, 32.59522], [-97.37291, 32.51456], [-97.37334, 32.51327], [-97.37443, 32.51148], [-97.38813, 32.49119], [-97.38877, 32.48968], [-97.38903, 32.4883], [-97.38987, 32.4666], [-97.38591, 32.36442], [-97.3806467, 32.3445413], [-97.379843, 32.305461], [-97.379676, 32.299577], [-97.3793931, 32.2845919], [-97.3778446, 32.2135228], [-97.377737, 32.206738], [-97.377438, 32.1952], [-97.3774225, 32.1928822], [-97.3775396, 32.1913808], [-97.3778078, 32.1899349], [-97.3781377, 32.1886739], [-97.3785848, 32.1873883], [-97.38062, 32.18366], [-97.3892, 32.17193], [-97.40555, 32.1516], [-97.40858, 32.14853], [-97.42205, 32.13609], [-97.43328, 32.12891], [-97.43646, 32.1273], [-97.44055, 32.126], [-97.45364, 32.12345], [-97.45873, 32.12158], [-97.46144, 32.12], [-97.4833, 32.10443], [-97.48525, 32.10286], [-97.48772, 32.10004], [-97.49399, 32.08896], [-97.49578, 32.08638], [-97.50628, 32.07407], [-97.52189, 32.05771], [-97.52447, 32.05536], [-97.53277, 32.04983], [-97.55545, 32.03163], [-97.56062, 32.02825], [-97.56444, 32.02644], [-97.60905, 32.00886], [-97.61182, 32.00783], [-97.61658, 32.00659], [-97.63104, 31.99745], [-97.63293, 31.99576], [-97.63398, 31.99409], [-97.63792, 31.98181], [-97.63822, 31.97984], [-97.63786, 31.97748], [-97.6333, 31.9674], [-97.63257, 31.96429], [-97.63319, 31.95416], [-97.6359, 31.94676], [-97.63618, 31.94517], [-97.63561, 31.91937], [-97.63543, 31.91735], [-97.63479, 31.91502], [-97.63375, 31.91279], [-97.6267, 31.90065], [-97.61466, 31.87758], [-97.60596, 31.86258], [-97.60539, 31.86102], [-97.60447, 31.85668], [-97.59763, 31.84096], [-97.59559, 31.83451], [-97.57914, 31.80016], [-97.57875, 31.79889], [-97.57841, 31.79494], [-97.57804, 31.79355], [-97.54889, 31.73832], [-97.54784, 31.73551], [-97.53893, 31.70623], [-97.53503, 31.70053], [-97.53241, 31.69487], [-97.53134, 31.69333], [-97.50952, 31.67112], [-97.50669, 31.66927], [-97.49469, 31.6626], [-97.49338, 31.66156], [-97.4903, 31.65826], [-97.48808, 31.65678], [-97.48564, 31.6558], [-97.4836, 31.65539], [-97.47523, 31.65488], [-97.47282, 31.65424], [-97.46963, 31.65222], [-97.46504, 31.65005], [-97.46368, 31.64863], [-97.4625, 31.64635], [-97.46204, 31.64443], [-97.46184, 31.64124], [-97.46084, 31.63699], [-97.45791, 31.59348], [-97.45439, 31.57987], [-97.45292, 31.57468], [-97.45203, 31.57306], [-97.44028, 31.56133], [-97.43903, 31.55968], [-97.43827, 31.55789], [-97.43814, 31.55525], [-97.4418, 31.53886], [-97.44213, 31.53644], [-97.44206, 31.53415], [-97.43993, 31.52242], [-97.43802, 31.51762], [-97.42143, 31.48517], [-97.41538, 31.46363], [-97.41447, 31.46115], [-97.38359, 31.40597], [-97.38291, 31.40387], [-97.38258, 31.40189], [-97.38142, 31.38112], [-97.38184, 31.36651], [-97.38129, 31.36274], [-97.37877, 31.35683], [-97.37727, 31.35449], [-97.37558, 31.35266], [-97.36717, 31.34537], [-97.36483, 31.34235], [-97.36307, 31.33832], [-97.35802, 31.32435], [-97.35768, 31.3215], [-97.35812, 31.31808], [-97.36667, 31.28799], [-97.3672, 31.28506], [-97.36492, 31.24206], [-97.36445, 31.23926], [-97.36338, 31.23656], [-97.35737, 31.22767], [-97.35587, 31.22422], [-97.34817, 31.17351], [-97.34679, 31.1699], [-97.34242, 31.16188], [-97.33818, 31.15065], [-97.33751, 31.1481], [-97.33736, 31.14538], [-97.33785, 31.14233], [-97.349, 31.10122], [-97.34902, 31.09896], [-97.34849, 31.0975], [-97.34639, 31.09565], [-97.3443, 31.09469]]}}, {"type": "Feature", "properties": {"company": "Gulf, Colorado and Santa Fe Railway", "line": "Gulf, Colorado and Santa Fe: Houston \u2013 Galveston", "id": "gcsf-independent-houston-galveston", "color": "#6C7BC4", "mode": "intercity_rail", "avg_speed_kmh": 45, "speed_source": "Estimated. No 1880s timetable was consulted; 45 km/h is a guess for the period, against the 68 km/h the Texas Chief averaged here in 1967.", "segments": [{"start": 1883, "end": 1887, "headway_min": 720, "note": "The GC&SF main line ran Galveston - Alvin - Richmond and deliberately bypassed Houston, whose merchants the Galveston backers were trying to get around; Houston was reached on May 1 1883 by a 25-mile branch from Alvin, which is what this feature draws. Drawn from 1883 rather than from the 1879 opening of the Galveston - Richmond main because the geometry here is the Houston line. headway_min is an unsourced estimate.", "sources": ["Segment-level: the May 1 1883 opening of the 25-mile Alvin - Houston line and the Galveston-first, bypass-Houston strategy are from the TSHA GC&SF handbook entry. headway_min and avg_speed_kmh are estimates.", "https://www.tshaonline.org/handbook/entries/gulf-colorado-and-santa-fe-railway"]}], "geometry_source": "Traced from OpenStreetMap route relations pulled whole from the OSM API (/api/0.6/relation/<id>/full.json), assembled into a node-id graph and routed with Dijkstra between the documented terminal stations, then Douglas-Peucker simplified at 15 m. Relations used: 1431363 BNSF Arkansas City Subdivision (Newton-Wichita-Winfield-Arkansas City), 1451445 BNSF Red Rock Subdivision (Arkansas City-Oklahoma City-Purcell-Gainesville), 1458513 BNSF Fort Worth Subdivision (Gainesville-Fort Worth-Cleburne-Temple), 7403491 BNSF Mykawa Subdivision and 7461034 BNSF Galveston Subdivision (Houston-Alvin-Galveston). All five are the Santa Fe's own alignments, still in freight use under BNSF.", "geometry_quality": "Traced from the BNSF Mykawa Subdivision (OSM 7403491) and Galveston Subdivision (OSM 7461034) relations: 45.9 traced miles of real alignment from south Houston through Alvin to Galveston. The northernmost 8.9 km, from the Santa Fe\u2019s Houston terminal down to the surviving ex-Santa Fe line near Mykawa, is a STRAIGHT LINE - that inner-city alignment is razed and not mappable in OSM, and the straight leg was drawn to the Houston endpoint the existing data/gulf_colorado_santa_fe_railway.geojson layer already uses so the two layers meet. Total 51.4 miles against 53.1 timetable miles (Houston 1352.9 - Galveston 1406.0, March 1967). Straight-line repair 2026-08-29: 1 ruled segment totalling 22 mi replaced with OpenStreetMap-traced rail geometry (see geometry_repairs for the OSM lines each one followed).", "geometry_repairs": [{"date": "2026-08-29", "from": [-95.24591, 29.42606], "to": [-94.91248, 29.31078], "chord_mi": 21.59, "traced_mi": 21.6, "snap_m": [0, 0], "bridged_mi": 0.0, "osm_lines": ["BNSF Galveston Subdivision (21.5 mi)", "BNSF Mykawa Subdivision (0.1 mi)"], "method": "Overpass rail graph, 8.0 km corridor, Dijkstra, simplified to 3.0 m"}]}, "geometry": {"type": "LineString", "coordinates": [[-95.36599, 29.76722], [-95.32672, 29.69541], [-95.24861, 29.43439], [-95.24699, 29.42758], [-95.24653, 29.42666], [-95.2459054, 29.4260586], [-95.2454946, 29.4258073], [-95.2441246, 29.4252397], [-95.1722642, 29.4006131], [-95.068485, 29.36497], [-94.999027, 29.341043], [-94.953338, 29.325134], [-94.9124793, 29.3107772], [-94.89733, 29.30292], [-94.86925, 29.28928], [-94.86724, 29.289], [-94.86516, 29.28925], [-94.83721, 29.29497]]}}, {"type": "Feature", "properties": {"company": "Gulf, Colorado and Santa Fe Railway (Santa Fe subsidiary)", "line": "Gulf, Colorado and Santa Fe: Houston \u2013 Galveston", "id": "gcsf-subsidiary-houston-galveston", "color": "#003DA5", "mode": "intercity_rail", "avg_speed_kmh": 68, "speed_source": "March 1967 Texas Chief timetable: Houston 8:00P to Galveston 9:15P, 53.1 timetable miles in 1h15 = 42 mph = 68 km/h.", "segments": [{"start": 1887, "end": 1948, "headway_min": 720, "note": "Santa Fe-controlled from March 1887; the salt-water end of the Kansas City - Galveston route, and the reason the Santa Fe had a Gulf port at all. headway_min is an unsourced estimate across a 61-year span.", "sources": ["NOT SOURCED AT SEGMENT LEVEL: the 1887 control date is sourced from the TSHA entry, but no timetable was consulted for passenger service over the Galveston line in this era and headway_min is an estimate.", "https://www.tshaonline.org/handbook/entries/gulf-colorado-and-santa-fe-railway"]}, {"start": 1948, "end": 1967, "headway_min": 1440, "note": "The Texas Chief ran through to Galveston from its April 3 1948 inaugural until the Galveston section was dropped in April 1967 - the March 1967 timetable used for the speeds here is one of the last to show it. Drawn years end in 1967 because that was the end of passenger service on the segment; BNSF still moves freight over it, which this map does not draw.", "sources": ["Segment-level: the April 1967 truncation to Houston is from the Wikipedia Texas Chief and Lone Star articles; the schedule and mileage are from the March 1967 timetable, which still lists Galveston.", "https://en.wikipedia.org/wiki/Texas_Chief", "https://en.wikipedia.org/wiki/Lone_Star_(Amtrak_train)", "https://www.streamlinerschedules.com/concourse/track9/texchief196703.html"]}], "geometry_source": "Traced from OpenStreetMap route relations pulled whole from the OSM API (/api/0.6/relation/<id>/full.json), assembled into a node-id graph and routed with Dijkstra between the documented terminal stations, then Douglas-Peucker simplified at 15 m. Relations used: 1431363 BNSF Arkansas City Subdivision (Newton-Wichita-Winfield-Arkansas City), 1451445 BNSF Red Rock Subdivision (Arkansas City-Oklahoma City-Purcell-Gainesville), 1458513 BNSF Fort Worth Subdivision (Gainesville-Fort Worth-Cleburne-Temple), 7403491 BNSF Mykawa Subdivision and 7461034 BNSF Galveston Subdivision (Houston-Alvin-Galveston). All five are the Santa Fe's own alignments, still in freight use under BNSF.", "geometry_quality": "Traced from the BNSF Mykawa Subdivision (OSM 7403491) and Galveston Subdivision (OSM 7461034) relations: 45.9 traced miles of real alignment from south Houston through Alvin to Galveston. The northernmost 8.9 km, from the Santa Fe\u2019s Houston terminal down to the surviving ex-Santa Fe line near Mykawa, is a STRAIGHT LINE - that inner-city alignment is razed and not mappable in OSM, and the straight leg was drawn to the Houston endpoint the existing data/gulf_colorado_santa_fe_railway.geojson layer already uses so the two layers meet. Total 51.4 miles against 53.1 timetable miles (Houston 1352.9 - Galveston 1406.0, March 1967). Straight-line repair 2026-08-29: 1 ruled segment totalling 22 mi replaced with OpenStreetMap-traced rail geometry (see geometry_repairs for the OSM lines each one followed).", "geometry_repairs": [{"date": "2026-08-29", "from": [-95.24591, 29.42606], "to": [-94.91248, 29.31078], "chord_mi": 21.59, "traced_mi": 21.6, "snap_m": [0, 0], "bridged_mi": 0.0, "osm_lines": ["BNSF Galveston Subdivision (21.5 mi)", "BNSF Mykawa Subdivision (0.1 mi)"], "method": "Overpass rail graph, 8.0 km corridor, Dijkstra, simplified to 3.0 m"}]}, "geometry": {"type": "LineString", "coordinates": [[-95.36599, 29.76722], [-95.32672, 29.69541], [-95.24861, 29.43439], [-95.24699, 29.42758], [-95.24653, 29.42666], [-95.2459054, 29.4260586], [-95.2454946, 29.4258073], [-95.2441246, 29.4252397], [-95.1722642, 29.4006131], [-95.068485, 29.36497], [-94.999027, 29.341043], [-94.953338, 29.325134], [-94.9124793, 29.3107772], [-94.89733, 29.30292], [-94.86925, 29.28928], [-94.86724, 29.289], [-94.86516, 29.28925], [-94.83721, 29.29497]]}}, {"type": "Feature", "properties": {"company": "Atchison, Topeka and Santa Fe Railway", "line": "Atchison, Topeka and Santa Fe: Texas Chief", "id": "atsf-texas-chief", "color": "#003DA5", "mode": "intercity_rail", "avg_speed_kmh": 83, "speed_source": "March 1967 timetable: 1,406 miles Chicago - Galveston in about 27h15, = 52 mph = 83 km/h including stops. Wikipedia gives the 1948 inaugural schedule as 26h15, ten hours faster than the train it replaced; the two figures are not reconciled here.", "segments": [{"start": 1948, "end": 1955, "headway_min": 1440, "note": "Inaugurated April 3 1948 as trains 15 and 16, Chicago - Kansas City - Oklahoma City - Fort Worth - Houston - Galveston, cutting about ten hours off the previous schedule over the route. headway_min 1440 = one train each way daily.", "sources": ["Segment-level: the April 3 1948 inaugural, the train numbers and the ten-hours-faster claim are from the Wikipedia Texas Chief article and american-rails.com.", "https://en.wikipedia.org/wiki/Texas_Chief", "https://www.american-rails.com/tex-chi.html"]}, {"start": 1955, "end": 1968, "headway_min": 1440, "note": "From December 5 1955 the train carried a Dallas section, split and joined at Gainesville and Cleburne; it was dropped on August 4 1968. Galveston service ended in April 1967, which is why this feature is drawn only to Houston. headway_min 1440.", "sources": ["Segment-level: the December 5 1955 Dallas section, its August 4 1968 discontinuance and the April 1967 Galveston cut-back are all from the Wikipedia Texas Chief article; the March 1967 timetable corroborates the Galveston service still running that spring.", "https://en.wikipedia.org/wiki/Texas_Chief", "https://www.streamlinerschedules.com/concourse/track9/texchief196703.html"]}, {"start": 1968, "end": 1971, "headway_min": 1440, "note": "Chicago - Houston only, one train each way, until Amtrak took over intercity passenger service on May 1 1971. Amtrak kept the Texas Chief name until May 19 1974; the Amtrak years are drawn as the separate Lone Star feature in this file.", "sources": ["Segment-level: the May 1 1971 Amtrak transition and the May 19 1974 renaming are from the Wikipedia Texas Chief and Lone Star articles.", "https://en.wikipedia.org/wiki/Texas_Chief", "https://en.wikipedia.org/wiki/Lone_Star_(Amtrak_train)"]}], "geometry_source": "Traced from OpenStreetMap route relations pulled whole from the OSM API (/api/0.6/relation/<id>/full.json), assembled into a node-id graph and routed with Dijkstra between the documented terminal stations, then Douglas-Peucker simplified at 15 m. Relations used: 1431363 BNSF Arkansas City Subdivision (Newton-Wichita-Winfield-Arkansas City), 1451445 BNSF Red Rock Subdivision (Arkansas City-Oklahoma City-Purcell-Gainesville), 1458513 BNSF Fort Worth Subdivision (Gainesville-Fort Worth-Cleburne-Temple), 7403491 BNSF Mykawa Subdivision and 7461034 BNSF Galveston Subdivision (Houston-Alvin-Galveston). All five are the Santa Fe's own alignments, still in freight use under BNSF.", "geometry_quality": "Assembled geometry, not one trace. Chicago - Kansas City is the modern Amtrak Southwest Chief shape already used by data/santa_fe_chief.geojson: the same ATSF main line the Texas Chief ran, but a coarse GTFS-derived modern alignment (98 points for 449 miles), so nothing about its pre-1971 detail is verified here. Kansas City - Olathe - Ottawa - Emporia - Newton is traced for this layer from the BNSF Emporia Subdivision (OSM 1431383) and the Newton - Elinor relation (OSM 7764254): 183.5 traced miles against 185.2 timetable miles. That mileage is what settles the routing question - the train is often described as running via Topeka, but the Topeka Subdivision route traces 198.8 miles, 14 miles longer than the timetable allows, while the Ottawa line matches, so the Ottawa line is what is drawn. Newton - Wichita - Arkansas City - Purcell - Fort Worth - Temple is this layer\u2019s own OSM trace; Temple - Houston is the existing data/gulf_colorado_santa_fe_railway.geojson trace. Straight-line joins between those pieces: 2.3 km at Kansas City, 1.2 km at Arkansas City, 0.1 km at Newton and 0.1 km at Temple. Total 1340 traced miles against 1352.9 timetable miles Chicago - Houston (March 1967); the shortfall is the coarse Amtrak shape cutting corners east of Kansas City. The train also ran Houston - Galveston until April 1967 - that leg is drawn as the two Houston - Galveston features in this file rather than being included here, so this feature is Chicago - Houston throughout its life. Straight-line repair 2026-08-29: 16 ruled segments totalling 220 mi replaced with OpenStreetMap-traced rail geometry (see geometry_repairs for the OSM lines each one followed).", "geometry_repairs": [{"date": "2026-08-29", "from": [-97.38065, 32.34454], "to": [-97.37858, 32.18739], "chord_mi": 10.86, "traced_mi": 10.87, "snap_m": [0, 0], "bridged_mi": 0.0, "osm_lines": ["BNSF Fort Worth Subdivision (10.87 mi)"], "method": "Overpass rail graph, 8.0 km corridor, Dijkstra, simplified to 3.0 m"}, {"date": "2026-08-29", "from": [-97.42229, 37.91393], "to": [-97.3358, 37.76414], "chord_mi": 11.45, "traced_mi": 11.4, "snap_m": [0, 0], "bridged_mi": 0.0, "osm_lines": ["BNSF Arkansas City Subdivision (11.4 mi)"], "method": "Overpass rail graph, 8.0 km corridor, Dijkstra, simplified to 3.0 m"}, {"date": "2026-08-29", "from": [-96.16999, 29.83936], "to": [-96.12953, 29.68671], "chord_mi": 10.79, "traced_mi": 10.84, "snap_m": [1, 0], "bridged_mi": 0.0, "osm_lines": ["BNSF Galveston Subdivision (10.84 mi)"], "method": "Overpass rail graph, 8.0 km corridor, Dijkstra, simplified to 3.0 m"}, {"date": "2026-08-29", "from": [-93.53266, 39.33484], "to": [-93.82257, 39.27497], "chord_mi": 16.93, "traced_mi": 16.07, "snap_m": [17, 1], "bridged_mi": 0.0, "osm_lines": ["NS Kansas City District (15.82 mi)", "Marceline Subdivision (0.24 mi)"], "method": "Overpass rail graph, 8.0 km corridor, Dijkstra, simplified to 3.0 m"}, {"date": "2026-08-29", "from": [-93.82257, 39.27497], "to": [-93.99511, 39.21071], "chord_mi": 10.73, "traced_mi": 10.24, "snap_m": [1, 12], "bridged_mi": 0.0, "osm_lines": ["Marceline Subdivision (9.37 mi)", "NS Kansas City District (0.87 mi)"], "method": "Overpass rail graph, 8.0 km corridor, Dijkstra, simplified to 3.0 m"}, {"date": "2026-08-29", "from": [-93.03003, 39.66437], "to": [-93.24613, 39.51331], "chord_mi": 16.09, "traced_mi": 15.57, "snap_m": [13, 20], "bridged_mi": 0.0, "osm_lines": ["Marceline Subdivision (15.48 mi)", "(rail) (0.09 mi)"], "method": "Overpass rail graph, 8.0 km corridor, Dijkstra, simplified to 3.0 m"}, {"date": "2026-08-29", "from": [-92.84959, 39.82844], "to": [-92.95923, 39.7016], "chord_mi": 10.74, "traced_mi": 10.56, "snap_m": [6, 17], "bridged_mi": 0.0, "osm_lines": ["Marceline Subdivision (9.58 mi)", "(abandoned) [abandoned] (0.93 mi)", "AT&SF (0.04 mi)"], "method": "Overpass rail graph, 8.0 km corridor, Dijkstra, simplified to 3.0 m"}, {"date": "2026-08-29", "from": [-90.50059, 40.89787], "to": [-90.82301, 40.77586], "chord_mi": 20.11, "traced_mi": 18.83, "snap_m": [2, 25], "bridged_mi": 0.0, "osm_lines": ["BNSF Chillicothe Subdivision (18.83 mi)"], "method": "Overpass rail graph, 8.0 km corridor, Dijkstra, simplified to 3.0 m"}, {"date": "2026-08-29", "from": [-90.82301, 40.77586], "to": [-91.016, 40.70979], "chord_mi": 11.85, "traced_mi": 11.11, "snap_m": [25, 7], "bridged_mi": 0.0, "osm_lines": ["BNSF Chillicothe Subdivision (11.02 mi)", "(rail) (0.09 mi)"], "method": "Overpass rail graph, 8.0 km corridor, Dijkstra, simplified to 3.0 m"}, {"date": "2026-08-29", "from": [-90.241, 41.06441], "to": [-90.36783, 40.94029], "chord_mi": 10.91, "traced_mi": 10.84, "snap_m": [5, 8], "bridged_mi": 0.0, "osm_lines": ["BNSF Mendota Subdivision (10.39 mi)", "BNSF Ottumwa Subdivision (0.45 mi)"], "method": "Overpass rail graph, 8.0 km corridor, Dijkstra, simplified to 3.0 m"}, {"date": "2026-08-29", "from": [-89.77948, 41.30216], "to": [-89.9434, 41.24009], "chord_mi": 10.23, "traced_mi": 9.52, "snap_m": [27, 5], "bridged_mi": 0.0, "osm_lines": ["BNSF Mendota Subdivision (9.52 mi)"], "method": "Overpass rail graph, 8.0 km corridor, Dijkstra, simplified to 3.0 m"}, {"date": "2026-08-29", "from": [-90.00154, 41.18544], "to": [-90.15987, 41.11436], "chord_mi": 10.23, "traced_mi": 9.6, "snap_m": [14, 7], "bridged_mi": 0.0, "osm_lines": ["BNSF Mendota Subdivision (9.53 mi)", "(rail) (0.07 mi)"], "method": "Overpass rail graph, 8.0 km corridor, Dijkstra, simplified to 3.0 m"}, {"date": "2026-08-29", "from": [-89.26274, 41.46555], "to": [-89.46308, 41.38606], "chord_mi": 11.99, "traced_mi": 11.74, "snap_m": [19, 13], "bridged_mi": 0.0, "osm_lines": ["BNSF Mendota Subdivision (11.74 mi)", "CB&Q [abandoned] (0.0 mi)"], "method": "Overpass rail graph, 8.0 km corridor, Dijkstra, simplified to 3.0 m"}, {"date": "2026-08-29", "from": [-88.5877, 41.64928], "to": [-89.11204, 41.55568], "chord_mi": 30.4, "traced_mi": 27.87, "snap_m": [13, 3], "bridged_mi": 0.0, "osm_lines": ["BNSF Mendota Subdivision (27.86 mi)", "CB&Q (abnd) [abandoned] (0.0 mi)"], "method": "Overpass rail graph, 8.0 km corridor, Dijkstra, simplified to 3.0 m"}, {"date": "2026-08-29", "from": [-87.68116, 41.85885], "to": [-87.95944, 41.79602], "chord_mi": 15.43, "traced_mi": 14.99, "snap_m": [8, 6], "bridged_mi": 0.0, "osm_lines": ["BNSF Chicago Subdivision (14.95 mi)", "BNSF Railway (0.04 mi)"], "method": "Overpass rail graph, 8.0 km corridor, Dijkstra, simplified to 3.0 m"}, {"date": "2026-08-29", "from": [-88.38186, 41.69735], "to": [-88.5877, 41.64928], "chord_mi": 11.44, "traced_mi": 11.11, "snap_m": [22, 13], "bridged_mi": 0.0, "osm_lines": ["BNSF Mendota Subdivision (11.11 mi)"], "method": "Overpass rail graph, 8.0 km corridor, Dijkstra, simplified to 3.0 m"}]}, "geometry": {"type": "LineString", "coordinates": [[-87.63916, 41.87918], [-87.6382, 41.86037], [-87.68116, 41.85885], [-87.6811662, 41.8589198], [-87.6825556, 41.8585712], [-87.6866835, 41.8573167], [-87.6879267, 41.857001], [-87.7440196, 41.8444444], [-87.7451702, 41.8442376], [-87.7467487, 41.8440298], [-87.7507345, 41.8436561], [-87.751547, 41.8436211], [-87.7543984, 41.8433294], [-87.7565187, 41.8429358], [-87.7623699, 41.8416309], [-87.7660153, 41.8407784], [-87.7684736, 41.8399738], [-87.7720242, 41.838646], [-87.7740264, 41.8379609], [-87.7804745, 41.8362768], [-87.8722238, 41.8156576], [-87.9545411, 41.7970793], [-87.958081, 41.796297], [-87.959513, 41.796029], [-87.95944, 41.79602], [-88.06938, 41.79832], [-88.1028, 41.79256], [-88.13086, 41.78038], [-88.22512, 41.7776], [-88.2953, 41.76719], [-88.33155, 41.74673], [-88.36187, 41.70832], [-88.38186, 41.69735], [-88.3820914, 41.6972605], [-88.4979677, 41.6712018], [-88.5377797, 41.6622083], [-88.5398366, 41.6617096], [-88.5446918, 41.6604358], [-88.5811693, 41.6508129], [-88.585408, 41.6497275], [-88.5875415, 41.649276], [-88.5877, 41.64928], [-88.5875415, 41.649276], [-88.5894603, 41.6489444], [-88.5917177, 41.6486388], [-88.6200441, 41.6456528], [-88.6225026, 41.6453175], [-88.6241544, 41.645035], [-88.6955284, 41.6321215], [-88.7991834, 41.6132856], [-88.804559, 41.6123436], [-88.9155283, 41.5920644], [-88.9166966, 41.5918565], [-88.9167193, 41.5918896], [-88.923147, 41.5907163], [-88.9957151, 41.5773577], [-89.1095842, 41.5562983], [-89.111008, 41.5559925], [-89.1120084, 41.5556866], [-89.11204, 41.55568], [-89.1196, 41.54519], [-89.26274, 41.46555], [-89.2629298, 41.4654515], [-89.2651871, 41.4644786], [-89.3117908, 41.4460503], [-89.3117529, 41.4460208], [-89.3804781, 41.4188262], [-89.4603587, 41.3871092], [-89.4632214, 41.3860066], [-89.46308, 41.38606], [-89.50437, 41.39284], [-89.62741, 41.34464], [-89.66987, 41.33434], [-89.68288, 41.3215], [-89.72349, 41.30435], [-89.77948, 41.30216], [-89.7797873, 41.3020776], [-89.7824642, 41.3012163], [-89.7845501, 41.3004534], [-89.8184997, 41.2875994], [-89.9411988, 41.2410339], [-89.9434484, 41.240069], [-89.9434, 41.24009], [-90.00154, 41.18544], [-90.0014033, 41.1855188], [-90.0039475, 41.1840788], [-90.0064767, 41.1828685], [-90.04653, 41.16502], [-90.0501848, 41.1634392], [-90.0949748, 41.1434398], [-90.1522691, 41.1178075], [-90.1598067, 41.1143955], [-90.15987, 41.11436], [-90.241, 41.06441], [-90.2409608, 41.0644423], [-90.242244, 41.0635634], [-90.2442923, 41.062004], [-90.2456871, 41.0608236], [-90.2473817, 41.0592329], [-90.3018974, 41.0054102], [-90.3609253, 40.9470119], [-90.3647361, 40.9433007], [-90.3670715, 40.94093], [-90.3678783, 40.9402324], [-90.36783, 40.94029], [-90.46473, 40.89031], [-90.48442, 40.88951], [-90.49282, 40.89852], [-90.50059, 40.89787], [-90.5005741, 40.8978586], [-90.574863, 40.8698801], [-90.6523337, 40.8406124], [-90.6563039, 40.8389053], [-90.6589759, 40.8379202], [-90.6617668, 40.8370294], [-90.6724182, 40.8330265], [-90.723745, 40.8135996], [-90.8227648, 40.7759874], [-90.82301, 40.77586], [-90.8227648, 40.7759874], [-90.9066713, 40.7473582], [-90.9084018, 40.7467111], [-90.9930123, 40.7177311], [-91.0135797, 40.7106563], [-91.0160565, 40.7097464], [-91.016, 40.70979], [-91.13343, 40.65004], [-91.17254, 40.63532], [-91.28437, 40.61872], [-91.29879, 40.62942], [-91.31132, 40.62972], [-91.36855, 40.61574], [-91.52109, 40.54666], [-91.5512, 40.53942], [-91.5986, 40.50863], [-91.61016, 40.51056], [-91.61694, 40.51722], [-91.64224, 40.52105], [-91.65451, 40.5029], [-91.66862, 40.49894], [-91.70966, 40.47047], [-91.76517, 40.44492], [-91.82167, 40.40937], [-91.89433, 40.39752], [-92.01803, 40.36464], [-92.088, 40.31113], [-92.15415, 40.28123], [-92.21916, 40.23026], [-92.28379, 40.19952], [-92.29605, 40.17454], [-92.3104, 40.16678], [-92.32029, 40.15458], [-92.3964, 40.11299], [-92.43657, 40.07654], [-92.45822, 40.06552], [-92.4835, 40.0322], [-92.52406, 40.01814], [-92.56402, 40.01189], [-92.60877, 39.99516], [-92.70999, 39.9007], [-92.74487, 39.89176], [-92.77826, 39.86943], [-92.79734, 39.86581], [-92.82234, 39.84097], [-92.82799, 39.82775], [-92.84959, 39.82844], [-92.8495396, 39.8283976], [-92.8519898, 39.8261315], [-92.8526036, 39.8254134], [-92.8554179, 39.8202082], [-92.855778, 39.8196382], [-92.8562419, 39.8190867], [-92.8570475, 39.8184676], [-92.8592224, 39.8173367], [-92.8600309, 39.8168616], [-92.8612093, 39.8159861], [-92.8619241, 39.8153091], [-92.8657545, 39.8112485], [-92.8668016, 39.8102864], [-92.8681624, 39.8091596], [-92.868856, 39.8085029], [-92.8845966, 39.7909257], [-92.9197196, 39.7490298], [-92.9499082, 39.7129232], [-92.9516558, 39.7107848], [-92.9520735, 39.7101333], [-92.9559146, 39.7055051], [-92.9584517, 39.7025291], [-92.9594249, 39.7016152], [-92.95923, 39.7016], [-93.03003, 39.66437], [-93.0300931, 39.6642677], [-93.0308976, 39.6636518], [-93.03184, 39.66276], [-93.0385606, 39.6556034], [-93.0392572, 39.654993], [-93.0401521, 39.6543669], [-93.121316, 39.6038613], [-93.1237633, 39.602247], [-93.1388803, 39.5912856], [-93.1401165, 39.5904411], [-93.1858738, 39.5571608], [-93.1883108, 39.5554442], [-93.1912858, 39.5532081], [-93.241189, 39.5168138], [-93.2449157, 39.5141075], [-93.246303, 39.5131958], [-93.24613, 39.51331], [-93.31343, 39.48427], [-93.4026, 39.4137], [-93.43385, 39.38247], [-93.46149, 39.36415], [-93.53266, 39.33484], [-93.5324724, 39.3347888], [-93.5341974, 39.3341667], [-93.5367259, 39.3335071], [-93.5481639, 39.3310522], [-93.68052, 39.302775], [-93.8025259, 39.2768936], [-93.804543, 39.2764857], [-93.8069548, 39.2761673], [-93.8082114, 39.27609], [-93.8162469, 39.2759246], [-93.8182536, 39.2757971], [-93.8192388, 39.2756798], [-93.8205942, 39.2754451], [-93.8225559, 39.2749758], [-93.82257, 39.27497], [-93.8225559, 39.2749758], [-93.8248907, 39.2741883], [-93.8361719, 39.2698554], [-93.914795, 39.2395362], [-93.9949764, 39.2107105], [-93.99511, 39.21071], [-94.03165, 39.19186], [-94.06279, 39.19634], [-94.17239, 39.18925], [-94.1843, 39.17567], [-94.21881, 39.20481], [-94.25747, 39.20289], [-94.35241, 39.16914], [-94.36993, 39.15703], [-94.40689, 39.15378], [-94.43908, 39.12683], [-94.46881, 39.11491], [-94.50568, 39.10861], [-94.55078, 39.08971], [-94.58438, 39.0869], [-94.60954, 39.08175], [-94.61929, 39.07633], [-94.62401, 39.07445], [-94.63269, 39.07288], [-94.64239, 39.07256], [-94.64702, 39.07357], [-94.65247, 39.07553], [-94.66296, 39.07827], [-94.66742, 39.07989], [-94.66881, 39.08069], [-94.67213, 39.0834], [-94.67845, 39.08729], [-94.6798, 39.08779], [-94.68864, 39.08862], [-94.69685, 39.08859], [-94.7093, 39.08698], [-94.71339, 39.08596], [-94.71611, 39.08471], [-94.72086, 39.08168], [-94.72734, 39.07686], [-94.73903, 39.06943], [-94.77164, 39.05003], [-94.78681, 39.04483], [-94.80706, 39.03964], [-94.81457, 39.03606], [-94.81627, 39.03467], [-94.81765, 39.03288], [-94.82205, 39.02211], [-94.82225, 39.01949], [-94.82075, 39.01271], [-94.82067, 39.01125], [-94.82291, 39.00292], [-94.8231, 39.00084], [-94.82168, 38.99464], [-94.81785, 38.9889], [-94.81714, 38.9866], [-94.8173, 38.98432], [-94.81869, 38.97995], [-94.81891, 38.97829], [-94.81872, 38.9713], [-94.81823, 38.9693], [-94.81735, 38.96778], [-94.81574, 38.96615], [-94.80264, 38.95758], [-94.80106, 38.95574], [-94.80017, 38.95355], [-94.80009, 38.9514], [-94.80081, 38.94926], [-94.80218, 38.94742], [-94.8067, 38.94284], [-94.80749, 38.94152], [-94.80803, 38.93976], [-94.8079, 38.93715], [-94.8043, 38.9276], [-94.8043, 38.92517], [-94.80512, 38.92307], [-94.80916, 38.91685], [-94.81046, 38.91054], [-94.81136, 38.90861], [-94.81483, 38.90453], [-94.81933, 38.90088], [-94.82093, 38.89821], [-94.82125, 38.89624], [-94.82083, 38.8916], [-94.82192, 38.88641], [-94.82195, 38.87168], [-94.82287, 38.8688], [-94.82478, 38.86663], [-94.82698, 38.8653], [-94.84397, 38.86003], [-94.84695, 38.85868], [-94.84894, 38.85718], [-94.85008, 38.85577], [-94.85084, 38.85408], [-94.85318, 38.84294], [-94.86008, 38.8315], [-94.86112, 38.83018], [-94.86224, 38.82935], [-94.8637, 38.82873], [-94.87059, 38.827], [-94.87243, 38.82627], [-94.88227, 38.81804], [-94.88479, 38.81649], [-94.88763, 38.81529], [-94.8909, 38.81445], [-94.93347, 38.80701], [-94.9366, 38.80612], [-94.95417, 38.79975], [-94.9583, 38.79791], [-95.00335, 38.767], [-95.00519, 38.76492], [-95.01305, 38.75354], [-95.01504, 38.75129], [-95.0475, 38.72314], [-95.05038, 38.72127], [-95.05448, 38.71996], [-95.12632, 38.70544], [-95.15428, 38.69917], [-95.272, 38.63302], [-95.27491, 38.63229], [-95.32343, 38.62503], [-95.38687, 38.60837], [-95.49708, 38.58746], [-95.51451, 38.58248], [-95.51795, 38.58051], [-95.52216, 38.57638], [-95.53756, 38.5546], [-95.54015, 38.55228], [-95.54503, 38.5491], [-95.54877, 38.54679], [-95.55147, 38.54556], [-95.56187, 38.54292], [-95.56481, 38.5419], [-95.59544, 38.52794], [-95.60671, 38.52495], [-95.60879, 38.52413], [-95.62519, 38.51372], [-95.635, 38.50568], [-95.63694, 38.50436], [-95.64018, 38.50369], [-95.7032, 38.49464], [-95.70494, 38.49403], [-95.71706, 38.48677], [-95.72012, 38.48531], [-95.74294, 38.48228], [-95.74475, 38.48181], [-95.83656, 38.42395], [-95.84573, 38.41746], [-95.84801, 38.41619], [-95.85132, 38.41513], [-95.93609, 38.39534], [-95.95475, 38.38494], [-95.9569, 38.3844], [-95.96456, 38.3838], [-95.96692, 38.38314], [-95.98105, 38.37387], [-95.98262, 38.37313], [-95.98408, 38.37282], [-95.9862, 38.37281], [-95.9991, 38.37457], [-96.03903, 38.37922], [-96.05751, 38.38389], [-96.16464, 38.40125], [-96.26271, 38.40185], [-96.27492, 38.40332], [-96.29386, 38.40353], [-96.30886, 38.4055], [-96.37977, 38.40586], [-96.38494, 38.40501], [-96.44217, 38.38988], [-96.5031, 38.38387], [-96.50656, 38.38402], [-96.5099, 38.38465], [-96.55257, 38.39867], [-96.55671, 38.39959], [-96.5764, 38.39961], [-96.57858, 38.39915], [-96.58649, 38.39653], [-96.59135, 38.39589], [-96.61546, 38.39774], [-96.61773, 38.39767], [-96.61988, 38.39722], [-96.62283, 38.39581], [-96.631, 38.38937], [-96.69456, 38.32893], [-96.77288, 38.28145], [-96.77998, 38.2775], [-96.79898, 38.27145], [-96.80302, 38.27084], [-96.81236, 38.27057], [-96.81767, 38.26929], [-96.83611, 38.26129], [-96.86658, 38.24684], [-96.87067, 38.24543], [-96.87381, 38.2448], [-96.87751, 38.2445], [-96.9076, 38.24539], [-96.91173, 38.24487], [-96.91516, 38.24386], [-96.93453, 38.23566], [-96.94153, 38.23146], [-96.95239, 38.22627], [-96.98527, 38.2123], [-97.00015, 38.20295], [-97.00302, 38.20147], [-97.0063, 38.20032], [-97.00928, 38.19973], [-97.01857, 38.19953], [-97.02138, 38.19912], [-97.03306, 38.19434], [-97.05328, 38.18393], [-97.05597, 38.18168], [-97.06166, 38.17492], [-97.0633, 38.17332], [-97.07199, 38.1671], [-97.07394, 38.16602], [-97.07635, 38.16531], [-97.07877, 38.1651], [-97.10169, 38.16541], [-97.10397, 38.16506], [-97.10595, 38.16438], [-97.11544, 38.15844], [-97.12928, 38.14691], [-97.13276, 38.14525], [-97.13619, 38.14481], [-97.15137, 38.14511], [-97.18811, 38.14937], [-97.19174, 38.15043], [-97.19858, 38.15424], [-97.20072, 38.1549], [-97.20279, 38.15517], [-97.205, 38.15507], [-97.2088, 38.15427], [-97.21293, 38.15332], [-97.21587, 38.15223], [-97.22705, 38.14447], [-97.23216, 38.13807], [-97.28383, 38.09298], [-97.29719, 38.07594], [-97.29948, 38.0736], [-97.30198, 38.07183], [-97.34425, 38.04684], [-97.34493, 38.04644], [-97.35166, 38.04243], [-97.35366, 38.04058], [-97.35849, 38.02984], [-97.3615, 38.02554], [-97.36685, 38.01528], [-97.36789, 38.01284], [-97.37645, 37.98436], [-97.37822, 37.98084], [-97.41451, 37.93708], [-97.41594, 37.93506], [-97.42088, 37.92567], [-97.42167, 37.92373], [-97.42224, 37.92056], [-97.4222922, 37.9139279], [-97.4222526, 37.9131353], [-97.4221267, 37.9122827], [-97.421743, 37.9106803], [-97.4211381, 37.909078], [-97.4202738, 37.9074301], [-97.4145591, 37.8977178], [-97.41405, 37.89695], [-97.4115256, 37.8925533], [-97.402829, 37.878045], [-97.3972269, 37.868508], [-97.39637, 37.86714], [-97.39299, 37.8613086], [-97.390646, 37.857483], [-97.389751, 37.8558403], [-97.3844962, 37.8469541], [-97.340718, 37.775162], [-97.337685, 37.7700141], [-97.3368777, 37.7684197], [-97.336351, 37.767025], [-97.336139, 37.766215], [-97.335897, 37.765048], [-97.335801, 37.764138], [-97.33559, 37.72429], [-97.335, 37.72183], [-97.33147, 37.71636], [-97.33044, 37.71362], [-97.33016, 37.68736], [-97.33012, 37.68317], [-97.32925, 37.67896], [-97.32919, 37.67411], [-97.3287, 37.67252], [-97.31318, 37.64489], [-97.29893, 37.62989], [-97.29749, 37.62794], [-97.2963, 37.62559], [-97.29156, 37.60627], [-97.28922, 37.59867], [-97.28842, 37.59681], [-97.28472, 37.59061], [-97.28355, 37.58779], [-97.2708, 37.54153], [-97.27041, 37.53875], [-97.26934, 37.52207], [-97.26876, 37.51915], [-97.26782, 37.5169], [-97.26653, 37.51487], [-97.25832, 37.50684], [-97.25602, 37.50358], [-97.25503, 37.50109], [-97.24763, 37.47571], [-97.24406, 37.47006], [-97.24215, 37.46837], [-97.23948, 37.46711], [-97.22983, 37.46407], [-97.22336, 37.46336], [-97.22108, 37.46247], [-97.21969, 37.46125], [-97.20997, 37.44798], [-97.20754, 37.44599], [-97.20455, 37.44442], [-97.20134, 37.44307], [-97.19894, 37.44257], [-97.1873, 37.4425], [-97.18466, 37.4421], [-97.18269, 37.44149], [-97.1796, 37.43986], [-97.17174, 37.4341], [-97.1664, 37.42956], [-97.16477, 37.42855], [-97.16283, 37.4278], [-97.14782, 37.4238], [-97.14525, 37.42268], [-97.14005, 37.41953], [-97.1383, 37.41811], [-97.137, 37.41641], [-97.11105, 37.3808], [-97.10898, 37.3785], [-97.08577, 37.35697], [-97.07682, 37.35176], [-97.07011, 37.34938], [-97.06745, 37.34808], [-97.05827, 37.34041], [-97.04915, 37.33052], [-97.04675, 37.32623], [-97.04605, 37.3218], [-97.04849, 37.30759], [-97.04639, 37.29336], [-97.04585, 37.2921], [-97.03361, 37.27293], [-97.03099, 37.27014], [-97.03028, 37.269], [-97.02992, 37.26772], [-97.02981, 37.26119], [-97.02958, 37.26028], [-97.02874, 37.25926], [-97.02326, 37.25493], [-97.01563, 37.24656], [-97.01357, 37.24529], [-97.00924, 37.24352], [-97.00799, 37.24261], [-97.00645, 37.2409], [-97.00088, 37.23133], [-96.99995, 37.23022], [-96.99778, 37.22856], [-96.99674, 37.22713], [-96.99629, 37.22515], [-96.99663, 37.22201], [-96.99592, 37.21751], [-96.99617, 37.21579], [-96.99682, 37.21426], [-96.9989, 37.21192], [-97.01014, 37.20484], [-97.01159, 37.20335], [-97.01247, 37.20179], [-97.03202, 37.13336], [-97.03341, 37.11564], [-97.0335, 37.11129], [-97.0326, 37.10311], [-97.0292, 37.0971], [-97.0287, 37.0948], [-97.03249, 37.07304], [-97.03295, 37.062], [-97.03287, 37.05046], [-97.03352, 37.04655], [-97.03355, 37.04446], [-97.0329, 37.04029], [-97.03301, 37.03284], [-97.03702, 37.0217], [-97.03893, 37.00528], [-97.04077, 36.98194], [-97.04211, 36.97714], [-97.04703, 36.96238], [-97.05161, 36.95159], [-97.05453, 36.9413], [-97.05635, 36.92344], [-97.04358, 36.81756], [-97.04358, 36.81497], [-97.04407, 36.81269], [-97.04485, 36.81073], [-97.06599, 36.77219], [-97.08397, 36.71743], [-97.08708, 36.67876], [-97.0785, 36.64533], [-97.07825, 36.64254], [-97.07911, 36.63834], [-97.08126, 36.63453], [-97.10002, 36.61434], [-97.10265, 36.61243], [-97.12649, 36.5978], [-97.1283, 36.59643], [-97.1311, 36.59336], [-97.14714, 36.56142], [-97.16584, 36.52174], [-97.17075, 36.50014], [-97.17582, 36.4755], [-97.17563, 36.47145], [-97.17109, 36.4466], [-97.16927, 36.42664], [-97.16975, 36.41722], [-97.17137, 36.40676], [-97.17176, 36.39961], [-97.17493, 36.39228], [-97.17671, 36.38959], [-97.18789, 36.38013], [-97.18987, 36.37773], [-97.19107, 36.37475], [-97.19669, 36.3568], [-97.19774, 36.35445], [-97.19929, 36.3525], [-97.20564, 36.34682], [-97.22595, 36.33183], [-97.23787, 36.32167], [-97.24091, 36.31937], [-97.25724, 36.30877], [-97.26724, 36.30281], [-97.27111, 36.29999], [-97.28928, 36.27975], [-97.291, 36.27727], [-97.29603, 36.26783], [-97.30902, 36.25071], [-97.31461, 36.24521], [-97.32192, 36.23463], [-97.33325, 36.22064], [-97.34572, 36.20791], [-97.35676, 36.19326], [-97.35799, 36.19102], [-97.35945, 36.18621], [-97.35993, 36.18346], [-97.35996, 36.17659], [-97.36139, 36.16875], [-97.36329, 36.16296], [-97.36497, 36.1607], [-97.37046, 36.15624], [-97.37223, 36.15433], [-97.37724, 36.14496], [-97.38859, 36.12975], [-97.38979, 36.12399], [-97.39146, 36.11017], [-97.39773, 36.08643], [-97.39939, 36.0829], [-97.40518, 36.07357], [-97.4107, 36.05917], [-97.41425, 36.05247], [-97.41583, 36.05004], [-97.42131, 36.04424], [-97.42305, 36.0414], [-97.42361, 36.03993], [-97.42794, 36.02285], [-97.43026, 36.01023], [-97.43175, 35.99966], [-97.4325, 35.99149], [-97.43253, 35.98829], [-97.42943, 35.97456], [-97.42557, 35.96401], [-97.41939, 35.94127], [-97.41902, 35.93829], [-97.41946, 35.93592], [-97.42081, 35.93334], [-97.42817, 35.92626], [-97.42922, 35.92449], [-97.42992, 35.92215], [-97.42981, 35.91888], [-97.42767, 35.91329], [-97.42719, 35.91137], [-97.42489, 35.8974], [-97.42438, 35.8888], [-97.42572, 35.88512], [-97.42974, 35.87804], [-97.43785, 35.85852], [-97.43805, 35.85622], [-97.43761, 35.83271], [-97.43813, 35.82966], [-97.43905, 35.82741], [-97.44049, 35.82526], [-97.44222, 35.82345], [-97.44481, 35.82158], [-97.44769, 35.82018], [-97.45006, 35.81943], [-97.4604, 35.8177], [-97.4654, 35.81607], [-97.47298, 35.81145], [-97.48521, 35.80273], [-97.48835, 35.80026], [-97.49024, 35.79805], [-97.49342, 35.79161], [-97.49401, 35.78941], [-97.49415, 35.78542], [-97.48973, 35.76385], [-97.48915, 35.76168], [-97.48577, 35.75294], [-97.48537, 35.75005], [-97.48573, 35.74597], [-97.48745, 35.73839], [-97.48742, 35.73517], [-97.48657, 35.73212], [-97.48322, 35.72396], [-97.48158, 35.71514], [-97.47812, 35.70655], [-97.47576, 35.694], [-97.47657, 35.68611], [-97.48076, 35.67343], [-97.48114, 35.67164], [-97.48725, 35.62615], [-97.48861, 35.62356], [-97.52237, 35.58275], [-97.53074, 35.56667], [-97.53294, 35.56193], [-97.53288, 35.56065], [-97.5322, 35.55893], [-97.52254, 35.54285], [-97.52074, 35.53676], [-97.51987, 35.53215], [-97.51435, 35.51079], [-97.51178, 35.48717], [-97.51314, 35.44465], [-97.5129, 35.44275], [-97.51191, 35.44062], [-97.48644, 35.39811], [-97.48532, 35.39579], [-97.48468, 35.3935], [-97.48446, 35.39043], [-97.48454, 35.32404], [-97.48287, 35.29862], [-97.48308, 35.29121], [-97.48249, 35.2879], [-97.48122, 35.28502], [-97.46008, 35.24684], [-97.41443, 35.17461], [-97.40164, 35.14736], [-97.39699, 35.13671], [-97.39209, 35.1298], [-97.39076, 35.12736], [-97.39005, 35.12516], [-97.3897, 35.12256], [-97.39084, 35.10675], [-97.39074, 35.10483], [-97.39022, 35.10242], [-97.3893, 35.10023], [-97.36139, 35.04622], [-97.35991, 35.04062], [-97.35902, 35.0318], [-97.35624, 35.02518], [-97.35613, 35.02335], [-97.35929, 34.98034], [-97.35932, 34.97849], [-97.35865, 34.97678], [-97.35434, 34.97251], [-97.35292, 34.97004], [-97.35148, 34.95729], [-97.3505, 34.95523], [-97.34703, 34.95231], [-97.32496, 34.92611], [-97.29214, 34.90678], [-97.29036, 34.90524], [-97.28883, 34.90206], [-97.28585, 34.88885], [-97.28066, 34.8785], [-97.28013, 34.87687], [-97.28029, 34.8717], [-97.27949, 34.87007], [-97.27305, 34.86335], [-97.2721, 34.86261], [-97.27022, 34.86173], [-97.26456, 34.86024], [-97.25995, 34.85803], [-97.25914, 34.85724], [-97.25621, 34.85253], [-97.25548, 34.85104], [-97.25372, 34.8416], [-97.25373, 34.8401], [-97.25455, 34.83533], [-97.25459, 34.81608], [-97.24742, 34.7859], [-97.24742, 34.78333], [-97.24888, 34.77175], [-97.2485, 34.76868], [-97.24798, 34.76725], [-97.24634, 34.76441], [-97.24456, 34.76245], [-97.24104, 34.75977], [-97.23465, 34.75603], [-97.23211, 34.75398], [-97.20605, 34.73104], [-97.2045, 34.72945], [-97.20322, 34.72745], [-97.20173, 34.7243], [-97.18797, 34.68313], [-97.18666, 34.6807], [-97.17812, 34.66789], [-97.17682, 34.66564], [-97.17591, 34.66305], [-97.16066, 34.58393], [-97.11067, 34.47977], [-97.11009, 34.47786], [-97.10943, 34.47051], [-97.10904, 34.46848], [-97.10757, 34.46599], [-97.10381, 34.46143], [-97.10293, 34.45929], [-97.10238, 34.45643], [-97.10094, 34.4533], [-97.10088, 34.45196], [-97.10171, 34.44812], [-97.1013, 34.44564], [-97.09149, 34.42849], [-97.09006, 34.42669], [-97.0879, 34.42516], [-97.07701, 34.42062], [-97.07495, 34.41941], [-97.07297, 34.41739], [-97.0699, 34.41317], [-97.0675, 34.41062], [-97.04092, 34.38538], [-97.03832, 34.38264], [-97.03336, 34.37592], [-97.03262, 34.37426], [-97.03253, 34.37269], [-97.03328, 34.36027], [-97.03441, 34.35708], [-97.03456, 34.35575], [-97.03361, 34.35416], [-97.03115, 34.3525], [-97.03067, 34.35117], [-97.0308, 34.35036], [-97.03172, 34.34914], [-97.03593, 34.34676], [-97.03873, 34.34562], [-97.03989, 34.34471], [-97.04057, 34.34373], [-97.04092, 34.34216], [-97.04069, 34.34102], [-97.03625, 34.33325], [-97.03594, 34.33211], [-97.03605, 34.33093], [-97.03655, 34.32986], [-97.0375, 34.32888], [-97.04124, 34.32725], [-97.04265, 34.32588], [-97.0431, 34.32477], [-97.04326, 34.32338], [-97.04225, 34.321], [-97.0423, 34.31984], [-97.04278, 34.31901], [-97.04673, 34.31484], [-97.04758, 34.31306], [-97.04786, 34.31168], [-97.04787, 34.31046], [-97.04745, 34.30864], [-97.03695, 34.28277], [-97.03659, 34.27994], [-97.03702, 34.27806], [-97.03796, 34.27691], [-97.03905, 34.27623], [-97.04786, 34.27451], [-97.0567, 34.27118], [-97.05784, 34.27049], [-97.05889, 34.26944], [-97.05975, 34.26765], [-97.06148, 34.25985], [-97.06133, 34.25263], [-97.06161, 34.25119], [-97.06295, 34.24922], [-97.06624, 34.24683], [-97.0672, 34.24565], [-97.07139, 34.23463], [-97.07325, 34.23251], [-97.07929, 34.22951], [-97.08092, 34.22829], [-97.08655, 34.22088], [-97.0872, 34.21938], [-97.08795, 34.21635], [-97.08929, 34.21457], [-97.09078, 34.21359], [-97.09503, 34.21184], [-97.0964, 34.21074], [-97.09719, 34.20962], [-97.09843, 34.20617], [-97.10446, 34.19902], [-97.10895, 34.19144], [-97.1141, 34.18664], [-97.13549, 34.15778], [-97.13672, 34.15537], [-97.13744, 34.15299], [-97.14306, 34.12027], [-97.14316, 34.11679], [-97.13762, 34.06044], [-97.13276, 34.04318], [-97.13188, 34.04084], [-97.13058, 34.03861], [-97.11908, 34.02311], [-97.10984, 34.01461], [-97.10834, 34.01288], [-97.1062, 34.009], [-97.10557, 34.00654], [-97.10543, 34.00402], [-97.10588, 34.0011], [-97.11635, 33.96645], [-97.11735, 33.96245], [-97.11737, 33.95933], [-97.11572, 33.95158], [-97.11563, 33.94827], [-97.12208, 33.87508], [-97.12342, 33.86207], [-97.14808, 33.78366], [-97.14842, 33.78132], [-97.14733, 33.7752], [-97.14754, 33.77328], [-97.14859, 33.77152], [-97.15134, 33.76923], [-97.1547, 33.76298], [-97.15813, 33.75911], [-97.15998, 33.75607], [-97.16032, 33.7551], [-97.16048, 33.75228], [-97.15759, 33.73907], [-97.15772, 33.73665], [-97.15839, 33.73484], [-97.15933, 33.73328], [-97.16422, 33.72759], [-97.16493, 33.72639], [-97.16522, 33.72528], [-97.16462, 33.72126], [-97.16503, 33.71464], [-97.16462, 33.71079], [-97.16566, 33.7027], [-97.16495, 33.69534], [-97.16681, 33.6831], [-97.16681, 33.68047], [-97.16586, 33.67761], [-97.14552, 33.64375], [-97.14431, 33.64089], [-97.13977, 33.62089], [-97.14011, 33.5898], [-97.13849, 33.57954], [-97.13946, 33.57148], [-97.14021, 33.56846], [-97.16339, 33.51982], [-97.16434, 33.51754], [-97.16492, 33.51495], [-97.16491, 33.51141], [-97.16069, 33.48275], [-97.15458, 33.461], [-97.15435, 33.459], [-97.1705, 33.38623], [-97.16745, 33.33065], [-97.16719, 33.32542], [-97.16734, 33.32411], [-97.16807, 33.32258], [-97.16922, 33.32142], [-97.20563, 33.29825], [-97.22502, 33.28227], [-97.22642, 33.28056], [-97.22756, 33.27865], [-97.2378, 33.25807], [-97.23843, 33.25633], [-97.24015, 33.24896], [-97.24154, 33.24592], [-97.26189, 33.21583], [-97.2696, 33.20683], [-97.28231, 33.1946], [-97.28456, 33.19181], [-97.2859, 33.18907], [-97.28656, 33.18657], [-97.28955, 33.16359], [-97.28926, 33.129], [-97.29547, 33.0835], [-97.29515, 33.06892], [-97.2959, 33.06541], [-97.29859, 33.0584], [-97.29997, 33.0554], [-97.3011, 33.05384], [-97.30351, 33.05176], [-97.30576, 33.05061], [-97.30987, 33.04964], [-97.31793, 33.04957], [-97.32142, 33.04912], [-97.32503, 33.048], [-97.32863, 33.04607], [-97.35038, 33.02783], [-97.35134, 33.02657], [-97.35323, 33.02278], [-97.35383, 33.02053], [-97.35459, 33.01138], [-97.3558, 33.00171], [-97.35864, 32.99089], [-97.35884, 32.98884], [-97.35841, 32.98634], [-97.35505, 32.9774], [-97.3546, 32.97549], [-97.35455, 32.96066], [-97.35629, 32.95485], [-97.35998, 32.94438], [-97.36064, 32.94148], [-97.36315, 32.87399], [-97.35777, 32.83223], [-97.35719, 32.82951], [-97.35582, 32.82648], [-97.35004, 32.81692], [-97.34937, 32.81543], [-97.34753, 32.80154], [-97.34687, 32.79937], [-97.33139, 32.77644], [-97.3301, 32.77405], [-97.3277, 32.76683], [-97.3273, 32.76105], [-97.32618, 32.75533], [-97.32555, 32.75347], [-97.32422, 32.75108], [-97.32193, 32.74837], [-97.32153, 32.74713], [-97.32169, 32.74203], [-97.32282, 32.73655], [-97.32306, 32.73369], [-97.32432, 32.72701], [-97.32539, 32.72499], [-97.33979, 32.70465], [-97.34971, 32.68496], [-97.35085, 32.68213], [-97.35182, 32.67846], [-97.35227, 32.67504], [-97.3557, 32.59522], [-97.37291, 32.51456], [-97.37334, 32.51327], [-97.37443, 32.51148], [-97.38813, 32.49119], [-97.38877, 32.48968], [-97.38903, 32.4883], [-97.38987, 32.4666], [-97.38591, 32.36442], [-97.3806467, 32.3445413], [-97.379843, 32.305461], [-97.379676, 32.299577], [-97.3793931, 32.2845919], [-97.3778446, 32.2135228], [-97.377737, 32.206738], [-97.377438, 32.1952], [-97.3774225, 32.1928822], [-97.3775396, 32.1913808], [-97.3778078, 32.1899349], [-97.3781377, 32.1886739], [-97.3785848, 32.1873883], [-97.38062, 32.18366], [-97.3892, 32.17193], [-97.40555, 32.1516], [-97.40858, 32.14853], [-97.42205, 32.13609], [-97.43328, 32.12891], [-97.43646, 32.1273], [-97.44055, 32.126], [-97.45364, 32.12345], [-97.45873, 32.12158], [-97.46144, 32.12], [-97.4833, 32.10443], [-97.48525, 32.10286], [-97.48772, 32.10004], [-97.49399, 32.08896], [-97.49578, 32.08638], [-97.50628, 32.07407], [-97.52189, 32.05771], [-97.52447, 32.05536], [-97.53277, 32.04983], [-97.55545, 32.03163], [-97.56062, 32.02825], [-97.56444, 32.02644], [-97.60905, 32.00886], [-97.61182, 32.00783], [-97.61658, 32.00659], [-97.63104, 31.99745], [-97.63293, 31.99576], [-97.63398, 31.99409], [-97.63792, 31.98181], [-97.63822, 31.97984], [-97.63786, 31.97748], [-97.6333, 31.9674], [-97.63257, 31.96429], [-97.63319, 31.95416], [-97.6359, 31.94676], [-97.63618, 31.94517], [-97.63561, 31.91937], [-97.63543, 31.91735], [-97.63479, 31.91502], [-97.63375, 31.91279], [-97.6267, 31.90065], [-97.61466, 31.87758], [-97.60596, 31.86258], [-97.60539, 31.86102], [-97.60447, 31.85668], [-97.59763, 31.84096], [-97.59559, 31.83451], [-97.57914, 31.80016], [-97.57875, 31.79889], [-97.57841, 31.79494], [-97.57804, 31.79355], [-97.54889, 31.73832], [-97.54784, 31.73551], [-97.53893, 31.70623], [-97.53503, 31.70053], [-97.53241, 31.69487], [-97.53134, 31.69333], [-97.50952, 31.67112], [-97.50669, 31.66927], [-97.49469, 31.6626], [-97.49338, 31.66156], [-97.4903, 31.65826], [-97.48808, 31.65678], [-97.48564, 31.6558], [-97.4836, 31.65539], [-97.47523, 31.65488], [-97.47282, 31.65424], [-97.46963, 31.65222], [-97.46504, 31.65005], [-97.46368, 31.64863], [-97.4625, 31.64635], [-97.46204, 31.64443], [-97.46184, 31.64124], [-97.46084, 31.63699], [-97.45791, 31.59348], [-97.45439, 31.57987], [-97.45292, 31.57468], [-97.45203, 31.57306], [-97.44028, 31.56133], [-97.43903, 31.55968], [-97.43827, 31.55789], [-97.43814, 31.55525], [-97.4418, 31.53886], [-97.44213, 31.53644], [-97.44206, 31.53415], [-97.43993, 31.52242], [-97.43802, 31.51762], [-97.42143, 31.48517], [-97.41538, 31.46363], [-97.41447, 31.46115], [-97.38359, 31.40597], [-97.38291, 31.40387], [-97.38258, 31.40189], [-97.38142, 31.38112], [-97.38184, 31.36651], [-97.38129, 31.36274], [-97.37877, 31.35683], [-97.37727, 31.35449], [-97.37558, 31.35266], [-97.36717, 31.34537], [-97.36483, 31.34235], [-97.36307, 31.33832], [-97.35802, 31.32435], [-97.35768, 31.3215], [-97.35812, 31.31808], [-97.36667, 31.28799], [-97.3672, 31.28506], [-97.36492, 31.24206], [-97.36445, 31.23926], [-97.36338, 31.23656], [-97.35737, 31.22767], [-97.35587, 31.22422], [-97.34817, 31.17351], [-97.34679, 31.1699], [-97.34242, 31.16188], [-97.33818, 31.15065], [-97.33751, 31.1481], [-97.33736, 31.14538], [-97.33785, 31.14233], [-97.349, 31.10122], [-97.34902, 31.09896], [-97.34849, 31.0975], [-97.34639, 31.09565], [-97.3443, 31.09469], [-97.34513, 31.09521], [-97.34372, 31.09456], [-97.34237, 31.09356], [-97.33975, 31.09065], [-97.33892, 31.08935], [-97.33279, 31.07697], [-97.32676, 31.06171], [-97.32326, 31.05366], [-97.3151, 31.03689], [-97.28632, 30.99784], [-97.28383, 30.99537], [-97.27617, 30.98961], [-97.27462, 30.98816], [-97.2732, 30.98639], [-97.26093, 30.96231], [-97.2596, 30.96043], [-97.24624, 30.95019], [-97.24525, 30.949], [-97.24324, 30.94559], [-97.2418, 30.9441], [-97.22279, 30.92984], [-97.22065, 30.92852], [-97.19904, 30.91925], [-97.19018, 30.91375], [-97.14303, 30.87761], [-97.14093, 30.87663], [-97.13958, 30.8763], [-97.12831, 30.87441], [-97.12614, 30.87337], [-97.12282, 30.87112], [-97.11932, 30.86853], [-97.10137, 30.85087], [-97.0999, 30.84979], [-97.09752, 30.8488], [-97.0949, 30.84844], [-97.03899, 30.84857], [-96.98571, 30.84647], [-96.98274, 30.84668], [-96.97946, 30.84741], [-96.97386, 30.84986], [-96.97094, 30.85077], [-96.96477, 30.85169], [-96.96077, 30.8518], [-96.95691, 30.85117], [-96.95317, 30.8498], [-96.93844, 30.84301], [-96.93621, 30.84157], [-96.93477, 30.8402], [-96.93305, 30.83745], [-96.92639, 30.82072], [-96.92168, 30.81282], [-96.92104, 30.81139], [-96.9144, 30.77971], [-96.90933, 30.76318], [-96.9081, 30.75615], [-96.90356, 30.74481], [-96.90209, 30.74224], [-96.88409, 30.72414], [-96.88283, 30.72235], [-96.88024, 30.71687], [-96.8761, 30.71264], [-96.87421, 30.71139], [-96.87264, 30.71067], [-96.86169, 30.70651], [-96.85992, 30.70565], [-96.85338, 30.70047], [-96.85175, 30.69886], [-96.83925, 30.68178], [-96.83693, 30.67829], [-96.83597, 30.67539], [-96.83455, 30.66944], [-96.83355, 30.6617], [-96.83317, 30.6603], [-96.83205, 30.65843], [-96.82785, 30.6537], [-96.82611, 30.65245], [-96.82421, 30.65182], [-96.81657, 30.65194], [-96.81472, 30.65165], [-96.81291, 30.65075], [-96.80771, 30.64693], [-96.8061, 30.64554], [-96.79832, 30.63718], [-96.78177, 30.61824], [-96.78007, 30.61584], [-96.77719, 30.60941], [-96.77019, 30.59746], [-96.76952, 30.59578], [-96.76808, 30.59009], [-96.76709, 30.58798], [-96.74694, 30.55522], [-96.7451, 30.55244], [-96.74416, 30.55144], [-96.72609, 30.53641], [-96.72439, 30.53533], [-96.72224, 30.53442], [-96.69577, 30.52536], [-96.69032, 30.52161], [-96.68874, 30.521], [-96.68408, 30.51998], [-96.6817, 30.51885], [-96.67387, 30.51327], [-96.66732, 30.50558], [-96.66185, 30.50018], [-96.64785, 30.49251], [-96.64584, 30.49099], [-96.64218, 30.48758], [-96.60834, 30.44033], [-96.60061, 30.43262], [-96.58399, 30.40991], [-96.51236, 30.32911], [-96.51101, 30.32656], [-96.51063, 30.3244], [-96.51174, 30.31127], [-96.51157, 30.30905], [-96.51121, 30.30803], [-96.50516, 30.29578], [-96.50249, 30.28771], [-96.50137, 30.28528], [-96.48279, 30.25763], [-96.48105, 30.25605], [-96.47457, 30.25325], [-96.47306, 30.25231], [-96.47223, 30.25149], [-96.47137, 30.25006], [-96.46915, 30.24371], [-96.46835, 30.24198], [-96.46643, 30.23893], [-96.45851, 30.22997], [-96.44992, 30.21941], [-96.44575, 30.21318], [-96.44472, 30.21201], [-96.44236, 30.21044], [-96.43567, 30.20747], [-96.4337, 30.20631], [-96.42422, 30.19689], [-96.41141, 30.18827], [-96.40935, 30.18618], [-96.40206, 30.17343], [-96.40022, 30.16664], [-96.40035, 30.165], [-96.40226, 30.15883], [-96.40687, 30.15205], [-96.40779, 30.14925], [-96.40775, 30.14756], [-96.40743, 30.14628], [-96.40449, 30.1377], [-96.4036, 30.13615], [-96.39578, 30.12735], [-96.39501, 30.12595], [-96.39373, 30.1222], [-96.3927, 30.12036], [-96.38215, 30.10785], [-96.35224, 30.08186], [-96.35135, 30.08088], [-96.33967, 30.06076], [-96.33196, 30.05206], [-96.33059, 30.05083], [-96.327, 30.04833], [-96.32542, 30.04762], [-96.31659, 30.04469], [-96.31461, 30.04343], [-96.3134, 30.04215], [-96.30691, 30.03028], [-96.29441, 30.01268], [-96.29363, 30.01079], [-96.29291, 30.00354], [-96.29248, 30.00174], [-96.28617, 29.99092], [-96.28315, 29.9878], [-96.26737, 29.97662], [-96.26541, 29.97497], [-96.26346, 29.97261], [-96.25536, 29.96106], [-96.25404, 29.95744], [-96.25014, 29.93538], [-96.24906, 29.93295], [-96.1726, 29.84296], [-96.1699856, 29.8393554], [-96.169458, 29.838364], [-96.168794, 29.836729], [-96.164462, 29.819637], [-96.1636631, 29.8166385], [-96.1617066, 29.8086967], [-96.1581439, 29.7948374], [-96.1575299, 29.7921565], [-96.155331, 29.7836057], [-96.1472564, 29.7515648], [-96.1448422, 29.7422021], [-96.1445872, 29.7410223], [-96.143552, 29.7370966], [-96.1399597, 29.7226805], [-96.13916, 29.719718], [-96.136187, 29.7076793], [-96.1323507, 29.6927013], [-96.1318179, 29.6907422], [-96.1314869, 29.6899147], [-96.1304959, 29.6880733], [-96.1295314, 29.6867061], [-96.09879, 29.64874], [-96.09682, 29.64658], [-96.09457, 29.6448], [-96.09109, 29.64295], [-96.0485, 29.62472], [-95.90167, 29.58224], [-95.81356, 29.56072], [-95.8129, 29.56061], [-95.80956, 29.56089], [-95.79357, 29.5628], [-95.78954, 29.56395], [-95.78588, 29.56592], [-95.77197, 29.57854], [-95.76946, 29.58042], [-95.76702, 29.5817], [-95.76134, 29.58385], [-95.75648, 29.58615], [-95.74333, 29.59423], [-95.74107, 29.59532], [-95.73874, 29.5961], [-95.73527, 29.59672], [-95.68253, 29.60233], [-95.67635, 29.60315], [-95.67408, 29.60378], [-95.66005, 29.60886], [-95.6421, 29.61764], [-95.63654, 29.61997], [-95.59173, 29.62885], [-95.58748, 29.62896], [-95.58249, 29.6278], [-95.57048, 29.62225], [-95.56621, 29.62057], [-95.55915, 29.61719], [-95.55678, 29.61635], [-95.55243, 29.61569], [-95.54927, 29.61575], [-95.547, 29.61607], [-95.54566, 29.61652], [-95.5451, 29.61706], [-95.54487, 29.6178], [-95.54509, 29.61872], [-95.54451, 29.61774], [-95.54374, 29.61737], [-95.54296, 29.61742], [-95.54124, 29.61804], [-95.44979, 29.65326], [-95.44839, 29.65409], [-95.44735, 29.65516], [-95.44661, 29.65663], [-95.44636, 29.65799], [-95.44861, 29.76699], [-95.44794, 29.7694], [-95.43864, 29.7831], [-95.43779, 29.7838], [-95.43651, 29.78394], [-95.43171, 29.78088], [-95.42622, 29.77798], [-95.4188, 29.77515], [-95.41135, 29.77317], [-95.39844, 29.77148], [-95.37173, 29.76874], [-95.36599, 29.76722]]}}, {"type": "Feature", "properties": {"company": "Amtrak", "line": "Amtrak: Lone Star", "id": "amtrak-lone-star", "color": "#1c4e80", "mode": "intercity_rail", "avg_speed_kmh": 76, "speed_source": "Estimated. No Amtrak-era timetable was consulted; 76 km/h is the 1967 Santa Fe average knocked down about 10 per cent, reflecting the slower schedules Amtrak ran over the route. Treat as a guess.", "segments": [{"start": 1971, "end": 1974, "headway_min": 1440, "note": "Amtrak took the Chicago - Houston train over on May 1 1971 and kept running it as the Texas Chief until the Santa Fe, unhappy with Amtrak\u2019s standards, withdrew permission to use the name. headway_min 1440 = one train each way daily.", "sources": ["Segment-level: the May 1 1971 hand-over and the Santa Fe\u2019s withdrawal of the Chief name are from the Wikipedia Texas Chief and Lone Star articles. avg_speed_kmh and headway are estimates.", "https://en.wikipedia.org/wiki/Texas_Chief", "https://en.wikipedia.org/wiki/Lone_Star_(Amtrak_train)"]}, {"start": 1974, "end": 1979, "headway_min": 1440, "note": "Renamed Lone Star on May 19 1974. A Fort Worth - Dallas connection was added July 1 1975 and briefly dropped over the winter of 1976-77, when the train was combined with the Southwest Limited between Chicago and Kansas City; neither variation is drawn here. Discontinued October 8 1979, when it was Amtrak\u2019s seventh most popular long-distance train - the last passenger train over most of this corridor. Amtrak returned to the Oklahoma City - Fort Worth portion in 1999 with the Heartland Flyer, drawn in data/amtrak.geojson.", "sources": ["Segment-level: the May 19 1974 renaming, the July 1 1975 Dallas connection, the 1976-77 combination with the Southwest Limited, the October 8 1979 discontinuance and the ridership ranking are from the Wikipedia Lone Star article.", "https://en.wikipedia.org/wiki/Lone_Star_(Amtrak_train)"]}], "geometry_source": "Traced from OpenStreetMap route relations pulled whole from the OSM API (/api/0.6/relation/<id>/full.json), assembled into a node-id graph and routed with Dijkstra between the documented terminal stations, then Douglas-Peucker simplified at 15 m. Relations used: 1431363 BNSF Arkansas City Subdivision (Newton-Wichita-Winfield-Arkansas City), 1451445 BNSF Red Rock Subdivision (Arkansas City-Oklahoma City-Purcell-Gainesville), 1458513 BNSF Fort Worth Subdivision (Gainesville-Fort Worth-Cleburne-Temple), 7403491 BNSF Mykawa Subdivision and 7461034 BNSF Galveston Subdivision (Houston-Alvin-Galveston). All five are the Santa Fe's own alignments, still in freight use under BNSF.", "geometry_quality": "Assembled geometry, not one trace. Chicago - Kansas City is the modern Amtrak Southwest Chief shape already used by data/santa_fe_chief.geojson: the same ATSF main line the Texas Chief ran, but a coarse GTFS-derived modern alignment (98 points for 449 miles), so nothing about its pre-1971 detail is verified here. Kansas City - Olathe - Ottawa - Emporia - Newton is traced for this layer from the BNSF Emporia Subdivision (OSM 1431383) and the Newton - Elinor relation (OSM 7764254): 183.5 traced miles against 185.2 timetable miles. That mileage is what settles the routing question - the train is often described as running via Topeka, but the Topeka Subdivision route traces 198.8 miles, 14 miles longer than the timetable allows, while the Ottawa line matches, so the Ottawa line is what is drawn. Newton - Wichita - Arkansas City - Purcell - Fort Worth - Temple is this layer\u2019s own OSM trace; Temple - Houston is the existing data/gulf_colorado_santa_fe_railway.geojson trace. Straight-line joins between those pieces: 2.3 km at Kansas City, 1.2 km at Arkansas City, 0.1 km at Newton and 0.1 km at Temple. Total 1340 traced miles against 1352.9 timetable miles Chicago - Houston (March 1967); the shortfall is the coarse Amtrak shape cutting corners east of Kansas City. The train also ran Houston - Galveston until April 1967 - that leg is drawn as the two Houston - Galveston features in this file rather than being included here, so this feature is Chicago - Houston throughout its life. Straight-line repair 2026-08-29: 16 ruled segments totalling 220 mi replaced with OpenStreetMap-traced rail geometry (see geometry_repairs for the OSM lines each one followed).", "geometry_repairs": [{"date": "2026-08-29", "from": [-97.38065, 32.34454], "to": [-97.37858, 32.18739], "chord_mi": 10.86, "traced_mi": 10.87, "snap_m": [0, 0], "bridged_mi": 0.0, "osm_lines": ["BNSF Fort Worth Subdivision (10.87 mi)"], "method": "Overpass rail graph, 8.0 km corridor, Dijkstra, simplified to 3.0 m"}, {"date": "2026-08-29", "from": [-97.42229, 37.91393], "to": [-97.3358, 37.76414], "chord_mi": 11.45, "traced_mi": 11.4, "snap_m": [0, 0], "bridged_mi": 0.0, "osm_lines": ["BNSF Arkansas City Subdivision (11.4 mi)"], "method": "Overpass rail graph, 8.0 km corridor, Dijkstra, simplified to 3.0 m"}, {"date": "2026-08-29", "from": [-96.16999, 29.83936], "to": [-96.12953, 29.68671], "chord_mi": 10.79, "traced_mi": 10.84, "snap_m": [1, 0], "bridged_mi": 0.0, "osm_lines": ["BNSF Galveston Subdivision (10.84 mi)"], "method": "Overpass rail graph, 8.0 km corridor, Dijkstra, simplified to 3.0 m"}, {"date": "2026-08-29", "from": [-93.53266, 39.33484], "to": [-93.82257, 39.27497], "chord_mi": 16.93, "traced_mi": 16.07, "snap_m": [17, 1], "bridged_mi": 0.0, "osm_lines": ["NS Kansas City District (15.82 mi)", "Marceline Subdivision (0.24 mi)"], "method": "Overpass rail graph, 8.0 km corridor, Dijkstra, simplified to 3.0 m"}, {"date": "2026-08-29", "from": [-93.82257, 39.27497], "to": [-93.99511, 39.21071], "chord_mi": 10.73, "traced_mi": 10.24, "snap_m": [1, 12], "bridged_mi": 0.0, "osm_lines": ["Marceline Subdivision (9.37 mi)", "NS Kansas City District (0.87 mi)"], "method": "Overpass rail graph, 8.0 km corridor, Dijkstra, simplified to 3.0 m"}, {"date": "2026-08-29", "from": [-93.03003, 39.66437], "to": [-93.24613, 39.51331], "chord_mi": 16.09, "traced_mi": 15.57, "snap_m": [13, 20], "bridged_mi": 0.0, "osm_lines": ["Marceline Subdivision (15.48 mi)", "(rail) (0.09 mi)"], "method": "Overpass rail graph, 8.0 km corridor, Dijkstra, simplified to 3.0 m"}, {"date": "2026-08-29", "from": [-92.84959, 39.82844], "to": [-92.95923, 39.7016], "chord_mi": 10.74, "traced_mi": 10.56, "snap_m": [6, 17], "bridged_mi": 0.0, "osm_lines": ["Marceline Subdivision (9.58 mi)", "(abandoned) [abandoned] (0.93 mi)", "AT&SF (0.04 mi)"], "method": "Overpass rail graph, 8.0 km corridor, Dijkstra, simplified to 3.0 m"}, {"date": "2026-08-29", "from": [-90.50059, 40.89787], "to": [-90.82301, 40.77586], "chord_mi": 20.11, "traced_mi": 18.83, "snap_m": [2, 25], "bridged_mi": 0.0, "osm_lines": ["BNSF Chillicothe Subdivision (18.83 mi)"], "method": "Overpass rail graph, 8.0 km corridor, Dijkstra, simplified to 3.0 m"}, {"date": "2026-08-29", "from": [-90.82301, 40.77586], "to": [-91.016, 40.70979], "chord_mi": 11.85, "traced_mi": 11.11, "snap_m": [25, 7], "bridged_mi": 0.0, "osm_lines": ["BNSF Chillicothe Subdivision (11.02 mi)", "(rail) (0.09 mi)"], "method": "Overpass rail graph, 8.0 km corridor, Dijkstra, simplified to 3.0 m"}, {"date": "2026-08-29", "from": [-90.241, 41.06441], "to": [-90.36783, 40.94029], "chord_mi": 10.91, "traced_mi": 10.84, "snap_m": [5, 8], "bridged_mi": 0.0, "osm_lines": ["BNSF Mendota Subdivision (10.39 mi)", "BNSF Ottumwa Subdivision (0.45 mi)"], "method": "Overpass rail graph, 8.0 km corridor, Dijkstra, simplified to 3.0 m"}, {"date": "2026-08-29", "from": [-89.77948, 41.30216], "to": [-89.9434, 41.24009], "chord_mi": 10.23, "traced_mi": 9.52, "snap_m": [27, 5], "bridged_mi": 0.0, "osm_lines": ["BNSF Mendota Subdivision (9.52 mi)"], "method": "Overpass rail graph, 8.0 km corridor, Dijkstra, simplified to 3.0 m"}, {"date": "2026-08-29", "from": [-90.00154, 41.18544], "to": [-90.15987, 41.11436], "chord_mi": 10.23, "traced_mi": 9.6, "snap_m": [14, 7], "bridged_mi": 0.0, "osm_lines": ["BNSF Mendota Subdivision (9.53 mi)", "(rail) (0.07 mi)"], "method": "Overpass rail graph, 8.0 km corridor, Dijkstra, simplified to 3.0 m"}, {"date": "2026-08-29", "from": [-89.26274, 41.46555], "to": [-89.46308, 41.38606], "chord_mi": 11.99, "traced_mi": 11.74, "snap_m": [19, 13], "bridged_mi": 0.0, "osm_lines": ["BNSF Mendota Subdivision (11.74 mi)", "CB&Q [abandoned] (0.0 mi)"], "method": "Overpass rail graph, 8.0 km corridor, Dijkstra, simplified to 3.0 m"}, {"date": "2026-08-29", "from": [-88.5877, 41.64928], "to": [-89.11204, 41.55568], "chord_mi": 30.4, "traced_mi": 27.87, "snap_m": [13, 3], "bridged_mi": 0.0, "osm_lines": ["BNSF Mendota Subdivision (27.86 mi)", "CB&Q (abnd) [abandoned] (0.0 mi)"], "method": "Overpass rail graph, 8.0 km corridor, Dijkstra, simplified to 3.0 m"}, {"date": "2026-08-29", "from": [-87.68116, 41.85885], "to": [-87.95944, 41.79602], "chord_mi": 15.43, "traced_mi": 14.99, "snap_m": [8, 6], "bridged_mi": 0.0, "osm_lines": ["BNSF Chicago Subdivision (14.95 mi)", "BNSF Railway (0.04 mi)"], "method": "Overpass rail graph, 8.0 km corridor, Dijkstra, simplified to 3.0 m"}, {"date": "2026-08-29", "from": [-88.38186, 41.69735], "to": [-88.5877, 41.64928], "chord_mi": 11.44, "traced_mi": 11.11, "snap_m": [22, 13], "bridged_mi": 0.0, "osm_lines": ["BNSF Mendota Subdivision (11.11 mi)"], "method": "Overpass rail graph, 8.0 km corridor, Dijkstra, simplified to 3.0 m"}]}, "geometry": {"type": "LineString", "coordinates": [[-87.63916, 41.87918], [-87.6382, 41.86037], [-87.68116, 41.85885], [-87.6811662, 41.8589198], [-87.6825556, 41.8585712], [-87.6866835, 41.8573167], [-87.6879267, 41.857001], [-87.7440196, 41.8444444], [-87.7451702, 41.8442376], [-87.7467487, 41.8440298], [-87.7507345, 41.8436561], [-87.751547, 41.8436211], [-87.7543984, 41.8433294], [-87.7565187, 41.8429358], [-87.7623699, 41.8416309], [-87.7660153, 41.8407784], [-87.7684736, 41.8399738], [-87.7720242, 41.838646], [-87.7740264, 41.8379609], [-87.7804745, 41.8362768], [-87.8722238, 41.8156576], [-87.9545411, 41.7970793], [-87.958081, 41.796297], [-87.959513, 41.796029], [-87.95944, 41.79602], [-88.06938, 41.79832], [-88.1028, 41.79256], [-88.13086, 41.78038], [-88.22512, 41.7776], [-88.2953, 41.76719], [-88.33155, 41.74673], [-88.36187, 41.70832], [-88.38186, 41.69735], [-88.3820914, 41.6972605], [-88.4979677, 41.6712018], [-88.5377797, 41.6622083], [-88.5398366, 41.6617096], [-88.5446918, 41.6604358], [-88.5811693, 41.6508129], [-88.585408, 41.6497275], [-88.5875415, 41.649276], [-88.5877, 41.64928], [-88.5875415, 41.649276], [-88.5894603, 41.6489444], [-88.5917177, 41.6486388], [-88.6200441, 41.6456528], [-88.6225026, 41.6453175], [-88.6241544, 41.645035], [-88.6955284, 41.6321215], [-88.7991834, 41.6132856], [-88.804559, 41.6123436], [-88.9155283, 41.5920644], [-88.9166966, 41.5918565], [-88.9167193, 41.5918896], [-88.923147, 41.5907163], [-88.9957151, 41.5773577], [-89.1095842, 41.5562983], [-89.111008, 41.5559925], [-89.1120084, 41.5556866], [-89.11204, 41.55568], [-89.1196, 41.54519], [-89.26274, 41.46555], [-89.2629298, 41.4654515], [-89.2651871, 41.4644786], [-89.3117908, 41.4460503], [-89.3117529, 41.4460208], [-89.3804781, 41.4188262], [-89.4603587, 41.3871092], [-89.4632214, 41.3860066], [-89.46308, 41.38606], [-89.50437, 41.39284], [-89.62741, 41.34464], [-89.66987, 41.33434], [-89.68288, 41.3215], [-89.72349, 41.30435], [-89.77948, 41.30216], [-89.7797873, 41.3020776], [-89.7824642, 41.3012163], [-89.7845501, 41.3004534], [-89.8184997, 41.2875994], [-89.9411988, 41.2410339], [-89.9434484, 41.240069], [-89.9434, 41.24009], [-90.00154, 41.18544], [-90.0014033, 41.1855188], [-90.0039475, 41.1840788], [-90.0064767, 41.1828685], [-90.04653, 41.16502], [-90.0501848, 41.1634392], [-90.0949748, 41.1434398], [-90.1522691, 41.1178075], [-90.1598067, 41.1143955], [-90.15987, 41.11436], [-90.241, 41.06441], [-90.2409608, 41.0644423], [-90.242244, 41.0635634], [-90.2442923, 41.062004], [-90.2456871, 41.0608236], [-90.2473817, 41.0592329], [-90.3018974, 41.0054102], [-90.3609253, 40.9470119], [-90.3647361, 40.9433007], [-90.3670715, 40.94093], [-90.3678783, 40.9402324], [-90.36783, 40.94029], [-90.46473, 40.89031], [-90.48442, 40.88951], [-90.49282, 40.89852], [-90.50059, 40.89787], [-90.5005741, 40.8978586], [-90.574863, 40.8698801], [-90.6523337, 40.8406124], [-90.6563039, 40.8389053], [-90.6589759, 40.8379202], [-90.6617668, 40.8370294], [-90.6724182, 40.8330265], [-90.723745, 40.8135996], [-90.8227648, 40.7759874], [-90.82301, 40.77586], [-90.8227648, 40.7759874], [-90.9066713, 40.7473582], [-90.9084018, 40.7467111], [-90.9930123, 40.7177311], [-91.0135797, 40.7106563], [-91.0160565, 40.7097464], [-91.016, 40.70979], [-91.13343, 40.65004], [-91.17254, 40.63532], [-91.28437, 40.61872], [-91.29879, 40.62942], [-91.31132, 40.62972], [-91.36855, 40.61574], [-91.52109, 40.54666], [-91.5512, 40.53942], [-91.5986, 40.50863], [-91.61016, 40.51056], [-91.61694, 40.51722], [-91.64224, 40.52105], [-91.65451, 40.5029], [-91.66862, 40.49894], [-91.70966, 40.47047], [-91.76517, 40.44492], [-91.82167, 40.40937], [-91.89433, 40.39752], [-92.01803, 40.36464], [-92.088, 40.31113], [-92.15415, 40.28123], [-92.21916, 40.23026], [-92.28379, 40.19952], [-92.29605, 40.17454], [-92.3104, 40.16678], [-92.32029, 40.15458], [-92.3964, 40.11299], [-92.43657, 40.07654], [-92.45822, 40.06552], [-92.4835, 40.0322], [-92.52406, 40.01814], [-92.56402, 40.01189], [-92.60877, 39.99516], [-92.70999, 39.9007], [-92.74487, 39.89176], [-92.77826, 39.86943], [-92.79734, 39.86581], [-92.82234, 39.84097], [-92.82799, 39.82775], [-92.84959, 39.82844], [-92.8495396, 39.8283976], [-92.8519898, 39.8261315], [-92.8526036, 39.8254134], [-92.8554179, 39.8202082], [-92.855778, 39.8196382], [-92.8562419, 39.8190867], [-92.8570475, 39.8184676], [-92.8592224, 39.8173367], [-92.8600309, 39.8168616], [-92.8612093, 39.8159861], [-92.8619241, 39.8153091], [-92.8657545, 39.8112485], [-92.8668016, 39.8102864], [-92.8681624, 39.8091596], [-92.868856, 39.8085029], [-92.8845966, 39.7909257], [-92.9197196, 39.7490298], [-92.9499082, 39.7129232], [-92.9516558, 39.7107848], [-92.9520735, 39.7101333], [-92.9559146, 39.7055051], [-92.9584517, 39.7025291], [-92.9594249, 39.7016152], [-92.95923, 39.7016], [-93.03003, 39.66437], [-93.0300931, 39.6642677], [-93.0308976, 39.6636518], [-93.03184, 39.66276], [-93.0385606, 39.6556034], [-93.0392572, 39.654993], [-93.0401521, 39.6543669], [-93.121316, 39.6038613], [-93.1237633, 39.602247], [-93.1388803, 39.5912856], [-93.1401165, 39.5904411], [-93.1858738, 39.5571608], [-93.1883108, 39.5554442], [-93.1912858, 39.5532081], [-93.241189, 39.5168138], [-93.2449157, 39.5141075], [-93.246303, 39.5131958], [-93.24613, 39.51331], [-93.31343, 39.48427], [-93.4026, 39.4137], [-93.43385, 39.38247], [-93.46149, 39.36415], [-93.53266, 39.33484], [-93.5324724, 39.3347888], [-93.5341974, 39.3341667], [-93.5367259, 39.3335071], [-93.5481639, 39.3310522], [-93.68052, 39.302775], [-93.8025259, 39.2768936], [-93.804543, 39.2764857], [-93.8069548, 39.2761673], [-93.8082114, 39.27609], [-93.8162469, 39.2759246], [-93.8182536, 39.2757971], [-93.8192388, 39.2756798], [-93.8205942, 39.2754451], [-93.8225559, 39.2749758], [-93.82257, 39.27497], [-93.8225559, 39.2749758], [-93.8248907, 39.2741883], [-93.8361719, 39.2698554], [-93.914795, 39.2395362], [-93.9949764, 39.2107105], [-93.99511, 39.21071], [-94.03165, 39.19186], [-94.06279, 39.19634], [-94.17239, 39.18925], [-94.1843, 39.17567], [-94.21881, 39.20481], [-94.25747, 39.20289], [-94.35241, 39.16914], [-94.36993, 39.15703], [-94.40689, 39.15378], [-94.43908, 39.12683], [-94.46881, 39.11491], [-94.50568, 39.10861], [-94.55078, 39.08971], [-94.58438, 39.0869], [-94.60954, 39.08175], [-94.61929, 39.07633], [-94.62401, 39.07445], [-94.63269, 39.07288], [-94.64239, 39.07256], [-94.64702, 39.07357], [-94.65247, 39.07553], [-94.66296, 39.07827], [-94.66742, 39.07989], [-94.66881, 39.08069], [-94.67213, 39.0834], [-94.67845, 39.08729], [-94.6798, 39.08779], [-94.68864, 39.08862], [-94.69685, 39.08859], [-94.7093, 39.08698], [-94.71339, 39.08596], [-94.71611, 39.08471], [-94.72086, 39.08168], [-94.72734, 39.07686], [-94.73903, 39.06943], [-94.77164, 39.05003], [-94.78681, 39.04483], [-94.80706, 39.03964], [-94.81457, 39.03606], [-94.81627, 39.03467], [-94.81765, 39.03288], [-94.82205, 39.02211], [-94.82225, 39.01949], [-94.82075, 39.01271], [-94.82067, 39.01125], [-94.82291, 39.00292], [-94.8231, 39.00084], [-94.82168, 38.99464], [-94.81785, 38.9889], [-94.81714, 38.9866], [-94.8173, 38.98432], [-94.81869, 38.97995], [-94.81891, 38.97829], [-94.81872, 38.9713], [-94.81823, 38.9693], [-94.81735, 38.96778], [-94.81574, 38.96615], [-94.80264, 38.95758], [-94.80106, 38.95574], [-94.80017, 38.95355], [-94.80009, 38.9514], [-94.80081, 38.94926], [-94.80218, 38.94742], [-94.8067, 38.94284], [-94.80749, 38.94152], [-94.80803, 38.93976], [-94.8079, 38.93715], [-94.8043, 38.9276], [-94.8043, 38.92517], [-94.80512, 38.92307], [-94.80916, 38.91685], [-94.81046, 38.91054], [-94.81136, 38.90861], [-94.81483, 38.90453], [-94.81933, 38.90088], [-94.82093, 38.89821], [-94.82125, 38.89624], [-94.82083, 38.8916], [-94.82192, 38.88641], [-94.82195, 38.87168], [-94.82287, 38.8688], [-94.82478, 38.86663], [-94.82698, 38.8653], [-94.84397, 38.86003], [-94.84695, 38.85868], [-94.84894, 38.85718], [-94.85008, 38.85577], [-94.85084, 38.85408], [-94.85318, 38.84294], [-94.86008, 38.8315], [-94.86112, 38.83018], [-94.86224, 38.82935], [-94.8637, 38.82873], [-94.87059, 38.827], [-94.87243, 38.82627], [-94.88227, 38.81804], [-94.88479, 38.81649], [-94.88763, 38.81529], [-94.8909, 38.81445], [-94.93347, 38.80701], [-94.9366, 38.80612], [-94.95417, 38.79975], [-94.9583, 38.79791], [-95.00335, 38.767], [-95.00519, 38.76492], [-95.01305, 38.75354], [-95.01504, 38.75129], [-95.0475, 38.72314], [-95.05038, 38.72127], [-95.05448, 38.71996], [-95.12632, 38.70544], [-95.15428, 38.69917], [-95.272, 38.63302], [-95.27491, 38.63229], [-95.32343, 38.62503], [-95.38687, 38.60837], [-95.49708, 38.58746], [-95.51451, 38.58248], [-95.51795, 38.58051], [-95.52216, 38.57638], [-95.53756, 38.5546], [-95.54015, 38.55228], [-95.54503, 38.5491], [-95.54877, 38.54679], [-95.55147, 38.54556], [-95.56187, 38.54292], [-95.56481, 38.5419], [-95.59544, 38.52794], [-95.60671, 38.52495], [-95.60879, 38.52413], [-95.62519, 38.51372], [-95.635, 38.50568], [-95.63694, 38.50436], [-95.64018, 38.50369], [-95.7032, 38.49464], [-95.70494, 38.49403], [-95.71706, 38.48677], [-95.72012, 38.48531], [-95.74294, 38.48228], [-95.74475, 38.48181], [-95.83656, 38.42395], [-95.84573, 38.41746], [-95.84801, 38.41619], [-95.85132, 38.41513], [-95.93609, 38.39534], [-95.95475, 38.38494], [-95.9569, 38.3844], [-95.96456, 38.3838], [-95.96692, 38.38314], [-95.98105, 38.37387], [-95.98262, 38.37313], [-95.98408, 38.37282], [-95.9862, 38.37281], [-95.9991, 38.37457], [-96.03903, 38.37922], [-96.05751, 38.38389], [-96.16464, 38.40125], [-96.26271, 38.40185], [-96.27492, 38.40332], [-96.29386, 38.40353], [-96.30886, 38.4055], [-96.37977, 38.40586], [-96.38494, 38.40501], [-96.44217, 38.38988], [-96.5031, 38.38387], [-96.50656, 38.38402], [-96.5099, 38.38465], [-96.55257, 38.39867], [-96.55671, 38.39959], [-96.5764, 38.39961], [-96.57858, 38.39915], [-96.58649, 38.39653], [-96.59135, 38.39589], [-96.61546, 38.39774], [-96.61773, 38.39767], [-96.61988, 38.39722], [-96.62283, 38.39581], [-96.631, 38.38937], [-96.69456, 38.32893], [-96.77288, 38.28145], [-96.77998, 38.2775], [-96.79898, 38.27145], [-96.80302, 38.27084], [-96.81236, 38.27057], [-96.81767, 38.26929], [-96.83611, 38.26129], [-96.86658, 38.24684], [-96.87067, 38.24543], [-96.87381, 38.2448], [-96.87751, 38.2445], [-96.9076, 38.24539], [-96.91173, 38.24487], [-96.91516, 38.24386], [-96.93453, 38.23566], [-96.94153, 38.23146], [-96.95239, 38.22627], [-96.98527, 38.2123], [-97.00015, 38.20295], [-97.00302, 38.20147], [-97.0063, 38.20032], [-97.00928, 38.19973], [-97.01857, 38.19953], [-97.02138, 38.19912], [-97.03306, 38.19434], [-97.05328, 38.18393], [-97.05597, 38.18168], [-97.06166, 38.17492], [-97.0633, 38.17332], [-97.07199, 38.1671], [-97.07394, 38.16602], [-97.07635, 38.16531], [-97.07877, 38.1651], [-97.10169, 38.16541], [-97.10397, 38.16506], [-97.10595, 38.16438], [-97.11544, 38.15844], [-97.12928, 38.14691], [-97.13276, 38.14525], [-97.13619, 38.14481], [-97.15137, 38.14511], [-97.18811, 38.14937], [-97.19174, 38.15043], [-97.19858, 38.15424], [-97.20072, 38.1549], [-97.20279, 38.15517], [-97.205, 38.15507], [-97.2088, 38.15427], [-97.21293, 38.15332], [-97.21587, 38.15223], [-97.22705, 38.14447], [-97.23216, 38.13807], [-97.28383, 38.09298], [-97.29719, 38.07594], [-97.29948, 38.0736], [-97.30198, 38.07183], [-97.34425, 38.04684], [-97.34493, 38.04644], [-97.35166, 38.04243], [-97.35366, 38.04058], [-97.35849, 38.02984], [-97.3615, 38.02554], [-97.36685, 38.01528], [-97.36789, 38.01284], [-97.37645, 37.98436], [-97.37822, 37.98084], [-97.41451, 37.93708], [-97.41594, 37.93506], [-97.42088, 37.92567], [-97.42167, 37.92373], [-97.42224, 37.92056], [-97.4222922, 37.9139279], [-97.4222526, 37.9131353], [-97.4221267, 37.9122827], [-97.421743, 37.9106803], [-97.4211381, 37.909078], [-97.4202738, 37.9074301], [-97.4145591, 37.8977178], [-97.41405, 37.89695], [-97.4115256, 37.8925533], [-97.402829, 37.878045], [-97.3972269, 37.868508], [-97.39637, 37.86714], [-97.39299, 37.8613086], [-97.390646, 37.857483], [-97.389751, 37.8558403], [-97.3844962, 37.8469541], [-97.340718, 37.775162], [-97.337685, 37.7700141], [-97.3368777, 37.7684197], [-97.336351, 37.767025], [-97.336139, 37.766215], [-97.335897, 37.765048], [-97.335801, 37.764138], [-97.33559, 37.72429], [-97.335, 37.72183], [-97.33147, 37.71636], [-97.33044, 37.71362], [-97.33016, 37.68736], [-97.33012, 37.68317], [-97.32925, 37.67896], [-97.32919, 37.67411], [-97.3287, 37.67252], [-97.31318, 37.64489], [-97.29893, 37.62989], [-97.29749, 37.62794], [-97.2963, 37.62559], [-97.29156, 37.60627], [-97.28922, 37.59867], [-97.28842, 37.59681], [-97.28472, 37.59061], [-97.28355, 37.58779], [-97.2708, 37.54153], [-97.27041, 37.53875], [-97.26934, 37.52207], [-97.26876, 37.51915], [-97.26782, 37.5169], [-97.26653, 37.51487], [-97.25832, 37.50684], [-97.25602, 37.50358], [-97.25503, 37.50109], [-97.24763, 37.47571], [-97.24406, 37.47006], [-97.24215, 37.46837], [-97.23948, 37.46711], [-97.22983, 37.46407], [-97.22336, 37.46336], [-97.22108, 37.46247], [-97.21969, 37.46125], [-97.20997, 37.44798], [-97.20754, 37.44599], [-97.20455, 37.44442], [-97.20134, 37.44307], [-97.19894, 37.44257], [-97.1873, 37.4425], [-97.18466, 37.4421], [-97.18269, 37.44149], [-97.1796, 37.43986], [-97.17174, 37.4341], [-97.1664, 37.42956], [-97.16477, 37.42855], [-97.16283, 37.4278], [-97.14782, 37.4238], [-97.14525, 37.42268], [-97.14005, 37.41953], [-97.1383, 37.41811], [-97.137, 37.41641], [-97.11105, 37.3808], [-97.10898, 37.3785], [-97.08577, 37.35697], [-97.07682, 37.35176], [-97.07011, 37.34938], [-97.06745, 37.34808], [-97.05827, 37.34041], [-97.04915, 37.33052], [-97.04675, 37.32623], [-97.04605, 37.3218], [-97.04849, 37.30759], [-97.04639, 37.29336], [-97.04585, 37.2921], [-97.03361, 37.27293], [-97.03099, 37.27014], [-97.03028, 37.269], [-97.02992, 37.26772], [-97.02981, 37.26119], [-97.02958, 37.26028], [-97.02874, 37.25926], [-97.02326, 37.25493], [-97.01563, 37.24656], [-97.01357, 37.24529], [-97.00924, 37.24352], [-97.00799, 37.24261], [-97.00645, 37.2409], [-97.00088, 37.23133], [-96.99995, 37.23022], [-96.99778, 37.22856], [-96.99674, 37.22713], [-96.99629, 37.22515], [-96.99663, 37.22201], [-96.99592, 37.21751], [-96.99617, 37.21579], [-96.99682, 37.21426], [-96.9989, 37.21192], [-97.01014, 37.20484], [-97.01159, 37.20335], [-97.01247, 37.20179], [-97.03202, 37.13336], [-97.03341, 37.11564], [-97.0335, 37.11129], [-97.0326, 37.10311], [-97.0292, 37.0971], [-97.0287, 37.0948], [-97.03249, 37.07304], [-97.03295, 37.062], [-97.03287, 37.05046], [-97.03352, 37.04655], [-97.03355, 37.04446], [-97.0329, 37.04029], [-97.03301, 37.03284], [-97.03702, 37.0217], [-97.03893, 37.00528], [-97.04077, 36.98194], [-97.04211, 36.97714], [-97.04703, 36.96238], [-97.05161, 36.95159], [-97.05453, 36.9413], [-97.05635, 36.92344], [-97.04358, 36.81756], [-97.04358, 36.81497], [-97.04407, 36.81269], [-97.04485, 36.81073], [-97.06599, 36.77219], [-97.08397, 36.71743], [-97.08708, 36.67876], [-97.0785, 36.64533], [-97.07825, 36.64254], [-97.07911, 36.63834], [-97.08126, 36.63453], [-97.10002, 36.61434], [-97.10265, 36.61243], [-97.12649, 36.5978], [-97.1283, 36.59643], [-97.1311, 36.59336], [-97.14714, 36.56142], [-97.16584, 36.52174], [-97.17075, 36.50014], [-97.17582, 36.4755], [-97.17563, 36.47145], [-97.17109, 36.4466], [-97.16927, 36.42664], [-97.16975, 36.41722], [-97.17137, 36.40676], [-97.17176, 36.39961], [-97.17493, 36.39228], [-97.17671, 36.38959], [-97.18789, 36.38013], [-97.18987, 36.37773], [-97.19107, 36.37475], [-97.19669, 36.3568], [-97.19774, 36.35445], [-97.19929, 36.3525], [-97.20564, 36.34682], [-97.22595, 36.33183], [-97.23787, 36.32167], [-97.24091, 36.31937], [-97.25724, 36.30877], [-97.26724, 36.30281], [-97.27111, 36.29999], [-97.28928, 36.27975], [-97.291, 36.27727], [-97.29603, 36.26783], [-97.30902, 36.25071], [-97.31461, 36.24521], [-97.32192, 36.23463], [-97.33325, 36.22064], [-97.34572, 36.20791], [-97.35676, 36.19326], [-97.35799, 36.19102], [-97.35945, 36.18621], [-97.35993, 36.18346], [-97.35996, 36.17659], [-97.36139, 36.16875], [-97.36329, 36.16296], [-97.36497, 36.1607], [-97.37046, 36.15624], [-97.37223, 36.15433], [-97.37724, 36.14496], [-97.38859, 36.12975], [-97.38979, 36.12399], [-97.39146, 36.11017], [-97.39773, 36.08643], [-97.39939, 36.0829], [-97.40518, 36.07357], [-97.4107, 36.05917], [-97.41425, 36.05247], [-97.41583, 36.05004], [-97.42131, 36.04424], [-97.42305, 36.0414], [-97.42361, 36.03993], [-97.42794, 36.02285], [-97.43026, 36.01023], [-97.43175, 35.99966], [-97.4325, 35.99149], [-97.43253, 35.98829], [-97.42943, 35.97456], [-97.42557, 35.96401], [-97.41939, 35.94127], [-97.41902, 35.93829], [-97.41946, 35.93592], [-97.42081, 35.93334], [-97.42817, 35.92626], [-97.42922, 35.92449], [-97.42992, 35.92215], [-97.42981, 35.91888], [-97.42767, 35.91329], [-97.42719, 35.91137], [-97.42489, 35.8974], [-97.42438, 35.8888], [-97.42572, 35.88512], [-97.42974, 35.87804], [-97.43785, 35.85852], [-97.43805, 35.85622], [-97.43761, 35.83271], [-97.43813, 35.82966], [-97.43905, 35.82741], [-97.44049, 35.82526], [-97.44222, 35.82345], [-97.44481, 35.82158], [-97.44769, 35.82018], [-97.45006, 35.81943], [-97.4604, 35.8177], [-97.4654, 35.81607], [-97.47298, 35.81145], [-97.48521, 35.80273], [-97.48835, 35.80026], [-97.49024, 35.79805], [-97.49342, 35.79161], [-97.49401, 35.78941], [-97.49415, 35.78542], [-97.48973, 35.76385], [-97.48915, 35.76168], [-97.48577, 35.75294], [-97.48537, 35.75005], [-97.48573, 35.74597], [-97.48745, 35.73839], [-97.48742, 35.73517], [-97.48657, 35.73212], [-97.48322, 35.72396], [-97.48158, 35.71514], [-97.47812, 35.70655], [-97.47576, 35.694], [-97.47657, 35.68611], [-97.48076, 35.67343], [-97.48114, 35.67164], [-97.48725, 35.62615], [-97.48861, 35.62356], [-97.52237, 35.58275], [-97.53074, 35.56667], [-97.53294, 35.56193], [-97.53288, 35.56065], [-97.5322, 35.55893], [-97.52254, 35.54285], [-97.52074, 35.53676], [-97.51987, 35.53215], [-97.51435, 35.51079], [-97.51178, 35.48717], [-97.51314, 35.44465], [-97.5129, 35.44275], [-97.51191, 35.44062], [-97.48644, 35.39811], [-97.48532, 35.39579], [-97.48468, 35.3935], [-97.48446, 35.39043], [-97.48454, 35.32404], [-97.48287, 35.29862], [-97.48308, 35.29121], [-97.48249, 35.2879], [-97.48122, 35.28502], [-97.46008, 35.24684], [-97.41443, 35.17461], [-97.40164, 35.14736], [-97.39699, 35.13671], [-97.39209, 35.1298], [-97.39076, 35.12736], [-97.39005, 35.12516], [-97.3897, 35.12256], [-97.39084, 35.10675], [-97.39074, 35.10483], [-97.39022, 35.10242], [-97.3893, 35.10023], [-97.36139, 35.04622], [-97.35991, 35.04062], [-97.35902, 35.0318], [-97.35624, 35.02518], [-97.35613, 35.02335], [-97.35929, 34.98034], [-97.35932, 34.97849], [-97.35865, 34.97678], [-97.35434, 34.97251], [-97.35292, 34.97004], [-97.35148, 34.95729], [-97.3505, 34.95523], [-97.34703, 34.95231], [-97.32496, 34.92611], [-97.29214, 34.90678], [-97.29036, 34.90524], [-97.28883, 34.90206], [-97.28585, 34.88885], [-97.28066, 34.8785], [-97.28013, 34.87687], [-97.28029, 34.8717], [-97.27949, 34.87007], [-97.27305, 34.86335], [-97.2721, 34.86261], [-97.27022, 34.86173], [-97.26456, 34.86024], [-97.25995, 34.85803], [-97.25914, 34.85724], [-97.25621, 34.85253], [-97.25548, 34.85104], [-97.25372, 34.8416], [-97.25373, 34.8401], [-97.25455, 34.83533], [-97.25459, 34.81608], [-97.24742, 34.7859], [-97.24742, 34.78333], [-97.24888, 34.77175], [-97.2485, 34.76868], [-97.24798, 34.76725], [-97.24634, 34.76441], [-97.24456, 34.76245], [-97.24104, 34.75977], [-97.23465, 34.75603], [-97.23211, 34.75398], [-97.20605, 34.73104], [-97.2045, 34.72945], [-97.20322, 34.72745], [-97.20173, 34.7243], [-97.18797, 34.68313], [-97.18666, 34.6807], [-97.17812, 34.66789], [-97.17682, 34.66564], [-97.17591, 34.66305], [-97.16066, 34.58393], [-97.11067, 34.47977], [-97.11009, 34.47786], [-97.10943, 34.47051], [-97.10904, 34.46848], [-97.10757, 34.46599], [-97.10381, 34.46143], [-97.10293, 34.45929], [-97.10238, 34.45643], [-97.10094, 34.4533], [-97.10088, 34.45196], [-97.10171, 34.44812], [-97.1013, 34.44564], [-97.09149, 34.42849], [-97.09006, 34.42669], [-97.0879, 34.42516], [-97.07701, 34.42062], [-97.07495, 34.41941], [-97.07297, 34.41739], [-97.0699, 34.41317], [-97.0675, 34.41062], [-97.04092, 34.38538], [-97.03832, 34.38264], [-97.03336, 34.37592], [-97.03262, 34.37426], [-97.03253, 34.37269], [-97.03328, 34.36027], [-97.03441, 34.35708], [-97.03456, 34.35575], [-97.03361, 34.35416], [-97.03115, 34.3525], [-97.03067, 34.35117], [-97.0308, 34.35036], [-97.03172, 34.34914], [-97.03593, 34.34676], [-97.03873, 34.34562], [-97.03989, 34.34471], [-97.04057, 34.34373], [-97.04092, 34.34216], [-97.04069, 34.34102], [-97.03625, 34.33325], [-97.03594, 34.33211], [-97.03605, 34.33093], [-97.03655, 34.32986], [-97.0375, 34.32888], [-97.04124, 34.32725], [-97.04265, 34.32588], [-97.0431, 34.32477], [-97.04326, 34.32338], [-97.04225, 34.321], [-97.0423, 34.31984], [-97.04278, 34.31901], [-97.04673, 34.31484], [-97.04758, 34.31306], [-97.04786, 34.31168], [-97.04787, 34.31046], [-97.04745, 34.30864], [-97.03695, 34.28277], [-97.03659, 34.27994], [-97.03702, 34.27806], [-97.03796, 34.27691], [-97.03905, 34.27623], [-97.04786, 34.27451], [-97.0567, 34.27118], [-97.05784, 34.27049], [-97.05889, 34.26944], [-97.05975, 34.26765], [-97.06148, 34.25985], [-97.06133, 34.25263], [-97.06161, 34.25119], [-97.06295, 34.24922], [-97.06624, 34.24683], [-97.0672, 34.24565], [-97.07139, 34.23463], [-97.07325, 34.23251], [-97.07929, 34.22951], [-97.08092, 34.22829], [-97.08655, 34.22088], [-97.0872, 34.21938], [-97.08795, 34.21635], [-97.08929, 34.21457], [-97.09078, 34.21359], [-97.09503, 34.21184], [-97.0964, 34.21074], [-97.09719, 34.20962], [-97.09843, 34.20617], [-97.10446, 34.19902], [-97.10895, 34.19144], [-97.1141, 34.18664], [-97.13549, 34.15778], [-97.13672, 34.15537], [-97.13744, 34.15299], [-97.14306, 34.12027], [-97.14316, 34.11679], [-97.13762, 34.06044], [-97.13276, 34.04318], [-97.13188, 34.04084], [-97.13058, 34.03861], [-97.11908, 34.02311], [-97.10984, 34.01461], [-97.10834, 34.01288], [-97.1062, 34.009], [-97.10557, 34.00654], [-97.10543, 34.00402], [-97.10588, 34.0011], [-97.11635, 33.96645], [-97.11735, 33.96245], [-97.11737, 33.95933], [-97.11572, 33.95158], [-97.11563, 33.94827], [-97.12208, 33.87508], [-97.12342, 33.86207], [-97.14808, 33.78366], [-97.14842, 33.78132], [-97.14733, 33.7752], [-97.14754, 33.77328], [-97.14859, 33.77152], [-97.15134, 33.76923], [-97.1547, 33.76298], [-97.15813, 33.75911], [-97.15998, 33.75607], [-97.16032, 33.7551], [-97.16048, 33.75228], [-97.15759, 33.73907], [-97.15772, 33.73665], [-97.15839, 33.73484], [-97.15933, 33.73328], [-97.16422, 33.72759], [-97.16493, 33.72639], [-97.16522, 33.72528], [-97.16462, 33.72126], [-97.16503, 33.71464], [-97.16462, 33.71079], [-97.16566, 33.7027], [-97.16495, 33.69534], [-97.16681, 33.6831], [-97.16681, 33.68047], [-97.16586, 33.67761], [-97.14552, 33.64375], [-97.14431, 33.64089], [-97.13977, 33.62089], [-97.14011, 33.5898], [-97.13849, 33.57954], [-97.13946, 33.57148], [-97.14021, 33.56846], [-97.16339, 33.51982], [-97.16434, 33.51754], [-97.16492, 33.51495], [-97.16491, 33.51141], [-97.16069, 33.48275], [-97.15458, 33.461], [-97.15435, 33.459], [-97.1705, 33.38623], [-97.16745, 33.33065], [-97.16719, 33.32542], [-97.16734, 33.32411], [-97.16807, 33.32258], [-97.16922, 33.32142], [-97.20563, 33.29825], [-97.22502, 33.28227], [-97.22642, 33.28056], [-97.22756, 33.27865], [-97.2378, 33.25807], [-97.23843, 33.25633], [-97.24015, 33.24896], [-97.24154, 33.24592], [-97.26189, 33.21583], [-97.2696, 33.20683], [-97.28231, 33.1946], [-97.28456, 33.19181], [-97.2859, 33.18907], [-97.28656, 33.18657], [-97.28955, 33.16359], [-97.28926, 33.129], [-97.29547, 33.0835], [-97.29515, 33.06892], [-97.2959, 33.06541], [-97.29859, 33.0584], [-97.29997, 33.0554], [-97.3011, 33.05384], [-97.30351, 33.05176], [-97.30576, 33.05061], [-97.30987, 33.04964], [-97.31793, 33.04957], [-97.32142, 33.04912], [-97.32503, 33.048], [-97.32863, 33.04607], [-97.35038, 33.02783], [-97.35134, 33.02657], [-97.35323, 33.02278], [-97.35383, 33.02053], [-97.35459, 33.01138], [-97.3558, 33.00171], [-97.35864, 32.99089], [-97.35884, 32.98884], [-97.35841, 32.98634], [-97.35505, 32.9774], [-97.3546, 32.97549], [-97.35455, 32.96066], [-97.35629, 32.95485], [-97.35998, 32.94438], [-97.36064, 32.94148], [-97.36315, 32.87399], [-97.35777, 32.83223], [-97.35719, 32.82951], [-97.35582, 32.82648], [-97.35004, 32.81692], [-97.34937, 32.81543], [-97.34753, 32.80154], [-97.34687, 32.79937], [-97.33139, 32.77644], [-97.3301, 32.77405], [-97.3277, 32.76683], [-97.3273, 32.76105], [-97.32618, 32.75533], [-97.32555, 32.75347], [-97.32422, 32.75108], [-97.32193, 32.74837], [-97.32153, 32.74713], [-97.32169, 32.74203], [-97.32282, 32.73655], [-97.32306, 32.73369], [-97.32432, 32.72701], [-97.32539, 32.72499], [-97.33979, 32.70465], [-97.34971, 32.68496], [-97.35085, 32.68213], [-97.35182, 32.67846], [-97.35227, 32.67504], [-97.3557, 32.59522], [-97.37291, 32.51456], [-97.37334, 32.51327], [-97.37443, 32.51148], [-97.38813, 32.49119], [-97.38877, 32.48968], [-97.38903, 32.4883], [-97.38987, 32.4666], [-97.38591, 32.36442], [-97.3806467, 32.3445413], [-97.379843, 32.305461], [-97.379676, 32.299577], [-97.3793931, 32.2845919], [-97.3778446, 32.2135228], [-97.377737, 32.206738], [-97.377438, 32.1952], [-97.3774225, 32.1928822], [-97.3775396, 32.1913808], [-97.3778078, 32.1899349], [-97.3781377, 32.1886739], [-97.3785848, 32.1873883], [-97.38062, 32.18366], [-97.3892, 32.17193], [-97.40555, 32.1516], [-97.40858, 32.14853], [-97.42205, 32.13609], [-97.43328, 32.12891], [-97.43646, 32.1273], [-97.44055, 32.126], [-97.45364, 32.12345], [-97.45873, 32.12158], [-97.46144, 32.12], [-97.4833, 32.10443], [-97.48525, 32.10286], [-97.48772, 32.10004], [-97.49399, 32.08896], [-97.49578, 32.08638], [-97.50628, 32.07407], [-97.52189, 32.05771], [-97.52447, 32.05536], [-97.53277, 32.04983], [-97.55545, 32.03163], [-97.56062, 32.02825], [-97.56444, 32.02644], [-97.60905, 32.00886], [-97.61182, 32.00783], [-97.61658, 32.00659], [-97.63104, 31.99745], [-97.63293, 31.99576], [-97.63398, 31.99409], [-97.63792, 31.98181], [-97.63822, 31.97984], [-97.63786, 31.97748], [-97.6333, 31.9674], [-97.63257, 31.96429], [-97.63319, 31.95416], [-97.6359, 31.94676], [-97.63618, 31.94517], [-97.63561, 31.91937], [-97.63543, 31.91735], [-97.63479, 31.91502], [-97.63375, 31.91279], [-97.6267, 31.90065], [-97.61466, 31.87758], [-97.60596, 31.86258], [-97.60539, 31.86102], [-97.60447, 31.85668], [-97.59763, 31.84096], [-97.59559, 31.83451], [-97.57914, 31.80016], [-97.57875, 31.79889], [-97.57841, 31.79494], [-97.57804, 31.79355], [-97.54889, 31.73832], [-97.54784, 31.73551], [-97.53893, 31.70623], [-97.53503, 31.70053], [-97.53241, 31.69487], [-97.53134, 31.69333], [-97.50952, 31.67112], [-97.50669, 31.66927], [-97.49469, 31.6626], [-97.49338, 31.66156], [-97.4903, 31.65826], [-97.48808, 31.65678], [-97.48564, 31.6558], [-97.4836, 31.65539], [-97.47523, 31.65488], [-97.47282, 31.65424], [-97.46963, 31.65222], [-97.46504, 31.65005], [-97.46368, 31.64863], [-97.4625, 31.64635], [-97.46204, 31.64443], [-97.46184, 31.64124], [-97.46084, 31.63699], [-97.45791, 31.59348], [-97.45439, 31.57987], [-97.45292, 31.57468], [-97.45203, 31.57306], [-97.44028, 31.56133], [-97.43903, 31.55968], [-97.43827, 31.55789], [-97.43814, 31.55525], [-97.4418, 31.53886], [-97.44213, 31.53644], [-97.44206, 31.53415], [-97.43993, 31.52242], [-97.43802, 31.51762], [-97.42143, 31.48517], [-97.41538, 31.46363], [-97.41447, 31.46115], [-97.38359, 31.40597], [-97.38291, 31.40387], [-97.38258, 31.40189], [-97.38142, 31.38112], [-97.38184, 31.36651], [-97.38129, 31.36274], [-97.37877, 31.35683], [-97.37727, 31.35449], [-97.37558, 31.35266], [-97.36717, 31.34537], [-97.36483, 31.34235], [-97.36307, 31.33832], [-97.35802, 31.32435], [-97.35768, 31.3215], [-97.35812, 31.31808], [-97.36667, 31.28799], [-97.3672, 31.28506], [-97.36492, 31.24206], [-97.36445, 31.23926], [-97.36338, 31.23656], [-97.35737, 31.22767], [-97.35587, 31.22422], [-97.34817, 31.17351], [-97.34679, 31.1699], [-97.34242, 31.16188], [-97.33818, 31.15065], [-97.33751, 31.1481], [-97.33736, 31.14538], [-97.33785, 31.14233], [-97.349, 31.10122], [-97.34902, 31.09896], [-97.34849, 31.0975], [-97.34639, 31.09565], [-97.3443, 31.09469], [-97.34513, 31.09521], [-97.34372, 31.09456], [-97.34237, 31.09356], [-97.33975, 31.09065], [-97.33892, 31.08935], [-97.33279, 31.07697], [-97.32676, 31.06171], [-97.32326, 31.05366], [-97.3151, 31.03689], [-97.28632, 30.99784], [-97.28383, 30.99537], [-97.27617, 30.98961], [-97.27462, 30.98816], [-97.2732, 30.98639], [-97.26093, 30.96231], [-97.2596, 30.96043], [-97.24624, 30.95019], [-97.24525, 30.949], [-97.24324, 30.94559], [-97.2418, 30.9441], [-97.22279, 30.92984], [-97.22065, 30.92852], [-97.19904, 30.91925], [-97.19018, 30.91375], [-97.14303, 30.87761], [-97.14093, 30.87663], [-97.13958, 30.8763], [-97.12831, 30.87441], [-97.12614, 30.87337], [-97.12282, 30.87112], [-97.11932, 30.86853], [-97.10137, 30.85087], [-97.0999, 30.84979], [-97.09752, 30.8488], [-97.0949, 30.84844], [-97.03899, 30.84857], [-96.98571, 30.84647], [-96.98274, 30.84668], [-96.97946, 30.84741], [-96.97386, 30.84986], [-96.97094, 30.85077], [-96.96477, 30.85169], [-96.96077, 30.8518], [-96.95691, 30.85117], [-96.95317, 30.8498], [-96.93844, 30.84301], [-96.93621, 30.84157], [-96.93477, 30.8402], [-96.93305, 30.83745], [-96.92639, 30.82072], [-96.92168, 30.81282], [-96.92104, 30.81139], [-96.9144, 30.77971], [-96.90933, 30.76318], [-96.9081, 30.75615], [-96.90356, 30.74481], [-96.90209, 30.74224], [-96.88409, 30.72414], [-96.88283, 30.72235], [-96.88024, 30.71687], [-96.8761, 30.71264], [-96.87421, 30.71139], [-96.87264, 30.71067], [-96.86169, 30.70651], [-96.85992, 30.70565], [-96.85338, 30.70047], [-96.85175, 30.69886], [-96.83925, 30.68178], [-96.83693, 30.67829], [-96.83597, 30.67539], [-96.83455, 30.66944], [-96.83355, 30.6617], [-96.83317, 30.6603], [-96.83205, 30.65843], [-96.82785, 30.6537], [-96.82611, 30.65245], [-96.82421, 30.65182], [-96.81657, 30.65194], [-96.81472, 30.65165], [-96.81291, 30.65075], [-96.80771, 30.64693], [-96.8061, 30.64554], [-96.79832, 30.63718], [-96.78177, 30.61824], [-96.78007, 30.61584], [-96.77719, 30.60941], [-96.77019, 30.59746], [-96.76952, 30.59578], [-96.76808, 30.59009], [-96.76709, 30.58798], [-96.74694, 30.55522], [-96.7451, 30.55244], [-96.74416, 30.55144], [-96.72609, 30.53641], [-96.72439, 30.53533], [-96.72224, 30.53442], [-96.69577, 30.52536], [-96.69032, 30.52161], [-96.68874, 30.521], [-96.68408, 30.51998], [-96.6817, 30.51885], [-96.67387, 30.51327], [-96.66732, 30.50558], [-96.66185, 30.50018], [-96.64785, 30.49251], [-96.64584, 30.49099], [-96.64218, 30.48758], [-96.60834, 30.44033], [-96.60061, 30.43262], [-96.58399, 30.40991], [-96.51236, 30.32911], [-96.51101, 30.32656], [-96.51063, 30.3244], [-96.51174, 30.31127], [-96.51157, 30.30905], [-96.51121, 30.30803], [-96.50516, 30.29578], [-96.50249, 30.28771], [-96.50137, 30.28528], [-96.48279, 30.25763], [-96.48105, 30.25605], [-96.47457, 30.25325], [-96.47306, 30.25231], [-96.47223, 30.25149], [-96.47137, 30.25006], [-96.46915, 30.24371], [-96.46835, 30.24198], [-96.46643, 30.23893], [-96.45851, 30.22997], [-96.44992, 30.21941], [-96.44575, 30.21318], [-96.44472, 30.21201], [-96.44236, 30.21044], [-96.43567, 30.20747], [-96.4337, 30.20631], [-96.42422, 30.19689], [-96.41141, 30.18827], [-96.40935, 30.18618], [-96.40206, 30.17343], [-96.40022, 30.16664], [-96.40035, 30.165], [-96.40226, 30.15883], [-96.40687, 30.15205], [-96.40779, 30.14925], [-96.40775, 30.14756], [-96.40743, 30.14628], [-96.40449, 30.1377], [-96.4036, 30.13615], [-96.39578, 30.12735], [-96.39501, 30.12595], [-96.39373, 30.1222], [-96.3927, 30.12036], [-96.38215, 30.10785], [-96.35224, 30.08186], [-96.35135, 30.08088], [-96.33967, 30.06076], [-96.33196, 30.05206], [-96.33059, 30.05083], [-96.327, 30.04833], [-96.32542, 30.04762], [-96.31659, 30.04469], [-96.31461, 30.04343], [-96.3134, 30.04215], [-96.30691, 30.03028], [-96.29441, 30.01268], [-96.29363, 30.01079], [-96.29291, 30.00354], [-96.29248, 30.00174], [-96.28617, 29.99092], [-96.28315, 29.9878], [-96.26737, 29.97662], [-96.26541, 29.97497], [-96.26346, 29.97261], [-96.25536, 29.96106], [-96.25404, 29.95744], [-96.25014, 29.93538], [-96.24906, 29.93295], [-96.1726, 29.84296], [-96.1699856, 29.8393554], [-96.169458, 29.838364], [-96.168794, 29.836729], [-96.164462, 29.819637], [-96.1636631, 29.8166385], [-96.1617066, 29.8086967], [-96.1581439, 29.7948374], [-96.1575299, 29.7921565], [-96.155331, 29.7836057], [-96.1472564, 29.7515648], [-96.1448422, 29.7422021], [-96.1445872, 29.7410223], [-96.143552, 29.7370966], [-96.1399597, 29.7226805], [-96.13916, 29.719718], [-96.136187, 29.7076793], [-96.1323507, 29.6927013], [-96.1318179, 29.6907422], [-96.1314869, 29.6899147], [-96.1304959, 29.6880733], [-96.1295314, 29.6867061], [-96.09879, 29.64874], [-96.09682, 29.64658], [-96.09457, 29.6448], [-96.09109, 29.64295], [-96.0485, 29.62472], [-95.90167, 29.58224], [-95.81356, 29.56072], [-95.8129, 29.56061], [-95.80956, 29.56089], [-95.79357, 29.5628], [-95.78954, 29.56395], [-95.78588, 29.56592], [-95.77197, 29.57854], [-95.76946, 29.58042], [-95.76702, 29.5817], [-95.76134, 29.58385], [-95.75648, 29.58615], [-95.74333, 29.59423], [-95.74107, 29.59532], [-95.73874, 29.5961], [-95.73527, 29.59672], [-95.68253, 29.60233], [-95.67635, 29.60315], [-95.67408, 29.60378], [-95.66005, 29.60886], [-95.6421, 29.61764], [-95.63654, 29.61997], [-95.59173, 29.62885], [-95.58748, 29.62896], [-95.58249, 29.6278], [-95.57048, 29.62225], [-95.56621, 29.62057], [-95.55915, 29.61719], [-95.55678, 29.61635], [-95.55243, 29.61569], [-95.54927, 29.61575], [-95.547, 29.61607], [-95.54566, 29.61652], [-95.5451, 29.61706], [-95.54487, 29.6178], [-95.54509, 29.61872], [-95.54451, 29.61774], [-95.54374, 29.61737], [-95.54296, 29.61742], [-95.54124, 29.61804], [-95.44979, 29.65326], [-95.44839, 29.65409], [-95.44735, 29.65516], [-95.44661, 29.65663], [-95.44636, 29.65799], [-95.44861, 29.76699], [-95.44794, 29.7694], [-95.43864, 29.7831], [-95.43779, 29.7838], [-95.43651, 29.78394], [-95.43171, 29.78088], [-95.42622, 29.77798], [-95.4188, 29.77515], [-95.41135, 29.77317], [-95.39844, 29.77148], [-95.37173, 29.76874], [-95.36599, 29.76722]]}}]}