{
 "type": "FeatureCollection",
 "metadata": {
  "note": "The San Francisco, Napa and Calistoga Railway and its predecessor and successor companies: the \"Napa Valley Route\", a 3,300-volt, 25 Hz AC electric interurban from the Vallejo ferry slip up the Napa Valley through Napa, Yountville and St. Helena to Calistoga, 41.6 timetable miles, connecting at Vallejo with the Monticello Steamship Company's boats to San Francisco. Drawn stage by stage from each stretch's own opening year: Vallejo - Napa 1905, Napa - Yountville 1907, Yountville - St. Helena 1 January 1908, St. Helena - Calistoga September 1912; all passenger service ended 12 September 1937. Mode is interurban (Rule 7): an electric line built to link separate towns.",
  "ownership_note": "Rule 4 splits, made where the company running the trains changed: (1) San Francisco, Vallejo and Napa Valley Railroad 1905-1911 (#C47AA8) - incorporated April 1902 as the Benicia, Vallejo & Napa Valley Railroad and renamed in 1906; a rename of the same corporation, so not split. (2) San Francisco, Napa and Calistoga Railway 1911-1935 (#8E2C6E) - a new company formed \"for the purchase and operation of\" the SFV&NV (OAC), so a split. (3) San Francisco and Napa Valley Railroad 1935-1937 (#5B1A48) - the 1935 reorganization of the SFN&C; JUDGMENT CALL: the trains kept the \"Napa Valley Route\" lettering and much the same management, but it was a new corporation running them, so it is split and given its own colour, which was checked to be absent everywhere else in data/. The month of each change is not sourced, so each split is at the calendar year.",
  "colour_note": "#C47AA8 and #8E2C6E were pre-assigned for this batch; #5B1A48 is new and appears nowhere else in data/.",
  "sources": [
   "https://en.wikipedia.org/wiki/San_Francisco,_Napa_and_Calistoga_Railway - incorporation, rename, openings, 1913 wreck, AC electrification, 1937 end, 1938 excursion, 1938 track removal, Mare Island freight.",
   "https://napavalleyregister.com/star/lifestyles/building-the-napa-valley-interurban-railroad/article_613fcdda-a740-5ed8-873a-fdbc2966ae66.html - Tom Stockwell, \"Building the Napa Valley interurban railroad\", Napa Valley Register / St. Helena Star (2015), citing the Evans & De Shazo report for the City of Calistoga: route Napa - Union - Rutherford - St. Helena, the 1908 and 1912 extensions, the 1910 St. Helena terminus, the Lodi Lane and Washington Street approach to Calistoga, the 1913 depot.",
   "https://napavalleyregister.com/news/local/before-the-car-an-electric-railroad-ruled-the-napa-valley/article_c953dc64-6e1e-5ed6-b13a-c324dd0e412f.html - Stockwell, \"Before the car, an electric railroad ruled the Napa Valley\" (2015); not fetched (HTTP 429), cited via Wikipedia.",
   "http://wx4.org/to/foam/maps/1zukas-sl/1938-04-24SFN%26C38-TimZukas.pdf - SFN&C employee Time Table No. 38, effective 20 April 1924: station list, mileposts from Calistoga, every first-class train; the source of the 41.6 mi length, the stage mileages, the headways and the measured speed.",
   "https://oac.cdlib.org/findaid/ark:/13030/c8wq059x/ - Online Archive of California, SFN&C records 1904-1916: historical note on the 1911 purchase and the 1935 reorganization.",
   "https://www.wrm.org/visit/car-roster/passenger-cars/interurban/item/103-san-francisco-and-napa-valley-63 - Western Railway Museum, SF&NV car 63: the 1932 fire, the 1935 reorganization, the end of passenger service in September 1937.",
   "https://trolleytuesdays.blogspot.com/2021/05/trolley-thursday-52021-san-francisco.html - \"Trolley Thursday\" summary of the company history (1932 restoration to St. Helena only, 1936 receivership); a blog, used only where flagged.",
   "https://napahistory.org/programs/local-history/timelines-of-napa-county-history/4235-2/ - Napa County Historical Society timeline (cited by Wikipedia for the 1912 Calistoga opening; the page itself returned no text when fetched).",
   "https://napavalleyregister.com/news/local/a-remnant-remains-from-napas-train-past/article_a84a866c-1764-11ed-a447-97107d5d0834.html - Barry Eberling (2022): the route through Napa (\"along Soscol Avenue, crossed the Napa River on Third Street, went through downtown past the courthouse and headed north on Jefferson Street\"); seen as a search-engine excerpt, the page itself returned HTTP 429.",
   "https://prd-tnm.s3.amazonaws.com/StagedProducts/Maps/HistoricalTopo/PDF/CA/62500/CA_Mare%20Island_298114_1916_62500_geo.pdf - USGS 1:62,500 Mare Island quadrangle, 1916: geometry Vallejo - Suscol.",
   "https://prd-tnm.s3.amazonaws.com/StagedProducts/Maps/HistoricalTopo/PDF/CA/62500/CA_Calistoga_465409_1927_62500_geo.pdf - USGS 1:62,500 Calistoga quadrangle, 1927: confirms the line ran beside the SP between St. Helena and Calistoga."
  ],
  "geometry_quality": "Traced 42.0 mi Vallejo - Calistoga against 41.6 timetable miles (TT 38, 1924). By stage: Vallejo - Napa 15.3 vs 14.5; Napa - Yountville 8.8 vs 9.6; Yountville - St. Helena 10.0 vs 8.9; St. Helena - Calistoga 8.0 vs 8.6 (stage cut points are approximations of the station sites). Of the 42.0 mi: 9.5 hand-digitized from the 1916 USGS map on the railway's own alignment; 11.4 on the parallel Southern Pacific / Napa Valley Wine Train track (WRONG RAILROAD proxy, typically within ~100 m, with a post-1950s relocation through Yountville) and 4.7 on the adjacent abandoned SP Calistoga Branch grade; 14.5 on OSM street and highway geometry standing in for street running or roadside track (Vallejo, Suscol - Napa, Rutherford - St. Helena - Lodi Lane, Calistoga); 1.2 on the Washington St Bike Path; 0.7 straight line in two connectors (0.5 at Union, 0.2 at Calistoga). OpenHistoricalMap has no geometry for this railway (checked 2026-09-30), and OSM tags no way with it. No reversal or revisit artifacts (checked with the 120-degree / 350-m tests).",
  "not_yet_sourced": [
   "The 1911 and 1935 changes of company are dated to the year only; the months are not sourced.",
   "Calistoga opening year: 1912 (Napa Historical Society via Wikipedia, Register, golden-spike ceremony 12 Sept 1912) vs June 1907 (OAC finding aid) vs 2 Sept 1908 (trolleytuesdays). 1912 used.",
   "Whether St. Helena - Calistoga kept passenger trains after the January 1932 carhouse fire (trolleytuesdays: restored 28 May 1932 to St. Helena only) and after 1936 (a Register summary: \"until 1936\"). Drawn to 1937.",
   "Reorganization as the San Francisco & Napa Valley: 1935 (WRM, OAC, Wikipedia text) vs 28 May 1932 (trolleytuesdays). 1935 used.",
   "The exact street route in Vallejo (the 1924 timetable names Sonoma & Georgia, Louisiana & Marin, Capitol & Branciforte) and the site of the Napa station.",
   "The 1942 USGS Sonoma quadrangle (drawn after the line closed) shows a railroad labelled \"Calistoga\"/\"Electric\" running south from Union along the west side of Napa, west of Jefferson Street, which matches neither the Register's Jefferson Street route nor the 1916 map's Soscol Avenue approach. Unexplained; not used.",
   "How far west of the SP the line ran between Rutherford and St. Helena (\"behind the Rutherford school house\").",
   "Every headway except the 1924 ones; no other timetable was read. Official Guide issues of 1910-1937 would settle the earlier and later frequencies."
  ],
  "rule_notes": [
   "Rule 1: drawn to the last passenger train, 12 September 1937. The Mare Island freight (1919-1956), the Greystone - Barro freight spur the SP kept into the 1980s, and the 13 February 1938 one-day farewell excursion are not drawn.",
   "Rule 5: electric from opening day - no animal-powered years.",
   "Not drawn: the Southern Pacific's own steam Napa Valley branch, which this railway paralleled (a different railroad); the never-built Benicia end; the planned Lake County extension (poles set three blocks past Lincoln Avenue, never completed)."
  ],
  "pulled": "20260930"
 },
 "features": [
  {
   "type": "Feature",
   "properties": {
    "company": "San Francisco, Vallejo and Napa Valley Railroad",
    "line": "San Francisco, Vallejo & Napa Valley: Vallejo – Napa",
    "id": "sfvnv-vallejo-napa",
    "color": "#C47AA8",
    "mode": "interurban",
    "avg_speed_kmh": 39,
    "speed_source": "Measured from San Francisco, Napa & Calistoga employee Time Table No. 38, effective 20 April 1924: Calistoga-Vallejo, 41.6 timetable miles, in 98 min (No. 3, San Francisco Limited) to 107 min (No. 21, all stops) = 38-41 km/h; 39 km/h used. Applied unchanged to the other eras as an ESTIMATE - no other timetable was read.",
    "geometry_quality": "Traced 15.3 mi from the Vallejo ferry (foot of Georgia St) to Third and Jefferson Streets, Napa, against 14.5 timetable miles Vallejo-Napa (TT 38, 1924: Vallejo MP 41.6, Napa MP 27.1); the Napa station's own site is not sourced, so the cut is at the downtown junction the route description names. Three kinds of geometry: (1) 9.5 mi Vallejo (Sonoma Blvd near Louisiana St) - Flosden - Collins - Napa Junction - Suscol HAND-DIGITIZED from the USGS 1:62,500 Mare Island quadrangle, 1916 edition, where this line is drawn as a railroad and labelled \"San Francisco, Napa and Calistoga\", parallel to and west of the Southern Pacific; the GeoPDF was georeferenced from its neatline corners, positional error estimated at 50-100 m. Today's California Northern / Mare Island track sits on or within ~100 m of the digitized line between Vallejo and Napa Junction but was not used. (2) 1.4 mi of Vallejo street running APPROXIMATED on today's Georgia Street and Sonoma Boulevard (OSM road geometry); the timetable's stop notes (a curve at Sonoma and Georgia, a stop at Louisiana and Marin, a crossing at Capitol and Branciforte) imply a street route that has not been resolved, so this 1.4 mi is a guess at the right streets. (3) 4.4 mi Suscol - Napa APPROXIMATED on today's Napa-Vallejo Highway, Soscol Avenue and Third Street (OSM road geometry), following the Napa Valley Register's description (\"along Soscol Avenue, crossed the Napa River on Third Street, ... past the courthouse\"); where the railway ran on its own strip beside the road, the road stands in for it. No straight-line legs.",
    "segments": [
     {
      "start": 1905,
      "end": 1911,
      "headway_min": 90,
      "note": "Opened Vallejo - Napa with a grand opening on 4 July 1905: the first electric interurban in the West to run on alternating current (3,300 V, 25 Hz). Built by the Hartzell brothers' company, incorporated April 1902 as the Benicia, Vallejo & Napa Valley Railroad (the Benicia end was never built) and renamed the San Francisco, Vallejo & Napa Valley Railroad in 1906 - a rename of the same company, so no split. Trains met the Monticello Steamship Company's boats to San Francisco at Vallejo. Ends 1911, when the San Francisco, Napa & Calistoga Railway was formed to buy and run the line. Headway is an ESTIMATE carried back from the 1924 timetable's ~90 min; no timetable from these years was read.",
      "sources": [
       "Segment-level: the 4 July 1905 opening, the April 1902 incorporation, the 1906 rename and the 1911 successor company are from Wikipedia and the Napa Valley Register (Stockwell 2015); the OAC finding aid says the 1911 company was formed \"for the purchase and operation\" of the SFV&NV. The headway is NOT sourced.",
       "https://en.wikipedia.org/wiki/San_Francisco,_Napa_and_Calistoga_Railway",
       "https://napavalleyregister.com/star/lifestyles/building-the-napa-valley-interurban-railroad/article_613fcdda-a740-5ed8-873a-fdbc2966ae66.html",
       "https://oac.cdlib.org/findaid/ark:/13030/c8wq059x/"
      ]
     }
    ]
   },
   "geometry": {
    "type": "LineString",
    "coordinates": [
     [
      -122.262652,
      38.100978
     ],
     [
      -122.262449,
      38.101077
     ],
     [
      -122.262306,
      38.101133
     ],
     [
      -122.262174,
      38.101168
     ],
     [
      -122.262039,
      38.101194
     ],
     [
      -122.261851,
      38.101196
     ],
     [
      -122.261576,
      38.1012
     ],
     [
      -122.260797,
      38.101185
     ],
     [
      -122.260052,
      38.101176
     ],
     [
      -122.259968,
      38.101175
     ],
     [
      -122.25988,
      38.101173
     ],
     [
      -122.259241,
      38.101162
     ],
     [
      -122.258389,
      38.101149
     ],
     [
      -122.258297,
      38.101146
     ],
     [
      -122.258197,
      38.101143
     ],
     [
      -122.257438,
      38.101129
     ],
     [
      -122.256766,
      38.101121
     ],
     [
      -122.256655,
      38.10112
     ],
     [
      -122.256539,
      38.101118
     ],
     [
      -122.255846,
      38.101107
     ],
     [
      -122.255113,
      38.101101
     ],
     [
      -122.254983,
      38.1011
     ],
     [
      -122.254833,
      38.101097
     ],
     [
      -122.254983,
      38.1011
     ],
     [
      -122.254981,
      38.101199
     ],
     [
      -122.254971,
      38.101593
     ],
     [
      -122.254961,
      38.101987
     ],
     [
      -122.254959,
      38.102095
     ],
     [
      -122.254956,
      38.102192
     ],
     [
      -122.254952,
      38.102365
     ],
     [
      -122.254947,
      38.102595
     ],
     [
      -122.254946,
      38.102641
     ],
     [
      -122.254944,
      38.102689
     ],
     [
      -122.254937,
      38.102984
     ],
     [
      -122.254935,
      38.103066
     ],
     [
      -122.254933,
      38.103169
     ],
     [
      -122.254928,
      38.103347
     ],
     [
      -122.254923,
      38.103567
     ],
     [
      -122.254914,
      38.103942
     ],
     [
      -122.25491,
      38.104079
     ],
     [
      -122.254907,
      38.104206
     ],
     [
      -122.254904,
      38.104342
     ],
     [
      -122.2549,
      38.104514
     ],
     [
      -122.254899,
      38.104564
     ],
     [
      -122.254895,
      38.104723
     ],
     [
      -122.254893,
      38.104779
     ],
     [
      -122.25489,
      38.104922
     ],
     [
      -122.254887,
      38.105058
     ],
     [
      -122.254883,
      38.105203
     ],
     [
      -122.25488,
      38.105355
     ],
     [
      -122.254875,
      38.105539
     ],
     [
      -122.254873,
      38.105635
     ],
     [
      -122.254866,
      38.105962
     ],
     [
      -122.254864,
      38.10604
     ],
     [
      -122.254862,
      38.106134
     ],
     [
      -122.254852,
      38.106545
     ],
     [
      -122.254843,
      38.106939
     ],
     [
      -122.254841,
      38.107033
     ],
     [
      -122.254838,
      38.107129
     ],
     [
      -122.254829,
      38.107522
     ],
     [
      -122.25482,
      38.107919
     ],
     [
      -122.254818,
      38.108022
     ],
     [
      -122.254815,
      38.108129
     ],
     [
      -122.254806,
      38.108519
     ],
     [
      -122.254797,
      38.108918
     ],
     [
      -122.254795,
      38.109008
     ],
     [
      -122.254792,
      38.109102
     ],
     [
      -122.25479,
      38.109205
     ],
     [
      -122.254785,
      38.109417
     ],
     [
      -122.254783,
      38.109506
     ],
     [
      -122.25478,
      38.109638
     ],
     [
      -122.254779,
      38.109705
     ],
     [
      -122.254774,
      38.109901
     ],
     [
      -122.254772,
      38.109995
     ],
     [
      -122.25474,
      38.110102
     ],
     [
      -122.254737,
      38.110175
     ],
     [
      -122.254728,
      38.110399
     ],
     [
      -122.254725,
      38.110493
     ],
     [
      -122.254714,
      38.110992
     ],
     [
      -122.254707,
      38.11125
     ],
     [
      -122.2547,
      38.111494
     ],
     [
      -122.254689,
      38.111975
     ],
     [
      -122.254675,
      38.112475
     ],
     [
      -122.254661,
      38.112945
     ],
     [
      -122.254648,
      38.113357
     ],
     [
      -122.254638,
      38.113672
     ],
     [
      -122.254631,
      38.113911
     ],
     [
      -122.254619,
      38.114025
     ],
     [
      -122.254569,
      38.114253
     ],
     [
      -122.254525,
      38.114375
     ],
     [
      -122.254502,
      38.114436
     ],
     [
      -122.254447,
      38.114588
     ],
     [
      -122.254422,
      38.114656
     ],
     [
      -122.254387,
      38.114822
     ],
     [
      -122.254373,
      38.114982
     ],
     [
      -122.254077,
      38.115028
     ],
     [
      -122.252918,
      38.117259
     ],
     [
      -122.251888,
      38.119085
     ],
     [
      -122.251062,
      38.121723
     ],
     [
      -122.251367,
      38.123548
     ],
     [
      -122.251619,
      38.125983
     ],
     [
      -122.250846,
      38.128012
     ],
     [
      -122.251817,
      38.130852
     ],
     [
      -122.251857,
      38.137344
     ],
     [
      -122.251934,
      38.137344
     ],
     [
      -122.251772,
      38.141888
     ],
     [
      -122.251917,
      38.147569
     ],
     [
      -122.252163,
      38.154061
     ],
     [
      -122.252256,
      38.160147
     ],
     [
      -122.252144,
      38.165422
     ],
     [
      -122.252341,
      38.170291
     ],
     [
      -122.252701,
      38.170291
     ],
     [
      -122.25372,
      38.175849
     ],
     [
      -122.254738,
      38.181935
     ],
     [
      -122.255345,
      38.188022
     ],
     [
      -122.255544,
      38.192079
     ],
     [
      -122.255588,
      38.196137
     ],
     [
      -122.255579,
      38.202223
     ],
     [
      -122.255569,
      38.208309
     ],
     [
      -122.255569,
      38.208309
     ],
     [
      -122.256228,
      38.213827
     ],
     [
      -122.256835,
      38.219913
     ],
     [
      -122.257443,
      38.226
     ],
     [
      -122.257744,
      38.230869
     ],
     [
      -122.258152,
      38.232897
     ],
     [
      -122.262878,
      38.236955
     ],
     [
      -122.267245,
      38.240809
     ],
     [
      -122.268012,
      38.243852
     ],
     [
      -122.268779,
      38.247098
     ],
     [
      -122.269137,
      38.248316
     ],
     [
      -122.269969,
      38.248265
     ],
     [
      -122.270556,
      38.250341
     ],
     [
      -122.271272,
      38.252979
     ],
     [
      -122.271358,
      38.253286
     ],
     [
      -122.271428,
      38.253585
     ],
     [
      -122.271476,
      38.253897
     ],
     [
      -122.271497,
      38.254177
     ],
     [
      -122.271492,
      38.254469
     ],
     [
      -122.27146,
      38.254786
     ],
     [
      -122.271407,
      38.255106
     ],
     [
      -122.271224,
      38.256079
     ],
     [
      -122.27116,
      38.256484
     ],
     [
      -122.271101,
      38.25701
     ],
     [
      -122.27102,
      38.257739
     ],
     [
      -122.270983,
      38.258261
     ],
     [
      -122.270918,
      38.259762
     ],
     [
      -122.270897,
      38.260241
     ],
     [
      -122.270806,
      38.262103
     ],
     [
      -122.270796,
      38.262378
     ],
     [
      -122.27079,
      38.262562
     ],
     [
      -122.27079,
      38.262645
     ],
     [
      -122.270792,
      38.263067
     ],
     [
      -122.270792,
      38.263166
     ],
     [
      -122.270814,
      38.263878
     ],
     [
      -122.270833,
      38.26428
     ],
     [
      -122.270866,
      38.264688
     ],
     [
      -122.270901,
      38.265141
     ],
     [
      -122.270943,
      38.265548
     ],
     [
      -122.271012,
      38.266097
     ],
     [
      -122.271068,
      38.266476
     ],
     [
      -122.27115,
      38.266928
     ],
     [
      -122.271236,
      38.2674
     ],
     [
      -122.271378,
      38.268057
     ],
     [
      -122.271499,
      38.268628
     ],
     [
      -122.27162,
      38.269181
     ],
     [
      -122.271795,
      38.269981
     ],
     [
      -122.27181,
      38.270051
     ],
     [
      -122.271826,
      38.270125
     ],
     [
      -122.272001,
      38.270105
     ],
     [
      -122.272104,
      38.270557
     ],
     [
      -122.272151,
      38.270778
     ],
     [
      -122.27301,
      38.274763
     ],
     [
      -122.273214,
      38.275732
     ],
     [
      -122.273321,
      38.276207
     ],
     [
      -122.27345,
      38.276709
     ],
     [
      -122.2735,
      38.276823
     ],
     [
      -122.273584,
      38.277088
     ],
     [
      -122.273673,
      38.277426
     ],
     [
      -122.273702,
      38.277542
     ],
     [
      -122.273826,
      38.277934
     ],
     [
      -122.27392,
      38.278277
     ],
     [
      -122.273944,
      38.278372
     ],
     [
      -122.273963,
      38.278437
     ],
     [
      -122.274057,
      38.278883
     ],
     [
      -122.274087,
      38.279019
     ],
     [
      -122.274106,
      38.279111
     ],
     [
      -122.274112,
      38.279144
     ],
     [
      -122.274135,
      38.279265
     ],
     [
      -122.274154,
      38.279395
     ],
     [
      -122.274177,
      38.279539
     ],
     [
      -122.274192,
      38.279663
     ],
     [
      -122.274209,
      38.279793
     ],
     [
      -122.274225,
      38.279923
     ],
     [
      -122.274237,
      38.280054
     ],
     [
      -122.274248,
      38.280186
     ],
     [
      -122.274257,
      38.280316
     ],
     [
      -122.274274,
      38.280526
     ],
     [
      -122.274282,
      38.280623
     ],
     [
      -122.274319,
      38.281041
     ],
     [
      -122.274333,
      38.281192
     ],
     [
      -122.274363,
      38.281377
     ],
     [
      -122.274384,
      38.281628
     ],
     [
      -122.274406,
      38.28183
     ],
     [
      -122.274459,
      38.2823
     ],
     [
      -122.274467,
      38.282421
     ],
     [
      -122.274505,
      38.282877
     ],
     [
      -122.274563,
      38.283585
     ],
     [
      -122.274585,
      38.283816
     ],
     [
      -122.2746,
      38.283987
     ],
     [
      -122.274553,
      38.28409
     ],
     [
      -122.274565,
      38.284344
     ],
     [
      -122.274578,
      38.284601
     ],
     [
      -122.274588,
      38.284802
     ],
     [
      -122.27462,
      38.285039
     ],
     [
      -122.274628,
      38.285186
     ],
     [
      -122.27468,
      38.285807
     ],
     [
      -122.27468,
      38.285821
     ],
     [
      -122.27469,
      38.286001
     ],
     [
      -122.274697,
      38.286134
     ],
     [
      -122.274745,
      38.286451
     ],
     [
      -122.274761,
      38.286552
     ],
     [
      -122.27479,
      38.28673
     ],
     [
      -122.274826,
      38.286869
     ],
     [
      -122.274931,
      38.287312
     ],
     [
      -122.27499,
      38.287481
     ],
     [
      -122.275059,
      38.287681
     ],
     [
      -122.275096,
      38.287788
     ],
     [
      -122.275139,
      38.287899
     ],
     [
      -122.275228,
      38.288127
     ],
     [
      -122.275267,
      38.288226
     ],
     [
      -122.275293,
      38.288284
     ],
     [
      -122.275365,
      38.288433
     ],
     [
      -122.27543,
      38.288603
     ],
     [
      -122.275449,
      38.288727
     ],
     [
      -122.27548,
      38.288788
     ],
     [
      -122.27551,
      38.28885
     ],
     [
      -122.275541,
      38.28891
     ],
     [
      -122.275572,
      38.288971
     ],
     [
      -122.275605,
      38.289033
     ],
     [
      -122.275637,
      38.289093
     ],
     [
      -122.27567,
      38.289152
     ],
     [
      -122.275705,
      38.289214
     ],
     [
      -122.275739,
      38.289274
     ],
     [
      -122.275774,
      38.289334
     ],
     [
      -122.275809,
      38.289393
     ],
     [
      -122.275846,
      38.289452
     ],
     [
      -122.275883,
      38.289511
     ],
     [
      -122.275919,
      38.28957
     ],
     [
      -122.275957,
      38.289629
     ],
     [
      -122.275995,
      38.289688
     ],
     [
      -122.276033,
      38.289746
     ],
     [
      -122.276072,
      38.289804
     ],
     [
      -122.276234,
      38.290034
     ],
     [
      -122.276394,
      38.290263
     ],
     [
      -122.276453,
      38.290347
     ],
     [
      -122.276826,
      38.290881
     ],
     [
      -122.276899,
      38.290988
     ],
     [
      -122.276975,
      38.291098
     ],
     [
      -122.277195,
      38.291423
     ],
     [
      -122.277496,
      38.29185
     ],
     [
      -122.277926,
      38.292435
     ],
     [
      -122.27798,
      38.292468
     ],
     [
      -122.278175,
      38.292748
     ],
     [
      -122.278201,
      38.292785
     ],
     [
      -122.278431,
      38.293102
     ],
     [
      -122.278536,
      38.293263
     ],
     [
      -122.278639,
      38.293411
     ],
     [
      -122.278677,
      38.293459
     ],
     [
      -122.278738,
      38.293549
     ],
     [
      -122.278904,
      38.293783
     ],
     [
      -122.278931,
      38.293822
     ],
     [
      -122.279001,
      38.293922
     ],
     [
      -122.279331,
      38.294401
     ],
     [
      -122.279343,
      38.294415
     ],
     [
      -122.279382,
      38.294464
     ],
     [
      -122.279395,
      38.294484
     ],
     [
      -122.279544,
      38.294709
     ],
     [
      -122.279571,
      38.294758
     ],
     [
      -122.279791,
      38.295046
     ],
     [
      -122.279879,
      38.295161
     ],
     [
      -122.279931,
      38.295229
     ],
     [
      -122.280123,
      38.295499
     ],
     [
      -122.280215,
      38.295639
     ],
     [
      -122.280628,
      38.296249
     ],
     [
      -122.280699,
      38.296337
     ],
     [
      -122.280775,
      38.296452
     ],
     [
      -122.280907,
      38.296642
     ],
     [
      -122.280949,
      38.296701
     ],
     [
      -122.281012,
      38.296796
     ],
     [
      -122.281037,
      38.296835
     ],
     [
      -122.281205,
      38.297066
     ],
     [
      -122.281234,
      38.297095
     ],
     [
      -122.281212,
      38.297168
     ],
     [
      -122.281444,
      38.297504
     ],
     [
      -122.281573,
      38.29769
     ],
     [
      -122.281622,
      38.29776
     ],
     [
      -122.282122,
      38.298474
     ],
     [
      -122.282169,
      38.29854
     ],
     [
      -122.282187,
      38.298565
     ],
     [
      -122.282334,
      38.298524
     ],
     [
      -122.282421,
      38.298495
     ],
     [
      -122.282605,
      38.298437
     ],
     [
      -122.282695,
      38.298407
     ],
     [
      -122.283086,
      38.298261
     ],
     [
      -122.283149,
      38.298238
     ],
     [
      -122.28366,
      38.298051
     ],
     [
      -122.284004,
      38.297925
     ],
     [
      -122.284256,
      38.297813
     ],
     [
      -122.284355,
      38.297768
     ],
     [
      -122.284422,
      38.297736
     ],
     [
      -122.284807,
      38.29755
     ],
     [
      -122.284887,
      38.297511
     ],
     [
      -122.284957,
      38.297476
     ],
     [
      -122.285682,
      38.29711
     ],
     [
      -122.285758,
      38.297071
     ],
     [
      -122.285846,
      38.29703
     ],
     [
      -122.286081,
      38.29692
     ],
     [
      -122.28635,
      38.296818
     ],
     [
      -122.286671,
      38.296664
     ],
     [
      -122.287534,
      38.296208
     ],
     [
      -122.288018,
      38.295959
     ],
     [
      -122.288288,
      38.29582
     ],
     [
      -122.28849,
      38.295727
     ],
     [
      -122.288676,
      38.295641
     ],
     [
      -122.289286,
      38.29536
     ],
     [
      -122.289591,
      38.295277
     ],
     [
      -122.289888,
      38.29531
     ],
     [
      -122.290359,
      38.295363
     ],
     [
      -122.291384,
      38.295477
     ],
     [
      -122.292982,
      38.295656
     ],
     [
      -122.293102,
      38.295669
     ],
     [
      -122.293256,
      38.295687
     ],
     [
      -122.293308,
      38.295692
     ],
     [
      -122.293693,
      38.295733
     ]
    ]
   }
  },
  {
   "type": "Feature",
   "properties": {
    "company": "San Francisco, Vallejo and Napa Valley Railroad",
    "line": "San Francisco, Vallejo & Napa Valley: Napa – Yountville",
    "id": "sfvnv-napa-yountville",
    "color": "#C47AA8",
    "mode": "interurban",
    "avg_speed_kmh": 39,
    "speed_source": "Measured from San Francisco, Napa & Calistoga employee Time Table No. 38, effective 20 April 1924: Calistoga-Vallejo, 41.6 timetable miles, in 98 min (No. 3, San Francisco Limited) to 107 min (No. 21, all stops) = 38-41 km/h; 39 km/h used. Applied unchanged to the other eras as an ESTIMATE - no other timetable was read.",
    "geometry_quality": "Napa (Third and Jefferson) - Yountville, traced 8.8 mi against 9.6 timetable miles Napa-Yountville. 2.1 mi north on Jefferson Street on OSM road geometry (route per the Napa Valley Register); 0.5 mi STRAIGHT LINE from Jefferson Street west to Union (the junction with the parallel railroad is not resolved); 6.1 mi Union - Yountville drawn on the Napa Valley Wine Train track (ex-Southern Pacific Napa Valley branch, OSM \"Napa Valley Railroad\") as a PROXY ON THE WRONG RAILROAD: the electric line ran on its own track parallel to the SP (\"paralleled the Napa Valley Railroad tracks almost to Rutherford\"), so the drawn line is the neighbour's, typically within ~100 m. LATER ALIGNMENT: through Yountville the wine-train track was relocated west of the SR-29 freeway when the freeway was built over the original SP grade, so the drawn track there post-dates this railroad.",
    "segments": [
     {
      "start": 1907,
      "end": 1911,
      "headway_min": 150,
      "note": "Extended north from Napa to Yountville by 1907, with stops at the Napa city limits, Union, Oak Knoll and Trubody (Evans & De Shazo report, quoted by the Register). The exact 1907 opening date is not sourced. Headway is an ESTIMATE.",
      "sources": [
       "Segment-level: \"by 1907 ... in full operation as far as Yountville\" is from the Napa Valley Register (Stockwell 2015) and Wikipedia; the month is not sourced and the headway is NOT sourced.",
       "https://en.wikipedia.org/wiki/San_Francisco,_Napa_and_Calistoga_Railway",
       "https://napavalleyregister.com/star/lifestyles/building-the-napa-valley-interurban-railroad/article_613fcdda-a740-5ed8-873a-fdbc2966ae66.html"
      ]
     }
    ]
   },
   "geometry": {
    "type": "LineString",
    "coordinates": [
     [
      -122.293693,
      38.295733
     ],
     [
      -122.293574,
      38.296465
     ],
     [
      -122.293561,
      38.296544
     ],
     [
      -122.293547,
      38.296621
     ],
     [
      -122.293489,
      38.296934
     ],
     [
      -122.29347,
      38.297042
     ],
     [
      -122.293413,
      38.297362
     ],
     [
      -122.293399,
      38.297443
     ],
     [
      -122.293385,
      38.297526
     ],
     [
      -122.293326,
      38.297866
     ],
     [
      -122.293258,
      38.298252
     ],
     [
      -122.29321,
      38.298539
     ],
     [
      -122.293183,
      38.298701
     ],
     [
      -122.293147,
      38.298949
     ],
     [
      -122.293129,
      38.299078
     ],
     [
      -122.29312,
      38.299122
     ],
     [
      -122.293114,
      38.29916
     ],
     [
      -122.293096,
      38.299251
     ],
     [
      -122.293089,
      38.29929
     ],
     [
      -122.293052,
      38.299493
     ],
     [
      -122.293042,
      38.299559
     ],
     [
      -122.29304,
      38.299625
     ],
     [
      -122.293042,
      38.299692
     ],
     [
      -122.293052,
      38.299757
     ],
     [
      -122.293068,
      38.299823
     ],
     [
      -122.293091,
      38.29988
     ],
     [
      -122.293115,
      38.299935
     ],
     [
      -122.293131,
      38.299965
     ],
     [
      -122.293144,
      38.299991
     ],
     [
      -122.293158,
      38.300017
     ],
     [
      -122.293173,
      38.300044
     ],
     [
      -122.293311,
      38.300288
     ],
     [
      -122.293379,
      38.300407
     ],
     [
      -122.293416,
      38.300481
     ],
     [
      -122.293441,
      38.300552
     ],
     [
      -122.293487,
      38.300667
     ],
     [
      -122.293521,
      38.30076
     ],
     [
      -122.293543,
      38.300829
     ],
     [
      -122.293574,
      38.300921
     ],
     [
      -122.293675,
      38.301247
     ],
     [
      -122.293733,
      38.301439
     ],
     [
      -122.293763,
      38.301545
     ],
     [
      -122.293788,
      38.301632
     ],
     [
      -122.293804,
      38.301694
     ],
     [
      -122.293809,
      38.301717
     ],
     [
      -122.293848,
      38.30187
     ],
     [
      -122.293875,
      38.301977
     ],
     [
      -122.293923,
      38.302164
     ],
     [
      -122.293942,
      38.302236
     ],
     [
      -122.29399,
      38.302392
     ],
     [
      -122.294013,
      38.30247
     ],
     [
      -122.29404,
      38.302558
     ],
     [
      -122.29405,
      38.302593
     ],
     [
      -122.294089,
      38.302723
     ],
     [
      -122.294097,
      38.302745
     ],
     [
      -122.294123,
      38.302841
     ],
     [
      -122.294177,
      38.303025
     ],
     [
      -122.294189,
      38.303064
     ],
     [
      -122.294234,
      38.30323
     ],
     [
      -122.294275,
      38.303378
     ],
     [
      -122.294433,
      38.303839
     ],
     [
      -122.294452,
      38.303914
     ],
     [
      -122.294538,
      38.304028
     ],
     [
      -122.294608,
      38.304225
     ],
     [
      -122.294657,
      38.304375
     ],
     [
      -122.294732,
      38.304644
     ],
     [
      -122.294857,
      38.305158
     ],
     [
      -122.29484,
      38.305234
     ],
     [
      -122.294894,
      38.305469
     ],
     [
      -122.294976,
      38.305781
     ],
     [
      -122.295114,
      38.306252
     ],
     [
      -122.295336,
      38.307056
     ],
     [
      -122.295457,
      38.307464
     ],
     [
      -122.295484,
      38.307552
     ],
     [
      -122.295578,
      38.307869
     ],
     [
      -122.295617,
      38.307982
     ],
     [
      -122.295749,
      38.308362
     ],
     [
      -122.295852,
      38.308436
     ],
     [
      -122.295944,
      38.308748
     ],
     [
      -122.296104,
      38.309291
     ],
     [
      -122.296261,
      38.309812
     ],
     [
      -122.296355,
      38.310131
     ],
     [
      -122.296677,
      38.31127
     ],
     [
      -122.296777,
      38.311642
     ],
     [
      -122.296876,
      38.312012
     ],
     [
      -122.297049,
      38.312663
     ],
     [
      -122.297369,
      38.313702
     ],
     [
      -122.297502,
      38.314175
     ],
     [
      -122.29752,
      38.314236
     ],
     [
      -122.297539,
      38.314302
     ],
     [
      -122.297553,
      38.314374
     ],
     [
      -122.297573,
      38.314441
     ],
     [
      -122.297926,
      38.315638
     ],
     [
      -122.297993,
      38.315889
     ],
     [
      -122.298049,
      38.3161
     ],
     [
      -122.298177,
      38.316573
     ],
     [
      -122.29819,
      38.316624
     ],
     [
      -122.2984,
      38.317278
     ],
     [
      -122.298417,
      38.31734
     ],
     [
      -122.298503,
      38.317652
     ],
     [
      -122.298588,
      38.317957
     ],
     [
      -122.298664,
      38.318229
     ],
     [
      -122.298744,
      38.318518
     ],
     [
      -122.298856,
      38.318883
     ],
     [
      -122.298983,
      38.319362
     ],
     [
      -122.299006,
      38.319437
     ],
     [
      -122.299028,
      38.319513
     ],
     [
      -122.299179,
      38.32002
     ],
     [
      -122.299248,
      38.320251
     ],
     [
      -122.299311,
      38.320473
     ],
     [
      -122.299366,
      38.320664
     ],
     [
      -122.299396,
      38.320798
     ],
     [
      -122.299429,
      38.32092
     ],
     [
      -122.299454,
      38.320995
     ],
     [
      -122.299481,
      38.3211
     ],
     [
      -122.299576,
      38.321422
     ],
     [
      -122.299681,
      38.321741
     ],
     [
      -122.299729,
      38.321867
     ],
     [
      -122.29976,
      38.321948
     ],
     [
      -122.299844,
      38.322145
     ],
     [
      -122.29994,
      38.322307
     ],
     [
      -122.300048,
      38.322483
     ],
     [
      -122.300144,
      38.322639
     ],
     [
      -122.300182,
      38.322702
     ],
     [
      -122.300257,
      38.322832
     ],
     [
      -122.300292,
      38.322891
     ],
     [
      -122.300398,
      38.323068
     ],
     [
      -122.300497,
      38.323233
     ],
     [
      -122.300543,
      38.3233
     ],
     [
      -122.300761,
      38.32354
     ],
     [
      -122.301016,
      38.323863
     ],
     [
      -122.301207,
      38.324153
     ],
     [
      -122.301251,
      38.324221
     ],
     [
      -122.30132,
      38.324298
     ],
     [
      -122.301595,
      38.324603
     ],
     [
      -122.302287,
      38.325449
     ],
     [
      -122.310317,
      38.322319
     ],
     [
      -122.310818,
      38.322915
     ],
     [
      -122.311567,
      38.323771
     ],
     [
      -122.31741,
      38.330562
     ],
     [
      -122.317509,
      38.330676
     ],
     [
      -122.319268,
      38.332704
     ],
     [
      -122.320048,
      38.333674
     ],
     [
      -122.320121,
      38.333768
     ],
     [
      -122.321943,
      38.3361
     ],
     [
      -122.324013,
      38.338713
     ],
     [
      -122.324298,
      38.339087
     ],
     [
      -122.324578,
      38.339482
     ],
     [
      -122.324797,
      38.339862
     ],
     [
      -122.325043,
      38.340346
     ],
     [
      -122.326375,
      38.342888
     ],
     [
      -122.328667,
      38.34727
     ],
     [
      -122.330306,
      38.350394
     ],
     [
      -122.33171,
      38.352986
     ],
     [
      -122.333256,
      38.355958
     ],
     [
      -122.337962,
      38.364908
     ],
     [
      -122.338138,
      38.36524
     ],
     [
      -122.338941,
      38.366739
     ],
     [
      -122.345339,
      38.37887
     ],
     [
      -122.345648,
      38.379401
     ],
     [
      -122.34594,
      38.379872
     ],
     [
      -122.347772,
      38.382679
     ],
     [
      -122.347823,
      38.382757
     ],
     [
      -122.349592,
      38.385516
     ],
     [
      -122.350723,
      38.387291
     ],
     [
      -122.351861,
      38.389089
     ],
     [
      -122.352312,
      38.389745
     ],
     [
      -122.354694,
      38.393072
     ],
     [
      -122.354953,
      38.393409
     ],
     [
      -122.35534,
      38.393836
     ],
     [
      -122.355652,
      38.394154
     ],
     [
      -122.356009,
      38.394486
     ],
     [
      -122.356338,
      38.394755
     ],
     [
      -122.358567,
      38.396434
     ],
     [
      -122.358937,
      38.39672
     ],
     [
      -122.359272,
      38.396992
     ],
     [
      -122.359628,
      38.397322
     ],
     [
      -122.359701,
      38.397385
     ],
     [
      -122.359856,
      38.397538
     ],
     [
      -122.360157,
      38.397852
     ],
     [
      -122.360918,
      38.398687
     ],
     [
      -122.361282,
      38.399072
     ],
     [
      -122.361618,
      38.399417
     ],
     [
      -122.361958,
      38.39974
     ],
     [
      -122.362814,
      38.400502
     ]
    ]
   }
  },
  {
   "type": "Feature",
   "properties": {
    "company": "San Francisco, Vallejo and Napa Valley Railroad",
    "line": "San Francisco, Vallejo & Napa Valley: Yountville – St. Helena",
    "id": "sfvnv-yountville-st-helena",
    "color": "#C47AA8",
    "mode": "interurban",
    "avg_speed_kmh": 39,
    "speed_source": "Measured from San Francisco, Napa & Calistoga employee Time Table No. 38, effective 20 April 1924: Calistoga-Vallejo, 41.6 timetable miles, in 98 min (No. 3, San Francisco Limited) to 107 min (No. 21, all stops) = 38-41 km/h; 39 km/h used. Applied unchanged to the other eras as an ESTIMATE - no other timetable was read.",
    "geometry_quality": "Yountville - St. Helena (Main Street at Pratt Avenue, the terminus in 1910), traced 10.0 mi against 8.9 timetable miles Yountville-St. Helena (the drawn end is the north-end terminus, past the St. Helena station). 5.3 mi Yountville - Rutherford on the Napa Valley Wine Train track as a PROXY ON THE WRONG RAILROAD (the SP's track; the electric line paralleled it), including the post-freeway Yountville relocation (LATER ALIGNMENT). 4.7 mi Rutherford - St. Helena APPROXIMATED on SR-29 (St. Helena Highway South / Main Street, OSM road geometry): the Register says the line swung west \"to pass behind the Rutherford school house\" and came back east to within 200 ft of the SP before crossing Sulphur Creek and running up Main Street; the size of that westward swing is not known, so the drawn line may be off by a few hundred metres between Rutherford and St. Helena.",
    "segments": [
     {
      "start": 1908,
      "end": 1911,
      "headway_min": 150,
      "note": "Extended to St. Helena, opened on New Year's Day 1908; by 1910 the north terminus was on Main Street in front of St. Gothard's Inn, across from Pratt Avenue. Headway is an ESTIMATE.",
      "sources": [
       "Segment-level: the 1 January 1908 opening and the 1910 Main Street / Pratt Avenue terminus are from the Napa Valley Register (Stockwell 2015) and Wikipedia. The headway is NOT sourced.",
       "https://en.wikipedia.org/wiki/San_Francisco,_Napa_and_Calistoga_Railway",
       "https://napavalleyregister.com/star/lifestyles/building-the-napa-valley-interurban-railroad/article_613fcdda-a740-5ed8-873a-fdbc2966ae66.html"
      ]
     }
    ]
   },
   "geometry": {
    "type": "LineString",
    "coordinates": [
     [
      -122.362814,
      38.400502
     ],
     [
      -122.368302,
      38.405328
     ],
     [
      -122.368606,
      38.405593
     ],
     [
      -122.368981,
      38.405884
     ],
     [
      -122.369277,
      38.406079
     ],
     [
      -122.369612,
      38.40628
     ],
     [
      -122.369945,
      38.406452
     ],
     [
      -122.371629,
      38.407251
     ],
     [
      -122.372423,
      38.407616
     ],
     [
      -122.373163,
      38.407936
     ],
     [
      -122.373946,
      38.408251
     ],
     [
      -122.374773,
      38.408558
     ],
     [
      -122.379316,
      38.410139
     ],
     [
      -122.380099,
      38.410433
     ],
     [
      -122.380888,
      38.410778
     ],
     [
      -122.381623,
      38.411122
     ],
     [
      -122.382352,
      38.411492
     ],
     [
      -122.383007,
      38.411854
     ],
     [
      -122.383602,
      38.412211
     ],
     [
      -122.384192,
      38.412589
     ],
     [
      -122.384793,
      38.413005
     ],
     [
      -122.385334,
      38.413393
     ],
     [
      -122.385888,
      38.413846
     ],
     [
      -122.386408,
      38.414288
     ],
     [
      -122.386918,
      38.414754
     ],
     [
      -122.387497,
      38.415351
     ],
     [
      -122.388048,
      38.415946
     ],
     [
      -122.38883,
      38.416937
     ],
     [
      -122.38933,
      38.41767
     ],
     [
      -122.389765,
      38.418376
     ],
     [
      -122.390148,
      38.419089
     ],
     [
      -122.390497,
      38.419835
     ],
     [
      -122.390959,
      38.42104
     ],
     [
      -122.391702,
      38.423273
     ],
     [
      -122.391866,
      38.423694
     ],
     [
      -122.392083,
      38.424139
     ],
     [
      -122.392352,
      38.424576
     ],
     [
      -122.392668,
      38.425018
     ],
     [
      -122.393867,
      38.426507
     ],
     [
      -122.39436,
      38.427101
     ],
     [
      -122.395166,
      38.42811
     ],
     [
      -122.395688,
      38.428728
     ],
     [
      -122.397888,
      38.431208
     ],
     [
      -122.399157,
      38.432609
     ],
     [
      -122.400093,
      38.433671
     ],
     [
      -122.400613,
      38.434236
     ],
     [
      -122.402863,
      38.436701
     ],
     [
      -122.404663,
      38.438696
     ],
     [
      -122.406058,
      38.440234
     ],
     [
      -122.407682,
      38.442023
     ],
     [
      -122.408484,
      38.442914
     ],
     [
      -122.410632,
      38.445295
     ],
     [
      -122.411094,
      38.445808
     ],
     [
      -122.411144,
      38.445864
     ],
     [
      -122.412595,
      38.447476
     ],
     [
      -122.413258,
      38.448212
     ],
     [
      -122.414906,
      38.450028
     ],
     [
      -122.417083,
      38.452394
     ],
     [
      -122.419371,
      38.454848
     ],
     [
      -122.42008,
      38.455602
     ],
     [
      -122.421463,
      38.457079
     ],
     [
      -122.422862,
      38.458576
     ],
     [
      -122.422987,
      38.458713
     ],
     [
      -122.422801,
      38.45876
     ],
     [
      -122.423015,
      38.458985
     ],
     [
      -122.423141,
      38.459117
     ],
     [
      -122.423273,
      38.45926
     ],
     [
      -122.423671,
      38.459704
     ],
     [
      -122.424199,
      38.460302
     ],
     [
      -122.424493,
      38.46071
     ],
     [
      -122.425874,
      38.462637
     ],
     [
      -122.426922,
      38.464123
     ],
     [
      -122.427006,
      38.46424
     ],
     [
      -122.427016,
      38.464254
     ],
     [
      -122.427291,
      38.464607
     ],
     [
      -122.427807,
      38.465336
     ],
     [
      -122.427909,
      38.465477
     ],
     [
      -122.428787,
      38.466698
     ],
     [
      -122.429806,
      38.468125
     ],
     [
      -122.430205,
      38.468666
     ],
     [
      -122.430344,
      38.468877
     ],
     [
      -122.430957,
      38.469798
     ],
     [
      -122.431097,
      38.470008
     ],
     [
      -122.431305,
      38.470315
     ],
     [
      -122.431514,
      38.470628
     ],
     [
      -122.431975,
      38.471315
     ],
     [
      -122.432119,
      38.471515
     ],
     [
      -122.43227,
      38.471739
     ],
     [
      -122.432526,
      38.472116
     ],
     [
      -122.43295,
      38.472708
     ],
     [
      -122.433234,
      38.473128
     ],
     [
      -122.433658,
      38.473766
     ],
     [
      -122.434023,
      38.474333
     ],
     [
      -122.434035,
      38.474351
     ],
     [
      -122.434506,
      38.475039
     ],
     [
      -122.434592,
      38.475156
     ],
     [
      -122.434836,
      38.475515
     ],
     [
      -122.435098,
      38.475906
     ],
     [
      -122.435418,
      38.476352
     ],
     [
      -122.435484,
      38.476443
     ],
     [
      -122.435677,
      38.476669
     ],
     [
      -122.435867,
      38.476889
     ],
     [
      -122.435987,
      38.477005
     ],
     [
      -122.436016,
      38.477032
     ],
     [
      -122.436134,
      38.477133
     ],
     [
      -122.436208,
      38.477196
     ],
     [
      -122.436268,
      38.477249
     ],
     [
      -122.436449,
      38.477408
     ],
     [
      -122.436718,
      38.477644
     ],
     [
      -122.436925,
      38.477823
     ],
     [
      -122.437158,
      38.478019
     ],
     [
      -122.437274,
      38.478117
     ],
     [
      -122.437299,
      38.478138
     ],
     [
      -122.438261,
      38.478944
     ],
     [
      -122.438365,
      38.479033
     ],
     [
      -122.439579,
      38.480059
     ],
     [
      -122.440419,
      38.480769
     ],
     [
      -122.440471,
      38.480813
     ],
     [
      -122.441678,
      38.481833
     ],
     [
      -122.442292,
      38.482356
     ],
     [
      -122.442593,
      38.482608
     ],
     [
      -122.442887,
      38.482846
     ],
     [
      -122.443362,
      38.483253
     ],
     [
      -122.443771,
      38.483597
     ],
     [
      -122.444165,
      38.483927
     ],
     [
      -122.445851,
      38.485346
     ],
     [
      -122.446007,
      38.485486
     ],
     [
      -122.44645,
      38.485861
     ],
     [
      -122.447473,
      38.486741
     ],
     [
      -122.448131,
      38.48728
     ],
     [
      -122.448574,
      38.487649
     ],
     [
      -122.448645,
      38.487708
     ],
     [
      -122.448683,
      38.48774
     ],
     [
      -122.449026,
      38.488057
     ],
     [
      -122.449799,
      38.488685
     ],
     [
      -122.450088,
      38.488926
     ],
     [
      -122.450527,
      38.489292
     ],
     [
      -122.451046,
      38.489734
     ],
     [
      -122.451522,
      38.490139
     ],
     [
      -122.451741,
      38.49033
     ],
     [
      -122.452461,
      38.490964
     ],
     [
      -122.45254,
      38.491033
     ],
     [
      -122.452794,
      38.491248
     ],
     [
      -122.453136,
      38.491538
     ],
     [
      -122.453339,
      38.49171
     ],
     [
      -122.453401,
      38.491761
     ],
     [
      -122.453824,
      38.492114
     ],
     [
      -122.453929,
      38.492203
     ],
     [
      -122.454061,
      38.492307
     ],
     [
      -122.454151,
      38.492392
     ],
     [
      -122.454287,
      38.492509
     ],
     [
      -122.454485,
      38.492685
     ],
     [
      -122.454595,
      38.492784
     ],
     [
      -122.454705,
      38.492883
     ],
     [
      -122.454814,
      38.492982
     ],
     [
      -122.455103,
      38.493245
     ],
     [
      -122.455236,
      38.493362
     ],
     [
      -122.455513,
      38.493602
     ],
     [
      -122.455552,
      38.493636
     ],
     [
      -122.455832,
      38.493875
     ],
     [
      -122.456331,
      38.494306
     ],
     [
      -122.456502,
      38.494456
     ],
     [
      -122.456757,
      38.494674
     ],
     [
      -122.457614,
      38.495414
     ],
     [
      -122.457879,
      38.495642
     ],
     [
      -122.458079,
      38.495815
     ],
     [
      -122.458537,
      38.49621
     ],
     [
      -122.459985,
      38.49747
     ],
     [
      -122.46011,
      38.497581
     ],
     [
      -122.460346,
      38.497784
     ],
     [
      -122.460775,
      38.498157
     ],
     [
      -122.461158,
      38.498491
     ],
     [
      -122.46137,
      38.498672
     ],
     [
      -122.461623,
      38.498885
     ],
     [
      -122.461652,
      38.49891
     ],
     [
      -122.462057,
      38.499265
     ],
     [
      -122.46213,
      38.499329
     ],
     [
      -122.462411,
      38.499575
     ],
     [
      -122.46254,
      38.499688
     ],
     [
      -122.462972,
      38.500067
     ],
     [
      -122.463504,
      38.500531
     ],
     [
      -122.464208,
      38.501151
     ],
     [
      -122.46441,
      38.501328
     ],
     [
      -122.464733,
      38.501619
     ],
     [
      -122.465158,
      38.502
     ],
     [
      -122.465176,
      38.502016
     ],
     [
      -122.465213,
      38.502051
     ],
     [
      -122.465375,
      38.5022
     ],
     [
      -122.465523,
      38.502336
     ],
     [
      -122.465578,
      38.502381
     ],
     [
      -122.465678,
      38.502462
     ],
     [
      -122.465839,
      38.502573
     ],
     [
      -122.466049,
      38.502697
     ],
     [
      -122.466358,
      38.502894
     ],
     [
      -122.466574,
      38.503033
     ],
     [
      -122.466856,
      38.503217
     ],
     [
      -122.467203,
      38.503419
     ],
     [
      -122.467577,
      38.503637
     ],
     [
      -122.467823,
      38.50378
     ],
     [
      -122.467937,
      38.503847
     ],
     [
      -122.468747,
      38.504326
     ],
     [
      -122.46908,
      38.504526
     ],
     [
      -122.46986,
      38.504995
     ],
     [
      -122.470109,
      38.505145
     ],
     [
      -122.470303,
      38.505261
     ],
     [
      -122.470577,
      38.505428
     ],
     [
      -122.470731,
      38.505521
     ],
     [
      -122.471056,
      38.505719
     ],
     [
      -122.471938,
      38.50625
     ],
     [
      -122.472961,
      38.506872
     ],
     [
      -122.473232,
      38.507036
     ],
     [
      -122.473441,
      38.507146
     ],
     [
      -122.473977,
      38.507449
     ],
     [
      -122.474338,
      38.507652
     ],
     [
      -122.474457,
      38.507719
     ],
     [
      -122.47475,
      38.507885
     ],
     [
      -122.474796,
      38.507911
     ],
     [
      -122.475548,
      38.508326
     ],
     [
      -122.476402,
      38.508784
     ],
     [
      -122.477402,
      38.509345
     ],
     [
      -122.477684,
      38.509502
     ],
     [
      -122.477886,
      38.509613
     ]
    ]
   }
  },
  {
   "type": "Feature",
   "properties": {
    "company": "San Francisco, Napa and Calistoga Railway",
    "line": "San Francisco, Napa & Calistoga: Vallejo – Napa",
    "id": "sfnc-vallejo-napa",
    "color": "#8E2C6E",
    "mode": "interurban",
    "avg_speed_kmh": 39,
    "speed_source": "Measured from San Francisco, Napa & Calistoga employee Time Table No. 38, effective 20 April 1924: Calistoga-Vallejo, 41.6 timetable miles, in 98 min (No. 3, San Francisco Limited) to 107 min (No. 21, all stops) = 38-41 km/h; 39 km/h used. Applied unchanged to the other eras as an ESTIMATE - no other timetable was read.",
    "geometry_quality": "Traced 15.3 mi from the Vallejo ferry (foot of Georgia St) to Third and Jefferson Streets, Napa, against 14.5 timetable miles Vallejo-Napa (TT 38, 1924: Vallejo MP 41.6, Napa MP 27.1); the Napa station's own site is not sourced, so the cut is at the downtown junction the route description names. Three kinds of geometry: (1) 9.5 mi Vallejo (Sonoma Blvd near Louisiana St) - Flosden - Collins - Napa Junction - Suscol HAND-DIGITIZED from the USGS 1:62,500 Mare Island quadrangle, 1916 edition, where this line is drawn as a railroad and labelled \"San Francisco, Napa and Calistoga\", parallel to and west of the Southern Pacific; the GeoPDF was georeferenced from its neatline corners, positional error estimated at 50-100 m. Today's California Northern / Mare Island track sits on or within ~100 m of the digitized line between Vallejo and Napa Junction but was not used. (2) 1.4 mi of Vallejo street running APPROXIMATED on today's Georgia Street and Sonoma Boulevard (OSM road geometry); the timetable's stop notes (a curve at Sonoma and Georgia, a stop at Louisiana and Marin, a crossing at Capitol and Branciforte) imply a street route that has not been resolved, so this 1.4 mi is a guess at the right streets. (3) 4.4 mi Suscol - Napa APPROXIMATED on today's Napa-Vallejo Highway, Soscol Avenue and Third Street (OSM road geometry), following the Napa Valley Register's description (\"along Soscol Avenue, crossed the Napa River on Third Street, ... past the courthouse\"); where the railway ran on its own strip beside the road, the road stands in for it. No straight-line legs.",
    "segments": [
     {
      "start": 1911,
      "end": 1935,
      "headway_min": 90,
      "note": "The San Francisco, Napa & Calistoga Railway took over in 1911 (formed to buy and operate the SFV&NV after the Calistoga extension left it unable to pay its contractors; James Irvine is named as the new principal). With the Monticello Steamship Company it sold through rail-and-boat tickets to San Francisco as the \"Napa Valley Route\". Time Table No. 38 (20 April 1924) shows 10 southbound trains a day Napa - Vallejo (6:42 a.m. - 9:20 p.m. from Napa), about one every 90 min; that 1924 figure is held across the whole era as an ESTIMATE. Peak ridership 615,351 in 1912; a head-on collision on 19 June 1913 killed 13. The Napa carhouse fire of 22 January 1932 destroyed three motor cars. Ends at the 1935 reorganization.",
      "sources": [
       "Segment-level: the 1911 takeover is from Wikipedia, the OAC finding aid and the Register; the 90-min headway is counted from SFN&C Time Table No. 38 (20 April 1924) for 1924 only and is an estimate for the other years; the 1935 reorganization date is from the Western Railway Museum and OAC.",
       "https://en.wikipedia.org/wiki/San_Francisco,_Napa_and_Calistoga_Railway",
       "https://oac.cdlib.org/findaid/ark:/13030/c8wq059x/",
       "http://wx4.org/to/foam/maps/1zukas-sl/1938-04-24SFN%26C38-TimZukas.pdf",
       "https://www.wrm.org/visit/car-roster/passenger-cars/interurban/item/103-san-francisco-and-napa-valley-63",
       "https://napavalleyregister.com/star/lifestyles/building-the-napa-valley-interurban-railroad/article_613fcdda-a740-5ed8-873a-fdbc2966ae66.html"
      ]
     }
    ]
   },
   "geometry": {
    "type": "LineString",
    "coordinates": [
     [
      -122.262652,
      38.100978
     ],
     [
      -122.262449,
      38.101077
     ],
     [
      -122.262306,
      38.101133
     ],
     [
      -122.262174,
      38.101168
     ],
     [
      -122.262039,
      38.101194
     ],
     [
      -122.261851,
      38.101196
     ],
     [
      -122.261576,
      38.1012
     ],
     [
      -122.260797,
      38.101185
     ],
     [
      -122.260052,
      38.101176
     ],
     [
      -122.259968,
      38.101175
     ],
     [
      -122.25988,
      38.101173
     ],
     [
      -122.259241,
      38.101162
     ],
     [
      -122.258389,
      38.101149
     ],
     [
      -122.258297,
      38.101146
     ],
     [
      -122.258197,
      38.101143
     ],
     [
      -122.257438,
      38.101129
     ],
     [
      -122.256766,
      38.101121
     ],
     [
      -122.256655,
      38.10112
     ],
     [
      -122.256539,
      38.101118
     ],
     [
      -122.255846,
      38.101107
     ],
     [
      -122.255113,
      38.101101
     ],
     [
      -122.254983,
      38.1011
     ],
     [
      -122.254833,
      38.101097
     ],
     [
      -122.254983,
      38.1011
     ],
     [
      -122.254981,
      38.101199
     ],
     [
      -122.254971,
      38.101593
     ],
     [
      -122.254961,
      38.101987
     ],
     [
      -122.254959,
      38.102095
     ],
     [
      -122.254956,
      38.102192
     ],
     [
      -122.254952,
      38.102365
     ],
     [
      -122.254947,
      38.102595
     ],
     [
      -122.254946,
      38.102641
     ],
     [
      -122.254944,
      38.102689
     ],
     [
      -122.254937,
      38.102984
     ],
     [
      -122.254935,
      38.103066
     ],
     [
      -122.254933,
      38.103169
     ],
     [
      -122.254928,
      38.103347
     ],
     [
      -122.254923,
      38.103567
     ],
     [
      -122.254914,
      38.103942
     ],
     [
      -122.25491,
      38.104079
     ],
     [
      -122.254907,
      38.104206
     ],
     [
      -122.254904,
      38.104342
     ],
     [
      -122.2549,
      38.104514
     ],
     [
      -122.254899,
      38.104564
     ],
     [
      -122.254895,
      38.104723
     ],
     [
      -122.254893,
      38.104779
     ],
     [
      -122.25489,
      38.104922
     ],
     [
      -122.254887,
      38.105058
     ],
     [
      -122.254883,
      38.105203
     ],
     [
      -122.25488,
      38.105355
     ],
     [
      -122.254875,
      38.105539
     ],
     [
      -122.254873,
      38.105635
     ],
     [
      -122.254866,
      38.105962
     ],
     [
      -122.254864,
      38.10604
     ],
     [
      -122.254862,
      38.106134
     ],
     [
      -122.254852,
      38.106545
     ],
     [
      -122.254843,
      38.106939
     ],
     [
      -122.254841,
      38.107033
     ],
     [
      -122.254838,
      38.107129
     ],
     [
      -122.254829,
      38.107522
     ],
     [
      -122.25482,
      38.107919
     ],
     [
      -122.254818,
      38.108022
     ],
     [
      -122.254815,
      38.108129
     ],
     [
      -122.254806,
      38.108519
     ],
     [
      -122.254797,
      38.108918
     ],
     [
      -122.254795,
      38.109008
     ],
     [
      -122.254792,
      38.109102
     ],
     [
      -122.25479,
      38.109205
     ],
     [
      -122.254785,
      38.109417
     ],
     [
      -122.254783,
      38.109506
     ],
     [
      -122.25478,
      38.109638
     ],
     [
      -122.254779,
      38.109705
     ],
     [
      -122.254774,
      38.109901
     ],
     [
      -122.254772,
      38.109995
     ],
     [
      -122.25474,
      38.110102
     ],
     [
      -122.254737,
      38.110175
     ],
     [
      -122.254728,
      38.110399
     ],
     [
      -122.254725,
      38.110493
     ],
     [
      -122.254714,
      38.110992
     ],
     [
      -122.254707,
      38.11125
     ],
     [
      -122.2547,
      38.111494
     ],
     [
      -122.254689,
      38.111975
     ],
     [
      -122.254675,
      38.112475
     ],
     [
      -122.254661,
      38.112945
     ],
     [
      -122.254648,
      38.113357
     ],
     [
      -122.254638,
      38.113672
     ],
     [
      -122.254631,
      38.113911
     ],
     [
      -122.254619,
      38.114025
     ],
     [
      -122.254569,
      38.114253
     ],
     [
      -122.254525,
      38.114375
     ],
     [
      -122.254502,
      38.114436
     ],
     [
      -122.254447,
      38.114588
     ],
     [
      -122.254422,
      38.114656
     ],
     [
      -122.254387,
      38.114822
     ],
     [
      -122.254373,
      38.114982
     ],
     [
      -122.254077,
      38.115028
     ],
     [
      -122.252918,
      38.117259
     ],
     [
      -122.251888,
      38.119085
     ],
     [
      -122.251062,
      38.121723
     ],
     [
      -122.251367,
      38.123548
     ],
     [
      -122.251619,
      38.125983
     ],
     [
      -122.250846,
      38.128012
     ],
     [
      -122.251817,
      38.130852
     ],
     [
      -122.251857,
      38.137344
     ],
     [
      -122.251934,
      38.137344
     ],
     [
      -122.251772,
      38.141888
     ],
     [
      -122.251917,
      38.147569
     ],
     [
      -122.252163,
      38.154061
     ],
     [
      -122.252256,
      38.160147
     ],
     [
      -122.252144,
      38.165422
     ],
     [
      -122.252341,
      38.170291
     ],
     [
      -122.252701,
      38.170291
     ],
     [
      -122.25372,
      38.175849
     ],
     [
      -122.254738,
      38.181935
     ],
     [
      -122.255345,
      38.188022
     ],
     [
      -122.255544,
      38.192079
     ],
     [
      -122.255588,
      38.196137
     ],
     [
      -122.255579,
      38.202223
     ],
     [
      -122.255569,
      38.208309
     ],
     [
      -122.255569,
      38.208309
     ],
     [
      -122.256228,
      38.213827
     ],
     [
      -122.256835,
      38.219913
     ],
     [
      -122.257443,
      38.226
     ],
     [
      -122.257744,
      38.230869
     ],
     [
      -122.258152,
      38.232897
     ],
     [
      -122.262878,
      38.236955
     ],
     [
      -122.267245,
      38.240809
     ],
     [
      -122.268012,
      38.243852
     ],
     [
      -122.268779,
      38.247098
     ],
     [
      -122.269137,
      38.248316
     ],
     [
      -122.269969,
      38.248265
     ],
     [
      -122.270556,
      38.250341
     ],
     [
      -122.271272,
      38.252979
     ],
     [
      -122.271358,
      38.253286
     ],
     [
      -122.271428,
      38.253585
     ],
     [
      -122.271476,
      38.253897
     ],
     [
      -122.271497,
      38.254177
     ],
     [
      -122.271492,
      38.254469
     ],
     [
      -122.27146,
      38.254786
     ],
     [
      -122.271407,
      38.255106
     ],
     [
      -122.271224,
      38.256079
     ],
     [
      -122.27116,
      38.256484
     ],
     [
      -122.271101,
      38.25701
     ],
     [
      -122.27102,
      38.257739
     ],
     [
      -122.270983,
      38.258261
     ],
     [
      -122.270918,
      38.259762
     ],
     [
      -122.270897,
      38.260241
     ],
     [
      -122.270806,
      38.262103
     ],
     [
      -122.270796,
      38.262378
     ],
     [
      -122.27079,
      38.262562
     ],
     [
      -122.27079,
      38.262645
     ],
     [
      -122.270792,
      38.263067
     ],
     [
      -122.270792,
      38.263166
     ],
     [
      -122.270814,
      38.263878
     ],
     [
      -122.270833,
      38.26428
     ],
     [
      -122.270866,
      38.264688
     ],
     [
      -122.270901,
      38.265141
     ],
     [
      -122.270943,
      38.265548
     ],
     [
      -122.271012,
      38.266097
     ],
     [
      -122.271068,
      38.266476
     ],
     [
      -122.27115,
      38.266928
     ],
     [
      -122.271236,
      38.2674
     ],
     [
      -122.271378,
      38.268057
     ],
     [
      -122.271499,
      38.268628
     ],
     [
      -122.27162,
      38.269181
     ],
     [
      -122.271795,
      38.269981
     ],
     [
      -122.27181,
      38.270051
     ],
     [
      -122.271826,
      38.270125
     ],
     [
      -122.272001,
      38.270105
     ],
     [
      -122.272104,
      38.270557
     ],
     [
      -122.272151,
      38.270778
     ],
     [
      -122.27301,
      38.274763
     ],
     [
      -122.273214,
      38.275732
     ],
     [
      -122.273321,
      38.276207
     ],
     [
      -122.27345,
      38.276709
     ],
     [
      -122.2735,
      38.276823
     ],
     [
      -122.273584,
      38.277088
     ],
     [
      -122.273673,
      38.277426
     ],
     [
      -122.273702,
      38.277542
     ],
     [
      -122.273826,
      38.277934
     ],
     [
      -122.27392,
      38.278277
     ],
     [
      -122.273944,
      38.278372
     ],
     [
      -122.273963,
      38.278437
     ],
     [
      -122.274057,
      38.278883
     ],
     [
      -122.274087,
      38.279019
     ],
     [
      -122.274106,
      38.279111
     ],
     [
      -122.274112,
      38.279144
     ],
     [
      -122.274135,
      38.279265
     ],
     [
      -122.274154,
      38.279395
     ],
     [
      -122.274177,
      38.279539
     ],
     [
      -122.274192,
      38.279663
     ],
     [
      -122.274209,
      38.279793
     ],
     [
      -122.274225,
      38.279923
     ],
     [
      -122.274237,
      38.280054
     ],
     [
      -122.274248,
      38.280186
     ],
     [
      -122.274257,
      38.280316
     ],
     [
      -122.274274,
      38.280526
     ],
     [
      -122.274282,
      38.280623
     ],
     [
      -122.274319,
      38.281041
     ],
     [
      -122.274333,
      38.281192
     ],
     [
      -122.274363,
      38.281377
     ],
     [
      -122.274384,
      38.281628
     ],
     [
      -122.274406,
      38.28183
     ],
     [
      -122.274459,
      38.2823
     ],
     [
      -122.274467,
      38.282421
     ],
     [
      -122.274505,
      38.282877
     ],
     [
      -122.274563,
      38.283585
     ],
     [
      -122.274585,
      38.283816
     ],
     [
      -122.2746,
      38.283987
     ],
     [
      -122.274553,
      38.28409
     ],
     [
      -122.274565,
      38.284344
     ],
     [
      -122.274578,
      38.284601
     ],
     [
      -122.274588,
      38.284802
     ],
     [
      -122.27462,
      38.285039
     ],
     [
      -122.274628,
      38.285186
     ],
     [
      -122.27468,
      38.285807
     ],
     [
      -122.27468,
      38.285821
     ],
     [
      -122.27469,
      38.286001
     ],
     [
      -122.274697,
      38.286134
     ],
     [
      -122.274745,
      38.286451
     ],
     [
      -122.274761,
      38.286552
     ],
     [
      -122.27479,
      38.28673
     ],
     [
      -122.274826,
      38.286869
     ],
     [
      -122.274931,
      38.287312
     ],
     [
      -122.27499,
      38.287481
     ],
     [
      -122.275059,
      38.287681
     ],
     [
      -122.275096,
      38.287788
     ],
     [
      -122.275139,
      38.287899
     ],
     [
      -122.275228,
      38.288127
     ],
     [
      -122.275267,
      38.288226
     ],
     [
      -122.275293,
      38.288284
     ],
     [
      -122.275365,
      38.288433
     ],
     [
      -122.27543,
      38.288603
     ],
     [
      -122.275449,
      38.288727
     ],
     [
      -122.27548,
      38.288788
     ],
     [
      -122.27551,
      38.28885
     ],
     [
      -122.275541,
      38.28891
     ],
     [
      -122.275572,
      38.288971
     ],
     [
      -122.275605,
      38.289033
     ],
     [
      -122.275637,
      38.289093
     ],
     [
      -122.27567,
      38.289152
     ],
     [
      -122.275705,
      38.289214
     ],
     [
      -122.275739,
      38.289274
     ],
     [
      -122.275774,
      38.289334
     ],
     [
      -122.275809,
      38.289393
     ],
     [
      -122.275846,
      38.289452
     ],
     [
      -122.275883,
      38.289511
     ],
     [
      -122.275919,
      38.28957
     ],
     [
      -122.275957,
      38.289629
     ],
     [
      -122.275995,
      38.289688
     ],
     [
      -122.276033,
      38.289746
     ],
     [
      -122.276072,
      38.289804
     ],
     [
      -122.276234,
      38.290034
     ],
     [
      -122.276394,
      38.290263
     ],
     [
      -122.276453,
      38.290347
     ],
     [
      -122.276826,
      38.290881
     ],
     [
      -122.276899,
      38.290988
     ],
     [
      -122.276975,
      38.291098
     ],
     [
      -122.277195,
      38.291423
     ],
     [
      -122.277496,
      38.29185
     ],
     [
      -122.277926,
      38.292435
     ],
     [
      -122.27798,
      38.292468
     ],
     [
      -122.278175,
      38.292748
     ],
     [
      -122.278201,
      38.292785
     ],
     [
      -122.278431,
      38.293102
     ],
     [
      -122.278536,
      38.293263
     ],
     [
      -122.278639,
      38.293411
     ],
     [
      -122.278677,
      38.293459
     ],
     [
      -122.278738,
      38.293549
     ],
     [
      -122.278904,
      38.293783
     ],
     [
      -122.278931,
      38.293822
     ],
     [
      -122.279001,
      38.293922
     ],
     [
      -122.279331,
      38.294401
     ],
     [
      -122.279343,
      38.294415
     ],
     [
      -122.279382,
      38.294464
     ],
     [
      -122.279395,
      38.294484
     ],
     [
      -122.279544,
      38.294709
     ],
     [
      -122.279571,
      38.294758
     ],
     [
      -122.279791,
      38.295046
     ],
     [
      -122.279879,
      38.295161
     ],
     [
      -122.279931,
      38.295229
     ],
     [
      -122.280123,
      38.295499
     ],
     [
      -122.280215,
      38.295639
     ],
     [
      -122.280628,
      38.296249
     ],
     [
      -122.280699,
      38.296337
     ],
     [
      -122.280775,
      38.296452
     ],
     [
      -122.280907,
      38.296642
     ],
     [
      -122.280949,
      38.296701
     ],
     [
      -122.281012,
      38.296796
     ],
     [
      -122.281037,
      38.296835
     ],
     [
      -122.281205,
      38.297066
     ],
     [
      -122.281234,
      38.297095
     ],
     [
      -122.281212,
      38.297168
     ],
     [
      -122.281444,
      38.297504
     ],
     [
      -122.281573,
      38.29769
     ],
     [
      -122.281622,
      38.29776
     ],
     [
      -122.282122,
      38.298474
     ],
     [
      -122.282169,
      38.29854
     ],
     [
      -122.282187,
      38.298565
     ],
     [
      -122.282334,
      38.298524
     ],
     [
      -122.282421,
      38.298495
     ],
     [
      -122.282605,
      38.298437
     ],
     [
      -122.282695,
      38.298407
     ],
     [
      -122.283086,
      38.298261
     ],
     [
      -122.283149,
      38.298238
     ],
     [
      -122.28366,
      38.298051
     ],
     [
      -122.284004,
      38.297925
     ],
     [
      -122.284256,
      38.297813
     ],
     [
      -122.284355,
      38.297768
     ],
     [
      -122.284422,
      38.297736
     ],
     [
      -122.284807,
      38.29755
     ],
     [
      -122.284887,
      38.297511
     ],
     [
      -122.284957,
      38.297476
     ],
     [
      -122.285682,
      38.29711
     ],
     [
      -122.285758,
      38.297071
     ],
     [
      -122.285846,
      38.29703
     ],
     [
      -122.286081,
      38.29692
     ],
     [
      -122.28635,
      38.296818
     ],
     [
      -122.286671,
      38.296664
     ],
     [
      -122.287534,
      38.296208
     ],
     [
      -122.288018,
      38.295959
     ],
     [
      -122.288288,
      38.29582
     ],
     [
      -122.28849,
      38.295727
     ],
     [
      -122.288676,
      38.295641
     ],
     [
      -122.289286,
      38.29536
     ],
     [
      -122.289591,
      38.295277
     ],
     [
      -122.289888,
      38.29531
     ],
     [
      -122.290359,
      38.295363
     ],
     [
      -122.291384,
      38.295477
     ],
     [
      -122.292982,
      38.295656
     ],
     [
      -122.293102,
      38.295669
     ],
     [
      -122.293256,
      38.295687
     ],
     [
      -122.293308,
      38.295692
     ],
     [
      -122.293693,
      38.295733
     ]
    ]
   }
  },
  {
   "type": "Feature",
   "properties": {
    "company": "San Francisco, Napa and Calistoga Railway",
    "line": "San Francisco, Napa & Calistoga: Napa – St. Helena",
    "id": "sfnc-napa-st-helena",
    "color": "#8E2C6E",
    "mode": "interurban",
    "avg_speed_kmh": 39,
    "speed_source": "Measured from San Francisco, Napa & Calistoga employee Time Table No. 38, effective 20 April 1924: Calistoga-Vallejo, 41.6 timetable miles, in 98 min (No. 3, San Francisco Limited) to 107 min (No. 21, all stops) = 38-41 km/h; 39 km/h used. Applied unchanged to the other eras as an ESTIMATE - no other timetable was read.",
    "geometry_quality": "Napa (Third and Jefferson) - Yountville, traced 8.8 mi against 9.6 timetable miles Napa-Yountville. 2.1 mi north on Jefferson Street on OSM road geometry (route per the Napa Valley Register); 0.5 mi STRAIGHT LINE from Jefferson Street west to Union (the junction with the parallel railroad is not resolved); 6.1 mi Union - Yountville drawn on the Napa Valley Wine Train track (ex-Southern Pacific Napa Valley branch, OSM \"Napa Valley Railroad\") as a PROXY ON THE WRONG RAILROAD: the electric line ran on its own track parallel to the SP (\"paralleled the Napa Valley Railroad tracks almost to Rutherford\"), so the drawn line is the neighbour's, typically within ~100 m. LATER ALIGNMENT: through Yountville the wine-train track was relocated west of the SR-29 freeway when the freeway was built over the original SP grade, so the drawn track there post-dates this railroad. / Yountville - St. Helena (Main Street at Pratt Avenue, the terminus in 1910), traced 10.0 mi against 8.9 timetable miles Yountville-St. Helena (the drawn end is the north-end terminus, past the St. Helena station). 5.3 mi Yountville - Rutherford on the Napa Valley Wine Train track as a PROXY ON THE WRONG RAILROAD (the SP's track; the electric line paralleled it), including the post-freeway Yountville relocation (LATER ALIGNMENT). 4.7 mi Rutherford - St. Helena APPROXIMATED on SR-29 (St. Helena Highway South / Main Street, OSM road geometry): the Register says the line swung west \"to pass behind the Rutherford school house\" and came back east to within 200 ft of the SP before crossing Sulphur Creek and running up Main Street; the size of that westward swing is not known, so the drawn line may be off by a few hundred metres between Rutherford and St. Helena.",
    "segments": [
     {
      "start": 1911,
      "end": 1935,
      "headway_min": 130,
      "note": "SFN&C era. Time Table No. 38 (1924) runs 6 southbound trains a day through St. Helena to Napa and Vallejo (5:50 a.m. - 6:35 p.m. from Calistoga), about one every 130 min - a 1924 figure held across the era as an ESTIMATE. The 1924 timetable adds signal stops at Oak Knoll, Trubody, Zinfandel, Crane, Lodi Road and Bell. A trolleytuesdays summary says that after the January 1932 fire service was restored on 28 May 1932 with St. Helena as the terminus; that conflicts with the other sources and does not affect this stretch.",
      "sources": [
       "Segment-level: the 130-min headway is counted from SFN&C Time Table No. 38 (20 April 1924) for 1924 and is an estimate for the other years; the 1911 and 1935 boundaries as for the Vallejo - Napa feature.",
       "https://en.wikipedia.org/wiki/San_Francisco,_Napa_and_Calistoga_Railway",
       "http://wx4.org/to/foam/maps/1zukas-sl/1938-04-24SFN%26C38-TimZukas.pdf",
       "https://napavalleyregister.com/star/lifestyles/building-the-napa-valley-interurban-railroad/article_613fcdda-a740-5ed8-873a-fdbc2966ae66.html",
       "https://www.wrm.org/visit/car-roster/passenger-cars/interurban/item/103-san-francisco-and-napa-valley-63"
      ]
     }
    ]
   },
   "geometry": {
    "type": "LineString",
    "coordinates": [
     [
      -122.293693,
      38.295733
     ],
     [
      -122.293574,
      38.296465
     ],
     [
      -122.293561,
      38.296544
     ],
     [
      -122.293547,
      38.296621
     ],
     [
      -122.293489,
      38.296934
     ],
     [
      -122.29347,
      38.297042
     ],
     [
      -122.293413,
      38.297362
     ],
     [
      -122.293399,
      38.297443
     ],
     [
      -122.293385,
      38.297526
     ],
     [
      -122.293326,
      38.297866
     ],
     [
      -122.293258,
      38.298252
     ],
     [
      -122.29321,
      38.298539
     ],
     [
      -122.293183,
      38.298701
     ],
     [
      -122.293147,
      38.298949
     ],
     [
      -122.293129,
      38.299078
     ],
     [
      -122.29312,
      38.299122
     ],
     [
      -122.293114,
      38.29916
     ],
     [
      -122.293096,
      38.299251
     ],
     [
      -122.293089,
      38.29929
     ],
     [
      -122.293052,
      38.299493
     ],
     [
      -122.293042,
      38.299559
     ],
     [
      -122.29304,
      38.299625
     ],
     [
      -122.293042,
      38.299692
     ],
     [
      -122.293052,
      38.299757
     ],
     [
      -122.293068,
      38.299823
     ],
     [
      -122.293091,
      38.29988
     ],
     [
      -122.293115,
      38.299935
     ],
     [
      -122.293131,
      38.299965
     ],
     [
      -122.293144,
      38.299991
     ],
     [
      -122.293158,
      38.300017
     ],
     [
      -122.293173,
      38.300044
     ],
     [
      -122.293311,
      38.300288
     ],
     [
      -122.293379,
      38.300407
     ],
     [
      -122.293416,
      38.300481
     ],
     [
      -122.293441,
      38.300552
     ],
     [
      -122.293487,
      38.300667
     ],
     [
      -122.293521,
      38.30076
     ],
     [
      -122.293543,
      38.300829
     ],
     [
      -122.293574,
      38.300921
     ],
     [
      -122.293675,
      38.301247
     ],
     [
      -122.293733,
      38.301439
     ],
     [
      -122.293763,
      38.301545
     ],
     [
      -122.293788,
      38.301632
     ],
     [
      -122.293804,
      38.301694
     ],
     [
      -122.293809,
      38.301717
     ],
     [
      -122.293848,
      38.30187
     ],
     [
      -122.293875,
      38.301977
     ],
     [
      -122.293923,
      38.302164
     ],
     [
      -122.293942,
      38.302236
     ],
     [
      -122.29399,
      38.302392
     ],
     [
      -122.294013,
      38.30247
     ],
     [
      -122.29404,
      38.302558
     ],
     [
      -122.29405,
      38.302593
     ],
     [
      -122.294089,
      38.302723
     ],
     [
      -122.294097,
      38.302745
     ],
     [
      -122.294123,
      38.302841
     ],
     [
      -122.294177,
      38.303025
     ],
     [
      -122.294189,
      38.303064
     ],
     [
      -122.294234,
      38.30323
     ],
     [
      -122.294275,
      38.303378
     ],
     [
      -122.294433,
      38.303839
     ],
     [
      -122.294452,
      38.303914
     ],
     [
      -122.294538,
      38.304028
     ],
     [
      -122.294608,
      38.304225
     ],
     [
      -122.294657,
      38.304375
     ],
     [
      -122.294732,
      38.304644
     ],
     [
      -122.294857,
      38.305158
     ],
     [
      -122.29484,
      38.305234
     ],
     [
      -122.294894,
      38.305469
     ],
     [
      -122.294976,
      38.305781
     ],
     [
      -122.295114,
      38.306252
     ],
     [
      -122.295336,
      38.307056
     ],
     [
      -122.295457,
      38.307464
     ],
     [
      -122.295484,
      38.307552
     ],
     [
      -122.295578,
      38.307869
     ],
     [
      -122.295617,
      38.307982
     ],
     [
      -122.295749,
      38.308362
     ],
     [
      -122.295852,
      38.308436
     ],
     [
      -122.295944,
      38.308748
     ],
     [
      -122.296104,
      38.309291
     ],
     [
      -122.296261,
      38.309812
     ],
     [
      -122.296355,
      38.310131
     ],
     [
      -122.296677,
      38.31127
     ],
     [
      -122.296777,
      38.311642
     ],
     [
      -122.296876,
      38.312012
     ],
     [
      -122.297049,
      38.312663
     ],
     [
      -122.297369,
      38.313702
     ],
     [
      -122.297502,
      38.314175
     ],
     [
      -122.29752,
      38.314236
     ],
     [
      -122.297539,
      38.314302
     ],
     [
      -122.297553,
      38.314374
     ],
     [
      -122.297573,
      38.314441
     ],
     [
      -122.297926,
      38.315638
     ],
     [
      -122.297993,
      38.315889
     ],
     [
      -122.298049,
      38.3161
     ],
     [
      -122.298177,
      38.316573
     ],
     [
      -122.29819,
      38.316624
     ],
     [
      -122.2984,
      38.317278
     ],
     [
      -122.298417,
      38.31734
     ],
     [
      -122.298503,
      38.317652
     ],
     [
      -122.298588,
      38.317957
     ],
     [
      -122.298664,
      38.318229
     ],
     [
      -122.298744,
      38.318518
     ],
     [
      -122.298856,
      38.318883
     ],
     [
      -122.298983,
      38.319362
     ],
     [
      -122.299006,
      38.319437
     ],
     [
      -122.299028,
      38.319513
     ],
     [
      -122.299179,
      38.32002
     ],
     [
      -122.299248,
      38.320251
     ],
     [
      -122.299311,
      38.320473
     ],
     [
      -122.299366,
      38.320664
     ],
     [
      -122.299396,
      38.320798
     ],
     [
      -122.299429,
      38.32092
     ],
     [
      -122.299454,
      38.320995
     ],
     [
      -122.299481,
      38.3211
     ],
     [
      -122.299576,
      38.321422
     ],
     [
      -122.299681,
      38.321741
     ],
     [
      -122.299729,
      38.321867
     ],
     [
      -122.29976,
      38.321948
     ],
     [
      -122.299844,
      38.322145
     ],
     [
      -122.29994,
      38.322307
     ],
     [
      -122.300048,
      38.322483
     ],
     [
      -122.300144,
      38.322639
     ],
     [
      -122.300182,
      38.322702
     ],
     [
      -122.300257,
      38.322832
     ],
     [
      -122.300292,
      38.322891
     ],
     [
      -122.300398,
      38.323068
     ],
     [
      -122.300497,
      38.323233
     ],
     [
      -122.300543,
      38.3233
     ],
     [
      -122.300761,
      38.32354
     ],
     [
      -122.301016,
      38.323863
     ],
     [
      -122.301207,
      38.324153
     ],
     [
      -122.301251,
      38.324221
     ],
     [
      -122.30132,
      38.324298
     ],
     [
      -122.301595,
      38.324603
     ],
     [
      -122.302287,
      38.325449
     ],
     [
      -122.310317,
      38.322319
     ],
     [
      -122.310818,
      38.322915
     ],
     [
      -122.311567,
      38.323771
     ],
     [
      -122.31741,
      38.330562
     ],
     [
      -122.317509,
      38.330676
     ],
     [
      -122.319268,
      38.332704
     ],
     [
      -122.320048,
      38.333674
     ],
     [
      -122.320121,
      38.333768
     ],
     [
      -122.321943,
      38.3361
     ],
     [
      -122.324013,
      38.338713
     ],
     [
      -122.324298,
      38.339087
     ],
     [
      -122.324578,
      38.339482
     ],
     [
      -122.324797,
      38.339862
     ],
     [
      -122.325043,
      38.340346
     ],
     [
      -122.326375,
      38.342888
     ],
     [
      -122.328667,
      38.34727
     ],
     [
      -122.330306,
      38.350394
     ],
     [
      -122.33171,
      38.352986
     ],
     [
      -122.333256,
      38.355958
     ],
     [
      -122.337962,
      38.364908
     ],
     [
      -122.338138,
      38.36524
     ],
     [
      -122.338941,
      38.366739
     ],
     [
      -122.345339,
      38.37887
     ],
     [
      -122.345648,
      38.379401
     ],
     [
      -122.34594,
      38.379872
     ],
     [
      -122.347772,
      38.382679
     ],
     [
      -122.347823,
      38.382757
     ],
     [
      -122.349592,
      38.385516
     ],
     [
      -122.350723,
      38.387291
     ],
     [
      -122.351861,
      38.389089
     ],
     [
      -122.352312,
      38.389745
     ],
     [
      -122.354694,
      38.393072
     ],
     [
      -122.354953,
      38.393409
     ],
     [
      -122.35534,
      38.393836
     ],
     [
      -122.355652,
      38.394154
     ],
     [
      -122.356009,
      38.394486
     ],
     [
      -122.356338,
      38.394755
     ],
     [
      -122.358567,
      38.396434
     ],
     [
      -122.358937,
      38.39672
     ],
     [
      -122.359272,
      38.396992
     ],
     [
      -122.359628,
      38.397322
     ],
     [
      -122.359701,
      38.397385
     ],
     [
      -122.359856,
      38.397538
     ],
     [
      -122.360157,
      38.397852
     ],
     [
      -122.360918,
      38.398687
     ],
     [
      -122.361282,
      38.399072
     ],
     [
      -122.361618,
      38.399417
     ],
     [
      -122.361958,
      38.39974
     ],
     [
      -122.362814,
      38.400502
     ],
     [
      -122.368302,
      38.405328
     ],
     [
      -122.368606,
      38.405593
     ],
     [
      -122.368981,
      38.405884
     ],
     [
      -122.369277,
      38.406079
     ],
     [
      -122.369612,
      38.40628
     ],
     [
      -122.369945,
      38.406452
     ],
     [
      -122.371629,
      38.407251
     ],
     [
      -122.372423,
      38.407616
     ],
     [
      -122.373163,
      38.407936
     ],
     [
      -122.373946,
      38.408251
     ],
     [
      -122.374773,
      38.408558
     ],
     [
      -122.379316,
      38.410139
     ],
     [
      -122.380099,
      38.410433
     ],
     [
      -122.380888,
      38.410778
     ],
     [
      -122.381623,
      38.411122
     ],
     [
      -122.382352,
      38.411492
     ],
     [
      -122.383007,
      38.411854
     ],
     [
      -122.383602,
      38.412211
     ],
     [
      -122.384192,
      38.412589
     ],
     [
      -122.384793,
      38.413005
     ],
     [
      -122.385334,
      38.413393
     ],
     [
      -122.385888,
      38.413846
     ],
     [
      -122.386408,
      38.414288
     ],
     [
      -122.386918,
      38.414754
     ],
     [
      -122.387497,
      38.415351
     ],
     [
      -122.388048,
      38.415946
     ],
     [
      -122.38883,
      38.416937
     ],
     [
      -122.38933,
      38.41767
     ],
     [
      -122.389765,
      38.418376
     ],
     [
      -122.390148,
      38.419089
     ],
     [
      -122.390497,
      38.419835
     ],
     [
      -122.390959,
      38.42104
     ],
     [
      -122.391702,
      38.423273
     ],
     [
      -122.391866,
      38.423694
     ],
     [
      -122.392083,
      38.424139
     ],
     [
      -122.392352,
      38.424576
     ],
     [
      -122.392668,
      38.425018
     ],
     [
      -122.393867,
      38.426507
     ],
     [
      -122.39436,
      38.427101
     ],
     [
      -122.395166,
      38.42811
     ],
     [
      -122.395688,
      38.428728
     ],
     [
      -122.397888,
      38.431208
     ],
     [
      -122.399157,
      38.432609
     ],
     [
      -122.400093,
      38.433671
     ],
     [
      -122.400613,
      38.434236
     ],
     [
      -122.402863,
      38.436701
     ],
     [
      -122.404663,
      38.438696
     ],
     [
      -122.406058,
      38.440234
     ],
     [
      -122.407682,
      38.442023
     ],
     [
      -122.408484,
      38.442914
     ],
     [
      -122.410632,
      38.445295
     ],
     [
      -122.411094,
      38.445808
     ],
     [
      -122.411144,
      38.445864
     ],
     [
      -122.412595,
      38.447476
     ],
     [
      -122.413258,
      38.448212
     ],
     [
      -122.414906,
      38.450028
     ],
     [
      -122.417083,
      38.452394
     ],
     [
      -122.419371,
      38.454848
     ],
     [
      -122.42008,
      38.455602
     ],
     [
      -122.421463,
      38.457079
     ],
     [
      -122.422862,
      38.458576
     ],
     [
      -122.422987,
      38.458713
     ],
     [
      -122.422801,
      38.45876
     ],
     [
      -122.423015,
      38.458985
     ],
     [
      -122.423141,
      38.459117
     ],
     [
      -122.423273,
      38.45926
     ],
     [
      -122.423671,
      38.459704
     ],
     [
      -122.424199,
      38.460302
     ],
     [
      -122.424493,
      38.46071
     ],
     [
      -122.425874,
      38.462637
     ],
     [
      -122.426922,
      38.464123
     ],
     [
      -122.427006,
      38.46424
     ],
     [
      -122.427016,
      38.464254
     ],
     [
      -122.427291,
      38.464607
     ],
     [
      -122.427807,
      38.465336
     ],
     [
      -122.427909,
      38.465477
     ],
     [
      -122.428787,
      38.466698
     ],
     [
      -122.429806,
      38.468125
     ],
     [
      -122.430205,
      38.468666
     ],
     [
      -122.430344,
      38.468877
     ],
     [
      -122.430957,
      38.469798
     ],
     [
      -122.431097,
      38.470008
     ],
     [
      -122.431305,
      38.470315
     ],
     [
      -122.431514,
      38.470628
     ],
     [
      -122.431975,
      38.471315
     ],
     [
      -122.432119,
      38.471515
     ],
     [
      -122.43227,
      38.471739
     ],
     [
      -122.432526,
      38.472116
     ],
     [
      -122.43295,
      38.472708
     ],
     [
      -122.433234,
      38.473128
     ],
     [
      -122.433658,
      38.473766
     ],
     [
      -122.434023,
      38.474333
     ],
     [
      -122.434035,
      38.474351
     ],
     [
      -122.434506,
      38.475039
     ],
     [
      -122.434592,
      38.475156
     ],
     [
      -122.434836,
      38.475515
     ],
     [
      -122.435098,
      38.475906
     ],
     [
      -122.435418,
      38.476352
     ],
     [
      -122.435484,
      38.476443
     ],
     [
      -122.435677,
      38.476669
     ],
     [
      -122.435867,
      38.476889
     ],
     [
      -122.435987,
      38.477005
     ],
     [
      -122.436016,
      38.477032
     ],
     [
      -122.436134,
      38.477133
     ],
     [
      -122.436208,
      38.477196
     ],
     [
      -122.436268,
      38.477249
     ],
     [
      -122.436449,
      38.477408
     ],
     [
      -122.436718,
      38.477644
     ],
     [
      -122.436925,
      38.477823
     ],
     [
      -122.437158,
      38.478019
     ],
     [
      -122.437274,
      38.478117
     ],
     [
      -122.437299,
      38.478138
     ],
     [
      -122.438261,
      38.478944
     ],
     [
      -122.438365,
      38.479033
     ],
     [
      -122.439579,
      38.480059
     ],
     [
      -122.440419,
      38.480769
     ],
     [
      -122.440471,
      38.480813
     ],
     [
      -122.441678,
      38.481833
     ],
     [
      -122.442292,
      38.482356
     ],
     [
      -122.442593,
      38.482608
     ],
     [
      -122.442887,
      38.482846
     ],
     [
      -122.443362,
      38.483253
     ],
     [
      -122.443771,
      38.483597
     ],
     [
      -122.444165,
      38.483927
     ],
     [
      -122.445851,
      38.485346
     ],
     [
      -122.446007,
      38.485486
     ],
     [
      -122.44645,
      38.485861
     ],
     [
      -122.447473,
      38.486741
     ],
     [
      -122.448131,
      38.48728
     ],
     [
      -122.448574,
      38.487649
     ],
     [
      -122.448645,
      38.487708
     ],
     [
      -122.448683,
      38.48774
     ],
     [
      -122.449026,
      38.488057
     ],
     [
      -122.449799,
      38.488685
     ],
     [
      -122.450088,
      38.488926
     ],
     [
      -122.450527,
      38.489292
     ],
     [
      -122.451046,
      38.489734
     ],
     [
      -122.451522,
      38.490139
     ],
     [
      -122.451741,
      38.49033
     ],
     [
      -122.452461,
      38.490964
     ],
     [
      -122.45254,
      38.491033
     ],
     [
      -122.452794,
      38.491248
     ],
     [
      -122.453136,
      38.491538
     ],
     [
      -122.453339,
      38.49171
     ],
     [
      -122.453401,
      38.491761
     ],
     [
      -122.453824,
      38.492114
     ],
     [
      -122.453929,
      38.492203
     ],
     [
      -122.454061,
      38.492307
     ],
     [
      -122.454151,
      38.492392
     ],
     [
      -122.454287,
      38.492509
     ],
     [
      -122.454485,
      38.492685
     ],
     [
      -122.454595,
      38.492784
     ],
     [
      -122.454705,
      38.492883
     ],
     [
      -122.454814,
      38.492982
     ],
     [
      -122.455103,
      38.493245
     ],
     [
      -122.455236,
      38.493362
     ],
     [
      -122.455513,
      38.493602
     ],
     [
      -122.455552,
      38.493636
     ],
     [
      -122.455832,
      38.493875
     ],
     [
      -122.456331,
      38.494306
     ],
     [
      -122.456502,
      38.494456
     ],
     [
      -122.456757,
      38.494674
     ],
     [
      -122.457614,
      38.495414
     ],
     [
      -122.457879,
      38.495642
     ],
     [
      -122.458079,
      38.495815
     ],
     [
      -122.458537,
      38.49621
     ],
     [
      -122.459985,
      38.49747
     ],
     [
      -122.46011,
      38.497581
     ],
     [
      -122.460346,
      38.497784
     ],
     [
      -122.460775,
      38.498157
     ],
     [
      -122.461158,
      38.498491
     ],
     [
      -122.46137,
      38.498672
     ],
     [
      -122.461623,
      38.498885
     ],
     [
      -122.461652,
      38.49891
     ],
     [
      -122.462057,
      38.499265
     ],
     [
      -122.46213,
      38.499329
     ],
     [
      -122.462411,
      38.499575
     ],
     [
      -122.46254,
      38.499688
     ],
     [
      -122.462972,
      38.500067
     ],
     [
      -122.463504,
      38.500531
     ],
     [
      -122.464208,
      38.501151
     ],
     [
      -122.46441,
      38.501328
     ],
     [
      -122.464733,
      38.501619
     ],
     [
      -122.465158,
      38.502
     ],
     [
      -122.465176,
      38.502016
     ],
     [
      -122.465213,
      38.502051
     ],
     [
      -122.465375,
      38.5022
     ],
     [
      -122.465523,
      38.502336
     ],
     [
      -122.465578,
      38.502381
     ],
     [
      -122.465678,
      38.502462
     ],
     [
      -122.465839,
      38.502573
     ],
     [
      -122.466049,
      38.502697
     ],
     [
      -122.466358,
      38.502894
     ],
     [
      -122.466574,
      38.503033
     ],
     [
      -122.466856,
      38.503217
     ],
     [
      -122.467203,
      38.503419
     ],
     [
      -122.467577,
      38.503637
     ],
     [
      -122.467823,
      38.50378
     ],
     [
      -122.467937,
      38.503847
     ],
     [
      -122.468747,
      38.504326
     ],
     [
      -122.46908,
      38.504526
     ],
     [
      -122.46986,
      38.504995
     ],
     [
      -122.470109,
      38.505145
     ],
     [
      -122.470303,
      38.505261
     ],
     [
      -122.470577,
      38.505428
     ],
     [
      -122.470731,
      38.505521
     ],
     [
      -122.471056,
      38.505719
     ],
     [
      -122.471938,
      38.50625
     ],
     [
      -122.472961,
      38.506872
     ],
     [
      -122.473232,
      38.507036
     ],
     [
      -122.473441,
      38.507146
     ],
     [
      -122.473977,
      38.507449
     ],
     [
      -122.474338,
      38.507652
     ],
     [
      -122.474457,
      38.507719
     ],
     [
      -122.47475,
      38.507885
     ],
     [
      -122.474796,
      38.507911
     ],
     [
      -122.475548,
      38.508326
     ],
     [
      -122.476402,
      38.508784
     ],
     [
      -122.477402,
      38.509345
     ],
     [
      -122.477684,
      38.509502
     ],
     [
      -122.477886,
      38.509613
     ]
    ]
   }
  },
  {
   "type": "Feature",
   "properties": {
    "company": "San Francisco, Napa and Calistoga Railway",
    "line": "San Francisco, Napa & Calistoga: St. Helena – Calistoga",
    "id": "sfnc-st-helena-calistoga",
    "color": "#8E2C6E",
    "mode": "interurban",
    "avg_speed_kmh": 39,
    "speed_source": "Measured from San Francisco, Napa & Calistoga employee Time Table No. 38, effective 20 April 1924: Calistoga-Vallejo, 41.6 timetable miles, in 98 min (No. 3, San Francisco Limited) to 107 min (No. 21, all stops) = 38-41 km/h; 39 km/h used. Applied unchanged to the other eras as an ESTIMATE - no other timetable was read.",
    "geometry_quality": "St. Helena (Main and Pratt) - Calistoga (Washington Street at Lincoln Avenue), traced 8.0 mi against 8.6 timetable miles St. Helena-Calistoga. 1.7 mi on SR-29 and Lodi Lane (OSM road geometry) following the Register's description (\"parallel to the county road ... up to Lodi Lane. Then the tracks headed east toward the Napa Valley Railroad tracks\"); 4.7 mi Lodi Lane - Calistoga on the abandoned SP Calistoga Branch grade (OSM railway=abandoned) as an ADJACENT PROXY - the USGS 1:62,500 Calistoga quadrangle (1927) draws the SP and this line through Bale, Larkmead and Dunaweal as one double-line symbol labelled both \"Southern Pacific\" and \"S F N & C Elec.\", i.e. side by side, so the drawn grade is the SP's but within the width of that symbol (~60 m); 0.2 mi STRAIGHT LINE from the SP grade to the east end of the Washington St Bike Path; 1.2 mi on the Washington St Bike Path, which is probably this railway's own approach (the Register: the tracks \"veered west to approach Washington Street\") but is not confirmed as such; 0.45 mi on Washington Street to Lincoln Avenue, the 1912 terminus (the 1913 depot was at Gerard and Washington).",
    "segments": [
     {
      "start": 1912,
      "end": 1935,
      "headway_min": 130,
      "note": "The Calistoga extension: right of way obtained 1911, first electric train into Calistoga 2 September 1912, formal opening with a golden-spike ceremony on 12 September 1912; terminus at Lincoln Avenue, Mission Revival depot at Gerard and Washington Streets completed 1913. SOURCE CONFLICT on the opening year: the Napa Historical Society (via Wikipedia) and the Register give 1912; the OAC finding aid says June 1907 and the trolleytuesdays summary 2 September 1908 - both earlier than the 1 January 1908 St. Helena opening the same sources accept, so 1912 is used. Headway counted from Time Table No. 38 (1924): 6 trains a day each way Calistoga - St. Helena; an ESTIMATE for other years.",
      "sources": [
       "Segment-level: the 1912 opening (2 and 12 September) is from Wikipedia (citing the Napa Historical Society) and the trolleytuesdays summary; the conflicting 1907/1908 dates are from OAC and trolleytuesdays; the 130-min headway is from Time Table No. 38 (1924) for 1924 only.",
       "https://en.wikipedia.org/wiki/San_Francisco,_Napa_and_Calistoga_Railway",
       "https://napahistory.org/programs/local-history/timelines-of-napa-county-history/4235-2/",
       "https://napavalleyregister.com/star/lifestyles/building-the-napa-valley-interurban-railroad/article_613fcdda-a740-5ed8-873a-fdbc2966ae66.html",
       "https://oac.cdlib.org/findaid/ark:/13030/c8wq059x/",
       "https://trolleytuesdays.blogspot.com/2021/05/trolley-thursday-52021-san-francisco.html",
       "http://wx4.org/to/foam/maps/1zukas-sl/1938-04-24SFN%26C38-TimZukas.pdf"
      ]
     }
    ]
   },
   "geometry": {
    "type": "LineString",
    "coordinates": [
     [
      -122.477886,
      38.509613
     ],
     [
      -122.478199,
      38.509787
     ],
     [
      -122.478349,
      38.509871
     ],
     [
      -122.478489,
      38.509971
     ],
     [
      -122.478623,
      38.510089
     ],
     [
      -122.478691,
      38.510156
     ],
     [
      -122.481867,
      38.513168
     ],
     [
      -122.481908,
      38.513206
     ],
     [
      -122.481956,
      38.51325
     ],
     [
      -122.482007,
      38.513296
     ],
     [
      -122.482424,
      38.513676
     ],
     [
      -122.48273,
      38.513945
     ],
     [
      -122.483739,
      38.514818
     ],
     [
      -122.484211,
      38.515225
     ],
     [
      -122.484415,
      38.515389
     ],
     [
      -122.48464,
      38.515557
     ],
     [
      -122.484855,
      38.515704
     ],
     [
      -122.485489,
      38.516163
     ],
     [
      -122.486373,
      38.516719
     ],
     [
      -122.48663,
      38.516879
     ],
     [
      -122.486888,
      38.517026
     ],
     [
      -122.487172,
      38.517179
     ],
     [
      -122.488023,
      38.517638
     ],
     [
      -122.488266,
      38.517769
     ],
     [
      -122.488698,
      38.518011
     ],
     [
      -122.489259,
      38.518325
     ],
     [
      -122.489553,
      38.51849
     ],
     [
      -122.489763,
      38.518608
     ],
     [
      -122.489898,
      38.518679
     ],
     [
      -122.490621,
      38.519066
     ],
     [
      -122.491066,
      38.519303
     ],
     [
      -122.491115,
      38.51933
     ],
     [
      -122.491323,
      38.519477
     ],
     [
      -122.492211,
      38.520102
     ],
     [
      -122.492356,
      38.520205
     ],
     [
      -122.492546,
      38.520345
     ],
     [
      -122.492855,
      38.520571
     ],
     [
      -122.493384,
      38.520957
     ],
     [
      -122.493898,
      38.521355
     ],
     [
      -122.493958,
      38.5214
     ],
     [
      -122.494248,
      38.521617
     ],
     [
      -122.494594,
      38.521879
     ],
     [
      -122.494773,
      38.522021
     ],
     [
      -122.494816,
      38.522055
     ],
     [
      -122.494988,
      38.522202
     ],
     [
      -122.495166,
      38.52237
     ],
     [
      -122.495409,
      38.522607
     ],
     [
      -122.495962,
      38.523179
     ],
     [
      -122.496371,
      38.52366
     ],
     [
      -122.496298,
      38.523708
     ],
     [
      -122.496027,
      38.523887
     ],
     [
      -122.494799,
      38.524697
     ],
     [
      -122.494291,
      38.525008
     ],
     [
      -122.494179,
      38.525081
     ],
     [
      -122.493993,
      38.5252
     ],
     [
      -122.49314,
      38.525753
     ],
     [
      -122.492591,
      38.526108
     ],
     [
      -122.492366,
      38.525861
     ],
     [
      -122.494911,
      38.528673
     ],
     [
      -122.495483,
      38.530094
     ],
     [
      -122.495802,
      38.532106
     ],
     [
      -122.495971,
      38.53375
     ],
     [
      -122.497198,
      38.538537
     ],
     [
      -122.498366,
      38.540913
     ],
     [
      -122.499252,
      38.542611
     ],
     [
      -122.502929,
      38.54636
     ],
     [
      -122.509016,
      38.552421
     ],
     [
      -122.512523,
      38.555612
     ],
     [
      -122.513598,
      38.556253
     ],
     [
      -122.515565,
      38.557029
     ],
     [
      -122.517919,
      38.557739
     ],
     [
      -122.521062,
      38.558356
     ],
     [
      -122.52725,
      38.559457
     ],
     [
      -122.5295,
      38.559942
     ],
     [
      -122.531242,
      38.560545
     ],
     [
      -122.534017,
      38.561683
     ],
     [
      -122.537246,
      38.562958
     ],
     [
      -122.542693,
      38.565184
     ],
     [
      -122.545803,
      38.566403
     ],
     [
      -122.548395,
      38.567174
     ],
     [
      -122.551593,
      38.568418
     ],
     [
      -122.554837,
      38.570258
     ],
     [
      -122.555934,
      38.570862
     ],
     [
      -122.557354,
      38.57144
     ],
     [
      -122.557809,
      38.571682
     ],
     [
      -122.557976,
      38.571734
     ],
     [
      -122.558089,
      38.571745
     ],
     [
      -122.558443,
      38.571686
     ],
     [
      -122.558677,
      38.571791
     ],
     [
      -122.559138,
      38.571993
     ],
     [
      -122.561131,
      38.572804
     ],
     [
      -122.56174,
      38.573025
     ],
     [
      -122.563896,
      38.573938
     ],
     [
      -122.565565,
      38.574623
     ],
     [
      -122.566352,
      38.574929
     ],
     [
      -122.567882,
      38.575486
     ],
     [
      -122.568061,
      38.575542
     ],
     [
      -122.568588,
      38.575708
     ],
     [
      -122.569109,
      38.575849
     ],
     [
      -122.570204,
      38.576147
     ],
     [
      -122.570952,
      38.57637
     ],
     [
      -122.570955,
      38.576408
     ],
     [
      -122.570969,
      38.576427
     ],
     [
      -122.57101,
      38.576441
     ],
     [
      -122.57108,
      38.576435
     ],
     [
      -122.571121,
      38.576419
     ],
     [
      -122.571211,
      38.576446
     ],
     [
      -122.572109,
      38.576686
     ],
     [
      -122.572318,
      38.576747
     ],
     [
      -122.572538,
      38.57681
     ],
     [
      -122.572756,
      38.576873
     ],
     [
      -122.572839,
      38.576897
     ],
     [
      -122.573178,
      38.576995
     ],
     [
      -122.573685,
      38.577141
     ],
     [
      -122.573915,
      38.577209
     ],
     [
      -122.574265,
      38.577313
     ],
     [
      -122.574485,
      38.577379
     ],
     [
      -122.575013,
      38.577531
     ],
     [
      -122.57547,
      38.577665
     ],
     [
      -122.575864,
      38.577776
     ],
     [
      -122.576287,
      38.577897
     ],
     [
      -122.57635,
      38.577914
     ],
     [
      -122.576583,
      38.577976
     ],
     [
      -122.576909,
      38.578061
     ],
     [
      -122.577115,
      38.57812
     ],
     [
      -122.577585,
      38.578244
     ],
     [
      -122.577903,
      38.578331
     ],
     [
      -122.577967,
      38.578349
     ],
     [
      -122.578425,
      38.57847
     ],
     [
      -122.578463,
      38.578481
     ],
     [
      -122.578879,
      38.578595
     ],
     [
      -122.579004,
      38.578629
     ]
    ]
   }
  },
  {
   "type": "Feature",
   "properties": {
    "company": "San Francisco and Napa Valley Railroad",
    "line": "San Francisco & Napa Valley: Vallejo – Napa",
    "id": "sfnv-vallejo-napa",
    "color": "#5B1A48",
    "mode": "interurban",
    "avg_speed_kmh": 39,
    "speed_source": "Measured from San Francisco, Napa & Calistoga employee Time Table No. 38, effective 20 April 1924: Calistoga-Vallejo, 41.6 timetable miles, in 98 min (No. 3, San Francisco Limited) to 107 min (No. 21, all stops) = 38-41 km/h; 39 km/h used. Applied unchanged to the other eras as an ESTIMATE - no other timetable was read.",
    "geometry_quality": "Traced 15.3 mi from the Vallejo ferry (foot of Georgia St) to Third and Jefferson Streets, Napa, against 14.5 timetable miles Vallejo-Napa (TT 38, 1924: Vallejo MP 41.6, Napa MP 27.1); the Napa station's own site is not sourced, so the cut is at the downtown junction the route description names. Three kinds of geometry: (1) 9.5 mi Vallejo (Sonoma Blvd near Louisiana St) - Flosden - Collins - Napa Junction - Suscol HAND-DIGITIZED from the USGS 1:62,500 Mare Island quadrangle, 1916 edition, where this line is drawn as a railroad and labelled \"San Francisco, Napa and Calistoga\", parallel to and west of the Southern Pacific; the GeoPDF was georeferenced from its neatline corners, positional error estimated at 50-100 m. Today's California Northern / Mare Island track sits on or within ~100 m of the digitized line between Vallejo and Napa Junction but was not used. (2) 1.4 mi of Vallejo street running APPROXIMATED on today's Georgia Street and Sonoma Boulevard (OSM road geometry); the timetable's stop notes (a curve at Sonoma and Georgia, a stop at Louisiana and Marin, a crossing at Capitol and Branciforte) imply a street route that has not been resolved, so this 1.4 mi is a guess at the right streets. (3) 4.4 mi Suscol - Napa APPROXIMATED on today's Napa-Vallejo Highway, Soscol Avenue and Third Street (OSM road geometry), following the Napa Valley Register's description (\"along Soscol Avenue, crossed the Napa River on Third Street, ... past the courthouse\"); where the railway ran on its own strip beside the road, the road stands in for it. No straight-line legs.",
    "segments": [
     {
      "start": 1935,
      "end": 1937,
      "headway_min": 90,
      "note": "The San Francisco, Napa & Calistoga was reorganized in 1935 as the San Francisco & Napa Valley Railroad, still lettered \"Napa Valley Route\"; it went into receivership on 1 March 1936. Two new steel combines (Nos. 62-63, St. Louis Car, 1933) were among the last conventional interurban cars built in the US. When the San Francisco ferry connection ended, so did the passenger trains: last regular passenger trains 12 September 1937, last mail trains 30 September 1937; buses replaced them (sold to Greyhound in 1942). A farewell excursion ran Vallejo - Napa on 13 February 1938 for a railfan society and is NOT drawn. Freight to Mare Island continued, later as a Sacramento Northern subsidiary, until 1956 - not drawn (Rule 1). Headway is the 1924 figure carried forward as an ESTIMATE.",
      "sources": [
       "Segment-level: the 1935 reorganization is from the Western Railway Museum and OAC; the 1 March 1936 receivership from trolleytuesdays; the 12 and 30 September 1937 last passenger and mail trains and the 13 February 1938 excursion from Wikipedia. The headway is NOT sourced for these years.",
       "https://en.wikipedia.org/wiki/San_Francisco,_Napa_and_Calistoga_Railway",
       "https://www.wrm.org/visit/car-roster/passenger-cars/interurban/item/103-san-francisco-and-napa-valley-63",
       "https://oac.cdlib.org/findaid/ark:/13030/c8wq059x/",
       "https://trolleytuesdays.blogspot.com/2021/05/trolley-thursday-52021-san-francisco.html"
      ]
     }
    ]
   },
   "geometry": {
    "type": "LineString",
    "coordinates": [
     [
      -122.262652,
      38.100978
     ],
     [
      -122.262449,
      38.101077
     ],
     [
      -122.262306,
      38.101133
     ],
     [
      -122.262174,
      38.101168
     ],
     [
      -122.262039,
      38.101194
     ],
     [
      -122.261851,
      38.101196
     ],
     [
      -122.261576,
      38.1012
     ],
     [
      -122.260797,
      38.101185
     ],
     [
      -122.260052,
      38.101176
     ],
     [
      -122.259968,
      38.101175
     ],
     [
      -122.25988,
      38.101173
     ],
     [
      -122.259241,
      38.101162
     ],
     [
      -122.258389,
      38.101149
     ],
     [
      -122.258297,
      38.101146
     ],
     [
      -122.258197,
      38.101143
     ],
     [
      -122.257438,
      38.101129
     ],
     [
      -122.256766,
      38.101121
     ],
     [
      -122.256655,
      38.10112
     ],
     [
      -122.256539,
      38.101118
     ],
     [
      -122.255846,
      38.101107
     ],
     [
      -122.255113,
      38.101101
     ],
     [
      -122.254983,
      38.1011
     ],
     [
      -122.254833,
      38.101097
     ],
     [
      -122.254983,
      38.1011
     ],
     [
      -122.254981,
      38.101199
     ],
     [
      -122.254971,
      38.101593
     ],
     [
      -122.254961,
      38.101987
     ],
     [
      -122.254959,
      38.102095
     ],
     [
      -122.254956,
      38.102192
     ],
     [
      -122.254952,
      38.102365
     ],
     [
      -122.254947,
      38.102595
     ],
     [
      -122.254946,
      38.102641
     ],
     [
      -122.254944,
      38.102689
     ],
     [
      -122.254937,
      38.102984
     ],
     [
      -122.254935,
      38.103066
     ],
     [
      -122.254933,
      38.103169
     ],
     [
      -122.254928,
      38.103347
     ],
     [
      -122.254923,
      38.103567
     ],
     [
      -122.254914,
      38.103942
     ],
     [
      -122.25491,
      38.104079
     ],
     [
      -122.254907,
      38.104206
     ],
     [
      -122.254904,
      38.104342
     ],
     [
      -122.2549,
      38.104514
     ],
     [
      -122.254899,
      38.104564
     ],
     [
      -122.254895,
      38.104723
     ],
     [
      -122.254893,
      38.104779
     ],
     [
      -122.25489,
      38.104922
     ],
     [
      -122.254887,
      38.105058
     ],
     [
      -122.254883,
      38.105203
     ],
     [
      -122.25488,
      38.105355
     ],
     [
      -122.254875,
      38.105539
     ],
     [
      -122.254873,
      38.105635
     ],
     [
      -122.254866,
      38.105962
     ],
     [
      -122.254864,
      38.10604
     ],
     [
      -122.254862,
      38.106134
     ],
     [
      -122.254852,
      38.106545
     ],
     [
      -122.254843,
      38.106939
     ],
     [
      -122.254841,
      38.107033
     ],
     [
      -122.254838,
      38.107129
     ],
     [
      -122.254829,
      38.107522
     ],
     [
      -122.25482,
      38.107919
     ],
     [
      -122.254818,
      38.108022
     ],
     [
      -122.254815,
      38.108129
     ],
     [
      -122.254806,
      38.108519
     ],
     [
      -122.254797,
      38.108918
     ],
     [
      -122.254795,
      38.109008
     ],
     [
      -122.254792,
      38.109102
     ],
     [
      -122.25479,
      38.109205
     ],
     [
      -122.254785,
      38.109417
     ],
     [
      -122.254783,
      38.109506
     ],
     [
      -122.25478,
      38.109638
     ],
     [
      -122.254779,
      38.109705
     ],
     [
      -122.254774,
      38.109901
     ],
     [
      -122.254772,
      38.109995
     ],
     [
      -122.25474,
      38.110102
     ],
     [
      -122.254737,
      38.110175
     ],
     [
      -122.254728,
      38.110399
     ],
     [
      -122.254725,
      38.110493
     ],
     [
      -122.254714,
      38.110992
     ],
     [
      -122.254707,
      38.11125
     ],
     [
      -122.2547,
      38.111494
     ],
     [
      -122.254689,
      38.111975
     ],
     [
      -122.254675,
      38.112475
     ],
     [
      -122.254661,
      38.112945
     ],
     [
      -122.254648,
      38.113357
     ],
     [
      -122.254638,
      38.113672
     ],
     [
      -122.254631,
      38.113911
     ],
     [
      -122.254619,
      38.114025
     ],
     [
      -122.254569,
      38.114253
     ],
     [
      -122.254525,
      38.114375
     ],
     [
      -122.254502,
      38.114436
     ],
     [
      -122.254447,
      38.114588
     ],
     [
      -122.254422,
      38.114656
     ],
     [
      -122.254387,
      38.114822
     ],
     [
      -122.254373,
      38.114982
     ],
     [
      -122.254077,
      38.115028
     ],
     [
      -122.252918,
      38.117259
     ],
     [
      -122.251888,
      38.119085
     ],
     [
      -122.251062,
      38.121723
     ],
     [
      -122.251367,
      38.123548
     ],
     [
      -122.251619,
      38.125983
     ],
     [
      -122.250846,
      38.128012
     ],
     [
      -122.251817,
      38.130852
     ],
     [
      -122.251857,
      38.137344
     ],
     [
      -122.251934,
      38.137344
     ],
     [
      -122.251772,
      38.141888
     ],
     [
      -122.251917,
      38.147569
     ],
     [
      -122.252163,
      38.154061
     ],
     [
      -122.252256,
      38.160147
     ],
     [
      -122.252144,
      38.165422
     ],
     [
      -122.252341,
      38.170291
     ],
     [
      -122.252701,
      38.170291
     ],
     [
      -122.25372,
      38.175849
     ],
     [
      -122.254738,
      38.181935
     ],
     [
      -122.255345,
      38.188022
     ],
     [
      -122.255544,
      38.192079
     ],
     [
      -122.255588,
      38.196137
     ],
     [
      -122.255579,
      38.202223
     ],
     [
      -122.255569,
      38.208309
     ],
     [
      -122.255569,
      38.208309
     ],
     [
      -122.256228,
      38.213827
     ],
     [
      -122.256835,
      38.219913
     ],
     [
      -122.257443,
      38.226
     ],
     [
      -122.257744,
      38.230869
     ],
     [
      -122.258152,
      38.232897
     ],
     [
      -122.262878,
      38.236955
     ],
     [
      -122.267245,
      38.240809
     ],
     [
      -122.268012,
      38.243852
     ],
     [
      -122.268779,
      38.247098
     ],
     [
      -122.269137,
      38.248316
     ],
     [
      -122.269969,
      38.248265
     ],
     [
      -122.270556,
      38.250341
     ],
     [
      -122.271272,
      38.252979
     ],
     [
      -122.271358,
      38.253286
     ],
     [
      -122.271428,
      38.253585
     ],
     [
      -122.271476,
      38.253897
     ],
     [
      -122.271497,
      38.254177
     ],
     [
      -122.271492,
      38.254469
     ],
     [
      -122.27146,
      38.254786
     ],
     [
      -122.271407,
      38.255106
     ],
     [
      -122.271224,
      38.256079
     ],
     [
      -122.27116,
      38.256484
     ],
     [
      -122.271101,
      38.25701
     ],
     [
      -122.27102,
      38.257739
     ],
     [
      -122.270983,
      38.258261
     ],
     [
      -122.270918,
      38.259762
     ],
     [
      -122.270897,
      38.260241
     ],
     [
      -122.270806,
      38.262103
     ],
     [
      -122.270796,
      38.262378
     ],
     [
      -122.27079,
      38.262562
     ],
     [
      -122.27079,
      38.262645
     ],
     [
      -122.270792,
      38.263067
     ],
     [
      -122.270792,
      38.263166
     ],
     [
      -122.270814,
      38.263878
     ],
     [
      -122.270833,
      38.26428
     ],
     [
      -122.270866,
      38.264688
     ],
     [
      -122.270901,
      38.265141
     ],
     [
      -122.270943,
      38.265548
     ],
     [
      -122.271012,
      38.266097
     ],
     [
      -122.271068,
      38.266476
     ],
     [
      -122.27115,
      38.266928
     ],
     [
      -122.271236,
      38.2674
     ],
     [
      -122.271378,
      38.268057
     ],
     [
      -122.271499,
      38.268628
     ],
     [
      -122.27162,
      38.269181
     ],
     [
      -122.271795,
      38.269981
     ],
     [
      -122.27181,
      38.270051
     ],
     [
      -122.271826,
      38.270125
     ],
     [
      -122.272001,
      38.270105
     ],
     [
      -122.272104,
      38.270557
     ],
     [
      -122.272151,
      38.270778
     ],
     [
      -122.27301,
      38.274763
     ],
     [
      -122.273214,
      38.275732
     ],
     [
      -122.273321,
      38.276207
     ],
     [
      -122.27345,
      38.276709
     ],
     [
      -122.2735,
      38.276823
     ],
     [
      -122.273584,
      38.277088
     ],
     [
      -122.273673,
      38.277426
     ],
     [
      -122.273702,
      38.277542
     ],
     [
      -122.273826,
      38.277934
     ],
     [
      -122.27392,
      38.278277
     ],
     [
      -122.273944,
      38.278372
     ],
     [
      -122.273963,
      38.278437
     ],
     [
      -122.274057,
      38.278883
     ],
     [
      -122.274087,
      38.279019
     ],
     [
      -122.274106,
      38.279111
     ],
     [
      -122.274112,
      38.279144
     ],
     [
      -122.274135,
      38.279265
     ],
     [
      -122.274154,
      38.279395
     ],
     [
      -122.274177,
      38.279539
     ],
     [
      -122.274192,
      38.279663
     ],
     [
      -122.274209,
      38.279793
     ],
     [
      -122.274225,
      38.279923
     ],
     [
      -122.274237,
      38.280054
     ],
     [
      -122.274248,
      38.280186
     ],
     [
      -122.274257,
      38.280316
     ],
     [
      -122.274274,
      38.280526
     ],
     [
      -122.274282,
      38.280623
     ],
     [
      -122.274319,
      38.281041
     ],
     [
      -122.274333,
      38.281192
     ],
     [
      -122.274363,
      38.281377
     ],
     [
      -122.274384,
      38.281628
     ],
     [
      -122.274406,
      38.28183
     ],
     [
      -122.274459,
      38.2823
     ],
     [
      -122.274467,
      38.282421
     ],
     [
      -122.274505,
      38.282877
     ],
     [
      -122.274563,
      38.283585
     ],
     [
      -122.274585,
      38.283816
     ],
     [
      -122.2746,
      38.283987
     ],
     [
      -122.274553,
      38.28409
     ],
     [
      -122.274565,
      38.284344
     ],
     [
      -122.274578,
      38.284601
     ],
     [
      -122.274588,
      38.284802
     ],
     [
      -122.27462,
      38.285039
     ],
     [
      -122.274628,
      38.285186
     ],
     [
      -122.27468,
      38.285807
     ],
     [
      -122.27468,
      38.285821
     ],
     [
      -122.27469,
      38.286001
     ],
     [
      -122.274697,
      38.286134
     ],
     [
      -122.274745,
      38.286451
     ],
     [
      -122.274761,
      38.286552
     ],
     [
      -122.27479,
      38.28673
     ],
     [
      -122.274826,
      38.286869
     ],
     [
      -122.274931,
      38.287312
     ],
     [
      -122.27499,
      38.287481
     ],
     [
      -122.275059,
      38.287681
     ],
     [
      -122.275096,
      38.287788
     ],
     [
      -122.275139,
      38.287899
     ],
     [
      -122.275228,
      38.288127
     ],
     [
      -122.275267,
      38.288226
     ],
     [
      -122.275293,
      38.288284
     ],
     [
      -122.275365,
      38.288433
     ],
     [
      -122.27543,
      38.288603
     ],
     [
      -122.275449,
      38.288727
     ],
     [
      -122.27548,
      38.288788
     ],
     [
      -122.27551,
      38.28885
     ],
     [
      -122.275541,
      38.28891
     ],
     [
      -122.275572,
      38.288971
     ],
     [
      -122.275605,
      38.289033
     ],
     [
      -122.275637,
      38.289093
     ],
     [
      -122.27567,
      38.289152
     ],
     [
      -122.275705,
      38.289214
     ],
     [
      -122.275739,
      38.289274
     ],
     [
      -122.275774,
      38.289334
     ],
     [
      -122.275809,
      38.289393
     ],
     [
      -122.275846,
      38.289452
     ],
     [
      -122.275883,
      38.289511
     ],
     [
      -122.275919,
      38.28957
     ],
     [
      -122.275957,
      38.289629
     ],
     [
      -122.275995,
      38.289688
     ],
     [
      -122.276033,
      38.289746
     ],
     [
      -122.276072,
      38.289804
     ],
     [
      -122.276234,
      38.290034
     ],
     [
      -122.276394,
      38.290263
     ],
     [
      -122.276453,
      38.290347
     ],
     [
      -122.276826,
      38.290881
     ],
     [
      -122.276899,
      38.290988
     ],
     [
      -122.276975,
      38.291098
     ],
     [
      -122.277195,
      38.291423
     ],
     [
      -122.277496,
      38.29185
     ],
     [
      -122.277926,
      38.292435
     ],
     [
      -122.27798,
      38.292468
     ],
     [
      -122.278175,
      38.292748
     ],
     [
      -122.278201,
      38.292785
     ],
     [
      -122.278431,
      38.293102
     ],
     [
      -122.278536,
      38.293263
     ],
     [
      -122.278639,
      38.293411
     ],
     [
      -122.278677,
      38.293459
     ],
     [
      -122.278738,
      38.293549
     ],
     [
      -122.278904,
      38.293783
     ],
     [
      -122.278931,
      38.293822
     ],
     [
      -122.279001,
      38.293922
     ],
     [
      -122.279331,
      38.294401
     ],
     [
      -122.279343,
      38.294415
     ],
     [
      -122.279382,
      38.294464
     ],
     [
      -122.279395,
      38.294484
     ],
     [
      -122.279544,
      38.294709
     ],
     [
      -122.279571,
      38.294758
     ],
     [
      -122.279791,
      38.295046
     ],
     [
      -122.279879,
      38.295161
     ],
     [
      -122.279931,
      38.295229
     ],
     [
      -122.280123,
      38.295499
     ],
     [
      -122.280215,
      38.295639
     ],
     [
      -122.280628,
      38.296249
     ],
     [
      -122.280699,
      38.296337
     ],
     [
      -122.280775,
      38.296452
     ],
     [
      -122.280907,
      38.296642
     ],
     [
      -122.280949,
      38.296701
     ],
     [
      -122.281012,
      38.296796
     ],
     [
      -122.281037,
      38.296835
     ],
     [
      -122.281205,
      38.297066
     ],
     [
      -122.281234,
      38.297095
     ],
     [
      -122.281212,
      38.297168
     ],
     [
      -122.281444,
      38.297504
     ],
     [
      -122.281573,
      38.29769
     ],
     [
      -122.281622,
      38.29776
     ],
     [
      -122.282122,
      38.298474
     ],
     [
      -122.282169,
      38.29854
     ],
     [
      -122.282187,
      38.298565
     ],
     [
      -122.282334,
      38.298524
     ],
     [
      -122.282421,
      38.298495
     ],
     [
      -122.282605,
      38.298437
     ],
     [
      -122.282695,
      38.298407
     ],
     [
      -122.283086,
      38.298261
     ],
     [
      -122.283149,
      38.298238
     ],
     [
      -122.28366,
      38.298051
     ],
     [
      -122.284004,
      38.297925
     ],
     [
      -122.284256,
      38.297813
     ],
     [
      -122.284355,
      38.297768
     ],
     [
      -122.284422,
      38.297736
     ],
     [
      -122.284807,
      38.29755
     ],
     [
      -122.284887,
      38.297511
     ],
     [
      -122.284957,
      38.297476
     ],
     [
      -122.285682,
      38.29711
     ],
     [
      -122.285758,
      38.297071
     ],
     [
      -122.285846,
      38.29703
     ],
     [
      -122.286081,
      38.29692
     ],
     [
      -122.28635,
      38.296818
     ],
     [
      -122.286671,
      38.296664
     ],
     [
      -122.287534,
      38.296208
     ],
     [
      -122.288018,
      38.295959
     ],
     [
      -122.288288,
      38.29582
     ],
     [
      -122.28849,
      38.295727
     ],
     [
      -122.288676,
      38.295641
     ],
     [
      -122.289286,
      38.29536
     ],
     [
      -122.289591,
      38.295277
     ],
     [
      -122.289888,
      38.29531
     ],
     [
      -122.290359,
      38.295363
     ],
     [
      -122.291384,
      38.295477
     ],
     [
      -122.292982,
      38.295656
     ],
     [
      -122.293102,
      38.295669
     ],
     [
      -122.293256,
      38.295687
     ],
     [
      -122.293308,
      38.295692
     ],
     [
      -122.293693,
      38.295733
     ]
    ]
   }
  },
  {
   "type": "Feature",
   "properties": {
    "company": "San Francisco and Napa Valley Railroad",
    "line": "San Francisco & Napa Valley: Napa – St. Helena",
    "id": "sfnv-napa-st-helena",
    "color": "#5B1A48",
    "mode": "interurban",
    "avg_speed_kmh": 39,
    "speed_source": "Measured from San Francisco, Napa & Calistoga employee Time Table No. 38, effective 20 April 1924: Calistoga-Vallejo, 41.6 timetable miles, in 98 min (No. 3, San Francisco Limited) to 107 min (No. 21, all stops) = 38-41 km/h; 39 km/h used. Applied unchanged to the other eras as an ESTIMATE - no other timetable was read.",
    "geometry_quality": "Napa (Third and Jefferson) - Yountville, traced 8.8 mi against 9.6 timetable miles Napa-Yountville. 2.1 mi north on Jefferson Street on OSM road geometry (route per the Napa Valley Register); 0.5 mi STRAIGHT LINE from Jefferson Street west to Union (the junction with the parallel railroad is not resolved); 6.1 mi Union - Yountville drawn on the Napa Valley Wine Train track (ex-Southern Pacific Napa Valley branch, OSM \"Napa Valley Railroad\") as a PROXY ON THE WRONG RAILROAD: the electric line ran on its own track parallel to the SP (\"paralleled the Napa Valley Railroad tracks almost to Rutherford\"), so the drawn line is the neighbour's, typically within ~100 m. LATER ALIGNMENT: through Yountville the wine-train track was relocated west of the SR-29 freeway when the freeway was built over the original SP grade, so the drawn track there post-dates this railroad. / Yountville - St. Helena (Main Street at Pratt Avenue, the terminus in 1910), traced 10.0 mi against 8.9 timetable miles Yountville-St. Helena (the drawn end is the north-end terminus, past the St. Helena station). 5.3 mi Yountville - Rutherford on the Napa Valley Wine Train track as a PROXY ON THE WRONG RAILROAD (the SP's track; the electric line paralleled it), including the post-freeway Yountville relocation (LATER ALIGNMENT). 4.7 mi Rutherford - St. Helena APPROXIMATED on SR-29 (St. Helena Highway South / Main Street, OSM road geometry): the Register says the line swung west \"to pass behind the Rutherford school house\" and came back east to within 200 ft of the SP before crossing Sulphur Creek and running up Main Street; the size of that westward swing is not known, so the drawn line may be off by a few hundred metres between Rutherford and St. Helena.",
    "segments": [
     {
      "start": 1935,
      "end": 1937,
      "headway_min": 130,
      "note": "SF&NV era, to the end of passenger service on 12 September 1937. Track and wire between Napa and Calistoga were removed in 1938-39. Headway is the 1924 figure carried forward as an ESTIMATE.",
      "sources": [
       "Segment-level: dates as for the SF&NV Vallejo - Napa feature; the 1938 removal is from Wikipedia and the Register (crews began removing track late November 1939 per a Register search summary). The headway is NOT sourced for these years.",
       "https://en.wikipedia.org/wiki/San_Francisco,_Napa_and_Calistoga_Railway",
       "https://www.wrm.org/visit/car-roster/passenger-cars/interurban/item/103-san-francisco-and-napa-valley-63",
       "https://napavalleyregister.com/news/local/before-the-car-an-electric-railroad-ruled-the-napa-valley/article_c953dc64-6e1e-5ed6-b13a-c324dd0e412f.html"
      ]
     }
    ]
   },
   "geometry": {
    "type": "LineString",
    "coordinates": [
     [
      -122.293693,
      38.295733
     ],
     [
      -122.293574,
      38.296465
     ],
     [
      -122.293561,
      38.296544
     ],
     [
      -122.293547,
      38.296621
     ],
     [
      -122.293489,
      38.296934
     ],
     [
      -122.29347,
      38.297042
     ],
     [
      -122.293413,
      38.297362
     ],
     [
      -122.293399,
      38.297443
     ],
     [
      -122.293385,
      38.297526
     ],
     [
      -122.293326,
      38.297866
     ],
     [
      -122.293258,
      38.298252
     ],
     [
      -122.29321,
      38.298539
     ],
     [
      -122.293183,
      38.298701
     ],
     [
      -122.293147,
      38.298949
     ],
     [
      -122.293129,
      38.299078
     ],
     [
      -122.29312,
      38.299122
     ],
     [
      -122.293114,
      38.29916
     ],
     [
      -122.293096,
      38.299251
     ],
     [
      -122.293089,
      38.29929
     ],
     [
      -122.293052,
      38.299493
     ],
     [
      -122.293042,
      38.299559
     ],
     [
      -122.29304,
      38.299625
     ],
     [
      -122.293042,
      38.299692
     ],
     [
      -122.293052,
      38.299757
     ],
     [
      -122.293068,
      38.299823
     ],
     [
      -122.293091,
      38.29988
     ],
     [
      -122.293115,
      38.299935
     ],
     [
      -122.293131,
      38.299965
     ],
     [
      -122.293144,
      38.299991
     ],
     [
      -122.293158,
      38.300017
     ],
     [
      -122.293173,
      38.300044
     ],
     [
      -122.293311,
      38.300288
     ],
     [
      -122.293379,
      38.300407
     ],
     [
      -122.293416,
      38.300481
     ],
     [
      -122.293441,
      38.300552
     ],
     [
      -122.293487,
      38.300667
     ],
     [
      -122.293521,
      38.30076
     ],
     [
      -122.293543,
      38.300829
     ],
     [
      -122.293574,
      38.300921
     ],
     [
      -122.293675,
      38.301247
     ],
     [
      -122.293733,
      38.301439
     ],
     [
      -122.293763,
      38.301545
     ],
     [
      -122.293788,
      38.301632
     ],
     [
      -122.293804,
      38.301694
     ],
     [
      -122.293809,
      38.301717
     ],
     [
      -122.293848,
      38.30187
     ],
     [
      -122.293875,
      38.301977
     ],
     [
      -122.293923,
      38.302164
     ],
     [
      -122.293942,
      38.302236
     ],
     [
      -122.29399,
      38.302392
     ],
     [
      -122.294013,
      38.30247
     ],
     [
      -122.29404,
      38.302558
     ],
     [
      -122.29405,
      38.302593
     ],
     [
      -122.294089,
      38.302723
     ],
     [
      -122.294097,
      38.302745
     ],
     [
      -122.294123,
      38.302841
     ],
     [
      -122.294177,
      38.303025
     ],
     [
      -122.294189,
      38.303064
     ],
     [
      -122.294234,
      38.30323
     ],
     [
      -122.294275,
      38.303378
     ],
     [
      -122.294433,
      38.303839
     ],
     [
      -122.294452,
      38.303914
     ],
     [
      -122.294538,
      38.304028
     ],
     [
      -122.294608,
      38.304225
     ],
     [
      -122.294657,
      38.304375
     ],
     [
      -122.294732,
      38.304644
     ],
     [
      -122.294857,
      38.305158
     ],
     [
      -122.29484,
      38.305234
     ],
     [
      -122.294894,
      38.305469
     ],
     [
      -122.294976,
      38.305781
     ],
     [
      -122.295114,
      38.306252
     ],
     [
      -122.295336,
      38.307056
     ],
     [
      -122.295457,
      38.307464
     ],
     [
      -122.295484,
      38.307552
     ],
     [
      -122.295578,
      38.307869
     ],
     [
      -122.295617,
      38.307982
     ],
     [
      -122.295749,
      38.308362
     ],
     [
      -122.295852,
      38.308436
     ],
     [
      -122.295944,
      38.308748
     ],
     [
      -122.296104,
      38.309291
     ],
     [
      -122.296261,
      38.309812
     ],
     [
      -122.296355,
      38.310131
     ],
     [
      -122.296677,
      38.31127
     ],
     [
      -122.296777,
      38.311642
     ],
     [
      -122.296876,
      38.312012
     ],
     [
      -122.297049,
      38.312663
     ],
     [
      -122.297369,
      38.313702
     ],
     [
      -122.297502,
      38.314175
     ],
     [
      -122.29752,
      38.314236
     ],
     [
      -122.297539,
      38.314302
     ],
     [
      -122.297553,
      38.314374
     ],
     [
      -122.297573,
      38.314441
     ],
     [
      -122.297926,
      38.315638
     ],
     [
      -122.297993,
      38.315889
     ],
     [
      -122.298049,
      38.3161
     ],
     [
      -122.298177,
      38.316573
     ],
     [
      -122.29819,
      38.316624
     ],
     [
      -122.2984,
      38.317278
     ],
     [
      -122.298417,
      38.31734
     ],
     [
      -122.298503,
      38.317652
     ],
     [
      -122.298588,
      38.317957
     ],
     [
      -122.298664,
      38.318229
     ],
     [
      -122.298744,
      38.318518
     ],
     [
      -122.298856,
      38.318883
     ],
     [
      -122.298983,
      38.319362
     ],
     [
      -122.299006,
      38.319437
     ],
     [
      -122.299028,
      38.319513
     ],
     [
      -122.299179,
      38.32002
     ],
     [
      -122.299248,
      38.320251
     ],
     [
      -122.299311,
      38.320473
     ],
     [
      -122.299366,
      38.320664
     ],
     [
      -122.299396,
      38.320798
     ],
     [
      -122.299429,
      38.32092
     ],
     [
      -122.299454,
      38.320995
     ],
     [
      -122.299481,
      38.3211
     ],
     [
      -122.299576,
      38.321422
     ],
     [
      -122.299681,
      38.321741
     ],
     [
      -122.299729,
      38.321867
     ],
     [
      -122.29976,
      38.321948
     ],
     [
      -122.299844,
      38.322145
     ],
     [
      -122.29994,
      38.322307
     ],
     [
      -122.300048,
      38.322483
     ],
     [
      -122.300144,
      38.322639
     ],
     [
      -122.300182,
      38.322702
     ],
     [
      -122.300257,
      38.322832
     ],
     [
      -122.300292,
      38.322891
     ],
     [
      -122.300398,
      38.323068
     ],
     [
      -122.300497,
      38.323233
     ],
     [
      -122.300543,
      38.3233
     ],
     [
      -122.300761,
      38.32354
     ],
     [
      -122.301016,
      38.323863
     ],
     [
      -122.301207,
      38.324153
     ],
     [
      -122.301251,
      38.324221
     ],
     [
      -122.30132,
      38.324298
     ],
     [
      -122.301595,
      38.324603
     ],
     [
      -122.302287,
      38.325449
     ],
     [
      -122.310317,
      38.322319
     ],
     [
      -122.310818,
      38.322915
     ],
     [
      -122.311567,
      38.323771
     ],
     [
      -122.31741,
      38.330562
     ],
     [
      -122.317509,
      38.330676
     ],
     [
      -122.319268,
      38.332704
     ],
     [
      -122.320048,
      38.333674
     ],
     [
      -122.320121,
      38.333768
     ],
     [
      -122.321943,
      38.3361
     ],
     [
      -122.324013,
      38.338713
     ],
     [
      -122.324298,
      38.339087
     ],
     [
      -122.324578,
      38.339482
     ],
     [
      -122.324797,
      38.339862
     ],
     [
      -122.325043,
      38.340346
     ],
     [
      -122.326375,
      38.342888
     ],
     [
      -122.328667,
      38.34727
     ],
     [
      -122.330306,
      38.350394
     ],
     [
      -122.33171,
      38.352986
     ],
     [
      -122.333256,
      38.355958
     ],
     [
      -122.337962,
      38.364908
     ],
     [
      -122.338138,
      38.36524
     ],
     [
      -122.338941,
      38.366739
     ],
     [
      -122.345339,
      38.37887
     ],
     [
      -122.345648,
      38.379401
     ],
     [
      -122.34594,
      38.379872
     ],
     [
      -122.347772,
      38.382679
     ],
     [
      -122.347823,
      38.382757
     ],
     [
      -122.349592,
      38.385516
     ],
     [
      -122.350723,
      38.387291
     ],
     [
      -122.351861,
      38.389089
     ],
     [
      -122.352312,
      38.389745
     ],
     [
      -122.354694,
      38.393072
     ],
     [
      -122.354953,
      38.393409
     ],
     [
      -122.35534,
      38.393836
     ],
     [
      -122.355652,
      38.394154
     ],
     [
      -122.356009,
      38.394486
     ],
     [
      -122.356338,
      38.394755
     ],
     [
      -122.358567,
      38.396434
     ],
     [
      -122.358937,
      38.39672
     ],
     [
      -122.359272,
      38.396992
     ],
     [
      -122.359628,
      38.397322
     ],
     [
      -122.359701,
      38.397385
     ],
     [
      -122.359856,
      38.397538
     ],
     [
      -122.360157,
      38.397852
     ],
     [
      -122.360918,
      38.398687
     ],
     [
      -122.361282,
      38.399072
     ],
     [
      -122.361618,
      38.399417
     ],
     [
      -122.361958,
      38.39974
     ],
     [
      -122.362814,
      38.400502
     ],
     [
      -122.368302,
      38.405328
     ],
     [
      -122.368606,
      38.405593
     ],
     [
      -122.368981,
      38.405884
     ],
     [
      -122.369277,
      38.406079
     ],
     [
      -122.369612,
      38.40628
     ],
     [
      -122.369945,
      38.406452
     ],
     [
      -122.371629,
      38.407251
     ],
     [
      -122.372423,
      38.407616
     ],
     [
      -122.373163,
      38.407936
     ],
     [
      -122.373946,
      38.408251
     ],
     [
      -122.374773,
      38.408558
     ],
     [
      -122.379316,
      38.410139
     ],
     [
      -122.380099,
      38.410433
     ],
     [
      -122.380888,
      38.410778
     ],
     [
      -122.381623,
      38.411122
     ],
     [
      -122.382352,
      38.411492
     ],
     [
      -122.383007,
      38.411854
     ],
     [
      -122.383602,
      38.412211
     ],
     [
      -122.384192,
      38.412589
     ],
     [
      -122.384793,
      38.413005
     ],
     [
      -122.385334,
      38.413393
     ],
     [
      -122.385888,
      38.413846
     ],
     [
      -122.386408,
      38.414288
     ],
     [
      -122.386918,
      38.414754
     ],
     [
      -122.387497,
      38.415351
     ],
     [
      -122.388048,
      38.415946
     ],
     [
      -122.38883,
      38.416937
     ],
     [
      -122.38933,
      38.41767
     ],
     [
      -122.389765,
      38.418376
     ],
     [
      -122.390148,
      38.419089
     ],
     [
      -122.390497,
      38.419835
     ],
     [
      -122.390959,
      38.42104
     ],
     [
      -122.391702,
      38.423273
     ],
     [
      -122.391866,
      38.423694
     ],
     [
      -122.392083,
      38.424139
     ],
     [
      -122.392352,
      38.424576
     ],
     [
      -122.392668,
      38.425018
     ],
     [
      -122.393867,
      38.426507
     ],
     [
      -122.39436,
      38.427101
     ],
     [
      -122.395166,
      38.42811
     ],
     [
      -122.395688,
      38.428728
     ],
     [
      -122.397888,
      38.431208
     ],
     [
      -122.399157,
      38.432609
     ],
     [
      -122.400093,
      38.433671
     ],
     [
      -122.400613,
      38.434236
     ],
     [
      -122.402863,
      38.436701
     ],
     [
      -122.404663,
      38.438696
     ],
     [
      -122.406058,
      38.440234
     ],
     [
      -122.407682,
      38.442023
     ],
     [
      -122.408484,
      38.442914
     ],
     [
      -122.410632,
      38.445295
     ],
     [
      -122.411094,
      38.445808
     ],
     [
      -122.411144,
      38.445864
     ],
     [
      -122.412595,
      38.447476
     ],
     [
      -122.413258,
      38.448212
     ],
     [
      -122.414906,
      38.450028
     ],
     [
      -122.417083,
      38.452394
     ],
     [
      -122.419371,
      38.454848
     ],
     [
      -122.42008,
      38.455602
     ],
     [
      -122.421463,
      38.457079
     ],
     [
      -122.422862,
      38.458576
     ],
     [
      -122.422987,
      38.458713
     ],
     [
      -122.422801,
      38.45876
     ],
     [
      -122.423015,
      38.458985
     ],
     [
      -122.423141,
      38.459117
     ],
     [
      -122.423273,
      38.45926
     ],
     [
      -122.423671,
      38.459704
     ],
     [
      -122.424199,
      38.460302
     ],
     [
      -122.424493,
      38.46071
     ],
     [
      -122.425874,
      38.462637
     ],
     [
      -122.426922,
      38.464123
     ],
     [
      -122.427006,
      38.46424
     ],
     [
      -122.427016,
      38.464254
     ],
     [
      -122.427291,
      38.464607
     ],
     [
      -122.427807,
      38.465336
     ],
     [
      -122.427909,
      38.465477
     ],
     [
      -122.428787,
      38.466698
     ],
     [
      -122.429806,
      38.468125
     ],
     [
      -122.430205,
      38.468666
     ],
     [
      -122.430344,
      38.468877
     ],
     [
      -122.430957,
      38.469798
     ],
     [
      -122.431097,
      38.470008
     ],
     [
      -122.431305,
      38.470315
     ],
     [
      -122.431514,
      38.470628
     ],
     [
      -122.431975,
      38.471315
     ],
     [
      -122.432119,
      38.471515
     ],
     [
      -122.43227,
      38.471739
     ],
     [
      -122.432526,
      38.472116
     ],
     [
      -122.43295,
      38.472708
     ],
     [
      -122.433234,
      38.473128
     ],
     [
      -122.433658,
      38.473766
     ],
     [
      -122.434023,
      38.474333
     ],
     [
      -122.434035,
      38.474351
     ],
     [
      -122.434506,
      38.475039
     ],
     [
      -122.434592,
      38.475156
     ],
     [
      -122.434836,
      38.475515
     ],
     [
      -122.435098,
      38.475906
     ],
     [
      -122.435418,
      38.476352
     ],
     [
      -122.435484,
      38.476443
     ],
     [
      -122.435677,
      38.476669
     ],
     [
      -122.435867,
      38.476889
     ],
     [
      -122.435987,
      38.477005
     ],
     [
      -122.436016,
      38.477032
     ],
     [
      -122.436134,
      38.477133
     ],
     [
      -122.436208,
      38.477196
     ],
     [
      -122.436268,
      38.477249
     ],
     [
      -122.436449,
      38.477408
     ],
     [
      -122.436718,
      38.477644
     ],
     [
      -122.436925,
      38.477823
     ],
     [
      -122.437158,
      38.478019
     ],
     [
      -122.437274,
      38.478117
     ],
     [
      -122.437299,
      38.478138
     ],
     [
      -122.438261,
      38.478944
     ],
     [
      -122.438365,
      38.479033
     ],
     [
      -122.439579,
      38.480059
     ],
     [
      -122.440419,
      38.480769
     ],
     [
      -122.440471,
      38.480813
     ],
     [
      -122.441678,
      38.481833
     ],
     [
      -122.442292,
      38.482356
     ],
     [
      -122.442593,
      38.482608
     ],
     [
      -122.442887,
      38.482846
     ],
     [
      -122.443362,
      38.483253
     ],
     [
      -122.443771,
      38.483597
     ],
     [
      -122.444165,
      38.483927
     ],
     [
      -122.445851,
      38.485346
     ],
     [
      -122.446007,
      38.485486
     ],
     [
      -122.44645,
      38.485861
     ],
     [
      -122.447473,
      38.486741
     ],
     [
      -122.448131,
      38.48728
     ],
     [
      -122.448574,
      38.487649
     ],
     [
      -122.448645,
      38.487708
     ],
     [
      -122.448683,
      38.48774
     ],
     [
      -122.449026,
      38.488057
     ],
     [
      -122.449799,
      38.488685
     ],
     [
      -122.450088,
      38.488926
     ],
     [
      -122.450527,
      38.489292
     ],
     [
      -122.451046,
      38.489734
     ],
     [
      -122.451522,
      38.490139
     ],
     [
      -122.451741,
      38.49033
     ],
     [
      -122.452461,
      38.490964
     ],
     [
      -122.45254,
      38.491033
     ],
     [
      -122.452794,
      38.491248
     ],
     [
      -122.453136,
      38.491538
     ],
     [
      -122.453339,
      38.49171
     ],
     [
      -122.453401,
      38.491761
     ],
     [
      -122.453824,
      38.492114
     ],
     [
      -122.453929,
      38.492203
     ],
     [
      -122.454061,
      38.492307
     ],
     [
      -122.454151,
      38.492392
     ],
     [
      -122.454287,
      38.492509
     ],
     [
      -122.454485,
      38.492685
     ],
     [
      -122.454595,
      38.492784
     ],
     [
      -122.454705,
      38.492883
     ],
     [
      -122.454814,
      38.492982
     ],
     [
      -122.455103,
      38.493245
     ],
     [
      -122.455236,
      38.493362
     ],
     [
      -122.455513,
      38.493602
     ],
     [
      -122.455552,
      38.493636
     ],
     [
      -122.455832,
      38.493875
     ],
     [
      -122.456331,
      38.494306
     ],
     [
      -122.456502,
      38.494456
     ],
     [
      -122.456757,
      38.494674
     ],
     [
      -122.457614,
      38.495414
     ],
     [
      -122.457879,
      38.495642
     ],
     [
      -122.458079,
      38.495815
     ],
     [
      -122.458537,
      38.49621
     ],
     [
      -122.459985,
      38.49747
     ],
     [
      -122.46011,
      38.497581
     ],
     [
      -122.460346,
      38.497784
     ],
     [
      -122.460775,
      38.498157
     ],
     [
      -122.461158,
      38.498491
     ],
     [
      -122.46137,
      38.498672
     ],
     [
      -122.461623,
      38.498885
     ],
     [
      -122.461652,
      38.49891
     ],
     [
      -122.462057,
      38.499265
     ],
     [
      -122.46213,
      38.499329
     ],
     [
      -122.462411,
      38.499575
     ],
     [
      -122.46254,
      38.499688
     ],
     [
      -122.462972,
      38.500067
     ],
     [
      -122.463504,
      38.500531
     ],
     [
      -122.464208,
      38.501151
     ],
     [
      -122.46441,
      38.501328
     ],
     [
      -122.464733,
      38.501619
     ],
     [
      -122.465158,
      38.502
     ],
     [
      -122.465176,
      38.502016
     ],
     [
      -122.465213,
      38.502051
     ],
     [
      -122.465375,
      38.5022
     ],
     [
      -122.465523,
      38.502336
     ],
     [
      -122.465578,
      38.502381
     ],
     [
      -122.465678,
      38.502462
     ],
     [
      -122.465839,
      38.502573
     ],
     [
      -122.466049,
      38.502697
     ],
     [
      -122.466358,
      38.502894
     ],
     [
      -122.466574,
      38.503033
     ],
     [
      -122.466856,
      38.503217
     ],
     [
      -122.467203,
      38.503419
     ],
     [
      -122.467577,
      38.503637
     ],
     [
      -122.467823,
      38.50378
     ],
     [
      -122.467937,
      38.503847
     ],
     [
      -122.468747,
      38.504326
     ],
     [
      -122.46908,
      38.504526
     ],
     [
      -122.46986,
      38.504995
     ],
     [
      -122.470109,
      38.505145
     ],
     [
      -122.470303,
      38.505261
     ],
     [
      -122.470577,
      38.505428
     ],
     [
      -122.470731,
      38.505521
     ],
     [
      -122.471056,
      38.505719
     ],
     [
      -122.471938,
      38.50625
     ],
     [
      -122.472961,
      38.506872
     ],
     [
      -122.473232,
      38.507036
     ],
     [
      -122.473441,
      38.507146
     ],
     [
      -122.473977,
      38.507449
     ],
     [
      -122.474338,
      38.507652
     ],
     [
      -122.474457,
      38.507719
     ],
     [
      -122.47475,
      38.507885
     ],
     [
      -122.474796,
      38.507911
     ],
     [
      -122.475548,
      38.508326
     ],
     [
      -122.476402,
      38.508784
     ],
     [
      -122.477402,
      38.509345
     ],
     [
      -122.477684,
      38.509502
     ],
     [
      -122.477886,
      38.509613
     ]
    ]
   }
  },
  {
   "type": "Feature",
   "properties": {
    "company": "San Francisco and Napa Valley Railroad",
    "line": "San Francisco & Napa Valley: St. Helena – Calistoga",
    "id": "sfnv-st-helena-calistoga",
    "color": "#5B1A48",
    "mode": "interurban",
    "avg_speed_kmh": 39,
    "speed_source": "Measured from San Francisco, Napa & Calistoga employee Time Table No. 38, effective 20 April 1924: Calistoga-Vallejo, 41.6 timetable miles, in 98 min (No. 3, San Francisco Limited) to 107 min (No. 21, all stops) = 38-41 km/h; 39 km/h used. Applied unchanged to the other eras as an ESTIMATE - no other timetable was read.",
    "geometry_quality": "St. Helena (Main and Pratt) - Calistoga (Washington Street at Lincoln Avenue), traced 8.0 mi against 8.6 timetable miles St. Helena-Calistoga. 1.7 mi on SR-29 and Lodi Lane (OSM road geometry) following the Register's description (\"parallel to the county road ... up to Lodi Lane. Then the tracks headed east toward the Napa Valley Railroad tracks\"); 4.7 mi Lodi Lane - Calistoga on the abandoned SP Calistoga Branch grade (OSM railway=abandoned) as an ADJACENT PROXY - the USGS 1:62,500 Calistoga quadrangle (1927) draws the SP and this line through Bale, Larkmead and Dunaweal as one double-line symbol labelled both \"Southern Pacific\" and \"S F N & C Elec.\", i.e. side by side, so the drawn grade is the SP's but within the width of that symbol (~60 m); 0.2 mi STRAIGHT LINE from the SP grade to the east end of the Washington St Bike Path; 1.2 mi on the Washington St Bike Path, which is probably this railway's own approach (the Register: the tracks \"veered west to approach Washington Street\") but is not confirmed as such; 0.45 mi on Washington Street to Lincoln Avenue, the 1912 terminus (the 1913 depot was at Gerard and Washington).",
    "segments": [
     {
      "start": 1935,
      "end": 1937,
      "headway_min": 130,
      "note": "SF&NV era. Drawn to the end of all passenger service on 12 September 1937 (Wikipedia; a farewell run to Calistoga is reported for 1 October 1937). SOURCE CONFLICT: a trolleytuesdays summary says service resumed after the January 1932 fire with St. Helena as the terminus, and a Register summary says service to Calistoga continued \"until 1936\"; neither was confirmed, so this stretch may be drawn one to five years too long. Headway is the 1924 figure carried forward as an ESTIMATE.",
      "sources": [
       "NOT SOURCED AT SEGMENT LEVEL: the end year is the whole railroad's 1937 end (Wikipedia); whether Calistoga itself still had trains after 1932 or 1936 is unresolved. Supporting references for the line:",
       "https://en.wikipedia.org/wiki/San_Francisco,_Napa_and_Calistoga_Railway",
       "https://trolleytuesdays.blogspot.com/2021/05/trolley-thursday-52021-san-francisco.html",
       "https://napavalleyregister.com/news/local/before-the-car-an-electric-railroad-ruled-the-napa-valley/article_c953dc64-6e1e-5ed6-b13a-c324dd0e412f.html"
      ]
     }
    ]
   },
   "geometry": {
    "type": "LineString",
    "coordinates": [
     [
      -122.477886,
      38.509613
     ],
     [
      -122.478199,
      38.509787
     ],
     [
      -122.478349,
      38.509871
     ],
     [
      -122.478489,
      38.509971
     ],
     [
      -122.478623,
      38.510089
     ],
     [
      -122.478691,
      38.510156
     ],
     [
      -122.481867,
      38.513168
     ],
     [
      -122.481908,
      38.513206
     ],
     [
      -122.481956,
      38.51325
     ],
     [
      -122.482007,
      38.513296
     ],
     [
      -122.482424,
      38.513676
     ],
     [
      -122.48273,
      38.513945
     ],
     [
      -122.483739,
      38.514818
     ],
     [
      -122.484211,
      38.515225
     ],
     [
      -122.484415,
      38.515389
     ],
     [
      -122.48464,
      38.515557
     ],
     [
      -122.484855,
      38.515704
     ],
     [
      -122.485489,
      38.516163
     ],
     [
      -122.486373,
      38.516719
     ],
     [
      -122.48663,
      38.516879
     ],
     [
      -122.486888,
      38.517026
     ],
     [
      -122.487172,
      38.517179
     ],
     [
      -122.488023,
      38.517638
     ],
     [
      -122.488266,
      38.517769
     ],
     [
      -122.488698,
      38.518011
     ],
     [
      -122.489259,
      38.518325
     ],
     [
      -122.489553,
      38.51849
     ],
     [
      -122.489763,
      38.518608
     ],
     [
      -122.489898,
      38.518679
     ],
     [
      -122.490621,
      38.519066
     ],
     [
      -122.491066,
      38.519303
     ],
     [
      -122.491115,
      38.51933
     ],
     [
      -122.491323,
      38.519477
     ],
     [
      -122.492211,
      38.520102
     ],
     [
      -122.492356,
      38.520205
     ],
     [
      -122.492546,
      38.520345
     ],
     [
      -122.492855,
      38.520571
     ],
     [
      -122.493384,
      38.520957
     ],
     [
      -122.493898,
      38.521355
     ],
     [
      -122.493958,
      38.5214
     ],
     [
      -122.494248,
      38.521617
     ],
     [
      -122.494594,
      38.521879
     ],
     [
      -122.494773,
      38.522021
     ],
     [
      -122.494816,
      38.522055
     ],
     [
      -122.494988,
      38.522202
     ],
     [
      -122.495166,
      38.52237
     ],
     [
      -122.495409,
      38.522607
     ],
     [
      -122.495962,
      38.523179
     ],
     [
      -122.496371,
      38.52366
     ],
     [
      -122.496298,
      38.523708
     ],
     [
      -122.496027,
      38.523887
     ],
     [
      -122.494799,
      38.524697
     ],
     [
      -122.494291,
      38.525008
     ],
     [
      -122.494179,
      38.525081
     ],
     [
      -122.493993,
      38.5252
     ],
     [
      -122.49314,
      38.525753
     ],
     [
      -122.492591,
      38.526108
     ],
     [
      -122.492366,
      38.525861
     ],
     [
      -122.494911,
      38.528673
     ],
     [
      -122.495483,
      38.530094
     ],
     [
      -122.495802,
      38.532106
     ],
     [
      -122.495971,
      38.53375
     ],
     [
      -122.497198,
      38.538537
     ],
     [
      -122.498366,
      38.540913
     ],
     [
      -122.499252,
      38.542611
     ],
     [
      -122.502929,
      38.54636
     ],
     [
      -122.509016,
      38.552421
     ],
     [
      -122.512523,
      38.555612
     ],
     [
      -122.513598,
      38.556253
     ],
     [
      -122.515565,
      38.557029
     ],
     [
      -122.517919,
      38.557739
     ],
     [
      -122.521062,
      38.558356
     ],
     [
      -122.52725,
      38.559457
     ],
     [
      -122.5295,
      38.559942
     ],
     [
      -122.531242,
      38.560545
     ],
     [
      -122.534017,
      38.561683
     ],
     [
      -122.537246,
      38.562958
     ],
     [
      -122.542693,
      38.565184
     ],
     [
      -122.545803,
      38.566403
     ],
     [
      -122.548395,
      38.567174
     ],
     [
      -122.551593,
      38.568418
     ],
     [
      -122.554837,
      38.570258
     ],
     [
      -122.555934,
      38.570862
     ],
     [
      -122.557354,
      38.57144
     ],
     [
      -122.557809,
      38.571682
     ],
     [
      -122.557976,
      38.571734
     ],
     [
      -122.558089,
      38.571745
     ],
     [
      -122.558443,
      38.571686
     ],
     [
      -122.558677,
      38.571791
     ],
     [
      -122.559138,
      38.571993
     ],
     [
      -122.561131,
      38.572804
     ],
     [
      -122.56174,
      38.573025
     ],
     [
      -122.563896,
      38.573938
     ],
     [
      -122.565565,
      38.574623
     ],
     [
      -122.566352,
      38.574929
     ],
     [
      -122.567882,
      38.575486
     ],
     [
      -122.568061,
      38.575542
     ],
     [
      -122.568588,
      38.575708
     ],
     [
      -122.569109,
      38.575849
     ],
     [
      -122.570204,
      38.576147
     ],
     [
      -122.570952,
      38.57637
     ],
     [
      -122.570955,
      38.576408
     ],
     [
      -122.570969,
      38.576427
     ],
     [
      -122.57101,
      38.576441
     ],
     [
      -122.57108,
      38.576435
     ],
     [
      -122.571121,
      38.576419
     ],
     [
      -122.571211,
      38.576446
     ],
     [
      -122.572109,
      38.576686
     ],
     [
      -122.572318,
      38.576747
     ],
     [
      -122.572538,
      38.57681
     ],
     [
      -122.572756,
      38.576873
     ],
     [
      -122.572839,
      38.576897
     ],
     [
      -122.573178,
      38.576995
     ],
     [
      -122.573685,
      38.577141
     ],
     [
      -122.573915,
      38.577209
     ],
     [
      -122.574265,
      38.577313
     ],
     [
      -122.574485,
      38.577379
     ],
     [
      -122.575013,
      38.577531
     ],
     [
      -122.57547,
      38.577665
     ],
     [
      -122.575864,
      38.577776
     ],
     [
      -122.576287,
      38.577897
     ],
     [
      -122.57635,
      38.577914
     ],
     [
      -122.576583,
      38.577976
     ],
     [
      -122.576909,
      38.578061
     ],
     [
      -122.577115,
      38.57812
     ],
     [
      -122.577585,
      38.578244
     ],
     [
      -122.577903,
      38.578331
     ],
     [
      -122.577967,
      38.578349
     ],
     [
      -122.578425,
      38.57847
     ],
     [
      -122.578463,
      38.578481
     ],
     [
      -122.578879,
      38.578595
     ],
     [
      -122.579004,
      38.578629
     ]
    ]
   }
  }
 ]
}